ERROR - 2026-07-12 18:59:05 --> Cannot add or update a child row: a foreign key constraint fails (`eco_panier_s4_2026`.`pack_produits`, CONSTRAINT `pack_produits_produit_id_foreign` FOREIGN KEY (`produit_id`) REFERENCES `produit` (`id`) ON DELETE CASCADE ON UPDATE CASCADE)
in SYSTEMPATH\Database\MySQLi\Connection.php on line 300.
 1 SYSTEMPATH\Database\MySQLi\Connection.php(300): mysqli->query('INSERT INTO `pack_produits` (`pack_id`, `produit_id`, `quantite`)
VALUES (1,1,1), (1,2,1), (1,5,2), (1,6,1), (2,1,2), (2,2,2), (2,3,4), (2,5,4), (2,6,2), (2,14,4), (3,3,4), (3,7,2), (3,8,5), (3,12,2), (3,14,2), (4,7,3), (4,8,5), (4,22,1), (4,23,2), (4,12,3), (4,16,1), (5,14,4), (5,18,4), (5,12,6), (6,16,2), (6,17,1), (6,14,4), (6,10,1), (7,3,2), (7,12,3), (7,14,2), (7,15,2), (8,12,4), (8,16,2), (8,17,1), (8,10,1), (9,1,1), (9,4,2), (9,12,3), (9,19,1), (9,23,2), (10,15,6), (10,12,4), (10,13,2), (10,4,2), (11,3,3), (11,5,2), (11,14,3), (11,20,1), (12,1,2), (12,2,1), (12,7,2), (12,8,4), (12,21,1), (13,9,2), (13,10,1), (13,11,1), (13,16,2), (14,1,3), (14,2,3), (14,3,6), (14,5,6), (14,14,6), (14,20,2), (15,3,6), (15,7,3), (15,8,6), (15,12,4), (15,14,4), (15,22,2), (16,12,6), (16,13,3), (16,15,6), (16,17,2), (16,10,2), (17,4,4), (17,19,2), (17,20,2), (17,11,1), (18,14,6), (18,18,6), (18,12,6), (18,13,2)', 0)
 2 SYSTEMPATH\Database\BaseConnection.php(910): CodeIgniter\Database\MySQLi\Connection->execute('INSERT INTO `pack_produits` (`pack_id`, `produit_id`, `quantite`)
VALUES (1,1,1), (1,2,1), (1,5,2), (1,6,1), (2,1,2), (2,2,2), (2,3,4), (2,5,4), (2,6,2), (2,14,4), (3,3,4), (3,7,2), (3,8,5), (3,12,2), (3,14,2), (4,7,3), (4,8,5), (4,22,1), (4,23,2), (4,12,3), (4,16,1), (5,14,4), (5,18,4), (5,12,6), (6,16,2), (6,17,1), (6,14,4), (6,10,1), (7,3,2), (7,12,3), (7,14,2), (7,15,2), (8,12,4), (8,16,2), (8,17,1), (8,10,1), (9,1,1), (9,4,2), (9,12,3), (9,19,1), (9,23,2), (10,15,6), (10,12,4), (10,13,2), (10,4,2), (11,3,3), (11,5,2), (11,14,3), (11,20,1), (12,1,2), (12,2,1), (12,7,2), (12,8,4), (12,21,1), (13,9,2), (13,10,1), (13,11,1), (13,16,2), (14,1,3), (14,2,3), (14,3,6), (14,5,6), (14,14,6), (14,20,2), (15,3,6), (15,7,3), (15,8,6), (15,12,4), (15,14,4), (15,22,2), (16,12,6), (16,13,3), (16,15,6), (16,17,2), (16,10,2), (17,4,4), (17,19,2), (17,20,2), (17,11,1), (18,14,6), (18,18,6), (18,12,6), (18,13,2)')
 3 SYSTEMPATH\Database\BaseConnection.php(827): CodeIgniter\Database\BaseConnection->simpleQuery('INSERT INTO `pack_produits` (`pack_id`, `produit_id`, `quantite`)
VALUES (1,1,1), (1,2,1), (1,5,2), (1,6,1), (2,1,2), (2,2,2), (2,3,4), (2,5,4), (2,6,2), (2,14,4), (3,3,4), (3,7,2), (3,8,5), (3,12,2), (3,14,2), (4,7,3), (4,8,5), (4,22,1), (4,23,2), (4,12,3), (4,16,1), (5,14,4), (5,18,4), (5,12,6), (6,16,2), (6,17,1), (6,14,4), (6,10,1), (7,3,2), (7,12,3), (7,14,2), (7,15,2), (8,12,4), (8,16,2), (8,17,1), (8,10,1), (9,1,1), (9,4,2), (9,12,3), (9,19,1), (9,23,2), (10,15,6), (10,12,4), (10,13,2), (10,4,2), (11,3,3), (11,5,2), (11,14,3), (11,20,1), (12,1,2), (12,2,1), (12,7,2), (12,8,4), (12,21,1), (13,9,2), (13,10,1), (13,11,1), (13,16,2), (14,1,3), (14,2,3), (14,3,6), (14,5,6), (14,14,6), (14,20,2), (15,3,6), (15,7,3), (15,8,6), (15,12,4), (15,14,4), (15,22,2), (16,12,6), (16,13,3), (16,15,6), (16,17,2), (16,10,2), (17,4,4), (17,19,2), (17,20,2), (17,11,1), (18,14,6), (18,18,6), (18,12,6), (18,13,2)')
 4 SYSTEMPATH\Database\BaseBuilder.php(1841): CodeIgniter\Database\BaseConnection->query('INSERT INTO `pack_produits` (`pack_id`, `produit_id`, `quantite`)
VALUES (1,1,1), (1,2,1), (1,5,2), (1,6,1), (2,1,2), (2,2,2), (2,3,4), (2,5,4), (2,6,2), (2,14,4), (3,3,4), (3,7,2), (3,8,5), (3,12,2), (3,14,2), (4,7,3), (4,8,5), (4,22,1), (4,23,2), (4,12,3), (4,16,1), (5,14,4), (5,18,4), (5,12,6), (6,16,2), (6,17,1), (6,14,4), (6,10,1), (7,3,2), (7,12,3), (7,14,2), (7,15,2), (8,12,4), (8,16,2), (8,17,1), (8,10,1), (9,1,1), (9,4,2), (9,12,3), (9,19,1), (9,23,2), (10,15,6), (10,12,4), (10,13,2), (10,4,2), (11,3,3), (11,5,2), (11,14,3), (11,20,1), (12,1,2), (12,2,1), (12,7,2), (12,8,4), (12,21,1), (13,9,2), (13,10,1), (13,11,1), (13,16,2), (14,1,3), (14,2,3), (14,3,6), (14,5,6), (14,14,6), (14,20,2), (15,3,6), (15,7,3), (15,8,6), (15,12,4), (15,14,4), (15,22,2), (16,12,6), (16,13,3), (16,15,6), (16,17,2), (16,10,2), (17,4,4), (17,19,2), (17,20,2), (17,11,1), (18,14,6), (18,18,6), (18,12,6), (18,13,2)', null, false)
 5 SYSTEMPATH\Database\BaseBuilder.php(2230): CodeIgniter\Database\BaseBuilder->batchExecute('_insertBatch', 100)
 6 SYSTEMPATH\Model.php(381): CodeIgniter\Database\BaseBuilder->insertBatch([...], null, 100)
 7 SYSTEMPATH\BaseModel.php(1007): CodeIgniter\Model->doInsertBatch([...], null, 100, false)
 8 APPPATH\Database\Seeds\PackProductSeeder.php(135): CodeIgniter\BaseModel->insertBatch([...])
 9 SYSTEMPATH\Database\Seeder.php(155): App\Database\Seeds\PackProductSeeder->run()
10 SYSTEMPATH\Commands\Database\Seed.php(79): CodeIgniter\Database\Seeder->call('App\\Database\\Seeds\\PackProductSeeder')
11 SYSTEMPATH\CLI\Commands.php(74): CodeIgniter\Commands\Database\Seed->run([])
12 SYSTEMPATH\CLI\Console.php(47): CodeIgniter\CLI\Commands->run('db:seed', [...])
13 SYSTEMPATH\Boot.php(442): CodeIgniter\CLI\Console->run()
14 SYSTEMPATH\Boot.php(166): CodeIgniter\Boot::runCommand(Object(CodeIgniter\CLI\Console))
15 ROOTPATH\spark(87): CodeIgniter\Boot::bootSpark(Object(Config\Paths))
DEBUG - 2026-07-12 18:59:20 --> Session: Class initialized using 'CodeIgniter\Session\Handlers\FileHandler' driver.
DEBUG - 2026-07-12 18:59:20 --> Session: Class initialized using 'CodeIgniter\Session\Handlers\FileHandler' driver.
DEBUG - 2026-07-12 18:59:45 --> Session: Class initialized using 'CodeIgniter\Session\Handlers\FileHandler' driver.
DEBUG - 2026-07-12 18:59:45 --> Session: Class initialized using 'CodeIgniter\Session\Handlers\FileHandler' driver.
DEBUG - 2026-07-12 18:59:55 --> Session: Class initialized using 'CodeIgniter\Session\Handlers\FileHandler' driver.
DEBUG - 2026-07-12 18:59:58 --> Session: Class initialized using 'CodeIgniter\Session\Handlers\FileHandler' driver.
DEBUG - 2026-07-12 19:00:00 --> Session: Class initialized using 'CodeIgniter\Session\Handlers\FileHandler' driver.
WARNING - 2026-07-12 19:00:00 --> [DEPRECATED] strtotime(): Passing null to parameter #1 ($datetime) of type string is deprecated in APPPATH\Views\magasinier\categoriesProduits.php on line 140.
 1 APPPATH\Views\magasinier\categoriesProduits.php(140): strtotime(null)
 2 SYSTEMPATH\View\View.php(240): include('C:\\Users\\Honore\\Documents\\GitHub\\ecopanier-S4-Mme-Baovola\\app\\Views\\magasinier\\categoriesProduits.php')
 3 SYSTEMPATH\View\View.php(243): CodeIgniter\View\View->{closure:CodeIgniter\View\View::render():237}()
 4 SYSTEMPATH\Common.php(1250): CodeIgniter\View\View->render('magasinier/categoriesProduits', [], true)
 5 APPPATH\Controllers\MagasinierController.php(58): view('magasinier/categoriesProduits', [...])
 6 SYSTEMPATH\CodeIgniter.php(951): App\Controllers\MagasinierController->listerCategories()
 7 SYSTEMPATH\CodeIgniter.php(497): CodeIgniter\CodeIgniter->runController(Object(App\Controllers\MagasinierController))
 8 SYSTEMPATH\CodeIgniter.php(340): CodeIgniter\CodeIgniter->handleRequest(null, Object(Config\Cache), false)
 9 SYSTEMPATH\Boot.php(417): CodeIgniter\CodeIgniter->run()
10 SYSTEMPATH\Boot.php(68): CodeIgniter\Boot::runCodeIgniter(Object(CodeIgniter\CodeIgniter))
11 FCPATH\index.php(59): CodeIgniter\Boot::bootWeb(Object(Config\Paths))
12 SYSTEMPATH\rewrite.php(44): require_once('C:\\Users\\Honore\\Documents\\GitHub\\ecopanier-S4-Mme-Baovola\\public\\index.php')
WARNING - 2026-07-12 19:00:00 --> [DEPRECATED] strtotime(): Passing null to parameter #1 ($datetime) of type string is deprecated in APPPATH\Views\magasinier\categoriesProduits.php on line 140.
 1 APPPATH\Views\magasinier\categoriesProduits.php(140): strtotime(null)
 2 SYSTEMPATH\View\View.php(240): include('C:\\Users\\Honore\\Documents\\GitHub\\ecopanier-S4-Mme-Baovola\\app\\Views\\magasinier\\categoriesProduits.php')
 3 SYSTEMPATH\View\View.php(243): CodeIgniter\View\View->{closure:CodeIgniter\View\View::render():237}()
 4 SYSTEMPATH\Common.php(1250): CodeIgniter\View\View->render('magasinier/categoriesProduits', [], true)
 5 APPPATH\Controllers\MagasinierController.php(58): view('magasinier/categoriesProduits', [...])
 6 SYSTEMPATH\CodeIgniter.php(951): App\Controllers\MagasinierController->listerCategories()
 7 SYSTEMPATH\CodeIgniter.php(497): CodeIgniter\CodeIgniter->runController(Object(App\Controllers\MagasinierController))
 8 SYSTEMPATH\CodeIgniter.php(340): CodeIgniter\CodeIgniter->handleRequest(null, Object(Config\Cache), false)
 9 SYSTEMPATH\Boot.php(417): CodeIgniter\CodeIgniter->run()
10 SYSTEMPATH\Boot.php(68): CodeIgniter\Boot::runCodeIgniter(Object(CodeIgniter\CodeIgniter))
11 FCPATH\index.php(59): CodeIgniter\Boot::bootWeb(Object(Config\Paths))
12 SYSTEMPATH\rewrite.php(44): require_once('C:\\Users\\Honore\\Documents\\GitHub\\ecopanier-S4-Mme-Baovola\\public\\index.php')
WARNING - 2026-07-12 19:00:00 --> [DEPRECATED] strtotime(): Passing null to parameter #1 ($datetime) of type string is deprecated in APPPATH\Views\magasinier\categoriesProduits.php on line 140.
 1 APPPATH\Views\magasinier\categoriesProduits.php(140): strtotime(null)
 2 SYSTEMPATH\View\View.php(240): include('C:\\Users\\Honore\\Documents\\GitHub\\ecopanier-S4-Mme-Baovola\\app\\Views\\magasinier\\categoriesProduits.php')
 3 SYSTEMPATH\View\View.php(243): CodeIgniter\View\View->{closure:CodeIgniter\View\View::render():237}()
 4 SYSTEMPATH\Common.php(1250): CodeIgniter\View\View->render('magasinier/categoriesProduits', [], true)
 5 APPPATH\Controllers\MagasinierController.php(58): view('magasinier/categoriesProduits', [...])
 6 SYSTEMPATH\CodeIgniter.php(951): App\Controllers\MagasinierController->listerCategories()
 7 SYSTEMPATH\CodeIgniter.php(497): CodeIgniter\CodeIgniter->runController(Object(App\Controllers\MagasinierController))
 8 SYSTEMPATH\CodeIgniter.php(340): CodeIgniter\CodeIgniter->handleRequest(null, Object(Config\Cache), false)
 9 SYSTEMPATH\Boot.php(417): CodeIgniter\CodeIgniter->run()
10 SYSTEMPATH\Boot.php(68): CodeIgniter\Boot::runCodeIgniter(Object(CodeIgniter\CodeIgniter))
11 FCPATH\index.php(59): CodeIgniter\Boot::bootWeb(Object(Config\Paths))
12 SYSTEMPATH\rewrite.php(44): require_once('C:\\Users\\Honore\\Documents\\GitHub\\ecopanier-S4-Mme-Baovola\\public\\index.php')
WARNING - 2026-07-12 19:00:00 --> [DEPRECATED] strtotime(): Passing null to parameter #1 ($datetime) of type string is deprecated in APPPATH\Views\magasinier\categoriesProduits.php on line 140.
 1 APPPATH\Views\magasinier\categoriesProduits.php(140): strtotime(null)
 2 SYSTEMPATH\View\View.php(240): include('C:\\Users\\Honore\\Documents\\GitHub\\ecopanier-S4-Mme-Baovola\\app\\Views\\magasinier\\categoriesProduits.php')
 3 SYSTEMPATH\View\View.php(243): CodeIgniter\View\View->{closure:CodeIgniter\View\View::render():237}()
 4 SYSTEMPATH\Common.php(1250): CodeIgniter\View\View->render('magasinier/categoriesProduits', [], true)
 5 APPPATH\Controllers\MagasinierController.php(58): view('magasinier/categoriesProduits', [...])
 6 SYSTEMPATH\CodeIgniter.php(951): App\Controllers\MagasinierController->listerCategories()
 7 SYSTEMPATH\CodeIgniter.php(497): CodeIgniter\CodeIgniter->runController(Object(App\Controllers\MagasinierController))
 8 SYSTEMPATH\CodeIgniter.php(340): CodeIgniter\CodeIgniter->handleRequest(null, Object(Config\Cache), false)
 9 SYSTEMPATH\Boot.php(417): CodeIgniter\CodeIgniter->run()
10 SYSTEMPATH\Boot.php(68): CodeIgniter\Boot::runCodeIgniter(Object(CodeIgniter\CodeIgniter))
11 FCPATH\index.php(59): CodeIgniter\Boot::bootWeb(Object(Config\Paths))
12 SYSTEMPATH\rewrite.php(44): require_once('C:\\Users\\Honore\\Documents\\GitHub\\ecopanier-S4-Mme-Baovola\\public\\index.php')
DEBUG - 2026-07-12 19:00:01 --> Session: Class initialized using 'CodeIgniter\Session\Handlers\FileHandler' driver.
WARNING - 2026-07-12 19:00:01 --> [DEPRECATED] strtotime(): Passing null to parameter #1 ($datetime) of type string is deprecated in APPPATH\Views\magasinier\produits.php on line 123.
 1 APPPATH\Views\magasinier\produits.php(123): strtotime(null)
 2 SYSTEMPATH\View\View.php(240): include('C:\\Users\\Honore\\Documents\\GitHub\\ecopanier-S4-Mme-Baovola\\app\\Views\\magasinier\\produits.php')
 3 SYSTEMPATH\View\View.php(243): CodeIgniter\View\View->{closure:CodeIgniter\View\View::render():237}()
 4 SYSTEMPATH\Common.php(1250): CodeIgniter\View\View->render('magasinier/produits', [], true)
 5 APPPATH\Controllers\MagasinierController.php(103): view('magasinier/produits', [...])
 6 SYSTEMPATH\CodeIgniter.php(951): App\Controllers\MagasinierController->produits()
 7 SYSTEMPATH\CodeIgniter.php(497): CodeIgniter\CodeIgniter->runController(Object(App\Controllers\MagasinierController))
 8 SYSTEMPATH\CodeIgniter.php(340): CodeIgniter\CodeIgniter->handleRequest(null, Object(Config\Cache), false)
 9 SYSTEMPATH\Boot.php(417): CodeIgniter\CodeIgniter->run()
10 SYSTEMPATH\Boot.php(68): CodeIgniter\Boot::runCodeIgniter(Object(CodeIgniter\CodeIgniter))
11 FCPATH\index.php(59): CodeIgniter\Boot::bootWeb(Object(Config\Paths))
12 SYSTEMPATH\rewrite.php(44): require_once('C:\\Users\\Honore\\Documents\\GitHub\\ecopanier-S4-Mme-Baovola\\public\\index.php')
WARNING - 2026-07-12 19:00:01 --> [DEPRECATED] strtotime(): Passing null to parameter #1 ($datetime) of type string is deprecated in APPPATH\Views\magasinier\produits.php on line 123.
 1 APPPATH\Views\magasinier\produits.php(123): strtotime(null)
 2 SYSTEMPATH\View\View.php(240): include('C:\\Users\\Honore\\Documents\\GitHub\\ecopanier-S4-Mme-Baovola\\app\\Views\\magasinier\\produits.php')
 3 SYSTEMPATH\View\View.php(243): CodeIgniter\View\View->{closure:CodeIgniter\View\View::render():237}()
 4 SYSTEMPATH\Common.php(1250): CodeIgniter\View\View->render('magasinier/produits', [], true)
 5 APPPATH\Controllers\MagasinierController.php(103): view('magasinier/produits', [...])
 6 SYSTEMPATH\CodeIgniter.php(951): App\Controllers\MagasinierController->produits()
 7 SYSTEMPATH\CodeIgniter.php(497): CodeIgniter\CodeIgniter->runController(Object(App\Controllers\MagasinierController))
 8 SYSTEMPATH\CodeIgniter.php(340): CodeIgniter\CodeIgniter->handleRequest(null, Object(Config\Cache), false)
 9 SYSTEMPATH\Boot.php(417): CodeIgniter\CodeIgniter->run()
10 SYSTEMPATH\Boot.php(68): CodeIgniter\Boot::runCodeIgniter(Object(CodeIgniter\CodeIgniter))
11 FCPATH\index.php(59): CodeIgniter\Boot::bootWeb(Object(Config\Paths))
12 SYSTEMPATH\rewrite.php(44): require_once('C:\\Users\\Honore\\Documents\\GitHub\\ecopanier-S4-Mme-Baovola\\public\\index.php')
WARNING - 2026-07-12 19:00:01 --> [DEPRECATED] strtotime(): Passing null to parameter #1 ($datetime) of type string is deprecated in APPPATH\Views\magasinier\produits.php on line 123.
 1 APPPATH\Views\magasinier\produits.php(123): strtotime(null)
 2 SYSTEMPATH\View\View.php(240): include('C:\\Users\\Honore\\Documents\\GitHub\\ecopanier-S4-Mme-Baovola\\app\\Views\\magasinier\\produits.php')
 3 SYSTEMPATH\View\View.php(243): CodeIgniter\View\View->{closure:CodeIgniter\View\View::render():237}()
 4 SYSTEMPATH\Common.php(1250): CodeIgniter\View\View->render('magasinier/produits', [], true)
 5 APPPATH\Controllers\MagasinierController.php(103): view('magasinier/produits', [...])
 6 SYSTEMPATH\CodeIgniter.php(951): App\Controllers\MagasinierController->produits()
 7 SYSTEMPATH\CodeIgniter.php(497): CodeIgniter\CodeIgniter->runController(Object(App\Controllers\MagasinierController))
 8 SYSTEMPATH\CodeIgniter.php(340): CodeIgniter\CodeIgniter->handleRequest(null, Object(Config\Cache), false)
 9 SYSTEMPATH\Boot.php(417): CodeIgniter\CodeIgniter->run()
10 SYSTEMPATH\Boot.php(68): CodeIgniter\Boot::runCodeIgniter(Object(CodeIgniter\CodeIgniter))
11 FCPATH\index.php(59): CodeIgniter\Boot::bootWeb(Object(Config\Paths))
12 SYSTEMPATH\rewrite.php(44): require_once('C:\\Users\\Honore\\Documents\\GitHub\\ecopanier-S4-Mme-Baovola\\public\\index.php')
WARNING - 2026-07-12 19:00:01 --> [DEPRECATED] strtotime(): Passing null to parameter #1 ($datetime) of type string is deprecated in APPPATH\Views\magasinier\produits.php on line 123.
 1 APPPATH\Views\magasinier\produits.php(123): strtotime(null)
 2 SYSTEMPATH\View\View.php(240): include('C:\\Users\\Honore\\Documents\\GitHub\\ecopanier-S4-Mme-Baovola\\app\\Views\\magasinier\\produits.php')
 3 SYSTEMPATH\View\View.php(243): CodeIgniter\View\View->{closure:CodeIgniter\View\View::render():237}()
 4 SYSTEMPATH\Common.php(1250): CodeIgniter\View\View->render('magasinier/produits', [], true)
 5 APPPATH\Controllers\MagasinierController.php(103): view('magasinier/produits', [...])
 6 SYSTEMPATH\CodeIgniter.php(951): App\Controllers\MagasinierController->produits()
 7 SYSTEMPATH\CodeIgniter.php(497): CodeIgniter\CodeIgniter->runController(Object(App\Controllers\MagasinierController))
 8 SYSTEMPATH\CodeIgniter.php(340): CodeIgniter\CodeIgniter->handleRequest(null, Object(Config\Cache), false)
 9 SYSTEMPATH\Boot.php(417): CodeIgniter\CodeIgniter->run()
10 SYSTEMPATH\Boot.php(68): CodeIgniter\Boot::runCodeIgniter(Object(CodeIgniter\CodeIgniter))
11 FCPATH\index.php(59): CodeIgniter\Boot::bootWeb(Object(Config\Paths))
12 SYSTEMPATH\rewrite.php(44): require_once('C:\\Users\\Honore\\Documents\\GitHub\\ecopanier-S4-Mme-Baovola\\public\\index.php')
WARNING - 2026-07-12 19:00:01 --> [DEPRECATED] strtotime(): Passing null to parameter #1 ($datetime) of type string is deprecated in APPPATH\Views\magasinier\produits.php on line 123.
 1 APPPATH\Views\magasinier\produits.php(123): strtotime(null)
 2 SYSTEMPATH\View\View.php(240): include('C:\\Users\\Honore\\Documents\\GitHub\\ecopanier-S4-Mme-Baovola\\app\\Views\\magasinier\\produits.php')
 3 SYSTEMPATH\View\View.php(243): CodeIgniter\View\View->{closure:CodeIgniter\View\View::render():237}()
 4 SYSTEMPATH\Common.php(1250): CodeIgniter\View\View->render('magasinier/produits', [], true)
 5 APPPATH\Controllers\MagasinierController.php(103): view('magasinier/produits', [...])
 6 SYSTEMPATH\CodeIgniter.php(951): App\Controllers\MagasinierController->produits()
 7 SYSTEMPATH\CodeIgniter.php(497): CodeIgniter\CodeIgniter->runController(Object(App\Controllers\MagasinierController))
 8 SYSTEMPATH\CodeIgniter.php(340): CodeIgniter\CodeIgniter->handleRequest(null, Object(Config\Cache), false)
 9 SYSTEMPATH\Boot.php(417): CodeIgniter\CodeIgniter->run()
10 SYSTEMPATH\Boot.php(68): CodeIgniter\Boot::runCodeIgniter(Object(CodeIgniter\CodeIgniter))
11 FCPATH\index.php(59): CodeIgniter\Boot::bootWeb(Object(Config\Paths))
12 SYSTEMPATH\rewrite.php(44): require_once('C:\\Users\\Honore\\Documents\\GitHub\\ecopanier-S4-Mme-Baovola\\public\\index.php')
WARNING - 2026-07-12 19:00:01 --> [DEPRECATED] strtotime(): Passing null to parameter #1 ($datetime) of type string is deprecated in APPPATH\Views\magasinier\produits.php on line 123.
 1 APPPATH\Views\magasinier\produits.php(123): strtotime(null)
 2 SYSTEMPATH\View\View.php(240): include('C:\\Users\\Honore\\Documents\\GitHub\\ecopanier-S4-Mme-Baovola\\app\\Views\\magasinier\\produits.php')
 3 SYSTEMPATH\View\View.php(243): CodeIgniter\View\View->{closure:CodeIgniter\View\View::render():237}()
 4 SYSTEMPATH\Common.php(1250): CodeIgniter\View\View->render('magasinier/produits', [], true)
 5 APPPATH\Controllers\MagasinierController.php(103): view('magasinier/produits', [...])
 6 SYSTEMPATH\CodeIgniter.php(951): App\Controllers\MagasinierController->produits()
 7 SYSTEMPATH\CodeIgniter.php(497): CodeIgniter\CodeIgniter->runController(Object(App\Controllers\MagasinierController))
 8 SYSTEMPATH\CodeIgniter.php(340): CodeIgniter\CodeIgniter->handleRequest(null, Object(Config\Cache), false)
 9 SYSTEMPATH\Boot.php(417): CodeIgniter\CodeIgniter->run()
10 SYSTEMPATH\Boot.php(68): CodeIgniter\Boot::runCodeIgniter(Object(CodeIgniter\CodeIgniter))
11 FCPATH\index.php(59): CodeIgniter\Boot::bootWeb(Object(Config\Paths))
12 SYSTEMPATH\rewrite.php(44): require_once('C:\\Users\\Honore\\Documents\\GitHub\\ecopanier-S4-Mme-Baovola\\public\\index.php')
WARNING - 2026-07-12 19:00:01 --> [DEPRECATED] strtotime(): Passing null to parameter #1 ($datetime) of type string is deprecated in APPPATH\Views\magasinier\produits.php on line 123.
 1 APPPATH\Views\magasinier\produits.php(123): strtotime(null)
 2 SYSTEMPATH\View\View.php(240): include('C:\\Users\\Honore\\Documents\\GitHub\\ecopanier-S4-Mme-Baovola\\app\\Views\\magasinier\\produits.php')
 3 SYSTEMPATH\View\View.php(243): CodeIgniter\View\View->{closure:CodeIgniter\View\View::render():237}()
 4 SYSTEMPATH\Common.php(1250): CodeIgniter\View\View->render('magasinier/produits', [], true)
 5 APPPATH\Controllers\MagasinierController.php(103): view('magasinier/produits', [...])
 6 SYSTEMPATH\CodeIgniter.php(951): App\Controllers\MagasinierController->produits()
 7 SYSTEMPATH\CodeIgniter.php(497): CodeIgniter\CodeIgniter->runController(Object(App\Controllers\MagasinierController))
 8 SYSTEMPATH\CodeIgniter.php(340): CodeIgniter\CodeIgniter->handleRequest(null, Object(Config\Cache), false)
 9 SYSTEMPATH\Boot.php(417): CodeIgniter\CodeIgniter->run()
10 SYSTEMPATH\Boot.php(68): CodeIgniter\Boot::runCodeIgniter(Object(CodeIgniter\CodeIgniter))
11 FCPATH\index.php(59): CodeIgniter\Boot::bootWeb(Object(Config\Paths))
12 SYSTEMPATH\rewrite.php(44): require_once('C:\\Users\\Honore\\Documents\\GitHub\\ecopanier-S4-Mme-Baovola\\public\\index.php')
WARNING - 2026-07-12 19:00:01 --> [DEPRECATED] strtotime(): Passing null to parameter #1 ($datetime) of type string is deprecated in APPPATH\Views\magasinier\produits.php on line 123.
 1 APPPATH\Views\magasinier\produits.php(123): strtotime(null)
 2 SYSTEMPATH\View\View.php(240): include('C:\\Users\\Honore\\Documents\\GitHub\\ecopanier-S4-Mme-Baovola\\app\\Views\\magasinier\\produits.php')
 3 SYSTEMPATH\View\View.php(243): CodeIgniter\View\View->{closure:CodeIgniter\View\View::render():237}()
 4 SYSTEMPATH\Common.php(1250): CodeIgniter\View\View->render('magasinier/produits', [], true)
 5 APPPATH\Controllers\MagasinierController.php(103): view('magasinier/produits', [...])
 6 SYSTEMPATH\CodeIgniter.php(951): App\Controllers\MagasinierController->produits()
 7 SYSTEMPATH\CodeIgniter.php(497): CodeIgniter\CodeIgniter->runController(Object(App\Controllers\MagasinierController))
 8 SYSTEMPATH\CodeIgniter.php(340): CodeIgniter\CodeIgniter->handleRequest(null, Object(Config\Cache), false)
 9 SYSTEMPATH\Boot.php(417): CodeIgniter\CodeIgniter->run()
10 SYSTEMPATH\Boot.php(68): CodeIgniter\Boot::runCodeIgniter(Object(CodeIgniter\CodeIgniter))
11 FCPATH\index.php(59): CodeIgniter\Boot::bootWeb(Object(Config\Paths))
12 SYSTEMPATH\rewrite.php(44): require_once('C:\\Users\\Honore\\Documents\\GitHub\\ecopanier-S4-Mme-Baovola\\public\\index.php')
DEBUG - 2026-07-12 19:00:02 --> Session: Class initialized using 'CodeIgniter\Session\Handlers\FileHandler' driver.
DEBUG - 2026-07-12 19:00:03 --> Session: Class initialized using 'CodeIgniter\Session\Handlers\FileHandler' driver.
DEBUG - 2026-07-12 19:00:03 --> Session: Class initialized using 'CodeIgniter\Session\Handlers\FileHandler' driver.
DEBUG - 2026-07-12 19:00:05 --> Session: Class initialized using 'CodeIgniter\Session\Handlers\FileHandler' driver.
DEBUG - 2026-07-12 19:00:05 --> Session: Class initialized using 'CodeIgniter\Session\Handlers\FileHandler' driver.
DEBUG - 2026-07-12 19:00:06 --> Session: Class initialized using 'CodeIgniter\Session\Handlers\FileHandler' driver.
WARNING - 2026-07-12 19:00:06 --> [DEPRECATED] strtotime(): Passing null to parameter #1 ($datetime) of type string is deprecated in APPPATH\Views\magasinier\produits.php on line 123.
 1 APPPATH\Views\magasinier\produits.php(123): strtotime(null)
 2 SYSTEMPATH\View\View.php(240): include('C:\\Users\\Honore\\Documents\\GitHub\\ecopanier-S4-Mme-Baovola\\app\\Views\\magasinier\\produits.php')
 3 SYSTEMPATH\View\View.php(243): CodeIgniter\View\View->{closure:CodeIgniter\View\View::render():237}()
 4 SYSTEMPATH\Common.php(1250): CodeIgniter\View\View->render('magasinier/produits', [], true)
 5 APPPATH\Controllers\MagasinierController.php(103): view('magasinier/produits', [...])
 6 SYSTEMPATH\CodeIgniter.php(951): App\Controllers\MagasinierController->produits()
 7 SYSTEMPATH\CodeIgniter.php(497): CodeIgniter\CodeIgniter->runController(Object(App\Controllers\MagasinierController))
 8 SYSTEMPATH\CodeIgniter.php(340): CodeIgniter\CodeIgniter->handleRequest(null, Object(Config\Cache), false)
 9 SYSTEMPATH\Boot.php(417): CodeIgniter\CodeIgniter->run()
10 SYSTEMPATH\Boot.php(68): CodeIgniter\Boot::runCodeIgniter(Object(CodeIgniter\CodeIgniter))
11 FCPATH\index.php(59): CodeIgniter\Boot::bootWeb(Object(Config\Paths))
12 SYSTEMPATH\rewrite.php(44): require_once('C:\\Users\\Honore\\Documents\\GitHub\\ecopanier-S4-Mme-Baovola\\public\\index.php')
WARNING - 2026-07-12 19:00:06 --> [DEPRECATED] strtotime(): Passing null to parameter #1 ($datetime) of type string is deprecated in APPPATH\Views\magasinier\produits.php on line 123.
 1 APPPATH\Views\magasinier\produits.php(123): strtotime(null)
 2 SYSTEMPATH\View\View.php(240): include('C:\\Users\\Honore\\Documents\\GitHub\\ecopanier-S4-Mme-Baovola\\app\\Views\\magasinier\\produits.php')
 3 SYSTEMPATH\View\View.php(243): CodeIgniter\View\View->{closure:CodeIgniter\View\View::render():237}()
 4 SYSTEMPATH\Common.php(1250): CodeIgniter\View\View->render('magasinier/produits', [], true)
 5 APPPATH\Controllers\MagasinierController.php(103): view('magasinier/produits', [...])
 6 SYSTEMPATH\CodeIgniter.php(951): App\Controllers\MagasinierController->produits()
 7 SYSTEMPATH\CodeIgniter.php(497): CodeIgniter\CodeIgniter->runController(Object(App\Controllers\MagasinierController))
 8 SYSTEMPATH\CodeIgniter.php(340): CodeIgniter\CodeIgniter->handleRequest(null, Object(Config\Cache), false)
 9 SYSTEMPATH\Boot.php(417): CodeIgniter\CodeIgniter->run()
10 SYSTEMPATH\Boot.php(68): CodeIgniter\Boot::runCodeIgniter(Object(CodeIgniter\CodeIgniter))
11 FCPATH\index.php(59): CodeIgniter\Boot::bootWeb(Object(Config\Paths))
12 SYSTEMPATH\rewrite.php(44): require_once('C:\\Users\\Honore\\Documents\\GitHub\\ecopanier-S4-Mme-Baovola\\public\\index.php')
WARNING - 2026-07-12 19:00:06 --> [DEPRECATED] strtotime(): Passing null to parameter #1 ($datetime) of type string is deprecated in APPPATH\Views\magasinier\produits.php on line 123.
 1 APPPATH\Views\magasinier\produits.php(123): strtotime(null)
 2 SYSTEMPATH\View\View.php(240): include('C:\\Users\\Honore\\Documents\\GitHub\\ecopanier-S4-Mme-Baovola\\app\\Views\\magasinier\\produits.php')
 3 SYSTEMPATH\View\View.php(243): CodeIgniter\View\View->{closure:CodeIgniter\View\View::render():237}()
 4 SYSTEMPATH\Common.php(1250): CodeIgniter\View\View->render('magasinier/produits', [], true)
 5 APPPATH\Controllers\MagasinierController.php(103): view('magasinier/produits', [...])
 6 SYSTEMPATH\CodeIgniter.php(951): App\Controllers\MagasinierController->produits()
 7 SYSTEMPATH\CodeIgniter.php(497): CodeIgniter\CodeIgniter->runController(Object(App\Controllers\MagasinierController))
 8 SYSTEMPATH\CodeIgniter.php(340): CodeIgniter\CodeIgniter->handleRequest(null, Object(Config\Cache), false)
 9 SYSTEMPATH\Boot.php(417): CodeIgniter\CodeIgniter->run()
10 SYSTEMPATH\Boot.php(68): CodeIgniter\Boot::runCodeIgniter(Object(CodeIgniter\CodeIgniter))
11 FCPATH\index.php(59): CodeIgniter\Boot::bootWeb(Object(Config\Paths))
12 SYSTEMPATH\rewrite.php(44): require_once('C:\\Users\\Honore\\Documents\\GitHub\\ecopanier-S4-Mme-Baovola\\public\\index.php')
WARNING - 2026-07-12 19:00:06 --> [DEPRECATED] strtotime(): Passing null to parameter #1 ($datetime) of type string is deprecated in APPPATH\Views\magasinier\produits.php on line 123.
 1 APPPATH\Views\magasinier\produits.php(123): strtotime(null)
 2 SYSTEMPATH\View\View.php(240): include('C:\\Users\\Honore\\Documents\\GitHub\\ecopanier-S4-Mme-Baovola\\app\\Views\\magasinier\\produits.php')
 3 SYSTEMPATH\View\View.php(243): CodeIgniter\View\View->{closure:CodeIgniter\View\View::render():237}()
 4 SYSTEMPATH\Common.php(1250): CodeIgniter\View\View->render('magasinier/produits', [], true)
 5 APPPATH\Controllers\MagasinierController.php(103): view('magasinier/produits', [...])
 6 SYSTEMPATH\CodeIgniter.php(951): App\Controllers\MagasinierController->produits()
 7 SYSTEMPATH\CodeIgniter.php(497): CodeIgniter\CodeIgniter->runController(Object(App\Controllers\MagasinierController))
 8 SYSTEMPATH\CodeIgniter.php(340): CodeIgniter\CodeIgniter->handleRequest(null, Object(Config\Cache), false)
 9 SYSTEMPATH\Boot.php(417): CodeIgniter\CodeIgniter->run()
10 SYSTEMPATH\Boot.php(68): CodeIgniter\Boot::runCodeIgniter(Object(CodeIgniter\CodeIgniter))
11 FCPATH\index.php(59): CodeIgniter\Boot::bootWeb(Object(Config\Paths))
12 SYSTEMPATH\rewrite.php(44): require_once('C:\\Users\\Honore\\Documents\\GitHub\\ecopanier-S4-Mme-Baovola\\public\\index.php')
WARNING - 2026-07-12 19:00:06 --> [DEPRECATED] strtotime(): Passing null to parameter #1 ($datetime) of type string is deprecated in APPPATH\Views\magasinier\produits.php on line 123.
 1 APPPATH\Views\magasinier\produits.php(123): strtotime(null)
 2 SYSTEMPATH\View\View.php(240): include('C:\\Users\\Honore\\Documents\\GitHub\\ecopanier-S4-Mme-Baovola\\app\\Views\\magasinier\\produits.php')
 3 SYSTEMPATH\View\View.php(243): CodeIgniter\View\View->{closure:CodeIgniter\View\View::render():237}()
 4 SYSTEMPATH\Common.php(1250): CodeIgniter\View\View->render('magasinier/produits', [], true)
 5 APPPATH\Controllers\MagasinierController.php(103): view('magasinier/produits', [...])
 6 SYSTEMPATH\CodeIgniter.php(951): App\Controllers\MagasinierController->produits()
 7 SYSTEMPATH\CodeIgniter.php(497): CodeIgniter\CodeIgniter->runController(Object(App\Controllers\MagasinierController))
 8 SYSTEMPATH\CodeIgniter.php(340): CodeIgniter\CodeIgniter->handleRequest(null, Object(Config\Cache), false)
 9 SYSTEMPATH\Boot.php(417): CodeIgniter\CodeIgniter->run()
10 SYSTEMPATH\Boot.php(68): CodeIgniter\Boot::runCodeIgniter(Object(CodeIgniter\CodeIgniter))
11 FCPATH\index.php(59): CodeIgniter\Boot::bootWeb(Object(Config\Paths))
12 SYSTEMPATH\rewrite.php(44): require_once('C:\\Users\\Honore\\Documents\\GitHub\\ecopanier-S4-Mme-Baovola\\public\\index.php')
WARNING - 2026-07-12 19:00:06 --> [DEPRECATED] strtotime(): Passing null to parameter #1 ($datetime) of type string is deprecated in APPPATH\Views\magasinier\produits.php on line 123.
 1 APPPATH\Views\magasinier\produits.php(123): strtotime(null)
 2 SYSTEMPATH\View\View.php(240): include('C:\\Users\\Honore\\Documents\\GitHub\\ecopanier-S4-Mme-Baovola\\app\\Views\\magasinier\\produits.php')
 3 SYSTEMPATH\View\View.php(243): CodeIgniter\View\View->{closure:CodeIgniter\View\View::render():237}()
 4 SYSTEMPATH\Common.php(1250): CodeIgniter\View\View->render('magasinier/produits', [], true)
 5 APPPATH\Controllers\MagasinierController.php(103): view('magasinier/produits', [...])
 6 SYSTEMPATH\CodeIgniter.php(951): App\Controllers\MagasinierController->produits()
 7 SYSTEMPATH\CodeIgniter.php(497): CodeIgniter\CodeIgniter->runController(Object(App\Controllers\MagasinierController))
 8 SYSTEMPATH\CodeIgniter.php(340): CodeIgniter\CodeIgniter->handleRequest(null, Object(Config\Cache), false)
 9 SYSTEMPATH\Boot.php(417): CodeIgniter\CodeIgniter->run()
10 SYSTEMPATH\Boot.php(68): CodeIgniter\Boot::runCodeIgniter(Object(CodeIgniter\CodeIgniter))
11 FCPATH\index.php(59): CodeIgniter\Boot::bootWeb(Object(Config\Paths))
12 SYSTEMPATH\rewrite.php(44): require_once('C:\\Users\\Honore\\Documents\\GitHub\\ecopanier-S4-Mme-Baovola\\public\\index.php')
WARNING - 2026-07-12 19:00:06 --> [DEPRECATED] strtotime(): Passing null to parameter #1 ($datetime) of type string is deprecated in APPPATH\Views\magasinier\produits.php on line 123.
 1 APPPATH\Views\magasinier\produits.php(123): strtotime(null)
 2 SYSTEMPATH\View\View.php(240): include('C:\\Users\\Honore\\Documents\\GitHub\\ecopanier-S4-Mme-Baovola\\app\\Views\\magasinier\\produits.php')
 3 SYSTEMPATH\View\View.php(243): CodeIgniter\View\View->{closure:CodeIgniter\View\View::render():237}()
 4 SYSTEMPATH\Common.php(1250): CodeIgniter\View\View->render('magasinier/produits', [], true)
 5 APPPATH\Controllers\MagasinierController.php(103): view('magasinier/produits', [...])
 6 SYSTEMPATH\CodeIgniter.php(951): App\Controllers\MagasinierController->produits()
 7 SYSTEMPATH\CodeIgniter.php(497): CodeIgniter\CodeIgniter->runController(Object(App\Controllers\MagasinierController))
 8 SYSTEMPATH\CodeIgniter.php(340): CodeIgniter\CodeIgniter->handleRequest(null, Object(Config\Cache), false)
 9 SYSTEMPATH\Boot.php(417): CodeIgniter\CodeIgniter->run()
10 SYSTEMPATH\Boot.php(68): CodeIgniter\Boot::runCodeIgniter(Object(CodeIgniter\CodeIgniter))
11 FCPATH\index.php(59): CodeIgniter\Boot::bootWeb(Object(Config\Paths))
12 SYSTEMPATH\rewrite.php(44): require_once('C:\\Users\\Honore\\Documents\\GitHub\\ecopanier-S4-Mme-Baovola\\public\\index.php')
WARNING - 2026-07-12 19:00:06 --> [DEPRECATED] strtotime(): Passing null to parameter #1 ($datetime) of type string is deprecated in APPPATH\Views\magasinier\produits.php on line 123.
 1 APPPATH\Views\magasinier\produits.php(123): strtotime(null)
 2 SYSTEMPATH\View\View.php(240): include('C:\\Users\\Honore\\Documents\\GitHub\\ecopanier-S4-Mme-Baovola\\app\\Views\\magasinier\\produits.php')
 3 SYSTEMPATH\View\View.php(243): CodeIgniter\View\View->{closure:CodeIgniter\View\View::render():237}()
 4 SYSTEMPATH\Common.php(1250): CodeIgniter\View\View->render('magasinier/produits', [], true)
 5 APPPATH\Controllers\MagasinierController.php(103): view('magasinier/produits', [...])
 6 SYSTEMPATH\CodeIgniter.php(951): App\Controllers\MagasinierController->produits()
 7 SYSTEMPATH\CodeIgniter.php(497): CodeIgniter\CodeIgniter->runController(Object(App\Controllers\MagasinierController))
 8 SYSTEMPATH\CodeIgniter.php(340): CodeIgniter\CodeIgniter->handleRequest(null, Object(Config\Cache), false)
 9 SYSTEMPATH\Boot.php(417): CodeIgniter\CodeIgniter->run()
10 SYSTEMPATH\Boot.php(68): CodeIgniter\Boot::runCodeIgniter(Object(CodeIgniter\CodeIgniter))
11 FCPATH\index.php(59): CodeIgniter\Boot::bootWeb(Object(Config\Paths))
12 SYSTEMPATH\rewrite.php(44): require_once('C:\\Users\\Honore\\Documents\\GitHub\\ecopanier-S4-Mme-Baovola\\public\\index.php')
DEBUG - 2026-07-12 19:00:06 --> Session: Class initialized using 'CodeIgniter\Session\Handlers\FileHandler' driver.
WARNING - 2026-07-12 19:00:06 --> [DEPRECATED] strtotime(): Passing null to parameter #1 ($datetime) of type string is deprecated in APPPATH\Views\magasinier\categoriesProduits.php on line 140.
 1 APPPATH\Views\magasinier\categoriesProduits.php(140): strtotime(null)
 2 SYSTEMPATH\View\View.php(240): include('C:\\Users\\Honore\\Documents\\GitHub\\ecopanier-S4-Mme-Baovola\\app\\Views\\magasinier\\categoriesProduits.php')
 3 SYSTEMPATH\View\View.php(243): CodeIgniter\View\View->{closure:CodeIgniter\View\View::render():237}()
 4 SYSTEMPATH\Common.php(1250): CodeIgniter\View\View->render('magasinier/categoriesProduits', [], true)
 5 APPPATH\Controllers\MagasinierController.php(58): view('magasinier/categoriesProduits', [...])
 6 SYSTEMPATH\CodeIgniter.php(951): App\Controllers\MagasinierController->listerCategories()
 7 SYSTEMPATH\CodeIgniter.php(497): CodeIgniter\CodeIgniter->runController(Object(App\Controllers\MagasinierController))
 8 SYSTEMPATH\CodeIgniter.php(340): CodeIgniter\CodeIgniter->handleRequest(null, Object(Config\Cache), false)
 9 SYSTEMPATH\Boot.php(417): CodeIgniter\CodeIgniter->run()
10 SYSTEMPATH\Boot.php(68): CodeIgniter\Boot::runCodeIgniter(Object(CodeIgniter\CodeIgniter))
11 FCPATH\index.php(59): CodeIgniter\Boot::bootWeb(Object(Config\Paths))
12 SYSTEMPATH\rewrite.php(44): require_once('C:\\Users\\Honore\\Documents\\GitHub\\ecopanier-S4-Mme-Baovola\\public\\index.php')
WARNING - 2026-07-12 19:00:06 --> [DEPRECATED] strtotime(): Passing null to parameter #1 ($datetime) of type string is deprecated in APPPATH\Views\magasinier\categoriesProduits.php on line 140.
 1 APPPATH\Views\magasinier\categoriesProduits.php(140): strtotime(null)
 2 SYSTEMPATH\View\View.php(240): include('C:\\Users\\Honore\\Documents\\GitHub\\ecopanier-S4-Mme-Baovola\\app\\Views\\magasinier\\categoriesProduits.php')
 3 SYSTEMPATH\View\View.php(243): CodeIgniter\View\View->{closure:CodeIgniter\View\View::render():237}()
 4 SYSTEMPATH\Common.php(1250): CodeIgniter\View\View->render('magasinier/categoriesProduits', [], true)
 5 APPPATH\Controllers\MagasinierController.php(58): view('magasinier/categoriesProduits', [...])
 6 SYSTEMPATH\CodeIgniter.php(951): App\Controllers\MagasinierController->listerCategories()
 7 SYSTEMPATH\CodeIgniter.php(497): CodeIgniter\CodeIgniter->runController(Object(App\Controllers\MagasinierController))
 8 SYSTEMPATH\CodeIgniter.php(340): CodeIgniter\CodeIgniter->handleRequest(null, Object(Config\Cache), false)
 9 SYSTEMPATH\Boot.php(417): CodeIgniter\CodeIgniter->run()
10 SYSTEMPATH\Boot.php(68): CodeIgniter\Boot::runCodeIgniter(Object(CodeIgniter\CodeIgniter))
11 FCPATH\index.php(59): CodeIgniter\Boot::bootWeb(Object(Config\Paths))
12 SYSTEMPATH\rewrite.php(44): require_once('C:\\Users\\Honore\\Documents\\GitHub\\ecopanier-S4-Mme-Baovola\\public\\index.php')
WARNING - 2026-07-12 19:00:06 --> [DEPRECATED] strtotime(): Passing null to parameter #1 ($datetime) of type string is deprecated in APPPATH\Views\magasinier\categoriesProduits.php on line 140.
 1 APPPATH\Views\magasinier\categoriesProduits.php(140): strtotime(null)
 2 SYSTEMPATH\View\View.php(240): include('C:\\Users\\Honore\\Documents\\GitHub\\ecopanier-S4-Mme-Baovola\\app\\Views\\magasinier\\categoriesProduits.php')
 3 SYSTEMPATH\View\View.php(243): CodeIgniter\View\View->{closure:CodeIgniter\View\View::render():237}()
 4 SYSTEMPATH\Common.php(1250): CodeIgniter\View\View->render('magasinier/categoriesProduits', [], true)
 5 APPPATH\Controllers\MagasinierController.php(58): view('magasinier/categoriesProduits', [...])
 6 SYSTEMPATH\CodeIgniter.php(951): App\Controllers\MagasinierController->listerCategories()
 7 SYSTEMPATH\CodeIgniter.php(497): CodeIgniter\CodeIgniter->runController(Object(App\Controllers\MagasinierController))
 8 SYSTEMPATH\CodeIgniter.php(340): CodeIgniter\CodeIgniter->handleRequest(null, Object(Config\Cache), false)
 9 SYSTEMPATH\Boot.php(417): CodeIgniter\CodeIgniter->run()
10 SYSTEMPATH\Boot.php(68): CodeIgniter\Boot::runCodeIgniter(Object(CodeIgniter\CodeIgniter))
11 FCPATH\index.php(59): CodeIgniter\Boot::bootWeb(Object(Config\Paths))
12 SYSTEMPATH\rewrite.php(44): require_once('C:\\Users\\Honore\\Documents\\GitHub\\ecopanier-S4-Mme-Baovola\\public\\index.php')
WARNING - 2026-07-12 19:00:06 --> [DEPRECATED] strtotime(): Passing null to parameter #1 ($datetime) of type string is deprecated in APPPATH\Views\magasinier\categoriesProduits.php on line 140.
 1 APPPATH\Views\magasinier\categoriesProduits.php(140): strtotime(null)
 2 SYSTEMPATH\View\View.php(240): include('C:\\Users\\Honore\\Documents\\GitHub\\ecopanier-S4-Mme-Baovola\\app\\Views\\magasinier\\categoriesProduits.php')
 3 SYSTEMPATH\View\View.php(243): CodeIgniter\View\View->{closure:CodeIgniter\View\View::render():237}()
 4 SYSTEMPATH\Common.php(1250): CodeIgniter\View\View->render('magasinier/categoriesProduits', [], true)
 5 APPPATH\Controllers\MagasinierController.php(58): view('magasinier/categoriesProduits', [...])
 6 SYSTEMPATH\CodeIgniter.php(951): App\Controllers\MagasinierController->listerCategories()
 7 SYSTEMPATH\CodeIgniter.php(497): CodeIgniter\CodeIgniter->runController(Object(App\Controllers\MagasinierController))
 8 SYSTEMPATH\CodeIgniter.php(340): CodeIgniter\CodeIgniter->handleRequest(null, Object(Config\Cache), false)
 9 SYSTEMPATH\Boot.php(417): CodeIgniter\CodeIgniter->run()
10 SYSTEMPATH\Boot.php(68): CodeIgniter\Boot::runCodeIgniter(Object(CodeIgniter\CodeIgniter))
11 FCPATH\index.php(59): CodeIgniter\Boot::bootWeb(Object(Config\Paths))
12 SYSTEMPATH\rewrite.php(44): require_once('C:\\Users\\Honore\\Documents\\GitHub\\ecopanier-S4-Mme-Baovola\\public\\index.php')
DEBUG - 2026-07-12 19:00:06 --> Session: Class initialized using 'CodeIgniter\Session\Handlers\FileHandler' driver.
DEBUG - 2026-07-12 19:00:07 --> Session: Class initialized using 'CodeIgniter\Session\Handlers\FileHandler' driver.
DEBUG - 2026-07-12 19:00:07 --> Session: Class initialized using 'CodeIgniter\Session\Handlers\FileHandler' driver.
DEBUG - 2026-07-12 19:00:08 --> Session: Class initialized using 'CodeIgniter\Session\Handlers\FileHandler' driver.
DEBUG - 2026-07-12 19:00:11 --> Session: Class initialized using 'CodeIgniter\Session\Handlers\FileHandler' driver.
DEBUG - 2026-07-12 19:00:13 --> Session: Class initialized using 'CodeIgniter\Session\Handlers\FileHandler' driver.
DEBUG - 2026-07-12 19:00:14 --> Session: Class initialized using 'CodeIgniter\Session\Handlers\FileHandler' driver.
DEBUG - 2026-07-12 19:00:15 --> Session: Class initialized using 'CodeIgniter\Session\Handlers\FileHandler' driver.
DEBUG - 2026-07-12 19:00:16 --> Session: Class initialized using 'CodeIgniter\Session\Handlers\FileHandler' driver.
DEBUG - 2026-07-12 19:00:17 --> Session: Class initialized using 'CodeIgniter\Session\Handlers\FileHandler' driver.
DEBUG - 2026-07-12 19:00:19 --> Session: Class initialized using 'CodeIgniter\Session\Handlers\FileHandler' driver.
DEBUG - 2026-07-12 19:00:29 --> Session: Class initialized using 'CodeIgniter\Session\Handlers\FileHandler' driver.
DEBUG - 2026-07-12 19:00:30 --> Session: Class initialized using 'CodeIgniter\Session\Handlers\FileHandler' driver.
DEBUG - 2026-07-12 19:00:31 --> Session: Class initialized using 'CodeIgniter\Session\Handlers\FileHandler' driver.
DEBUG - 2026-07-12 19:00:32 --> Session: Class initialized using 'CodeIgniter\Session\Handlers\FileHandler' driver.
DEBUG - 2026-07-12 19:00:33 --> Session: Class initialized using 'CodeIgniter\Session\Handlers\FileHandler' driver.
DEBUG - 2026-07-12 19:00:34 --> Session: Class initialized using 'CodeIgniter\Session\Handlers\FileHandler' driver.
DEBUG - 2026-07-12 19:00:38 --> Session: Class initialized using 'CodeIgniter\Session\Handlers\FileHandler' driver.
DEBUG - 2026-07-12 19:00:40 --> Session: Class initialized using 'CodeIgniter\Session\Handlers\FileHandler' driver.
DEBUG - 2026-07-12 19:00:50 --> Session: Class initialized using 'CodeIgniter\Session\Handlers\FileHandler' driver.
DEBUG - 2026-07-12 19:00:53 --> Session: Class initialized using 'CodeIgniter\Session\Handlers\FileHandler' driver.
DEBUG - 2026-07-12 19:00:59 --> Session: Class initialized using 'CodeIgniter\Session\Handlers\FileHandler' driver.
DEBUG - 2026-07-12 19:01:04 --> Session: Class initialized using 'CodeIgniter\Session\Handlers\FileHandler' driver.
DEBUG - 2026-07-12 19:01:05 --> Session: Class initialized using 'CodeIgniter\Session\Handlers\FileHandler' driver.
DEBUG - 2026-07-12 19:01:06 --> Session: Class initialized using 'CodeIgniter\Session\Handlers\FileHandler' driver.
DEBUG - 2026-07-12 19:01:07 --> Session: Class initialized using 'CodeIgniter\Session\Handlers\FileHandler' driver.
DEBUG - 2026-07-12 19:01:07 --> Session: Class initialized using 'CodeIgniter\Session\Handlers\FileHandler' driver.
DEBUG - 2026-07-12 19:01:10 --> Session: Class initialized using 'CodeIgniter\Session\Handlers\FileHandler' driver.
CRITICAL - 2026-07-12 19:01:10 --> CodeIgniter\View\Exceptions\ViewException: Invalid file: "livreur/dashboard.php"
[Method: GET, Route: livreur/dashboard]
in SYSTEMPATH\Exceptions\FrameworkException.php on line 39.
 1 SYSTEMPATH\View\View.php(228): CodeIgniter\Exceptions\FrameworkException::forInvalidFile('livreur/dashboard.php')
 2 SYSTEMPATH\Common.php(1250): CodeIgniter\View\View->render('livreur/dashboard', [], true)
 3 APPPATH\Controllers\LivreurController.php(9): view('livreur/dashboard')
 4 SYSTEMPATH\CodeIgniter.php(951): App\Controllers\LivreurController->dashboard()
 5 SYSTEMPATH\CodeIgniter.php(497): CodeIgniter\CodeIgniter->runController(Object(App\Controllers\LivreurController))
 6 SYSTEMPATH\CodeIgniter.php(340): CodeIgniter\CodeIgniter->handleRequest(null, Object(Config\Cache), false)
 7 SYSTEMPATH\Boot.php(417): CodeIgniter\CodeIgniter->run()
 8 SYSTEMPATH\Boot.php(68): CodeIgniter\Boot::runCodeIgniter(Object(CodeIgniter\CodeIgniter))
 9 FCPATH\index.php(59): CodeIgniter\Boot::bootWeb(Object(Config\Paths))
10 SYSTEMPATH\rewrite.php(44): require_once('C:\\Users\\Honore\\Documents\\GitHub\\ecopanier-S4-Mme-Baovola\\public\\index.php')
DEBUG - 2026-07-12 19:01:11 --> Session: Class initialized using 'CodeIgniter\Session\Handlers\FileHandler' driver.
DEBUG - 2026-07-12 19:01:11 --> Session: Class initialized using 'CodeIgniter\Session\Handlers\FileHandler' driver.
DEBUG - 2026-07-12 19:01:11 --> Session: Class initialized using 'CodeIgniter\Session\Handlers\FileHandler' driver.
DEBUG - 2026-07-12 19:01:33 --> Session: Class initialized using 'CodeIgniter\Session\Handlers\FileHandler' driver.
DEBUG - 2026-07-12 19:01:33 --> Session: Class initialized using 'CodeIgniter\Session\Handlers\FileHandler' driver.
DEBUG - 2026-07-12 19:01:37 --> Session: Class initialized using 'CodeIgniter\Session\Handlers\FileHandler' driver.
WARNING - 2026-07-12 19:01:37 --> [DEPRECATED] strtotime(): Passing null to parameter #1 ($datetime) of type string is deprecated in APPPATH\Views\magasinier\categoriesProduits.php on line 140.
 1 APPPATH\Views\magasinier\categoriesProduits.php(140): strtotime(null)
 2 SYSTEMPATH\View\View.php(240): include('C:\\Users\\Honore\\Documents\\GitHub\\ecopanier-S4-Mme-Baovola\\app\\Views\\magasinier\\categoriesProduits.php')
 3 SYSTEMPATH\View\View.php(243): CodeIgniter\View\View->{closure:CodeIgniter\View\View::render():237}()
 4 SYSTEMPATH\Common.php(1250): CodeIgniter\View\View->render('magasinier/categoriesProduits', [], true)
 5 APPPATH\Controllers\MagasinierController.php(58): view('magasinier/categoriesProduits', [...])
 6 SYSTEMPATH\CodeIgniter.php(951): App\Controllers\MagasinierController->listerCategories()
 7 SYSTEMPATH\CodeIgniter.php(497): CodeIgniter\CodeIgniter->runController(Object(App\Controllers\MagasinierController))
 8 SYSTEMPATH\CodeIgniter.php(340): CodeIgniter\CodeIgniter->handleRequest(null, Object(Config\Cache), false)
 9 SYSTEMPATH\Boot.php(417): CodeIgniter\CodeIgniter->run()
10 SYSTEMPATH\Boot.php(68): CodeIgniter\Boot::runCodeIgniter(Object(CodeIgniter\CodeIgniter))
11 FCPATH\index.php(59): CodeIgniter\Boot::bootWeb(Object(Config\Paths))
12 SYSTEMPATH\rewrite.php(44): require_once('C:\\Users\\Honore\\Documents\\GitHub\\ecopanier-S4-Mme-Baovola\\public\\index.php')
WARNING - 2026-07-12 19:01:37 --> [DEPRECATED] strtotime(): Passing null to parameter #1 ($datetime) of type string is deprecated in APPPATH\Views\magasinier\categoriesProduits.php on line 140.
 1 APPPATH\Views\magasinier\categoriesProduits.php(140): strtotime(null)
 2 SYSTEMPATH\View\View.php(240): include('C:\\Users\\Honore\\Documents\\GitHub\\ecopanier-S4-Mme-Baovola\\app\\Views\\magasinier\\categoriesProduits.php')
 3 SYSTEMPATH\View\View.php(243): CodeIgniter\View\View->{closure:CodeIgniter\View\View::render():237}()
 4 SYSTEMPATH\Common.php(1250): CodeIgniter\View\View->render('magasinier/categoriesProduits', [], true)
 5 APPPATH\Controllers\MagasinierController.php(58): view('magasinier/categoriesProduits', [...])
 6 SYSTEMPATH\CodeIgniter.php(951): App\Controllers\MagasinierController->listerCategories()
 7 SYSTEMPATH\CodeIgniter.php(497): CodeIgniter\CodeIgniter->runController(Object(App\Controllers\MagasinierController))
 8 SYSTEMPATH\CodeIgniter.php(340): CodeIgniter\CodeIgniter->handleRequest(null, Object(Config\Cache), false)
 9 SYSTEMPATH\Boot.php(417): CodeIgniter\CodeIgniter->run()
10 SYSTEMPATH\Boot.php(68): CodeIgniter\Boot::runCodeIgniter(Object(CodeIgniter\CodeIgniter))
11 FCPATH\index.php(59): CodeIgniter\Boot::bootWeb(Object(Config\Paths))
12 SYSTEMPATH\rewrite.php(44): require_once('C:\\Users\\Honore\\Documents\\GitHub\\ecopanier-S4-Mme-Baovola\\public\\index.php')
WARNING - 2026-07-12 19:01:37 --> [DEPRECATED] strtotime(): Passing null to parameter #1 ($datetime) of type string is deprecated in APPPATH\Views\magasinier\categoriesProduits.php on line 140.
 1 APPPATH\Views\magasinier\categoriesProduits.php(140): strtotime(null)
 2 SYSTEMPATH\View\View.php(240): include('C:\\Users\\Honore\\Documents\\GitHub\\ecopanier-S4-Mme-Baovola\\app\\Views\\magasinier\\categoriesProduits.php')
 3 SYSTEMPATH\View\View.php(243): CodeIgniter\View\View->{closure:CodeIgniter\View\View::render():237}()
 4 SYSTEMPATH\Common.php(1250): CodeIgniter\View\View->render('magasinier/categoriesProduits', [], true)
 5 APPPATH\Controllers\MagasinierController.php(58): view('magasinier/categoriesProduits', [...])
 6 SYSTEMPATH\CodeIgniter.php(951): App\Controllers\MagasinierController->listerCategories()
 7 SYSTEMPATH\CodeIgniter.php(497): CodeIgniter\CodeIgniter->runController(Object(App\Controllers\MagasinierController))
 8 SYSTEMPATH\CodeIgniter.php(340): CodeIgniter\CodeIgniter->handleRequest(null, Object(Config\Cache), false)
 9 SYSTEMPATH\Boot.php(417): CodeIgniter\CodeIgniter->run()
10 SYSTEMPATH\Boot.php(68): CodeIgniter\Boot::runCodeIgniter(Object(CodeIgniter\CodeIgniter))
11 FCPATH\index.php(59): CodeIgniter\Boot::bootWeb(Object(Config\Paths))
12 SYSTEMPATH\rewrite.php(44): require_once('C:\\Users\\Honore\\Documents\\GitHub\\ecopanier-S4-Mme-Baovola\\public\\index.php')
WARNING - 2026-07-12 19:01:37 --> [DEPRECATED] strtotime(): Passing null to parameter #1 ($datetime) of type string is deprecated in APPPATH\Views\magasinier\categoriesProduits.php on line 140.
 1 APPPATH\Views\magasinier\categoriesProduits.php(140): strtotime(null)
 2 SYSTEMPATH\View\View.php(240): include('C:\\Users\\Honore\\Documents\\GitHub\\ecopanier-S4-Mme-Baovola\\app\\Views\\magasinier\\categoriesProduits.php')
 3 SYSTEMPATH\View\View.php(243): CodeIgniter\View\View->{closure:CodeIgniter\View\View::render():237}()
 4 SYSTEMPATH\Common.php(1250): CodeIgniter\View\View->render('magasinier/categoriesProduits', [], true)
 5 APPPATH\Controllers\MagasinierController.php(58): view('magasinier/categoriesProduits', [...])
 6 SYSTEMPATH\CodeIgniter.php(951): App\Controllers\MagasinierController->listerCategories()
 7 SYSTEMPATH\CodeIgniter.php(497): CodeIgniter\CodeIgniter->runController(Object(App\Controllers\MagasinierController))
 8 SYSTEMPATH\CodeIgniter.php(340): CodeIgniter\CodeIgniter->handleRequest(null, Object(Config\Cache), false)
 9 SYSTEMPATH\Boot.php(417): CodeIgniter\CodeIgniter->run()
10 SYSTEMPATH\Boot.php(68): CodeIgniter\Boot::runCodeIgniter(Object(CodeIgniter\CodeIgniter))
11 FCPATH\index.php(59): CodeIgniter\Boot::bootWeb(Object(Config\Paths))
12 SYSTEMPATH\rewrite.php(44): require_once('C:\\Users\\Honore\\Documents\\GitHub\\ecopanier-S4-Mme-Baovola\\public\\index.php')
DEBUG - 2026-07-12 19:01:37 --> Session: Class initialized using 'CodeIgniter\Session\Handlers\FileHandler' driver.
WARNING - 2026-07-12 19:01:37 --> [DEPRECATED] strtotime(): Passing null to parameter #1 ($datetime) of type string is deprecated in APPPATH\Views\magasinier\produits.php on line 123.
 1 APPPATH\Views\magasinier\produits.php(123): strtotime(null)
 2 SYSTEMPATH\View\View.php(240): include('C:\\Users\\Honore\\Documents\\GitHub\\ecopanier-S4-Mme-Baovola\\app\\Views\\magasinier\\produits.php')
 3 SYSTEMPATH\View\View.php(243): CodeIgniter\View\View->{closure:CodeIgniter\View\View::render():237}()
 4 SYSTEMPATH\Common.php(1250): CodeIgniter\View\View->render('magasinier/produits', [], true)
 5 APPPATH\Controllers\MagasinierController.php(103): view('magasinier/produits', [...])
 6 SYSTEMPATH\CodeIgniter.php(951): App\Controllers\MagasinierController->produits()
 7 SYSTEMPATH\CodeIgniter.php(497): CodeIgniter\CodeIgniter->runController(Object(App\Controllers\MagasinierController))
 8 SYSTEMPATH\CodeIgniter.php(340): CodeIgniter\CodeIgniter->handleRequest(null, Object(Config\Cache), false)
 9 SYSTEMPATH\Boot.php(417): CodeIgniter\CodeIgniter->run()
10 SYSTEMPATH\Boot.php(68): CodeIgniter\Boot::runCodeIgniter(Object(CodeIgniter\CodeIgniter))
11 FCPATH\index.php(59): CodeIgniter\Boot::bootWeb(Object(Config\Paths))
12 SYSTEMPATH\rewrite.php(44): require_once('C:\\Users\\Honore\\Documents\\GitHub\\ecopanier-S4-Mme-Baovola\\public\\index.php')
WARNING - 2026-07-12 19:01:37 --> [DEPRECATED] strtotime(): Passing null to parameter #1 ($datetime) of type string is deprecated in APPPATH\Views\magasinier\produits.php on line 123.
 1 APPPATH\Views\magasinier\produits.php(123): strtotime(null)
 2 SYSTEMPATH\View\View.php(240): include('C:\\Users\\Honore\\Documents\\GitHub\\ecopanier-S4-Mme-Baovola\\app\\Views\\magasinier\\produits.php')
 3 SYSTEMPATH\View\View.php(243): CodeIgniter\View\View->{closure:CodeIgniter\View\View::render():237}()
 4 SYSTEMPATH\Common.php(1250): CodeIgniter\View\View->render('magasinier/produits', [], true)
 5 APPPATH\Controllers\MagasinierController.php(103): view('magasinier/produits', [...])
 6 SYSTEMPATH\CodeIgniter.php(951): App\Controllers\MagasinierController->produits()
 7 SYSTEMPATH\CodeIgniter.php(497): CodeIgniter\CodeIgniter->runController(Object(App\Controllers\MagasinierController))
 8 SYSTEMPATH\CodeIgniter.php(340): CodeIgniter\CodeIgniter->handleRequest(null, Object(Config\Cache), false)
 9 SYSTEMPATH\Boot.php(417): CodeIgniter\CodeIgniter->run()
10 SYSTEMPATH\Boot.php(68): CodeIgniter\Boot::runCodeIgniter(Object(CodeIgniter\CodeIgniter))
11 FCPATH\index.php(59): CodeIgniter\Boot::bootWeb(Object(Config\Paths))
12 SYSTEMPATH\rewrite.php(44): require_once('C:\\Users\\Honore\\Documents\\GitHub\\ecopanier-S4-Mme-Baovola\\public\\index.php')
WARNING - 2026-07-12 19:01:37 --> [DEPRECATED] strtotime(): Passing null to parameter #1 ($datetime) of type string is deprecated in APPPATH\Views\magasinier\produits.php on line 123.
 1 APPPATH\Views\magasinier\produits.php(123): strtotime(null)
 2 SYSTEMPATH\View\View.php(240): include('C:\\Users\\Honore\\Documents\\GitHub\\ecopanier-S4-Mme-Baovola\\app\\Views\\magasinier\\produits.php')
 3 SYSTEMPATH\View\View.php(243): CodeIgniter\View\View->{closure:CodeIgniter\View\View::render():237}()
 4 SYSTEMPATH\Common.php(1250): CodeIgniter\View\View->render('magasinier/produits', [], true)
 5 APPPATH\Controllers\MagasinierController.php(103): view('magasinier/produits', [...])
 6 SYSTEMPATH\CodeIgniter.php(951): App\Controllers\MagasinierController->produits()
 7 SYSTEMPATH\CodeIgniter.php(497): CodeIgniter\CodeIgniter->runController(Object(App\Controllers\MagasinierController))
 8 SYSTEMPATH\CodeIgniter.php(340): CodeIgniter\CodeIgniter->handleRequest(null, Object(Config\Cache), false)
 9 SYSTEMPATH\Boot.php(417): CodeIgniter\CodeIgniter->run()
10 SYSTEMPATH\Boot.php(68): CodeIgniter\Boot::runCodeIgniter(Object(CodeIgniter\CodeIgniter))
11 FCPATH\index.php(59): CodeIgniter\Boot::bootWeb(Object(Config\Paths))
12 SYSTEMPATH\rewrite.php(44): require_once('C:\\Users\\Honore\\Documents\\GitHub\\ecopanier-S4-Mme-Baovola\\public\\index.php')
WARNING - 2026-07-12 19:01:37 --> [DEPRECATED] strtotime(): Passing null to parameter #1 ($datetime) of type string is deprecated in APPPATH\Views\magasinier\produits.php on line 123.
 1 APPPATH\Views\magasinier\produits.php(123): strtotime(null)
 2 SYSTEMPATH\View\View.php(240): include('C:\\Users\\Honore\\Documents\\GitHub\\ecopanier-S4-Mme-Baovola\\app\\Views\\magasinier\\produits.php')
 3 SYSTEMPATH\View\View.php(243): CodeIgniter\View\View->{closure:CodeIgniter\View\View::render():237}()
 4 SYSTEMPATH\Common.php(1250): CodeIgniter\View\View->render('magasinier/produits', [], true)
 5 APPPATH\Controllers\MagasinierController.php(103): view('magasinier/produits', [...])
 6 SYSTEMPATH\CodeIgniter.php(951): App\Controllers\MagasinierController->produits()
 7 SYSTEMPATH\CodeIgniter.php(497): CodeIgniter\CodeIgniter->runController(Object(App\Controllers\MagasinierController))
 8 SYSTEMPATH\CodeIgniter.php(340): CodeIgniter\CodeIgniter->handleRequest(null, Object(Config\Cache), false)
 9 SYSTEMPATH\Boot.php(417): CodeIgniter\CodeIgniter->run()
10 SYSTEMPATH\Boot.php(68): CodeIgniter\Boot::runCodeIgniter(Object(CodeIgniter\CodeIgniter))
11 FCPATH\index.php(59): CodeIgniter\Boot::bootWeb(Object(Config\Paths))
12 SYSTEMPATH\rewrite.php(44): require_once('C:\\Users\\Honore\\Documents\\GitHub\\ecopanier-S4-Mme-Baovola\\public\\index.php')
WARNING - 2026-07-12 19:01:37 --> [DEPRECATED] strtotime(): Passing null to parameter #1 ($datetime) of type string is deprecated in APPPATH\Views\magasinier\produits.php on line 123.
 1 APPPATH\Views\magasinier\produits.php(123): strtotime(null)
 2 SYSTEMPATH\View\View.php(240): include('C:\\Users\\Honore\\Documents\\GitHub\\ecopanier-S4-Mme-Baovola\\app\\Views\\magasinier\\produits.php')
 3 SYSTEMPATH\View\View.php(243): CodeIgniter\View\View->{closure:CodeIgniter\View\View::render():237}()
 4 SYSTEMPATH\Common.php(1250): CodeIgniter\View\View->render('magasinier/produits', [], true)
 5 APPPATH\Controllers\MagasinierController.php(103): view('magasinier/produits', [...])
 6 SYSTEMPATH\CodeIgniter.php(951): App\Controllers\MagasinierController->produits()
 7 SYSTEMPATH\CodeIgniter.php(497): CodeIgniter\CodeIgniter->runController(Object(App\Controllers\MagasinierController))
 8 SYSTEMPATH\CodeIgniter.php(340): CodeIgniter\CodeIgniter->handleRequest(null, Object(Config\Cache), false)
 9 SYSTEMPATH\Boot.php(417): CodeIgniter\CodeIgniter->run()
10 SYSTEMPATH\Boot.php(68): CodeIgniter\Boot::runCodeIgniter(Object(CodeIgniter\CodeIgniter))
11 FCPATH\index.php(59): CodeIgniter\Boot::bootWeb(Object(Config\Paths))
12 SYSTEMPATH\rewrite.php(44): require_once('C:\\Users\\Honore\\Documents\\GitHub\\ecopanier-S4-Mme-Baovola\\public\\index.php')
WARNING - 2026-07-12 19:01:37 --> [DEPRECATED] strtotime(): Passing null to parameter #1 ($datetime) of type string is deprecated in APPPATH\Views\magasinier\produits.php on line 123.
 1 APPPATH\Views\magasinier\produits.php(123): strtotime(null)
 2 SYSTEMPATH\View\View.php(240): include('C:\\Users\\Honore\\Documents\\GitHub\\ecopanier-S4-Mme-Baovola\\app\\Views\\magasinier\\produits.php')
 3 SYSTEMPATH\View\View.php(243): CodeIgniter\View\View->{closure:CodeIgniter\View\View::render():237}()
 4 SYSTEMPATH\Common.php(1250): CodeIgniter\View\View->render('magasinier/produits', [], true)
 5 APPPATH\Controllers\MagasinierController.php(103): view('magasinier/produits', [...])
 6 SYSTEMPATH\CodeIgniter.php(951): App\Controllers\MagasinierController->produits()
 7 SYSTEMPATH\CodeIgniter.php(497): CodeIgniter\CodeIgniter->runController(Object(App\Controllers\MagasinierController))
 8 SYSTEMPATH\CodeIgniter.php(340): CodeIgniter\CodeIgniter->handleRequest(null, Object(Config\Cache), false)
 9 SYSTEMPATH\Boot.php(417): CodeIgniter\CodeIgniter->run()
10 SYSTEMPATH\Boot.php(68): CodeIgniter\Boot::runCodeIgniter(Object(CodeIgniter\CodeIgniter))
11 FCPATH\index.php(59): CodeIgniter\Boot::bootWeb(Object(Config\Paths))
12 SYSTEMPATH\rewrite.php(44): require_once('C:\\Users\\Honore\\Documents\\GitHub\\ecopanier-S4-Mme-Baovola\\public\\index.php')
WARNING - 2026-07-12 19:01:37 --> [DEPRECATED] strtotime(): Passing null to parameter #1 ($datetime) of type string is deprecated in APPPATH\Views\magasinier\produits.php on line 123.
 1 APPPATH\Views\magasinier\produits.php(123): strtotime(null)
 2 SYSTEMPATH\View\View.php(240): include('C:\\Users\\Honore\\Documents\\GitHub\\ecopanier-S4-Mme-Baovola\\app\\Views\\magasinier\\produits.php')
 3 SYSTEMPATH\View\View.php(243): CodeIgniter\View\View->{closure:CodeIgniter\View\View::render():237}()
 4 SYSTEMPATH\Common.php(1250): CodeIgniter\View\View->render('magasinier/produits', [], true)
 5 APPPATH\Controllers\MagasinierController.php(103): view('magasinier/produits', [...])
 6 SYSTEMPATH\CodeIgniter.php(951): App\Controllers\MagasinierController->produits()
 7 SYSTEMPATH\CodeIgniter.php(497): CodeIgniter\CodeIgniter->runController(Object(App\Controllers\MagasinierController))
 8 SYSTEMPATH\CodeIgniter.php(340): CodeIgniter\CodeIgniter->handleRequest(null, Object(Config\Cache), false)
 9 SYSTEMPATH\Boot.php(417): CodeIgniter\CodeIgniter->run()
10 SYSTEMPATH\Boot.php(68): CodeIgniter\Boot::runCodeIgniter(Object(CodeIgniter\CodeIgniter))
11 FCPATH\index.php(59): CodeIgniter\Boot::bootWeb(Object(Config\Paths))
12 SYSTEMPATH\rewrite.php(44): require_once('C:\\Users\\Honore\\Documents\\GitHub\\ecopanier-S4-Mme-Baovola\\public\\index.php')
WARNING - 2026-07-12 19:01:37 --> [DEPRECATED] strtotime(): Passing null to parameter #1 ($datetime) of type string is deprecated in APPPATH\Views\magasinier\produits.php on line 123.
 1 APPPATH\Views\magasinier\produits.php(123): strtotime(null)
 2 SYSTEMPATH\View\View.php(240): include('C:\\Users\\Honore\\Documents\\GitHub\\ecopanier-S4-Mme-Baovola\\app\\Views\\magasinier\\produits.php')
 3 SYSTEMPATH\View\View.php(243): CodeIgniter\View\View->{closure:CodeIgniter\View\View::render():237}()
 4 SYSTEMPATH\Common.php(1250): CodeIgniter\View\View->render('magasinier/produits', [], true)
 5 APPPATH\Controllers\MagasinierController.php(103): view('magasinier/produits', [...])
 6 SYSTEMPATH\CodeIgniter.php(951): App\Controllers\MagasinierController->produits()
 7 SYSTEMPATH\CodeIgniter.php(497): CodeIgniter\CodeIgniter->runController(Object(App\Controllers\MagasinierController))
 8 SYSTEMPATH\CodeIgniter.php(340): CodeIgniter\CodeIgniter->handleRequest(null, Object(Config\Cache), false)
 9 SYSTEMPATH\Boot.php(417): CodeIgniter\CodeIgniter->run()
10 SYSTEMPATH\Boot.php(68): CodeIgniter\Boot::runCodeIgniter(Object(CodeIgniter\CodeIgniter))
11 FCPATH\index.php(59): CodeIgniter\Boot::bootWeb(Object(Config\Paths))
12 SYSTEMPATH\rewrite.php(44): require_once('C:\\Users\\Honore\\Documents\\GitHub\\ecopanier-S4-Mme-Baovola\\public\\index.php')
DEBUG - 2026-07-12 19:01:38 --> Session: Class initialized using 'CodeIgniter\Session\Handlers\FileHandler' driver.
DEBUG - 2026-07-12 19:01:39 --> Session: Class initialized using 'CodeIgniter\Session\Handlers\FileHandler' driver.
DEBUG - 2026-07-12 19:01:41 --> Session: Class initialized using 'CodeIgniter\Session\Handlers\FileHandler' driver.
DEBUG - 2026-07-12 19:01:46 --> Session: Class initialized using 'CodeIgniter\Session\Handlers\FileHandler' driver.
DEBUG - 2026-07-12 19:01:46 --> Session: Class initialized using 'CodeIgniter\Session\Handlers\FileHandler' driver.
DEBUG - 2026-07-12 19:02:03 --> Session: Class initialized using 'CodeIgniter\Session\Handlers\FileHandler' driver.
DEBUG - 2026-07-12 19:02:03 --> Session: Class initialized using 'CodeIgniter\Session\Handlers\FileHandler' driver.
DEBUG - 2026-07-12 19:02:07 --> Session: Class initialized using 'CodeIgniter\Session\Handlers\FileHandler' driver.
CRITICAL - 2026-07-12 19:02:07 --> CodeIgniter\View\Exceptions\ViewException: Invalid file: "agent/clients.php"
[Method: GET, Route: agent/clients]
in SYSTEMPATH\Exceptions\FrameworkException.php on line 39.
 1 SYSTEMPATH\View\View.php(228): CodeIgniter\Exceptions\FrameworkException::forInvalidFile('agent/clients.php')
 2 SYSTEMPATH\Common.php(1250): CodeIgniter\View\View->render('agent/clients', [], true)
 3 APPPATH\Controllers\AgentController.php(21): view('agent/clients')
 4 SYSTEMPATH\CodeIgniter.php(951): App\Controllers\AgentController->clients()
 5 SYSTEMPATH\CodeIgniter.php(497): CodeIgniter\CodeIgniter->runController(Object(App\Controllers\AgentController))
 6 SYSTEMPATH\CodeIgniter.php(340): CodeIgniter\CodeIgniter->handleRequest(null, Object(Config\Cache), false)
 7 SYSTEMPATH\Boot.php(417): CodeIgniter\CodeIgniter->run()
 8 SYSTEMPATH\Boot.php(68): CodeIgniter\Boot::runCodeIgniter(Object(CodeIgniter\CodeIgniter))
 9 FCPATH\index.php(59): CodeIgniter\Boot::bootWeb(Object(Config\Paths))
10 SYSTEMPATH\rewrite.php(44): require_once('C:\\Users\\Honore\\Documents\\GitHub\\ecopanier-S4-Mme-Baovola\\public\\index.php')
DEBUG - 2026-07-12 19:02:08 --> Session: Class initialized using 'CodeIgniter\Session\Handlers\FileHandler' driver.
DEBUG - 2026-07-12 19:02:09 --> Session: Class initialized using 'CodeIgniter\Session\Handlers\FileHandler' driver.
DEBUG - 2026-07-12 19:02:11 --> Session: Class initialized using 'CodeIgniter\Session\Handlers\FileHandler' driver.
CRITICAL - 2026-07-12 19:02:11 --> CodeIgniter\View\Exceptions\ViewException: Invalid file: "agent/clients.php"
[Method: GET, Route: agent/clients]
in SYSTEMPATH\Exceptions\FrameworkException.php on line 39.
 1 SYSTEMPATH\View\View.php(228): CodeIgniter\Exceptions\FrameworkException::forInvalidFile('agent/clients.php')
 2 SYSTEMPATH\Common.php(1250): CodeIgniter\View\View->render('agent/clients', [], true)
 3 APPPATH\Controllers\AgentController.php(21): view('agent/clients')
 4 SYSTEMPATH\CodeIgniter.php(951): App\Controllers\AgentController->clients()
 5 SYSTEMPATH\CodeIgniter.php(497): CodeIgniter\CodeIgniter->runController(Object(App\Controllers\AgentController))
 6 SYSTEMPATH\CodeIgniter.php(340): CodeIgniter\CodeIgniter->handleRequest(null, Object(Config\Cache), false)
 7 SYSTEMPATH\Boot.php(417): CodeIgniter\CodeIgniter->run()
 8 SYSTEMPATH\Boot.php(68): CodeIgniter\Boot::runCodeIgniter(Object(CodeIgniter\CodeIgniter))
 9 FCPATH\index.php(59): CodeIgniter\Boot::bootWeb(Object(Config\Paths))
10 SYSTEMPATH\rewrite.php(44): require_once('C:\\Users\\Honore\\Documents\\GitHub\\ecopanier-S4-Mme-Baovola\\public\\index.php')
DEBUG - 2026-07-12 19:02:12 --> Session: Class initialized using 'CodeIgniter\Session\Handlers\FileHandler' driver.
DEBUG - 2026-07-12 19:02:14 --> Session: Class initialized using 'CodeIgniter\Session\Handlers\FileHandler' driver.
DEBUG - 2026-07-12 19:03:05 --> Session: Class initialized using 'CodeIgniter\Session\Handlers\FileHandler' driver.
DEBUG - 2026-07-12 19:03:05 --> Session: Class initialized using 'CodeIgniter\Session\Handlers\FileHandler' driver.
DEBUG - 2026-07-12 19:05:51 --> Session: Class initialized using 'CodeIgniter\Session\Handlers\FileHandler' driver.
DEBUG - 2026-07-12 19:05:51 --> Session: Class initialized using 'CodeIgniter\Session\Handlers\FileHandler' driver.
DEBUG - 2026-07-12 19:08:40 --> Session: Class initialized using 'CodeIgniter\Session\Handlers\FileHandler' driver.
DEBUG - 2026-07-12 19:08:40 --> Session: Class initialized using 'CodeIgniter\Session\Handlers\FileHandler' driver.
DEBUG - 2026-07-12 19:08:50 --> Session: Class initialized using 'CodeIgniter\Session\Handlers\FileHandler' driver.
DEBUG - 2026-07-12 19:08:52 --> Session: Class initialized using 'CodeIgniter\Session\Handlers\FileHandler' driver.
DEBUG - 2026-07-12 19:08:52 --> Session: Class initialized using 'CodeIgniter\Session\Handlers\FileHandler' driver.
WARNING - 2026-07-12 19:08:52 --> [DEPRECATED] strtotime(): Passing null to parameter #1 ($datetime) of type string is deprecated in APPPATH\Views\magasinier\categories_content.php on line 120.
 1 APPPATH\Views\magasinier\categories_content.php(120): strtotime(null)
 2 SYSTEMPATH\View\View.php(240): include('C:\\Users\\Honore\\Documents\\GitHub\\ecopanier-S4-Mme-Baovola\\app\\Views\\magasinier\\categories_content.php')
 3 SYSTEMPATH\View\View.php(243): CodeIgniter\View\View->{closure:CodeIgniter\View\View::render():237}()
 4 SYSTEMPATH\Common.php(1250): CodeIgniter\View\View->render('magasinier/categories_content', [], true)
 5 APPPATH\Views\admin\categories.php(21): view('magasinier/categories_content')
 6 SYSTEMPATH\View\View.php(240): include('C:\\Users\\Honore\\Documents\\GitHub\\ecopanier-S4-Mme-Baovola\\app\\Views\\admin\\categories.php')
 7 SYSTEMPATH\View\View.php(243): CodeIgniter\View\View->{closure:CodeIgniter\View\View::render():237}()
 8 SYSTEMPATH\Common.php(1250): CodeIgniter\View\View->render('admin/categories', [], true)
 9 APPPATH\Controllers\AdminController.php(335): view('admin/categories', [...])
10 SYSTEMPATH\CodeIgniter.php(951): App\Controllers\AdminController->categories()
11 SYSTEMPATH\CodeIgniter.php(497): CodeIgniter\CodeIgniter->runController(Object(App\Controllers\AdminController))
12 SYSTEMPATH\CodeIgniter.php(340): CodeIgniter\CodeIgniter->handleRequest(null, Object(Config\Cache), false)
13 SYSTEMPATH\Boot.php(417): CodeIgniter\CodeIgniter->run()
14 SYSTEMPATH\Boot.php(68): CodeIgniter\Boot::runCodeIgniter(Object(CodeIgniter\CodeIgniter))
15 FCPATH\index.php(59): CodeIgniter\Boot::bootWeb(Object(Config\Paths))
16 SYSTEMPATH\rewrite.php(44): require_once('C:\\Users\\Honore\\Documents\\GitHub\\ecopanier-S4-Mme-Baovola\\public\\index.php')
WARNING - 2026-07-12 19:08:52 --> [DEPRECATED] strtotime(): Passing null to parameter #1 ($datetime) of type string is deprecated in APPPATH\Views\magasinier\categories_content.php on line 120.
 1 APPPATH\Views\magasinier\categories_content.php(120): strtotime(null)
 2 SYSTEMPATH\View\View.php(240): include('C:\\Users\\Honore\\Documents\\GitHub\\ecopanier-S4-Mme-Baovola\\app\\Views\\magasinier\\categories_content.php')
 3 SYSTEMPATH\View\View.php(243): CodeIgniter\View\View->{closure:CodeIgniter\View\View::render():237}()
 4 SYSTEMPATH\Common.php(1250): CodeIgniter\View\View->render('magasinier/categories_content', [], true)
 5 APPPATH\Views\admin\categories.php(21): view('magasinier/categories_content')
 6 SYSTEMPATH\View\View.php(240): include('C:\\Users\\Honore\\Documents\\GitHub\\ecopanier-S4-Mme-Baovola\\app\\Views\\admin\\categories.php')
 7 SYSTEMPATH\View\View.php(243): CodeIgniter\View\View->{closure:CodeIgniter\View\View::render():237}()
 8 SYSTEMPATH\Common.php(1250): CodeIgniter\View\View->render('admin/categories', [], true)
 9 APPPATH\Controllers\AdminController.php(335): view('admin/categories', [...])
10 SYSTEMPATH\CodeIgniter.php(951): App\Controllers\AdminController->categories()
11 SYSTEMPATH\CodeIgniter.php(497): CodeIgniter\CodeIgniter->runController(Object(App\Controllers\AdminController))
12 SYSTEMPATH\CodeIgniter.php(340): CodeIgniter\CodeIgniter->handleRequest(null, Object(Config\Cache), false)
13 SYSTEMPATH\Boot.php(417): CodeIgniter\CodeIgniter->run()
14 SYSTEMPATH\Boot.php(68): CodeIgniter\Boot::runCodeIgniter(Object(CodeIgniter\CodeIgniter))
15 FCPATH\index.php(59): CodeIgniter\Boot::bootWeb(Object(Config\Paths))
16 SYSTEMPATH\rewrite.php(44): require_once('C:\\Users\\Honore\\Documents\\GitHub\\ecopanier-S4-Mme-Baovola\\public\\index.php')
WARNING - 2026-07-12 19:08:52 --> [DEPRECATED] strtotime(): Passing null to parameter #1 ($datetime) of type string is deprecated in APPPATH\Views\magasinier\categories_content.php on line 120.
 1 APPPATH\Views\magasinier\categories_content.php(120): strtotime(null)
 2 SYSTEMPATH\View\View.php(240): include('C:\\Users\\Honore\\Documents\\GitHub\\ecopanier-S4-Mme-Baovola\\app\\Views\\magasinier\\categories_content.php')
 3 SYSTEMPATH\View\View.php(243): CodeIgniter\View\View->{closure:CodeIgniter\View\View::render():237}()
 4 SYSTEMPATH\Common.php(1250): CodeIgniter\View\View->render('magasinier/categories_content', [], true)
 5 APPPATH\Views\admin\categories.php(21): view('magasinier/categories_content')
 6 SYSTEMPATH\View\View.php(240): include('C:\\Users\\Honore\\Documents\\GitHub\\ecopanier-S4-Mme-Baovola\\app\\Views\\admin\\categories.php')
 7 SYSTEMPATH\View\View.php(243): CodeIgniter\View\View->{closure:CodeIgniter\View\View::render():237}()
 8 SYSTEMPATH\Common.php(1250): CodeIgniter\View\View->render('admin/categories', [], true)
 9 APPPATH\Controllers\AdminController.php(335): view('admin/categories', [...])
10 SYSTEMPATH\CodeIgniter.php(951): App\Controllers\AdminController->categories()
11 SYSTEMPATH\CodeIgniter.php(497): CodeIgniter\CodeIgniter->runController(Object(App\Controllers\AdminController))
12 SYSTEMPATH\CodeIgniter.php(340): CodeIgniter\CodeIgniter->handleRequest(null, Object(Config\Cache), false)
13 SYSTEMPATH\Boot.php(417): CodeIgniter\CodeIgniter->run()
14 SYSTEMPATH\Boot.php(68): CodeIgniter\Boot::runCodeIgniter(Object(CodeIgniter\CodeIgniter))
15 FCPATH\index.php(59): CodeIgniter\Boot::bootWeb(Object(Config\Paths))
16 SYSTEMPATH\rewrite.php(44): require_once('C:\\Users\\Honore\\Documents\\GitHub\\ecopanier-S4-Mme-Baovola\\public\\index.php')
WARNING - 2026-07-12 19:08:52 --> [DEPRECATED] strtotime(): Passing null to parameter #1 ($datetime) of type string is deprecated in APPPATH\Views\magasinier\categories_content.php on line 120.
 1 APPPATH\Views\magasinier\categories_content.php(120): strtotime(null)
 2 SYSTEMPATH\View\View.php(240): include('C:\\Users\\Honore\\Documents\\GitHub\\ecopanier-S4-Mme-Baovola\\app\\Views\\magasinier\\categories_content.php')
 3 SYSTEMPATH\View\View.php(243): CodeIgniter\View\View->{closure:CodeIgniter\View\View::render():237}()
 4 SYSTEMPATH\Common.php(1250): CodeIgniter\View\View->render('magasinier/categories_content', [], true)
 5 APPPATH\Views\admin\categories.php(21): view('magasinier/categories_content')
 6 SYSTEMPATH\View\View.php(240): include('C:\\Users\\Honore\\Documents\\GitHub\\ecopanier-S4-Mme-Baovola\\app\\Views\\admin\\categories.php')
 7 SYSTEMPATH\View\View.php(243): CodeIgniter\View\View->{closure:CodeIgniter\View\View::render():237}()
 8 SYSTEMPATH\Common.php(1250): CodeIgniter\View\View->render('admin/categories', [], true)
 9 APPPATH\Controllers\AdminController.php(335): view('admin/categories', [...])
10 SYSTEMPATH\CodeIgniter.php(951): App\Controllers\AdminController->categories()
11 SYSTEMPATH\CodeIgniter.php(497): CodeIgniter\CodeIgniter->runController(Object(App\Controllers\AdminController))
12 SYSTEMPATH\CodeIgniter.php(340): CodeIgniter\CodeIgniter->handleRequest(null, Object(Config\Cache), false)
13 SYSTEMPATH\Boot.php(417): CodeIgniter\CodeIgniter->run()
14 SYSTEMPATH\Boot.php(68): CodeIgniter\Boot::runCodeIgniter(Object(CodeIgniter\CodeIgniter))
15 FCPATH\index.php(59): CodeIgniter\Boot::bootWeb(Object(Config\Paths))
16 SYSTEMPATH\rewrite.php(44): require_once('C:\\Users\\Honore\\Documents\\GitHub\\ecopanier-S4-Mme-Baovola\\public\\index.php')
DEBUG - 2026-07-12 19:08:53 --> Session: Class initialized using 'CodeIgniter\Session\Handlers\FileHandler' driver.
WARNING - 2026-07-12 19:08:53 --> [DEPRECATED] strtotime(): Passing null to parameter #1 ($datetime) of type string is deprecated in APPPATH\Views\magasinier\produits_content.php on line 103.
 1 APPPATH\Views\magasinier\produits_content.php(103): strtotime(null)
 2 SYSTEMPATH\View\View.php(240): include('C:\\Users\\Honore\\Documents\\GitHub\\ecopanier-S4-Mme-Baovola\\app\\Views\\magasinier\\produits_content.php')
 3 SYSTEMPATH\View\View.php(243): CodeIgniter\View\View->{closure:CodeIgniter\View\View::render():237}()
 4 SYSTEMPATH\Common.php(1250): CodeIgniter\View\View->render('magasinier/produits_content', [], true)
 5 APPPATH\Views\admin\produits.php(21): view('magasinier/produits_content')
 6 SYSTEMPATH\View\View.php(240): include('C:\\Users\\Honore\\Documents\\GitHub\\ecopanier-S4-Mme-Baovola\\app\\Views\\admin\\produits.php')
 7 SYSTEMPATH\View\View.php(243): CodeIgniter\View\View->{closure:CodeIgniter\View\View::render():237}()
 8 SYSTEMPATH\Common.php(1250): CodeIgniter\View\View->render('admin/produits', [], true)
 9 APPPATH\Controllers\AdminController.php(367): view('admin/produits', [...])
10 SYSTEMPATH\CodeIgniter.php(951): App\Controllers\AdminController->produits()
11 SYSTEMPATH\CodeIgniter.php(497): CodeIgniter\CodeIgniter->runController(Object(App\Controllers\AdminController))
12 SYSTEMPATH\CodeIgniter.php(340): CodeIgniter\CodeIgniter->handleRequest(null, Object(Config\Cache), false)
13 SYSTEMPATH\Boot.php(417): CodeIgniter\CodeIgniter->run()
14 SYSTEMPATH\Boot.php(68): CodeIgniter\Boot::runCodeIgniter(Object(CodeIgniter\CodeIgniter))
15 FCPATH\index.php(59): CodeIgniter\Boot::bootWeb(Object(Config\Paths))
16 SYSTEMPATH\rewrite.php(44): require_once('C:\\Users\\Honore\\Documents\\GitHub\\ecopanier-S4-Mme-Baovola\\public\\index.php')
WARNING - 2026-07-12 19:08:53 --> [DEPRECATED] strtotime(): Passing null to parameter #1 ($datetime) of type string is deprecated in APPPATH\Views\magasinier\produits_content.php on line 103.
 1 APPPATH\Views\magasinier\produits_content.php(103): strtotime(null)
 2 SYSTEMPATH\View\View.php(240): include('C:\\Users\\Honore\\Documents\\GitHub\\ecopanier-S4-Mme-Baovola\\app\\Views\\magasinier\\produits_content.php')
 3 SYSTEMPATH\View\View.php(243): CodeIgniter\View\View->{closure:CodeIgniter\View\View::render():237}()
 4 SYSTEMPATH\Common.php(1250): CodeIgniter\View\View->render('magasinier/produits_content', [], true)
 5 APPPATH\Views\admin\produits.php(21): view('magasinier/produits_content')
 6 SYSTEMPATH\View\View.php(240): include('C:\\Users\\Honore\\Documents\\GitHub\\ecopanier-S4-Mme-Baovola\\app\\Views\\admin\\produits.php')
 7 SYSTEMPATH\View\View.php(243): CodeIgniter\View\View->{closure:CodeIgniter\View\View::render():237}()
 8 SYSTEMPATH\Common.php(1250): CodeIgniter\View\View->render('admin/produits', [], true)
 9 APPPATH\Controllers\AdminController.php(367): view('admin/produits', [...])
10 SYSTEMPATH\CodeIgniter.php(951): App\Controllers\AdminController->produits()
11 SYSTEMPATH\CodeIgniter.php(497): CodeIgniter\CodeIgniter->runController(Object(App\Controllers\AdminController))
12 SYSTEMPATH\CodeIgniter.php(340): CodeIgniter\CodeIgniter->handleRequest(null, Object(Config\Cache), false)
13 SYSTEMPATH\Boot.php(417): CodeIgniter\CodeIgniter->run()
14 SYSTEMPATH\Boot.php(68): CodeIgniter\Boot::runCodeIgniter(Object(CodeIgniter\CodeIgniter))
15 FCPATH\index.php(59): CodeIgniter\Boot::bootWeb(Object(Config\Paths))
16 SYSTEMPATH\rewrite.php(44): require_once('C:\\Users\\Honore\\Documents\\GitHub\\ecopanier-S4-Mme-Baovola\\public\\index.php')
WARNING - 2026-07-12 19:08:53 --> [DEPRECATED] strtotime(): Passing null to parameter #1 ($datetime) of type string is deprecated in APPPATH\Views\magasinier\produits_content.php on line 103.
 1 APPPATH\Views\magasinier\produits_content.php(103): strtotime(null)
 2 SYSTEMPATH\View\View.php(240): include('C:\\Users\\Honore\\Documents\\GitHub\\ecopanier-S4-Mme-Baovola\\app\\Views\\magasinier\\produits_content.php')
 3 SYSTEMPATH\View\View.php(243): CodeIgniter\View\View->{closure:CodeIgniter\View\View::render():237}()
 4 SYSTEMPATH\Common.php(1250): CodeIgniter\View\View->render('magasinier/produits_content', [], true)
 5 APPPATH\Views\admin\produits.php(21): view('magasinier/produits_content')
 6 SYSTEMPATH\View\View.php(240): include('C:\\Users\\Honore\\Documents\\GitHub\\ecopanier-S4-Mme-Baovola\\app\\Views\\admin\\produits.php')
 7 SYSTEMPATH\View\View.php(243): CodeIgniter\View\View->{closure:CodeIgniter\View\View::render():237}()
 8 SYSTEMPATH\Common.php(1250): CodeIgniter\View\View->render('admin/produits', [], true)
 9 APPPATH\Controllers\AdminController.php(367): view('admin/produits', [...])
10 SYSTEMPATH\CodeIgniter.php(951): App\Controllers\AdminController->produits()
11 SYSTEMPATH\CodeIgniter.php(497): CodeIgniter\CodeIgniter->runController(Object(App\Controllers\AdminController))
12 SYSTEMPATH\CodeIgniter.php(340): CodeIgniter\CodeIgniter->handleRequest(null, Object(Config\Cache), false)
13 SYSTEMPATH\Boot.php(417): CodeIgniter\CodeIgniter->run()
14 SYSTEMPATH\Boot.php(68): CodeIgniter\Boot::runCodeIgniter(Object(CodeIgniter\CodeIgniter))
15 FCPATH\index.php(59): CodeIgniter\Boot::bootWeb(Object(Config\Paths))
16 SYSTEMPATH\rewrite.php(44): require_once('C:\\Users\\Honore\\Documents\\GitHub\\ecopanier-S4-Mme-Baovola\\public\\index.php')
WARNING - 2026-07-12 19:08:53 --> [DEPRECATED] strtotime(): Passing null to parameter #1 ($datetime) of type string is deprecated in APPPATH\Views\magasinier\produits_content.php on line 103.
 1 APPPATH\Views\magasinier\produits_content.php(103): strtotime(null)
 2 SYSTEMPATH\View\View.php(240): include('C:\\Users\\Honore\\Documents\\GitHub\\ecopanier-S4-Mme-Baovola\\app\\Views\\magasinier\\produits_content.php')
 3 SYSTEMPATH\View\View.php(243): CodeIgniter\View\View->{closure:CodeIgniter\View\View::render():237}()
 4 SYSTEMPATH\Common.php(1250): CodeIgniter\View\View->render('magasinier/produits_content', [], true)
 5 APPPATH\Views\admin\produits.php(21): view('magasinier/produits_content')
 6 SYSTEMPATH\View\View.php(240): include('C:\\Users\\Honore\\Documents\\GitHub\\ecopanier-S4-Mme-Baovola\\app\\Views\\admin\\produits.php')
 7 SYSTEMPATH\View\View.php(243): CodeIgniter\View\View->{closure:CodeIgniter\View\View::render():237}()
 8 SYSTEMPATH\Common.php(1250): CodeIgniter\View\View->render('admin/produits', [], true)
 9 APPPATH\Controllers\AdminController.php(367): view('admin/produits', [...])
10 SYSTEMPATH\CodeIgniter.php(951): App\Controllers\AdminController->produits()
11 SYSTEMPATH\CodeIgniter.php(497): CodeIgniter\CodeIgniter->runController(Object(App\Controllers\AdminController))
12 SYSTEMPATH\CodeIgniter.php(340): CodeIgniter\CodeIgniter->handleRequest(null, Object(Config\Cache), false)
13 SYSTEMPATH\Boot.php(417): CodeIgniter\CodeIgniter->run()
14 SYSTEMPATH\Boot.php(68): CodeIgniter\Boot::runCodeIgniter(Object(CodeIgniter\CodeIgniter))
15 FCPATH\index.php(59): CodeIgniter\Boot::bootWeb(Object(Config\Paths))
16 SYSTEMPATH\rewrite.php(44): require_once('C:\\Users\\Honore\\Documents\\GitHub\\ecopanier-S4-Mme-Baovola\\public\\index.php')
WARNING - 2026-07-12 19:08:53 --> [DEPRECATED] strtotime(): Passing null to parameter #1 ($datetime) of type string is deprecated in APPPATH\Views\magasinier\produits_content.php on line 103.
 1 APPPATH\Views\magasinier\produits_content.php(103): strtotime(null)
 2 SYSTEMPATH\View\View.php(240): include('C:\\Users\\Honore\\Documents\\GitHub\\ecopanier-S4-Mme-Baovola\\app\\Views\\magasinier\\produits_content.php')
 3 SYSTEMPATH\View\View.php(243): CodeIgniter\View\View->{closure:CodeIgniter\View\View::render():237}()
 4 SYSTEMPATH\Common.php(1250): CodeIgniter\View\View->render('magasinier/produits_content', [], true)
 5 APPPATH\Views\admin\produits.php(21): view('magasinier/produits_content')
 6 SYSTEMPATH\View\View.php(240): include('C:\\Users\\Honore\\Documents\\GitHub\\ecopanier-S4-Mme-Baovola\\app\\Views\\admin\\produits.php')
 7 SYSTEMPATH\View\View.php(243): CodeIgniter\View\View->{closure:CodeIgniter\View\View::render():237}()
 8 SYSTEMPATH\Common.php(1250): CodeIgniter\View\View->render('admin/produits', [], true)
 9 APPPATH\Controllers\AdminController.php(367): view('admin/produits', [...])
10 SYSTEMPATH\CodeIgniter.php(951): App\Controllers\AdminController->produits()
11 SYSTEMPATH\CodeIgniter.php(497): CodeIgniter\CodeIgniter->runController(Object(App\Controllers\AdminController))
12 SYSTEMPATH\CodeIgniter.php(340): CodeIgniter\CodeIgniter->handleRequest(null, Object(Config\Cache), false)
13 SYSTEMPATH\Boot.php(417): CodeIgniter\CodeIgniter->run()
14 SYSTEMPATH\Boot.php(68): CodeIgniter\Boot::runCodeIgniter(Object(CodeIgniter\CodeIgniter))
15 FCPATH\index.php(59): CodeIgniter\Boot::bootWeb(Object(Config\Paths))
16 SYSTEMPATH\rewrite.php(44): require_once('C:\\Users\\Honore\\Documents\\GitHub\\ecopanier-S4-Mme-Baovola\\public\\index.php')
WARNING - 2026-07-12 19:08:53 --> [DEPRECATED] strtotime(): Passing null to parameter #1 ($datetime) of type string is deprecated in APPPATH\Views\magasinier\produits_content.php on line 103.
 1 APPPATH\Views\magasinier\produits_content.php(103): strtotime(null)
 2 SYSTEMPATH\View\View.php(240): include('C:\\Users\\Honore\\Documents\\GitHub\\ecopanier-S4-Mme-Baovola\\app\\Views\\magasinier\\produits_content.php')
 3 SYSTEMPATH\View\View.php(243): CodeIgniter\View\View->{closure:CodeIgniter\View\View::render():237}()
 4 SYSTEMPATH\Common.php(1250): CodeIgniter\View\View->render('magasinier/produits_content', [], true)
 5 APPPATH\Views\admin\produits.php(21): view('magasinier/produits_content')
 6 SYSTEMPATH\View\View.php(240): include('C:\\Users\\Honore\\Documents\\GitHub\\ecopanier-S4-Mme-Baovola\\app\\Views\\admin\\produits.php')
 7 SYSTEMPATH\View\View.php(243): CodeIgniter\View\View->{closure:CodeIgniter\View\View::render():237}()
 8 SYSTEMPATH\Common.php(1250): CodeIgniter\View\View->render('admin/produits', [], true)
 9 APPPATH\Controllers\AdminController.php(367): view('admin/produits', [...])
10 SYSTEMPATH\CodeIgniter.php(951): App\Controllers\AdminController->produits()
11 SYSTEMPATH\CodeIgniter.php(497): CodeIgniter\CodeIgniter->runController(Object(App\Controllers\AdminController))
12 SYSTEMPATH\CodeIgniter.php(340): CodeIgniter\CodeIgniter->handleRequest(null, Object(Config\Cache), false)
13 SYSTEMPATH\Boot.php(417): CodeIgniter\CodeIgniter->run()
14 SYSTEMPATH\Boot.php(68): CodeIgniter\Boot::runCodeIgniter(Object(CodeIgniter\CodeIgniter))
15 FCPATH\index.php(59): CodeIgniter\Boot::bootWeb(Object(Config\Paths))
16 SYSTEMPATH\rewrite.php(44): require_once('C:\\Users\\Honore\\Documents\\GitHub\\ecopanier-S4-Mme-Baovola\\public\\index.php')
WARNING - 2026-07-12 19:08:53 --> [DEPRECATED] strtotime(): Passing null to parameter #1 ($datetime) of type string is deprecated in APPPATH\Views\magasinier\produits_content.php on line 103.
 1 APPPATH\Views\magasinier\produits_content.php(103): strtotime(null)
 2 SYSTEMPATH\View\View.php(240): include('C:\\Users\\Honore\\Documents\\GitHub\\ecopanier-S4-Mme-Baovola\\app\\Views\\magasinier\\produits_content.php')
 3 SYSTEMPATH\View\View.php(243): CodeIgniter\View\View->{closure:CodeIgniter\View\View::render():237}()
 4 SYSTEMPATH\Common.php(1250): CodeIgniter\View\View->render('magasinier/produits_content', [], true)
 5 APPPATH\Views\admin\produits.php(21): view('magasinier/produits_content')
 6 SYSTEMPATH\View\View.php(240): include('C:\\Users\\Honore\\Documents\\GitHub\\ecopanier-S4-Mme-Baovola\\app\\Views\\admin\\produits.php')
 7 SYSTEMPATH\View\View.php(243): CodeIgniter\View\View->{closure:CodeIgniter\View\View::render():237}()
 8 SYSTEMPATH\Common.php(1250): CodeIgniter\View\View->render('admin/produits', [], true)
 9 APPPATH\Controllers\AdminController.php(367): view('admin/produits', [...])
10 SYSTEMPATH\CodeIgniter.php(951): App\Controllers\AdminController->produits()
11 SYSTEMPATH\CodeIgniter.php(497): CodeIgniter\CodeIgniter->runController(Object(App\Controllers\AdminController))
12 SYSTEMPATH\CodeIgniter.php(340): CodeIgniter\CodeIgniter->handleRequest(null, Object(Config\Cache), false)
13 SYSTEMPATH\Boot.php(417): CodeIgniter\CodeIgniter->run()
14 SYSTEMPATH\Boot.php(68): CodeIgniter\Boot::runCodeIgniter(Object(CodeIgniter\CodeIgniter))
15 FCPATH\index.php(59): CodeIgniter\Boot::bootWeb(Object(Config\Paths))
16 SYSTEMPATH\rewrite.php(44): require_once('C:\\Users\\Honore\\Documents\\GitHub\\ecopanier-S4-Mme-Baovola\\public\\index.php')
WARNING - 2026-07-12 19:08:53 --> [DEPRECATED] strtotime(): Passing null to parameter #1 ($datetime) of type string is deprecated in APPPATH\Views\magasinier\produits_content.php on line 103.
 1 APPPATH\Views\magasinier\produits_content.php(103): strtotime(null)
 2 SYSTEMPATH\View\View.php(240): include('C:\\Users\\Honore\\Documents\\GitHub\\ecopanier-S4-Mme-Baovola\\app\\Views\\magasinier\\produits_content.php')
 3 SYSTEMPATH\View\View.php(243): CodeIgniter\View\View->{closure:CodeIgniter\View\View::render():237}()
 4 SYSTEMPATH\Common.php(1250): CodeIgniter\View\View->render('magasinier/produits_content', [], true)
 5 APPPATH\Views\admin\produits.php(21): view('magasinier/produits_content')
 6 SYSTEMPATH\View\View.php(240): include('C:\\Users\\Honore\\Documents\\GitHub\\ecopanier-S4-Mme-Baovola\\app\\Views\\admin\\produits.php')
 7 SYSTEMPATH\View\View.php(243): CodeIgniter\View\View->{closure:CodeIgniter\View\View::render():237}()
 8 SYSTEMPATH\Common.php(1250): CodeIgniter\View\View->render('admin/produits', [], true)
 9 APPPATH\Controllers\AdminController.php(367): view('admin/produits', [...])
10 SYSTEMPATH\CodeIgniter.php(951): App\Controllers\AdminController->produits()
11 SYSTEMPATH\CodeIgniter.php(497): CodeIgniter\CodeIgniter->runController(Object(App\Controllers\AdminController))
12 SYSTEMPATH\CodeIgniter.php(340): CodeIgniter\CodeIgniter->handleRequest(null, Object(Config\Cache), false)
13 SYSTEMPATH\Boot.php(417): CodeIgniter\CodeIgniter->run()
14 SYSTEMPATH\Boot.php(68): CodeIgniter\Boot::runCodeIgniter(Object(CodeIgniter\CodeIgniter))
15 FCPATH\index.php(59): CodeIgniter\Boot::bootWeb(Object(Config\Paths))
16 SYSTEMPATH\rewrite.php(44): require_once('C:\\Users\\Honore\\Documents\\GitHub\\ecopanier-S4-Mme-Baovola\\public\\index.php')
DEBUG - 2026-07-12 19:08:55 --> Session: Class initialized using 'CodeIgniter\Session\Handlers\FileHandler' driver.
WARNING - 2026-07-12 19:08:55 --> [DEPRECATED] strtotime(): Passing null to parameter #1 ($datetime) of type string is deprecated in APPPATH\Views\magasinier\produits_content.php on line 103.
 1 APPPATH\Views\magasinier\produits_content.php(103): strtotime(null)
 2 SYSTEMPATH\View\View.php(240): include('C:\\Users\\Honore\\Documents\\GitHub\\ecopanier-S4-Mme-Baovola\\app\\Views\\magasinier\\produits_content.php')
 3 SYSTEMPATH\View\View.php(243): CodeIgniter\View\View->{closure:CodeIgniter\View\View::render():237}()
 4 SYSTEMPATH\Common.php(1250): CodeIgniter\View\View->render('magasinier/produits_content', [], true)
 5 APPPATH\Views\admin\produits.php(21): view('magasinier/produits_content')
 6 SYSTEMPATH\View\View.php(240): include('C:\\Users\\Honore\\Documents\\GitHub\\ecopanier-S4-Mme-Baovola\\app\\Views\\admin\\produits.php')
 7 SYSTEMPATH\View\View.php(243): CodeIgniter\View\View->{closure:CodeIgniter\View\View::render():237}()
 8 SYSTEMPATH\Common.php(1250): CodeIgniter\View\View->render('admin/produits', [], true)
 9 APPPATH\Controllers\AdminController.php(367): view('admin/produits', [...])
10 SYSTEMPATH\CodeIgniter.php(951): App\Controllers\AdminController->produits()
11 SYSTEMPATH\CodeIgniter.php(497): CodeIgniter\CodeIgniter->runController(Object(App\Controllers\AdminController))
12 SYSTEMPATH\CodeIgniter.php(340): CodeIgniter\CodeIgniter->handleRequest(null, Object(Config\Cache), false)
13 SYSTEMPATH\Boot.php(417): CodeIgniter\CodeIgniter->run()
14 SYSTEMPATH\Boot.php(68): CodeIgniter\Boot::runCodeIgniter(Object(CodeIgniter\CodeIgniter))
15 FCPATH\index.php(59): CodeIgniter\Boot::bootWeb(Object(Config\Paths))
16 SYSTEMPATH\rewrite.php(44): require_once('C:\\Users\\Honore\\Documents\\GitHub\\ecopanier-S4-Mme-Baovola\\public\\index.php')
WARNING - 2026-07-12 19:08:55 --> [DEPRECATED] strtotime(): Passing null to parameter #1 ($datetime) of type string is deprecated in APPPATH\Views\magasinier\produits_content.php on line 103.
 1 APPPATH\Views\magasinier\produits_content.php(103): strtotime(null)
 2 SYSTEMPATH\View\View.php(240): include('C:\\Users\\Honore\\Documents\\GitHub\\ecopanier-S4-Mme-Baovola\\app\\Views\\magasinier\\produits_content.php')
 3 SYSTEMPATH\View\View.php(243): CodeIgniter\View\View->{closure:CodeIgniter\View\View::render():237}()
 4 SYSTEMPATH\Common.php(1250): CodeIgniter\View\View->render('magasinier/produits_content', [], true)
 5 APPPATH\Views\admin\produits.php(21): view('magasinier/produits_content')
 6 SYSTEMPATH\View\View.php(240): include('C:\\Users\\Honore\\Documents\\GitHub\\ecopanier-S4-Mme-Baovola\\app\\Views\\admin\\produits.php')
 7 SYSTEMPATH\View\View.php(243): CodeIgniter\View\View->{closure:CodeIgniter\View\View::render():237}()
 8 SYSTEMPATH\Common.php(1250): CodeIgniter\View\View->render('admin/produits', [], true)
 9 APPPATH\Controllers\AdminController.php(367): view('admin/produits', [...])
10 SYSTEMPATH\CodeIgniter.php(951): App\Controllers\AdminController->produits()
11 SYSTEMPATH\CodeIgniter.php(497): CodeIgniter\CodeIgniter->runController(Object(App\Controllers\AdminController))
12 SYSTEMPATH\CodeIgniter.php(340): CodeIgniter\CodeIgniter->handleRequest(null, Object(Config\Cache), false)
13 SYSTEMPATH\Boot.php(417): CodeIgniter\CodeIgniter->run()
14 SYSTEMPATH\Boot.php(68): CodeIgniter\Boot::runCodeIgniter(Object(CodeIgniter\CodeIgniter))
15 FCPATH\index.php(59): CodeIgniter\Boot::bootWeb(Object(Config\Paths))
16 SYSTEMPATH\rewrite.php(44): require_once('C:\\Users\\Honore\\Documents\\GitHub\\ecopanier-S4-Mme-Baovola\\public\\index.php')
WARNING - 2026-07-12 19:08:55 --> [DEPRECATED] strtotime(): Passing null to parameter #1 ($datetime) of type string is deprecated in APPPATH\Views\magasinier\produits_content.php on line 103.
 1 APPPATH\Views\magasinier\produits_content.php(103): strtotime(null)
 2 SYSTEMPATH\View\View.php(240): include('C:\\Users\\Honore\\Documents\\GitHub\\ecopanier-S4-Mme-Baovola\\app\\Views\\magasinier\\produits_content.php')
 3 SYSTEMPATH\View\View.php(243): CodeIgniter\View\View->{closure:CodeIgniter\View\View::render():237}()
 4 SYSTEMPATH\Common.php(1250): CodeIgniter\View\View->render('magasinier/produits_content', [], true)
 5 APPPATH\Views\admin\produits.php(21): view('magasinier/produits_content')
 6 SYSTEMPATH\View\View.php(240): include('C:\\Users\\Honore\\Documents\\GitHub\\ecopanier-S4-Mme-Baovola\\app\\Views\\admin\\produits.php')
 7 SYSTEMPATH\View\View.php(243): CodeIgniter\View\View->{closure:CodeIgniter\View\View::render():237}()
 8 SYSTEMPATH\Common.php(1250): CodeIgniter\View\View->render('admin/produits', [], true)
 9 APPPATH\Controllers\AdminController.php(367): view('admin/produits', [...])
10 SYSTEMPATH\CodeIgniter.php(951): App\Controllers\AdminController->produits()
11 SYSTEMPATH\CodeIgniter.php(497): CodeIgniter\CodeIgniter->runController(Object(App\Controllers\AdminController))
12 SYSTEMPATH\CodeIgniter.php(340): CodeIgniter\CodeIgniter->handleRequest(null, Object(Config\Cache), false)
13 SYSTEMPATH\Boot.php(417): CodeIgniter\CodeIgniter->run()
14 SYSTEMPATH\Boot.php(68): CodeIgniter\Boot::runCodeIgniter(Object(CodeIgniter\CodeIgniter))
15 FCPATH\index.php(59): CodeIgniter\Boot::bootWeb(Object(Config\Paths))
16 SYSTEMPATH\rewrite.php(44): require_once('C:\\Users\\Honore\\Documents\\GitHub\\ecopanier-S4-Mme-Baovola\\public\\index.php')
WARNING - 2026-07-12 19:08:55 --> [DEPRECATED] strtotime(): Passing null to parameter #1 ($datetime) of type string is deprecated in APPPATH\Views\magasinier\produits_content.php on line 103.
 1 APPPATH\Views\magasinier\produits_content.php(103): strtotime(null)
 2 SYSTEMPATH\View\View.php(240): include('C:\\Users\\Honore\\Documents\\GitHub\\ecopanier-S4-Mme-Baovola\\app\\Views\\magasinier\\produits_content.php')
 3 SYSTEMPATH\View\View.php(243): CodeIgniter\View\View->{closure:CodeIgniter\View\View::render():237}()
 4 SYSTEMPATH\Common.php(1250): CodeIgniter\View\View->render('magasinier/produits_content', [], true)
 5 APPPATH\Views\admin\produits.php(21): view('magasinier/produits_content')
 6 SYSTEMPATH\View\View.php(240): include('C:\\Users\\Honore\\Documents\\GitHub\\ecopanier-S4-Mme-Baovola\\app\\Views\\admin\\produits.php')
 7 SYSTEMPATH\View\View.php(243): CodeIgniter\View\View->{closure:CodeIgniter\View\View::render():237}()
 8 SYSTEMPATH\Common.php(1250): CodeIgniter\View\View->render('admin/produits', [], true)
 9 APPPATH\Controllers\AdminController.php(367): view('admin/produits', [...])
10 SYSTEMPATH\CodeIgniter.php(951): App\Controllers\AdminController->produits()
11 SYSTEMPATH\CodeIgniter.php(497): CodeIgniter\CodeIgniter->runController(Object(App\Controllers\AdminController))
12 SYSTEMPATH\CodeIgniter.php(340): CodeIgniter\CodeIgniter->handleRequest(null, Object(Config\Cache), false)
13 SYSTEMPATH\Boot.php(417): CodeIgniter\CodeIgniter->run()
14 SYSTEMPATH\Boot.php(68): CodeIgniter\Boot::runCodeIgniter(Object(CodeIgniter\CodeIgniter))
15 FCPATH\index.php(59): CodeIgniter\Boot::bootWeb(Object(Config\Paths))
16 SYSTEMPATH\rewrite.php(44): require_once('C:\\Users\\Honore\\Documents\\GitHub\\ecopanier-S4-Mme-Baovola\\public\\index.php')
WARNING - 2026-07-12 19:08:55 --> [DEPRECATED] strtotime(): Passing null to parameter #1 ($datetime) of type string is deprecated in APPPATH\Views\magasinier\produits_content.php on line 103.
 1 APPPATH\Views\magasinier\produits_content.php(103): strtotime(null)
 2 SYSTEMPATH\View\View.php(240): include('C:\\Users\\Honore\\Documents\\GitHub\\ecopanier-S4-Mme-Baovola\\app\\Views\\magasinier\\produits_content.php')
 3 SYSTEMPATH\View\View.php(243): CodeIgniter\View\View->{closure:CodeIgniter\View\View::render():237}()
 4 SYSTEMPATH\Common.php(1250): CodeIgniter\View\View->render('magasinier/produits_content', [], true)
 5 APPPATH\Views\admin\produits.php(21): view('magasinier/produits_content')
 6 SYSTEMPATH\View\View.php(240): include('C:\\Users\\Honore\\Documents\\GitHub\\ecopanier-S4-Mme-Baovola\\app\\Views\\admin\\produits.php')
 7 SYSTEMPATH\View\View.php(243): CodeIgniter\View\View->{closure:CodeIgniter\View\View::render():237}()
 8 SYSTEMPATH\Common.php(1250): CodeIgniter\View\View->render('admin/produits', [], true)
 9 APPPATH\Controllers\AdminController.php(367): view('admin/produits', [...])
10 SYSTEMPATH\CodeIgniter.php(951): App\Controllers\AdminController->produits()
11 SYSTEMPATH\CodeIgniter.php(497): CodeIgniter\CodeIgniter->runController(Object(App\Controllers\AdminController))
12 SYSTEMPATH\CodeIgniter.php(340): CodeIgniter\CodeIgniter->handleRequest(null, Object(Config\Cache), false)
13 SYSTEMPATH\Boot.php(417): CodeIgniter\CodeIgniter->run()
14 SYSTEMPATH\Boot.php(68): CodeIgniter\Boot::runCodeIgniter(Object(CodeIgniter\CodeIgniter))
15 FCPATH\index.php(59): CodeIgniter\Boot::bootWeb(Object(Config\Paths))
16 SYSTEMPATH\rewrite.php(44): require_once('C:\\Users\\Honore\\Documents\\GitHub\\ecopanier-S4-Mme-Baovola\\public\\index.php')
WARNING - 2026-07-12 19:08:55 --> [DEPRECATED] strtotime(): Passing null to parameter #1 ($datetime) of type string is deprecated in APPPATH\Views\magasinier\produits_content.php on line 103.
 1 APPPATH\Views\magasinier\produits_content.php(103): strtotime(null)
 2 SYSTEMPATH\View\View.php(240): include('C:\\Users\\Honore\\Documents\\GitHub\\ecopanier-S4-Mme-Baovola\\app\\Views\\magasinier\\produits_content.php')
 3 SYSTEMPATH\View\View.php(243): CodeIgniter\View\View->{closure:CodeIgniter\View\View::render():237}()
 4 SYSTEMPATH\Common.php(1250): CodeIgniter\View\View->render('magasinier/produits_content', [], true)
 5 APPPATH\Views\admin\produits.php(21): view('magasinier/produits_content')
 6 SYSTEMPATH\View\View.php(240): include('C:\\Users\\Honore\\Documents\\GitHub\\ecopanier-S4-Mme-Baovola\\app\\Views\\admin\\produits.php')
 7 SYSTEMPATH\View\View.php(243): CodeIgniter\View\View->{closure:CodeIgniter\View\View::render():237}()
 8 SYSTEMPATH\Common.php(1250): CodeIgniter\View\View->render('admin/produits', [], true)
 9 APPPATH\Controllers\AdminController.php(367): view('admin/produits', [...])
10 SYSTEMPATH\CodeIgniter.php(951): App\Controllers\AdminController->produits()
11 SYSTEMPATH\CodeIgniter.php(497): CodeIgniter\CodeIgniter->runController(Object(App\Controllers\AdminController))
12 SYSTEMPATH\CodeIgniter.php(340): CodeIgniter\CodeIgniter->handleRequest(null, Object(Config\Cache), false)
13 SYSTEMPATH\Boot.php(417): CodeIgniter\CodeIgniter->run()
14 SYSTEMPATH\Boot.php(68): CodeIgniter\Boot::runCodeIgniter(Object(CodeIgniter\CodeIgniter))
15 FCPATH\index.php(59): CodeIgniter\Boot::bootWeb(Object(Config\Paths))
16 SYSTEMPATH\rewrite.php(44): require_once('C:\\Users\\Honore\\Documents\\GitHub\\ecopanier-S4-Mme-Baovola\\public\\index.php')
WARNING - 2026-07-12 19:08:55 --> [DEPRECATED] strtotime(): Passing null to parameter #1 ($datetime) of type string is deprecated in APPPATH\Views\magasinier\produits_content.php on line 103.
 1 APPPATH\Views\magasinier\produits_content.php(103): strtotime(null)
 2 SYSTEMPATH\View\View.php(240): include('C:\\Users\\Honore\\Documents\\GitHub\\ecopanier-S4-Mme-Baovola\\app\\Views\\magasinier\\produits_content.php')
 3 SYSTEMPATH\View\View.php(243): CodeIgniter\View\View->{closure:CodeIgniter\View\View::render():237}()
 4 SYSTEMPATH\Common.php(1250): CodeIgniter\View\View->render('magasinier/produits_content', [], true)
 5 APPPATH\Views\admin\produits.php(21): view('magasinier/produits_content')
 6 SYSTEMPATH\View\View.php(240): include('C:\\Users\\Honore\\Documents\\GitHub\\ecopanier-S4-Mme-Baovola\\app\\Views\\admin\\produits.php')
 7 SYSTEMPATH\View\View.php(243): CodeIgniter\View\View->{closure:CodeIgniter\View\View::render():237}()
 8 SYSTEMPATH\Common.php(1250): CodeIgniter\View\View->render('admin/produits', [], true)
 9 APPPATH\Controllers\AdminController.php(367): view('admin/produits', [...])
10 SYSTEMPATH\CodeIgniter.php(951): App\Controllers\AdminController->produits()
11 SYSTEMPATH\CodeIgniter.php(497): CodeIgniter\CodeIgniter->runController(Object(App\Controllers\AdminController))
12 SYSTEMPATH\CodeIgniter.php(340): CodeIgniter\CodeIgniter->handleRequest(null, Object(Config\Cache), false)
13 SYSTEMPATH\Boot.php(417): CodeIgniter\CodeIgniter->run()
14 SYSTEMPATH\Boot.php(68): CodeIgniter\Boot::runCodeIgniter(Object(CodeIgniter\CodeIgniter))
15 FCPATH\index.php(59): CodeIgniter\Boot::bootWeb(Object(Config\Paths))
16 SYSTEMPATH\rewrite.php(44): require_once('C:\\Users\\Honore\\Documents\\GitHub\\ecopanier-S4-Mme-Baovola\\public\\index.php')
WARNING - 2026-07-12 19:08:55 --> [DEPRECATED] strtotime(): Passing null to parameter #1 ($datetime) of type string is deprecated in APPPATH\Views\magasinier\produits_content.php on line 103.
 1 APPPATH\Views\magasinier\produits_content.php(103): strtotime(null)
 2 SYSTEMPATH\View\View.php(240): include('C:\\Users\\Honore\\Documents\\GitHub\\ecopanier-S4-Mme-Baovola\\app\\Views\\magasinier\\produits_content.php')
 3 SYSTEMPATH\View\View.php(243): CodeIgniter\View\View->{closure:CodeIgniter\View\View::render():237}()
 4 SYSTEMPATH\Common.php(1250): CodeIgniter\View\View->render('magasinier/produits_content', [], true)
 5 APPPATH\Views\admin\produits.php(21): view('magasinier/produits_content')
 6 SYSTEMPATH\View\View.php(240): include('C:\\Users\\Honore\\Documents\\GitHub\\ecopanier-S4-Mme-Baovola\\app\\Views\\admin\\produits.php')
 7 SYSTEMPATH\View\View.php(243): CodeIgniter\View\View->{closure:CodeIgniter\View\View::render():237}()
 8 SYSTEMPATH\Common.php(1250): CodeIgniter\View\View->render('admin/produits', [], true)
 9 APPPATH\Controllers\AdminController.php(367): view('admin/produits', [...])
10 SYSTEMPATH\CodeIgniter.php(951): App\Controllers\AdminController->produits()
11 SYSTEMPATH\CodeIgniter.php(497): CodeIgniter\CodeIgniter->runController(Object(App\Controllers\AdminController))
12 SYSTEMPATH\CodeIgniter.php(340): CodeIgniter\CodeIgniter->handleRequest(null, Object(Config\Cache), false)
13 SYSTEMPATH\Boot.php(417): CodeIgniter\CodeIgniter->run()
14 SYSTEMPATH\Boot.php(68): CodeIgniter\Boot::runCodeIgniter(Object(CodeIgniter\CodeIgniter))
15 FCPATH\index.php(59): CodeIgniter\Boot::bootWeb(Object(Config\Paths))
16 SYSTEMPATH\rewrite.php(44): require_once('C:\\Users\\Honore\\Documents\\GitHub\\ecopanier-S4-Mme-Baovola\\public\\index.php')
DEBUG - 2026-07-12 19:08:57 --> Session: Class initialized using 'CodeIgniter\Session\Handlers\FileHandler' driver.
WARNING - 2026-07-12 19:08:57 --> [DEPRECATED] strtotime(): Passing null to parameter #1 ($datetime) of type string is deprecated in APPPATH\Views\magasinier\produits_content.php on line 103.
 1 APPPATH\Views\magasinier\produits_content.php(103): strtotime(null)
 2 SYSTEMPATH\View\View.php(240): include('C:\\Users\\Honore\\Documents\\GitHub\\ecopanier-S4-Mme-Baovola\\app\\Views\\magasinier\\produits_content.php')
 3 SYSTEMPATH\View\View.php(243): CodeIgniter\View\View->{closure:CodeIgniter\View\View::render():237}()
 4 SYSTEMPATH\Common.php(1250): CodeIgniter\View\View->render('magasinier/produits_content', [], true)
 5 APPPATH\Views\admin\produits.php(21): view('magasinier/produits_content')
 6 SYSTEMPATH\View\View.php(240): include('C:\\Users\\Honore\\Documents\\GitHub\\ecopanier-S4-Mme-Baovola\\app\\Views\\admin\\produits.php')
 7 SYSTEMPATH\View\View.php(243): CodeIgniter\View\View->{closure:CodeIgniter\View\View::render():237}()
 8 SYSTEMPATH\Common.php(1250): CodeIgniter\View\View->render('admin/produits', [], true)
 9 APPPATH\Controllers\AdminController.php(367): view('admin/produits', [...])
10 SYSTEMPATH\CodeIgniter.php(951): App\Controllers\AdminController->produits()
11 SYSTEMPATH\CodeIgniter.php(497): CodeIgniter\CodeIgniter->runController(Object(App\Controllers\AdminController))
12 SYSTEMPATH\CodeIgniter.php(340): CodeIgniter\CodeIgniter->handleRequest(null, Object(Config\Cache), false)
13 SYSTEMPATH\Boot.php(417): CodeIgniter\CodeIgniter->run()
14 SYSTEMPATH\Boot.php(68): CodeIgniter\Boot::runCodeIgniter(Object(CodeIgniter\CodeIgniter))
15 FCPATH\index.php(59): CodeIgniter\Boot::bootWeb(Object(Config\Paths))
16 SYSTEMPATH\rewrite.php(44): require_once('C:\\Users\\Honore\\Documents\\GitHub\\ecopanier-S4-Mme-Baovola\\public\\index.php')
WARNING - 2026-07-12 19:08:57 --> [DEPRECATED] strtotime(): Passing null to parameter #1 ($datetime) of type string is deprecated in APPPATH\Views\magasinier\produits_content.php on line 103.
 1 APPPATH\Views\magasinier\produits_content.php(103): strtotime(null)
 2 SYSTEMPATH\View\View.php(240): include('C:\\Users\\Honore\\Documents\\GitHub\\ecopanier-S4-Mme-Baovola\\app\\Views\\magasinier\\produits_content.php')
 3 SYSTEMPATH\View\View.php(243): CodeIgniter\View\View->{closure:CodeIgniter\View\View::render():237}()
 4 SYSTEMPATH\Common.php(1250): CodeIgniter\View\View->render('magasinier/produits_content', [], true)
 5 APPPATH\Views\admin\produits.php(21): view('magasinier/produits_content')
 6 SYSTEMPATH\View\View.php(240): include('C:\\Users\\Honore\\Documents\\GitHub\\ecopanier-S4-Mme-Baovola\\app\\Views\\admin\\produits.php')
 7 SYSTEMPATH\View\View.php(243): CodeIgniter\View\View->{closure:CodeIgniter\View\View::render():237}()
 8 SYSTEMPATH\Common.php(1250): CodeIgniter\View\View->render('admin/produits', [], true)
 9 APPPATH\Controllers\AdminController.php(367): view('admin/produits', [...])
10 SYSTEMPATH\CodeIgniter.php(951): App\Controllers\AdminController->produits()
11 SYSTEMPATH\CodeIgniter.php(497): CodeIgniter\CodeIgniter->runController(Object(App\Controllers\AdminController))
12 SYSTEMPATH\CodeIgniter.php(340): CodeIgniter\CodeIgniter->handleRequest(null, Object(Config\Cache), false)
13 SYSTEMPATH\Boot.php(417): CodeIgniter\CodeIgniter->run()
14 SYSTEMPATH\Boot.php(68): CodeIgniter\Boot::runCodeIgniter(Object(CodeIgniter\CodeIgniter))
15 FCPATH\index.php(59): CodeIgniter\Boot::bootWeb(Object(Config\Paths))
16 SYSTEMPATH\rewrite.php(44): require_once('C:\\Users\\Honore\\Documents\\GitHub\\ecopanier-S4-Mme-Baovola\\public\\index.php')
WARNING - 2026-07-12 19:08:57 --> [DEPRECATED] strtotime(): Passing null to parameter #1 ($datetime) of type string is deprecated in APPPATH\Views\magasinier\produits_content.php on line 103.
 1 APPPATH\Views\magasinier\produits_content.php(103): strtotime(null)
 2 SYSTEMPATH\View\View.php(240): include('C:\\Users\\Honore\\Documents\\GitHub\\ecopanier-S4-Mme-Baovola\\app\\Views\\magasinier\\produits_content.php')
 3 SYSTEMPATH\View\View.php(243): CodeIgniter\View\View->{closure:CodeIgniter\View\View::render():237}()
 4 SYSTEMPATH\Common.php(1250): CodeIgniter\View\View->render('magasinier/produits_content', [], true)
 5 APPPATH\Views\admin\produits.php(21): view('magasinier/produits_content')
 6 SYSTEMPATH\View\View.php(240): include('C:\\Users\\Honore\\Documents\\GitHub\\ecopanier-S4-Mme-Baovola\\app\\Views\\admin\\produits.php')
 7 SYSTEMPATH\View\View.php(243): CodeIgniter\View\View->{closure:CodeIgniter\View\View::render():237}()
 8 SYSTEMPATH\Common.php(1250): CodeIgniter\View\View->render('admin/produits', [], true)
 9 APPPATH\Controllers\AdminController.php(367): view('admin/produits', [...])
10 SYSTEMPATH\CodeIgniter.php(951): App\Controllers\AdminController->produits()
11 SYSTEMPATH\CodeIgniter.php(497): CodeIgniter\CodeIgniter->runController(Object(App\Controllers\AdminController))
12 SYSTEMPATH\CodeIgniter.php(340): CodeIgniter\CodeIgniter->handleRequest(null, Object(Config\Cache), false)
13 SYSTEMPATH\Boot.php(417): CodeIgniter\CodeIgniter->run()
14 SYSTEMPATH\Boot.php(68): CodeIgniter\Boot::runCodeIgniter(Object(CodeIgniter\CodeIgniter))
15 FCPATH\index.php(59): CodeIgniter\Boot::bootWeb(Object(Config\Paths))
16 SYSTEMPATH\rewrite.php(44): require_once('C:\\Users\\Honore\\Documents\\GitHub\\ecopanier-S4-Mme-Baovola\\public\\index.php')
WARNING - 2026-07-12 19:08:57 --> [DEPRECATED] strtotime(): Passing null to parameter #1 ($datetime) of type string is deprecated in APPPATH\Views\magasinier\produits_content.php on line 103.
 1 APPPATH\Views\magasinier\produits_content.php(103): strtotime(null)
 2 SYSTEMPATH\View\View.php(240): include('C:\\Users\\Honore\\Documents\\GitHub\\ecopanier-S4-Mme-Baovola\\app\\Views\\magasinier\\produits_content.php')
 3 SYSTEMPATH\View\View.php(243): CodeIgniter\View\View->{closure:CodeIgniter\View\View::render():237}()
 4 SYSTEMPATH\Common.php(1250): CodeIgniter\View\View->render('magasinier/produits_content', [], true)
 5 APPPATH\Views\admin\produits.php(21): view('magasinier/produits_content')
 6 SYSTEMPATH\View\View.php(240): include('C:\\Users\\Honore\\Documents\\GitHub\\ecopanier-S4-Mme-Baovola\\app\\Views\\admin\\produits.php')
 7 SYSTEMPATH\View\View.php(243): CodeIgniter\View\View->{closure:CodeIgniter\View\View::render():237}()
 8 SYSTEMPATH\Common.php(1250): CodeIgniter\View\View->render('admin/produits', [], true)
 9 APPPATH\Controllers\AdminController.php(367): view('admin/produits', [...])
10 SYSTEMPATH\CodeIgniter.php(951): App\Controllers\AdminController->produits()
11 SYSTEMPATH\CodeIgniter.php(497): CodeIgniter\CodeIgniter->runController(Object(App\Controllers\AdminController))
12 SYSTEMPATH\CodeIgniter.php(340): CodeIgniter\CodeIgniter->handleRequest(null, Object(Config\Cache), false)
13 SYSTEMPATH\Boot.php(417): CodeIgniter\CodeIgniter->run()
14 SYSTEMPATH\Boot.php(68): CodeIgniter\Boot::runCodeIgniter(Object(CodeIgniter\CodeIgniter))
15 FCPATH\index.php(59): CodeIgniter\Boot::bootWeb(Object(Config\Paths))
16 SYSTEMPATH\rewrite.php(44): require_once('C:\\Users\\Honore\\Documents\\GitHub\\ecopanier-S4-Mme-Baovola\\public\\index.php')
WARNING - 2026-07-12 19:08:57 --> [DEPRECATED] strtotime(): Passing null to parameter #1 ($datetime) of type string is deprecated in APPPATH\Views\magasinier\produits_content.php on line 103.
 1 APPPATH\Views\magasinier\produits_content.php(103): strtotime(null)
 2 SYSTEMPATH\View\View.php(240): include('C:\\Users\\Honore\\Documents\\GitHub\\ecopanier-S4-Mme-Baovola\\app\\Views\\magasinier\\produits_content.php')
 3 SYSTEMPATH\View\View.php(243): CodeIgniter\View\View->{closure:CodeIgniter\View\View::render():237}()
 4 SYSTEMPATH\Common.php(1250): CodeIgniter\View\View->render('magasinier/produits_content', [], true)
 5 APPPATH\Views\admin\produits.php(21): view('magasinier/produits_content')
 6 SYSTEMPATH\View\View.php(240): include('C:\\Users\\Honore\\Documents\\GitHub\\ecopanier-S4-Mme-Baovola\\app\\Views\\admin\\produits.php')
 7 SYSTEMPATH\View\View.php(243): CodeIgniter\View\View->{closure:CodeIgniter\View\View::render():237}()
 8 SYSTEMPATH\Common.php(1250): CodeIgniter\View\View->render('admin/produits', [], true)
 9 APPPATH\Controllers\AdminController.php(367): view('admin/produits', [...])
10 SYSTEMPATH\CodeIgniter.php(951): App\Controllers\AdminController->produits()
11 SYSTEMPATH\CodeIgniter.php(497): CodeIgniter\CodeIgniter->runController(Object(App\Controllers\AdminController))
12 SYSTEMPATH\CodeIgniter.php(340): CodeIgniter\CodeIgniter->handleRequest(null, Object(Config\Cache), false)
13 SYSTEMPATH\Boot.php(417): CodeIgniter\CodeIgniter->run()
14 SYSTEMPATH\Boot.php(68): CodeIgniter\Boot::runCodeIgniter(Object(CodeIgniter\CodeIgniter))
15 FCPATH\index.php(59): CodeIgniter\Boot::bootWeb(Object(Config\Paths))
16 SYSTEMPATH\rewrite.php(44): require_once('C:\\Users\\Honore\\Documents\\GitHub\\ecopanier-S4-Mme-Baovola\\public\\index.php')
WARNING - 2026-07-12 19:08:57 --> [DEPRECATED] strtotime(): Passing null to parameter #1 ($datetime) of type string is deprecated in APPPATH\Views\magasinier\produits_content.php on line 103.
 1 APPPATH\Views\magasinier\produits_content.php(103): strtotime(null)
 2 SYSTEMPATH\View\View.php(240): include('C:\\Users\\Honore\\Documents\\GitHub\\ecopanier-S4-Mme-Baovola\\app\\Views\\magasinier\\produits_content.php')
 3 SYSTEMPATH\View\View.php(243): CodeIgniter\View\View->{closure:CodeIgniter\View\View::render():237}()
 4 SYSTEMPATH\Common.php(1250): CodeIgniter\View\View->render('magasinier/produits_content', [], true)
 5 APPPATH\Views\admin\produits.php(21): view('magasinier/produits_content')
 6 SYSTEMPATH\View\View.php(240): include('C:\\Users\\Honore\\Documents\\GitHub\\ecopanier-S4-Mme-Baovola\\app\\Views\\admin\\produits.php')
 7 SYSTEMPATH\View\View.php(243): CodeIgniter\View\View->{closure:CodeIgniter\View\View::render():237}()
 8 SYSTEMPATH\Common.php(1250): CodeIgniter\View\View->render('admin/produits', [], true)
 9 APPPATH\Controllers\AdminController.php(367): view('admin/produits', [...])
10 SYSTEMPATH\CodeIgniter.php(951): App\Controllers\AdminController->produits()
11 SYSTEMPATH\CodeIgniter.php(497): CodeIgniter\CodeIgniter->runController(Object(App\Controllers\AdminController))
12 SYSTEMPATH\CodeIgniter.php(340): CodeIgniter\CodeIgniter->handleRequest(null, Object(Config\Cache), false)
13 SYSTEMPATH\Boot.php(417): CodeIgniter\CodeIgniter->run()
14 SYSTEMPATH\Boot.php(68): CodeIgniter\Boot::runCodeIgniter(Object(CodeIgniter\CodeIgniter))
15 FCPATH\index.php(59): CodeIgniter\Boot::bootWeb(Object(Config\Paths))
16 SYSTEMPATH\rewrite.php(44): require_once('C:\\Users\\Honore\\Documents\\GitHub\\ecopanier-S4-Mme-Baovola\\public\\index.php')
WARNING - 2026-07-12 19:08:57 --> [DEPRECATED] strtotime(): Passing null to parameter #1 ($datetime) of type string is deprecated in APPPATH\Views\magasinier\produits_content.php on line 103.
 1 APPPATH\Views\magasinier\produits_content.php(103): strtotime(null)
 2 SYSTEMPATH\View\View.php(240): include('C:\\Users\\Honore\\Documents\\GitHub\\ecopanier-S4-Mme-Baovola\\app\\Views\\magasinier\\produits_content.php')
 3 SYSTEMPATH\View\View.php(243): CodeIgniter\View\View->{closure:CodeIgniter\View\View::render():237}()
 4 SYSTEMPATH\Common.php(1250): CodeIgniter\View\View->render('magasinier/produits_content', [], true)
 5 APPPATH\Views\admin\produits.php(21): view('magasinier/produits_content')
 6 SYSTEMPATH\View\View.php(240): include('C:\\Users\\Honore\\Documents\\GitHub\\ecopanier-S4-Mme-Baovola\\app\\Views\\admin\\produits.php')
 7 SYSTEMPATH\View\View.php(243): CodeIgniter\View\View->{closure:CodeIgniter\View\View::render():237}()
 8 SYSTEMPATH\Common.php(1250): CodeIgniter\View\View->render('admin/produits', [], true)
 9 APPPATH\Controllers\AdminController.php(367): view('admin/produits', [...])
10 SYSTEMPATH\CodeIgniter.php(951): App\Controllers\AdminController->produits()
11 SYSTEMPATH\CodeIgniter.php(497): CodeIgniter\CodeIgniter->runController(Object(App\Controllers\AdminController))
12 SYSTEMPATH\CodeIgniter.php(340): CodeIgniter\CodeIgniter->handleRequest(null, Object(Config\Cache), false)
13 SYSTEMPATH\Boot.php(417): CodeIgniter\CodeIgniter->run()
14 SYSTEMPATH\Boot.php(68): CodeIgniter\Boot::runCodeIgniter(Object(CodeIgniter\CodeIgniter))
15 FCPATH\index.php(59): CodeIgniter\Boot::bootWeb(Object(Config\Paths))
16 SYSTEMPATH\rewrite.php(44): require_once('C:\\Users\\Honore\\Documents\\GitHub\\ecopanier-S4-Mme-Baovola\\public\\index.php')
WARNING - 2026-07-12 19:08:57 --> [DEPRECATED] strtotime(): Passing null to parameter #1 ($datetime) of type string is deprecated in APPPATH\Views\magasinier\produits_content.php on line 103.
 1 APPPATH\Views\magasinier\produits_content.php(103): strtotime(null)
 2 SYSTEMPATH\View\View.php(240): include('C:\\Users\\Honore\\Documents\\GitHub\\ecopanier-S4-Mme-Baovola\\app\\Views\\magasinier\\produits_content.php')
 3 SYSTEMPATH\View\View.php(243): CodeIgniter\View\View->{closure:CodeIgniter\View\View::render():237}()
 4 SYSTEMPATH\Common.php(1250): CodeIgniter\View\View->render('magasinier/produits_content', [], true)
 5 APPPATH\Views\admin\produits.php(21): view('magasinier/produits_content')
 6 SYSTEMPATH\View\View.php(240): include('C:\\Users\\Honore\\Documents\\GitHub\\ecopanier-S4-Mme-Baovola\\app\\Views\\admin\\produits.php')
 7 SYSTEMPATH\View\View.php(243): CodeIgniter\View\View->{closure:CodeIgniter\View\View::render():237}()
 8 SYSTEMPATH\Common.php(1250): CodeIgniter\View\View->render('admin/produits', [], true)
 9 APPPATH\Controllers\AdminController.php(367): view('admin/produits', [...])
10 SYSTEMPATH\CodeIgniter.php(951): App\Controllers\AdminController->produits()
11 SYSTEMPATH\CodeIgniter.php(497): CodeIgniter\CodeIgniter->runController(Object(App\Controllers\AdminController))
12 SYSTEMPATH\CodeIgniter.php(340): CodeIgniter\CodeIgniter->handleRequest(null, Object(Config\Cache), false)
13 SYSTEMPATH\Boot.php(417): CodeIgniter\CodeIgniter->run()
14 SYSTEMPATH\Boot.php(68): CodeIgniter\Boot::runCodeIgniter(Object(CodeIgniter\CodeIgniter))
15 FCPATH\index.php(59): CodeIgniter\Boot::bootWeb(Object(Config\Paths))
16 SYSTEMPATH\rewrite.php(44): require_once('C:\\Users\\Honore\\Documents\\GitHub\\ecopanier-S4-Mme-Baovola\\public\\index.php')
DEBUG - 2026-07-12 19:08:57 --> Session: Class initialized using 'CodeIgniter\Session\Handlers\FileHandler' driver.
DEBUG - 2026-07-12 19:08:59 --> Session: Class initialized using 'CodeIgniter\Session\Handlers\FileHandler' driver.
DEBUG - 2026-07-12 19:08:59 --> Session: Class initialized using 'CodeIgniter\Session\Handlers\FileHandler' driver.
DEBUG - 2026-07-12 19:09:14 --> Session: Class initialized using 'CodeIgniter\Session\Handlers\FileHandler' driver.
DEBUG - 2026-07-12 19:09:15 --> Session: Class initialized using 'CodeIgniter\Session\Handlers\FileHandler' driver.
DEBUG - 2026-07-12 19:09:17 --> Session: Class initialized using 'CodeIgniter\Session\Handlers\FileHandler' driver.
DEBUG - 2026-07-12 19:09:18 --> Session: Class initialized using 'CodeIgniter\Session\Handlers\FileHandler' driver.
DEBUG - 2026-07-12 19:09:23 --> Session: Class initialized using 'CodeIgniter\Session\Handlers\FileHandler' driver.
DEBUG - 2026-07-12 19:09:24 --> Session: Class initialized using 'CodeIgniter\Session\Handlers\FileHandler' driver.
DEBUG - 2026-07-12 19:09:26 --> Session: Class initialized using 'CodeIgniter\Session\Handlers\FileHandler' driver.
DEBUG - 2026-07-12 19:09:27 --> Session: Class initialized using 'CodeIgniter\Session\Handlers\FileHandler' driver.
DEBUG - 2026-07-12 19:09:29 --> Session: Class initialized using 'CodeIgniter\Session\Handlers\FileHandler' driver.
DEBUG - 2026-07-12 19:09:40 --> Session: Class initialized using 'CodeIgniter\Session\Handlers\FileHandler' driver.
DEBUG - 2026-07-12 19:09:41 --> Session: Class initialized using 'CodeIgniter\Session\Handlers\FileHandler' driver.
DEBUG - 2026-07-12 19:09:42 --> Session: Class initialized using 'CodeIgniter\Session\Handlers\FileHandler' driver.
DEBUG - 2026-07-12 19:09:43 --> Session: Class initialized using 'CodeIgniter\Session\Handlers\FileHandler' driver.
WARNING - 2026-07-12 19:09:43 --> [DEPRECATED] strtotime(): Passing null to parameter #1 ($datetime) of type string is deprecated in APPPATH\Views\magasinier\produits_content.php on line 103.
 1 APPPATH\Views\magasinier\produits_content.php(103): strtotime(null)
 2 SYSTEMPATH\View\View.php(240): include('C:\\Users\\Honore\\Documents\\GitHub\\ecopanier-S4-Mme-Baovola\\app\\Views\\magasinier\\produits_content.php')
 3 SYSTEMPATH\View\View.php(243): CodeIgniter\View\View->{closure:CodeIgniter\View\View::render():237}()
 4 SYSTEMPATH\Common.php(1250): CodeIgniter\View\View->render('magasinier/produits_content', [], true)
 5 APPPATH\Views\admin\produits.php(21): view('magasinier/produits_content')
 6 SYSTEMPATH\View\View.php(240): include('C:\\Users\\Honore\\Documents\\GitHub\\ecopanier-S4-Mme-Baovola\\app\\Views\\admin\\produits.php')
 7 SYSTEMPATH\View\View.php(243): CodeIgniter\View\View->{closure:CodeIgniter\View\View::render():237}()
 8 SYSTEMPATH\Common.php(1250): CodeIgniter\View\View->render('admin/produits', [], true)
 9 APPPATH\Controllers\AdminController.php(367): view('admin/produits', [...])
10 SYSTEMPATH\CodeIgniter.php(951): App\Controllers\AdminController->produits()
11 SYSTEMPATH\CodeIgniter.php(497): CodeIgniter\CodeIgniter->runController(Object(App\Controllers\AdminController))
12 SYSTEMPATH\CodeIgniter.php(340): CodeIgniter\CodeIgniter->handleRequest(null, Object(Config\Cache), false)
13 SYSTEMPATH\Boot.php(417): CodeIgniter\CodeIgniter->run()
14 SYSTEMPATH\Boot.php(68): CodeIgniter\Boot::runCodeIgniter(Object(CodeIgniter\CodeIgniter))
15 FCPATH\index.php(59): CodeIgniter\Boot::bootWeb(Object(Config\Paths))
16 SYSTEMPATH\rewrite.php(44): require_once('C:\\Users\\Honore\\Documents\\GitHub\\ecopanier-S4-Mme-Baovola\\public\\index.php')
WARNING - 2026-07-12 19:09:43 --> [DEPRECATED] strtotime(): Passing null to parameter #1 ($datetime) of type string is deprecated in APPPATH\Views\magasinier\produits_content.php on line 103.
 1 APPPATH\Views\magasinier\produits_content.php(103): strtotime(null)
 2 SYSTEMPATH\View\View.php(240): include('C:\\Users\\Honore\\Documents\\GitHub\\ecopanier-S4-Mme-Baovola\\app\\Views\\magasinier\\produits_content.php')
 3 SYSTEMPATH\View\View.php(243): CodeIgniter\View\View->{closure:CodeIgniter\View\View::render():237}()
 4 SYSTEMPATH\Common.php(1250): CodeIgniter\View\View->render('magasinier/produits_content', [], true)
 5 APPPATH\Views\admin\produits.php(21): view('magasinier/produits_content')
 6 SYSTEMPATH\View\View.php(240): include('C:\\Users\\Honore\\Documents\\GitHub\\ecopanier-S4-Mme-Baovola\\app\\Views\\admin\\produits.php')
 7 SYSTEMPATH\View\View.php(243): CodeIgniter\View\View->{closure:CodeIgniter\View\View::render():237}()
 8 SYSTEMPATH\Common.php(1250): CodeIgniter\View\View->render('admin/produits', [], true)
 9 APPPATH\Controllers\AdminController.php(367): view('admin/produits', [...])
10 SYSTEMPATH\CodeIgniter.php(951): App\Controllers\AdminController->produits()
11 SYSTEMPATH\CodeIgniter.php(497): CodeIgniter\CodeIgniter->runController(Object(App\Controllers\AdminController))
12 SYSTEMPATH\CodeIgniter.php(340): CodeIgniter\CodeIgniter->handleRequest(null, Object(Config\Cache), false)
13 SYSTEMPATH\Boot.php(417): CodeIgniter\CodeIgniter->run()
14 SYSTEMPATH\Boot.php(68): CodeIgniter\Boot::runCodeIgniter(Object(CodeIgniter\CodeIgniter))
15 FCPATH\index.php(59): CodeIgniter\Boot::bootWeb(Object(Config\Paths))
16 SYSTEMPATH\rewrite.php(44): require_once('C:\\Users\\Honore\\Documents\\GitHub\\ecopanier-S4-Mme-Baovola\\public\\index.php')
WARNING - 2026-07-12 19:09:43 --> [DEPRECATED] strtotime(): Passing null to parameter #1 ($datetime) of type string is deprecated in APPPATH\Views\magasinier\produits_content.php on line 103.
 1 APPPATH\Views\magasinier\produits_content.php(103): strtotime(null)
 2 SYSTEMPATH\View\View.php(240): include('C:\\Users\\Honore\\Documents\\GitHub\\ecopanier-S4-Mme-Baovola\\app\\Views\\magasinier\\produits_content.php')
 3 SYSTEMPATH\View\View.php(243): CodeIgniter\View\View->{closure:CodeIgniter\View\View::render():237}()
 4 SYSTEMPATH\Common.php(1250): CodeIgniter\View\View->render('magasinier/produits_content', [], true)
 5 APPPATH\Views\admin\produits.php(21): view('magasinier/produits_content')
 6 SYSTEMPATH\View\View.php(240): include('C:\\Users\\Honore\\Documents\\GitHub\\ecopanier-S4-Mme-Baovola\\app\\Views\\admin\\produits.php')
 7 SYSTEMPATH\View\View.php(243): CodeIgniter\View\View->{closure:CodeIgniter\View\View::render():237}()
 8 SYSTEMPATH\Common.php(1250): CodeIgniter\View\View->render('admin/produits', [], true)
 9 APPPATH\Controllers\AdminController.php(367): view('admin/produits', [...])
10 SYSTEMPATH\CodeIgniter.php(951): App\Controllers\AdminController->produits()
11 SYSTEMPATH\CodeIgniter.php(497): CodeIgniter\CodeIgniter->runController(Object(App\Controllers\AdminController))
12 SYSTEMPATH\CodeIgniter.php(340): CodeIgniter\CodeIgniter->handleRequest(null, Object(Config\Cache), false)
13 SYSTEMPATH\Boot.php(417): CodeIgniter\CodeIgniter->run()
14 SYSTEMPATH\Boot.php(68): CodeIgniter\Boot::runCodeIgniter(Object(CodeIgniter\CodeIgniter))
15 FCPATH\index.php(59): CodeIgniter\Boot::bootWeb(Object(Config\Paths))
16 SYSTEMPATH\rewrite.php(44): require_once('C:\\Users\\Honore\\Documents\\GitHub\\ecopanier-S4-Mme-Baovola\\public\\index.php')
WARNING - 2026-07-12 19:09:43 --> [DEPRECATED] strtotime(): Passing null to parameter #1 ($datetime) of type string is deprecated in APPPATH\Views\magasinier\produits_content.php on line 103.
 1 APPPATH\Views\magasinier\produits_content.php(103): strtotime(null)
 2 SYSTEMPATH\View\View.php(240): include('C:\\Users\\Honore\\Documents\\GitHub\\ecopanier-S4-Mme-Baovola\\app\\Views\\magasinier\\produits_content.php')
 3 SYSTEMPATH\View\View.php(243): CodeIgniter\View\View->{closure:CodeIgniter\View\View::render():237}()
 4 SYSTEMPATH\Common.php(1250): CodeIgniter\View\View->render('magasinier/produits_content', [], true)
 5 APPPATH\Views\admin\produits.php(21): view('magasinier/produits_content')
 6 SYSTEMPATH\View\View.php(240): include('C:\\Users\\Honore\\Documents\\GitHub\\ecopanier-S4-Mme-Baovola\\app\\Views\\admin\\produits.php')
 7 SYSTEMPATH\View\View.php(243): CodeIgniter\View\View->{closure:CodeIgniter\View\View::render():237}()
 8 SYSTEMPATH\Common.php(1250): CodeIgniter\View\View->render('admin/produits', [], true)
 9 APPPATH\Controllers\AdminController.php(367): view('admin/produits', [...])
10 SYSTEMPATH\CodeIgniter.php(951): App\Controllers\AdminController->produits()
11 SYSTEMPATH\CodeIgniter.php(497): CodeIgniter\CodeIgniter->runController(Object(App\Controllers\AdminController))
12 SYSTEMPATH\CodeIgniter.php(340): CodeIgniter\CodeIgniter->handleRequest(null, Object(Config\Cache), false)
13 SYSTEMPATH\Boot.php(417): CodeIgniter\CodeIgniter->run()
14 SYSTEMPATH\Boot.php(68): CodeIgniter\Boot::runCodeIgniter(Object(CodeIgniter\CodeIgniter))
15 FCPATH\index.php(59): CodeIgniter\Boot::bootWeb(Object(Config\Paths))
16 SYSTEMPATH\rewrite.php(44): require_once('C:\\Users\\Honore\\Documents\\GitHub\\ecopanier-S4-Mme-Baovola\\public\\index.php')
WARNING - 2026-07-12 19:09:43 --> [DEPRECATED] strtotime(): Passing null to parameter #1 ($datetime) of type string is deprecated in APPPATH\Views\magasinier\produits_content.php on line 103.
 1 APPPATH\Views\magasinier\produits_content.php(103): strtotime(null)
 2 SYSTEMPATH\View\View.php(240): include('C:\\Users\\Honore\\Documents\\GitHub\\ecopanier-S4-Mme-Baovola\\app\\Views\\magasinier\\produits_content.php')
 3 SYSTEMPATH\View\View.php(243): CodeIgniter\View\View->{closure:CodeIgniter\View\View::render():237}()
 4 SYSTEMPATH\Common.php(1250): CodeIgniter\View\View->render('magasinier/produits_content', [], true)
 5 APPPATH\Views\admin\produits.php(21): view('magasinier/produits_content')
 6 SYSTEMPATH\View\View.php(240): include('C:\\Users\\Honore\\Documents\\GitHub\\ecopanier-S4-Mme-Baovola\\app\\Views\\admin\\produits.php')
 7 SYSTEMPATH\View\View.php(243): CodeIgniter\View\View->{closure:CodeIgniter\View\View::render():237}()
 8 SYSTEMPATH\Common.php(1250): CodeIgniter\View\View->render('admin/produits', [], true)
 9 APPPATH\Controllers\AdminController.php(367): view('admin/produits', [...])
10 SYSTEMPATH\CodeIgniter.php(951): App\Controllers\AdminController->produits()
11 SYSTEMPATH\CodeIgniter.php(497): CodeIgniter\CodeIgniter->runController(Object(App\Controllers\AdminController))
12 SYSTEMPATH\CodeIgniter.php(340): CodeIgniter\CodeIgniter->handleRequest(null, Object(Config\Cache), false)
13 SYSTEMPATH\Boot.php(417): CodeIgniter\CodeIgniter->run()
14 SYSTEMPATH\Boot.php(68): CodeIgniter\Boot::runCodeIgniter(Object(CodeIgniter\CodeIgniter))
15 FCPATH\index.php(59): CodeIgniter\Boot::bootWeb(Object(Config\Paths))
16 SYSTEMPATH\rewrite.php(44): require_once('C:\\Users\\Honore\\Documents\\GitHub\\ecopanier-S4-Mme-Baovola\\public\\index.php')
WARNING - 2026-07-12 19:09:43 --> [DEPRECATED] strtotime(): Passing null to parameter #1 ($datetime) of type string is deprecated in APPPATH\Views\magasinier\produits_content.php on line 103.
 1 APPPATH\Views\magasinier\produits_content.php(103): strtotime(null)
 2 SYSTEMPATH\View\View.php(240): include('C:\\Users\\Honore\\Documents\\GitHub\\ecopanier-S4-Mme-Baovola\\app\\Views\\magasinier\\produits_content.php')
 3 SYSTEMPATH\View\View.php(243): CodeIgniter\View\View->{closure:CodeIgniter\View\View::render():237}()
 4 SYSTEMPATH\Common.php(1250): CodeIgniter\View\View->render('magasinier/produits_content', [], true)
 5 APPPATH\Views\admin\produits.php(21): view('magasinier/produits_content')
 6 SYSTEMPATH\View\View.php(240): include('C:\\Users\\Honore\\Documents\\GitHub\\ecopanier-S4-Mme-Baovola\\app\\Views\\admin\\produits.php')
 7 SYSTEMPATH\View\View.php(243): CodeIgniter\View\View->{closure:CodeIgniter\View\View::render():237}()
 8 SYSTEMPATH\Common.php(1250): CodeIgniter\View\View->render('admin/produits', [], true)
 9 APPPATH\Controllers\AdminController.php(367): view('admin/produits', [...])
10 SYSTEMPATH\CodeIgniter.php(951): App\Controllers\AdminController->produits()
11 SYSTEMPATH\CodeIgniter.php(497): CodeIgniter\CodeIgniter->runController(Object(App\Controllers\AdminController))
12 SYSTEMPATH\CodeIgniter.php(340): CodeIgniter\CodeIgniter->handleRequest(null, Object(Config\Cache), false)
13 SYSTEMPATH\Boot.php(417): CodeIgniter\CodeIgniter->run()
14 SYSTEMPATH\Boot.php(68): CodeIgniter\Boot::runCodeIgniter(Object(CodeIgniter\CodeIgniter))
15 FCPATH\index.php(59): CodeIgniter\Boot::bootWeb(Object(Config\Paths))
16 SYSTEMPATH\rewrite.php(44): require_once('C:\\Users\\Honore\\Documents\\GitHub\\ecopanier-S4-Mme-Baovola\\public\\index.php')
WARNING - 2026-07-12 19:09:43 --> [DEPRECATED] strtotime(): Passing null to parameter #1 ($datetime) of type string is deprecated in APPPATH\Views\magasinier\produits_content.php on line 103.
 1 APPPATH\Views\magasinier\produits_content.php(103): strtotime(null)
 2 SYSTEMPATH\View\View.php(240): include('C:\\Users\\Honore\\Documents\\GitHub\\ecopanier-S4-Mme-Baovola\\app\\Views\\magasinier\\produits_content.php')
 3 SYSTEMPATH\View\View.php(243): CodeIgniter\View\View->{closure:CodeIgniter\View\View::render():237}()
 4 SYSTEMPATH\Common.php(1250): CodeIgniter\View\View->render('magasinier/produits_content', [], true)
 5 APPPATH\Views\admin\produits.php(21): view('magasinier/produits_content')
 6 SYSTEMPATH\View\View.php(240): include('C:\\Users\\Honore\\Documents\\GitHub\\ecopanier-S4-Mme-Baovola\\app\\Views\\admin\\produits.php')
 7 SYSTEMPATH\View\View.php(243): CodeIgniter\View\View->{closure:CodeIgniter\View\View::render():237}()
 8 SYSTEMPATH\Common.php(1250): CodeIgniter\View\View->render('admin/produits', [], true)
 9 APPPATH\Controllers\AdminController.php(367): view('admin/produits', [...])
10 SYSTEMPATH\CodeIgniter.php(951): App\Controllers\AdminController->produits()
11 SYSTEMPATH\CodeIgniter.php(497): CodeIgniter\CodeIgniter->runController(Object(App\Controllers\AdminController))
12 SYSTEMPATH\CodeIgniter.php(340): CodeIgniter\CodeIgniter->handleRequest(null, Object(Config\Cache), false)
13 SYSTEMPATH\Boot.php(417): CodeIgniter\CodeIgniter->run()
14 SYSTEMPATH\Boot.php(68): CodeIgniter\Boot::runCodeIgniter(Object(CodeIgniter\CodeIgniter))
15 FCPATH\index.php(59): CodeIgniter\Boot::bootWeb(Object(Config\Paths))
16 SYSTEMPATH\rewrite.php(44): require_once('C:\\Users\\Honore\\Documents\\GitHub\\ecopanier-S4-Mme-Baovola\\public\\index.php')
WARNING - 2026-07-12 19:09:43 --> [DEPRECATED] strtotime(): Passing null to parameter #1 ($datetime) of type string is deprecated in APPPATH\Views\magasinier\produits_content.php on line 103.
 1 APPPATH\Views\magasinier\produits_content.php(103): strtotime(null)
 2 SYSTEMPATH\View\View.php(240): include('C:\\Users\\Honore\\Documents\\GitHub\\ecopanier-S4-Mme-Baovola\\app\\Views\\magasinier\\produits_content.php')
 3 SYSTEMPATH\View\View.php(243): CodeIgniter\View\View->{closure:CodeIgniter\View\View::render():237}()
 4 SYSTEMPATH\Common.php(1250): CodeIgniter\View\View->render('magasinier/produits_content', [], true)
 5 APPPATH\Views\admin\produits.php(21): view('magasinier/produits_content')
 6 SYSTEMPATH\View\View.php(240): include('C:\\Users\\Honore\\Documents\\GitHub\\ecopanier-S4-Mme-Baovola\\app\\Views\\admin\\produits.php')
 7 SYSTEMPATH\View\View.php(243): CodeIgniter\View\View->{closure:CodeIgniter\View\View::render():237}()
 8 SYSTEMPATH\Common.php(1250): CodeIgniter\View\View->render('admin/produits', [], true)
 9 APPPATH\Controllers\AdminController.php(367): view('admin/produits', [...])
10 SYSTEMPATH\CodeIgniter.php(951): App\Controllers\AdminController->produits()
11 SYSTEMPATH\CodeIgniter.php(497): CodeIgniter\CodeIgniter->runController(Object(App\Controllers\AdminController))
12 SYSTEMPATH\CodeIgniter.php(340): CodeIgniter\CodeIgniter->handleRequest(null, Object(Config\Cache), false)
13 SYSTEMPATH\Boot.php(417): CodeIgniter\CodeIgniter->run()
14 SYSTEMPATH\Boot.php(68): CodeIgniter\Boot::runCodeIgniter(Object(CodeIgniter\CodeIgniter))
15 FCPATH\index.php(59): CodeIgniter\Boot::bootWeb(Object(Config\Paths))
16 SYSTEMPATH\rewrite.php(44): require_once('C:\\Users\\Honore\\Documents\\GitHub\\ecopanier-S4-Mme-Baovola\\public\\index.php')
DEBUG - 2026-07-12 19:09:43 --> Session: Class initialized using 'CodeIgniter\Session\Handlers\FileHandler' driver.
WARNING - 2026-07-12 19:09:43 --> [DEPRECATED] strtotime(): Passing null to parameter #1 ($datetime) of type string is deprecated in APPPATH\Views\magasinier\categories_content.php on line 120.
 1 APPPATH\Views\magasinier\categories_content.php(120): strtotime(null)
 2 SYSTEMPATH\View\View.php(240): include('C:\\Users\\Honore\\Documents\\GitHub\\ecopanier-S4-Mme-Baovola\\app\\Views\\magasinier\\categories_content.php')
 3 SYSTEMPATH\View\View.php(243): CodeIgniter\View\View->{closure:CodeIgniter\View\View::render():237}()
 4 SYSTEMPATH\Common.php(1250): CodeIgniter\View\View->render('magasinier/categories_content', [], true)
 5 APPPATH\Views\admin\categories.php(21): view('magasinier/categories_content')
 6 SYSTEMPATH\View\View.php(240): include('C:\\Users\\Honore\\Documents\\GitHub\\ecopanier-S4-Mme-Baovola\\app\\Views\\admin\\categories.php')
 7 SYSTEMPATH\View\View.php(243): CodeIgniter\View\View->{closure:CodeIgniter\View\View::render():237}()
 8 SYSTEMPATH\Common.php(1250): CodeIgniter\View\View->render('admin/categories', [], true)
 9 APPPATH\Controllers\AdminController.php(335): view('admin/categories', [...])
10 SYSTEMPATH\CodeIgniter.php(951): App\Controllers\AdminController->categories()
11 SYSTEMPATH\CodeIgniter.php(497): CodeIgniter\CodeIgniter->runController(Object(App\Controllers\AdminController))
12 SYSTEMPATH\CodeIgniter.php(340): CodeIgniter\CodeIgniter->handleRequest(null, Object(Config\Cache), false)
13 SYSTEMPATH\Boot.php(417): CodeIgniter\CodeIgniter->run()
14 SYSTEMPATH\Boot.php(68): CodeIgniter\Boot::runCodeIgniter(Object(CodeIgniter\CodeIgniter))
15 FCPATH\index.php(59): CodeIgniter\Boot::bootWeb(Object(Config\Paths))
16 SYSTEMPATH\rewrite.php(44): require_once('C:\\Users\\Honore\\Documents\\GitHub\\ecopanier-S4-Mme-Baovola\\public\\index.php')
WARNING - 2026-07-12 19:09:43 --> [DEPRECATED] strtotime(): Passing null to parameter #1 ($datetime) of type string is deprecated in APPPATH\Views\magasinier\categories_content.php on line 120.
 1 APPPATH\Views\magasinier\categories_content.php(120): strtotime(null)
 2 SYSTEMPATH\View\View.php(240): include('C:\\Users\\Honore\\Documents\\GitHub\\ecopanier-S4-Mme-Baovola\\app\\Views\\magasinier\\categories_content.php')
 3 SYSTEMPATH\View\View.php(243): CodeIgniter\View\View->{closure:CodeIgniter\View\View::render():237}()
 4 SYSTEMPATH\Common.php(1250): CodeIgniter\View\View->render('magasinier/categories_content', [], true)
 5 APPPATH\Views\admin\categories.php(21): view('magasinier/categories_content')
 6 SYSTEMPATH\View\View.php(240): include('C:\\Users\\Honore\\Documents\\GitHub\\ecopanier-S4-Mme-Baovola\\app\\Views\\admin\\categories.php')
 7 SYSTEMPATH\View\View.php(243): CodeIgniter\View\View->{closure:CodeIgniter\View\View::render():237}()
 8 SYSTEMPATH\Common.php(1250): CodeIgniter\View\View->render('admin/categories', [], true)
 9 APPPATH\Controllers\AdminController.php(335): view('admin/categories', [...])
10 SYSTEMPATH\CodeIgniter.php(951): App\Controllers\AdminController->categories()
11 SYSTEMPATH\CodeIgniter.php(497): CodeIgniter\CodeIgniter->runController(Object(App\Controllers\AdminController))
12 SYSTEMPATH\CodeIgniter.php(340): CodeIgniter\CodeIgniter->handleRequest(null, Object(Config\Cache), false)
13 SYSTEMPATH\Boot.php(417): CodeIgniter\CodeIgniter->run()
14 SYSTEMPATH\Boot.php(68): CodeIgniter\Boot::runCodeIgniter(Object(CodeIgniter\CodeIgniter))
15 FCPATH\index.php(59): CodeIgniter\Boot::bootWeb(Object(Config\Paths))
16 SYSTEMPATH\rewrite.php(44): require_once('C:\\Users\\Honore\\Documents\\GitHub\\ecopanier-S4-Mme-Baovola\\public\\index.php')
WARNING - 2026-07-12 19:09:43 --> [DEPRECATED] strtotime(): Passing null to parameter #1 ($datetime) of type string is deprecated in APPPATH\Views\magasinier\categories_content.php on line 120.
 1 APPPATH\Views\magasinier\categories_content.php(120): strtotime(null)
 2 SYSTEMPATH\View\View.php(240): include('C:\\Users\\Honore\\Documents\\GitHub\\ecopanier-S4-Mme-Baovola\\app\\Views\\magasinier\\categories_content.php')
 3 SYSTEMPATH\View\View.php(243): CodeIgniter\View\View->{closure:CodeIgniter\View\View::render():237}()
 4 SYSTEMPATH\Common.php(1250): CodeIgniter\View\View->render('magasinier/categories_content', [], true)
 5 APPPATH\Views\admin\categories.php(21): view('magasinier/categories_content')
 6 SYSTEMPATH\View\View.php(240): include('C:\\Users\\Honore\\Documents\\GitHub\\ecopanier-S4-Mme-Baovola\\app\\Views\\admin\\categories.php')
 7 SYSTEMPATH\View\View.php(243): CodeIgniter\View\View->{closure:CodeIgniter\View\View::render():237}()
 8 SYSTEMPATH\Common.php(1250): CodeIgniter\View\View->render('admin/categories', [], true)
 9 APPPATH\Controllers\AdminController.php(335): view('admin/categories', [...])
10 SYSTEMPATH\CodeIgniter.php(951): App\Controllers\AdminController->categories()
11 SYSTEMPATH\CodeIgniter.php(497): CodeIgniter\CodeIgniter->runController(Object(App\Controllers\AdminController))
12 SYSTEMPATH\CodeIgniter.php(340): CodeIgniter\CodeIgniter->handleRequest(null, Object(Config\Cache), false)
13 SYSTEMPATH\Boot.php(417): CodeIgniter\CodeIgniter->run()
14 SYSTEMPATH\Boot.php(68): CodeIgniter\Boot::runCodeIgniter(Object(CodeIgniter\CodeIgniter))
15 FCPATH\index.php(59): CodeIgniter\Boot::bootWeb(Object(Config\Paths))
16 SYSTEMPATH\rewrite.php(44): require_once('C:\\Users\\Honore\\Documents\\GitHub\\ecopanier-S4-Mme-Baovola\\public\\index.php')
WARNING - 2026-07-12 19:09:43 --> [DEPRECATED] strtotime(): Passing null to parameter #1 ($datetime) of type string is deprecated in APPPATH\Views\magasinier\categories_content.php on line 120.
 1 APPPATH\Views\magasinier\categories_content.php(120): strtotime(null)
 2 SYSTEMPATH\View\View.php(240): include('C:\\Users\\Honore\\Documents\\GitHub\\ecopanier-S4-Mme-Baovola\\app\\Views\\magasinier\\categories_content.php')
 3 SYSTEMPATH\View\View.php(243): CodeIgniter\View\View->{closure:CodeIgniter\View\View::render():237}()
 4 SYSTEMPATH\Common.php(1250): CodeIgniter\View\View->render('magasinier/categories_content', [], true)
 5 APPPATH\Views\admin\categories.php(21): view('magasinier/categories_content')
 6 SYSTEMPATH\View\View.php(240): include('C:\\Users\\Honore\\Documents\\GitHub\\ecopanier-S4-Mme-Baovola\\app\\Views\\admin\\categories.php')
 7 SYSTEMPATH\View\View.php(243): CodeIgniter\View\View->{closure:CodeIgniter\View\View::render():237}()
 8 SYSTEMPATH\Common.php(1250): CodeIgniter\View\View->render('admin/categories', [], true)
 9 APPPATH\Controllers\AdminController.php(335): view('admin/categories', [...])
10 SYSTEMPATH\CodeIgniter.php(951): App\Controllers\AdminController->categories()
11 SYSTEMPATH\CodeIgniter.php(497): CodeIgniter\CodeIgniter->runController(Object(App\Controllers\AdminController))
12 SYSTEMPATH\CodeIgniter.php(340): CodeIgniter\CodeIgniter->handleRequest(null, Object(Config\Cache), false)
13 SYSTEMPATH\Boot.php(417): CodeIgniter\CodeIgniter->run()
14 SYSTEMPATH\Boot.php(68): CodeIgniter\Boot::runCodeIgniter(Object(CodeIgniter\CodeIgniter))
15 FCPATH\index.php(59): CodeIgniter\Boot::bootWeb(Object(Config\Paths))
16 SYSTEMPATH\rewrite.php(44): require_once('C:\\Users\\Honore\\Documents\\GitHub\\ecopanier-S4-Mme-Baovola\\public\\index.php')
DEBUG - 2026-07-12 19:09:44 --> Session: Class initialized using 'CodeIgniter\Session\Handlers\FileHandler' driver.
DEBUG - 2026-07-12 19:09:44 --> Session: Class initialized using 'CodeIgniter\Session\Handlers\FileHandler' driver.
DEBUG - 2026-07-12 19:09:44 --> Session: Class initialized using 'CodeIgniter\Session\Handlers\FileHandler' driver.
DEBUG - 2026-07-12 19:09:45 --> Session: Class initialized using 'CodeIgniter\Session\Handlers\FileHandler' driver.
DEBUG - 2026-07-12 19:10:06 --> Session: Class initialized using 'CodeIgniter\Session\Handlers\FileHandler' driver.
DEBUG - 2026-07-12 19:10:06 --> Session: Class initialized using 'CodeIgniter\Session\Handlers\FileHandler' driver.
DEBUG - 2026-07-12 19:10:13 --> Session: Class initialized using 'CodeIgniter\Session\Handlers\FileHandler' driver.
DEBUG - 2026-07-12 19:10:14 --> Session: Class initialized using 'CodeIgniter\Session\Handlers\FileHandler' driver.
DEBUG - 2026-07-12 19:10:14 --> Session: Class initialized using 'CodeIgniter\Session\Handlers\FileHandler' driver.
WARNING - 2026-07-12 19:10:14 --> [DEPRECATED] strtotime(): Passing null to parameter #1 ($datetime) of type string is deprecated in APPPATH\Views\magasinier\categories_content.php on line 120.
 1 APPPATH\Views\magasinier\categories_content.php(120): strtotime(null)
 2 SYSTEMPATH\View\View.php(240): include('C:\\Users\\Honore\\Documents\\GitHub\\ecopanier-S4-Mme-Baovola\\app\\Views\\magasinier\\categories_content.php')
 3 SYSTEMPATH\View\View.php(243): CodeIgniter\View\View->{closure:CodeIgniter\View\View::render():237}()
 4 SYSTEMPATH\Common.php(1250): CodeIgniter\View\View->render('magasinier/categories_content', [], true)
 5 APPPATH\Views\magasinier\categoriesProduits.php(20): view('magasinier/categories_content')
 6 SYSTEMPATH\View\View.php(240): include('C:\\Users\\Honore\\Documents\\GitHub\\ecopanier-S4-Mme-Baovola\\app\\Views\\magasinier\\categoriesProduits.php')
 7 SYSTEMPATH\View\View.php(243): CodeIgniter\View\View->{closure:CodeIgniter\View\View::render():237}()
 8 SYSTEMPATH\Common.php(1250): CodeIgniter\View\View->render('magasinier/categoriesProduits', [], true)
 9 APPPATH\Controllers\MagasinierController.php(58): view('magasinier/categoriesProduits', [...])
10 SYSTEMPATH\CodeIgniter.php(951): App\Controllers\MagasinierController->listerCategories()
11 SYSTEMPATH\CodeIgniter.php(497): CodeIgniter\CodeIgniter->runController(Object(App\Controllers\MagasinierController))
12 SYSTEMPATH\CodeIgniter.php(340): CodeIgniter\CodeIgniter->handleRequest(null, Object(Config\Cache), false)
13 SYSTEMPATH\Boot.php(417): CodeIgniter\CodeIgniter->run()
14 SYSTEMPATH\Boot.php(68): CodeIgniter\Boot::runCodeIgniter(Object(CodeIgniter\CodeIgniter))
15 FCPATH\index.php(59): CodeIgniter\Boot::bootWeb(Object(Config\Paths))
16 SYSTEMPATH\rewrite.php(44): require_once('C:\\Users\\Honore\\Documents\\GitHub\\ecopanier-S4-Mme-Baovola\\public\\index.php')
WARNING - 2026-07-12 19:10:14 --> [DEPRECATED] strtotime(): Passing null to parameter #1 ($datetime) of type string is deprecated in APPPATH\Views\magasinier\categories_content.php on line 120.
 1 APPPATH\Views\magasinier\categories_content.php(120): strtotime(null)
 2 SYSTEMPATH\View\View.php(240): include('C:\\Users\\Honore\\Documents\\GitHub\\ecopanier-S4-Mme-Baovola\\app\\Views\\magasinier\\categories_content.php')
 3 SYSTEMPATH\View\View.php(243): CodeIgniter\View\View->{closure:CodeIgniter\View\View::render():237}()
 4 SYSTEMPATH\Common.php(1250): CodeIgniter\View\View->render('magasinier/categories_content', [], true)
 5 APPPATH\Views\magasinier\categoriesProduits.php(20): view('magasinier/categories_content')
 6 SYSTEMPATH\View\View.php(240): include('C:\\Users\\Honore\\Documents\\GitHub\\ecopanier-S4-Mme-Baovola\\app\\Views\\magasinier\\categoriesProduits.php')
 7 SYSTEMPATH\View\View.php(243): CodeIgniter\View\View->{closure:CodeIgniter\View\View::render():237}()
 8 SYSTEMPATH\Common.php(1250): CodeIgniter\View\View->render('magasinier/categoriesProduits', [], true)
 9 APPPATH\Controllers\MagasinierController.php(58): view('magasinier/categoriesProduits', [...])
10 SYSTEMPATH\CodeIgniter.php(951): App\Controllers\MagasinierController->listerCategories()
11 SYSTEMPATH\CodeIgniter.php(497): CodeIgniter\CodeIgniter->runController(Object(App\Controllers\MagasinierController))
12 SYSTEMPATH\CodeIgniter.php(340): CodeIgniter\CodeIgniter->handleRequest(null, Object(Config\Cache), false)
13 SYSTEMPATH\Boot.php(417): CodeIgniter\CodeIgniter->run()
14 SYSTEMPATH\Boot.php(68): CodeIgniter\Boot::runCodeIgniter(Object(CodeIgniter\CodeIgniter))
15 FCPATH\index.php(59): CodeIgniter\Boot::bootWeb(Object(Config\Paths))
16 SYSTEMPATH\rewrite.php(44): require_once('C:\\Users\\Honore\\Documents\\GitHub\\ecopanier-S4-Mme-Baovola\\public\\index.php')
WARNING - 2026-07-12 19:10:14 --> [DEPRECATED] strtotime(): Passing null to parameter #1 ($datetime) of type string is deprecated in APPPATH\Views\magasinier\categories_content.php on line 120.
 1 APPPATH\Views\magasinier\categories_content.php(120): strtotime(null)
 2 SYSTEMPATH\View\View.php(240): include('C:\\Users\\Honore\\Documents\\GitHub\\ecopanier-S4-Mme-Baovola\\app\\Views\\magasinier\\categories_content.php')
 3 SYSTEMPATH\View\View.php(243): CodeIgniter\View\View->{closure:CodeIgniter\View\View::render():237}()
 4 SYSTEMPATH\Common.php(1250): CodeIgniter\View\View->render('magasinier/categories_content', [], true)
 5 APPPATH\Views\magasinier\categoriesProduits.php(20): view('magasinier/categories_content')
 6 SYSTEMPATH\View\View.php(240): include('C:\\Users\\Honore\\Documents\\GitHub\\ecopanier-S4-Mme-Baovola\\app\\Views\\magasinier\\categoriesProduits.php')
 7 SYSTEMPATH\View\View.php(243): CodeIgniter\View\View->{closure:CodeIgniter\View\View::render():237}()
 8 SYSTEMPATH\Common.php(1250): CodeIgniter\View\View->render('magasinier/categoriesProduits', [], true)
 9 APPPATH\Controllers\MagasinierController.php(58): view('magasinier/categoriesProduits', [...])
10 SYSTEMPATH\CodeIgniter.php(951): App\Controllers\MagasinierController->listerCategories()
11 SYSTEMPATH\CodeIgniter.php(497): CodeIgniter\CodeIgniter->runController(Object(App\Controllers\MagasinierController))
12 SYSTEMPATH\CodeIgniter.php(340): CodeIgniter\CodeIgniter->handleRequest(null, Object(Config\Cache), false)
13 SYSTEMPATH\Boot.php(417): CodeIgniter\CodeIgniter->run()
14 SYSTEMPATH\Boot.php(68): CodeIgniter\Boot::runCodeIgniter(Object(CodeIgniter\CodeIgniter))
15 FCPATH\index.php(59): CodeIgniter\Boot::bootWeb(Object(Config\Paths))
16 SYSTEMPATH\rewrite.php(44): require_once('C:\\Users\\Honore\\Documents\\GitHub\\ecopanier-S4-Mme-Baovola\\public\\index.php')
WARNING - 2026-07-12 19:10:14 --> [DEPRECATED] strtotime(): Passing null to parameter #1 ($datetime) of type string is deprecated in APPPATH\Views\magasinier\categories_content.php on line 120.
 1 APPPATH\Views\magasinier\categories_content.php(120): strtotime(null)
 2 SYSTEMPATH\View\View.php(240): include('C:\\Users\\Honore\\Documents\\GitHub\\ecopanier-S4-Mme-Baovola\\app\\Views\\magasinier\\categories_content.php')
 3 SYSTEMPATH\View\View.php(243): CodeIgniter\View\View->{closure:CodeIgniter\View\View::render():237}()
 4 SYSTEMPATH\Common.php(1250): CodeIgniter\View\View->render('magasinier/categories_content', [], true)
 5 APPPATH\Views\magasinier\categoriesProduits.php(20): view('magasinier/categories_content')
 6 SYSTEMPATH\View\View.php(240): include('C:\\Users\\Honore\\Documents\\GitHub\\ecopanier-S4-Mme-Baovola\\app\\Views\\magasinier\\categoriesProduits.php')
 7 SYSTEMPATH\View\View.php(243): CodeIgniter\View\View->{closure:CodeIgniter\View\View::render():237}()
 8 SYSTEMPATH\Common.php(1250): CodeIgniter\View\View->render('magasinier/categoriesProduits', [], true)
 9 APPPATH\Controllers\MagasinierController.php(58): view('magasinier/categoriesProduits', [...])
10 SYSTEMPATH\CodeIgniter.php(951): App\Controllers\MagasinierController->listerCategories()
11 SYSTEMPATH\CodeIgniter.php(497): CodeIgniter\CodeIgniter->runController(Object(App\Controllers\MagasinierController))
12 SYSTEMPATH\CodeIgniter.php(340): CodeIgniter\CodeIgniter->handleRequest(null, Object(Config\Cache), false)
13 SYSTEMPATH\Boot.php(417): CodeIgniter\CodeIgniter->run()
14 SYSTEMPATH\Boot.php(68): CodeIgniter\Boot::runCodeIgniter(Object(CodeIgniter\CodeIgniter))
15 FCPATH\index.php(59): CodeIgniter\Boot::bootWeb(Object(Config\Paths))
16 SYSTEMPATH\rewrite.php(44): require_once('C:\\Users\\Honore\\Documents\\GitHub\\ecopanier-S4-Mme-Baovola\\public\\index.php')
DEBUG - 2026-07-12 19:10:15 --> Session: Class initialized using 'CodeIgniter\Session\Handlers\FileHandler' driver.
WARNING - 2026-07-12 19:10:15 --> [DEPRECATED] strtotime(): Passing null to parameter #1 ($datetime) of type string is deprecated in APPPATH\Views\magasinier\produits_content.php on line 103.
 1 APPPATH\Views\magasinier\produits_content.php(103): strtotime(null)
 2 SYSTEMPATH\View\View.php(240): include('C:\\Users\\Honore\\Documents\\GitHub\\ecopanier-S4-Mme-Baovola\\app\\Views\\magasinier\\produits_content.php')
 3 SYSTEMPATH\View\View.php(243): CodeIgniter\View\View->{closure:CodeIgniter\View\View::render():237}()
 4 SYSTEMPATH\Common.php(1250): CodeIgniter\View\View->render('magasinier/produits_content', [], true)
 5 APPPATH\Views\magasinier\produits.php(20): view('magasinier/produits_content')
 6 SYSTEMPATH\View\View.php(240): include('C:\\Users\\Honore\\Documents\\GitHub\\ecopanier-S4-Mme-Baovola\\app\\Views\\magasinier\\produits.php')
 7 SYSTEMPATH\View\View.php(243): CodeIgniter\View\View->{closure:CodeIgniter\View\View::render():237}()
 8 SYSTEMPATH\Common.php(1250): CodeIgniter\View\View->render('magasinier/produits', [], true)
 9 APPPATH\Controllers\MagasinierController.php(103): view('magasinier/produits', [...])
10 SYSTEMPATH\CodeIgniter.php(951): App\Controllers\MagasinierController->produits()
11 SYSTEMPATH\CodeIgniter.php(497): CodeIgniter\CodeIgniter->runController(Object(App\Controllers\MagasinierController))
12 SYSTEMPATH\CodeIgniter.php(340): CodeIgniter\CodeIgniter->handleRequest(null, Object(Config\Cache), false)
13 SYSTEMPATH\Boot.php(417): CodeIgniter\CodeIgniter->run()
14 SYSTEMPATH\Boot.php(68): CodeIgniter\Boot::runCodeIgniter(Object(CodeIgniter\CodeIgniter))
15 FCPATH\index.php(59): CodeIgniter\Boot::bootWeb(Object(Config\Paths))
16 SYSTEMPATH\rewrite.php(44): require_once('C:\\Users\\Honore\\Documents\\GitHub\\ecopanier-S4-Mme-Baovola\\public\\index.php')
WARNING - 2026-07-12 19:10:15 --> [DEPRECATED] strtotime(): Passing null to parameter #1 ($datetime) of type string is deprecated in APPPATH\Views\magasinier\produits_content.php on line 103.
 1 APPPATH\Views\magasinier\produits_content.php(103): strtotime(null)
 2 SYSTEMPATH\View\View.php(240): include('C:\\Users\\Honore\\Documents\\GitHub\\ecopanier-S4-Mme-Baovola\\app\\Views\\magasinier\\produits_content.php')
 3 SYSTEMPATH\View\View.php(243): CodeIgniter\View\View->{closure:CodeIgniter\View\View::render():237}()
 4 SYSTEMPATH\Common.php(1250): CodeIgniter\View\View->render('magasinier/produits_content', [], true)
 5 APPPATH\Views\magasinier\produits.php(20): view('magasinier/produits_content')
 6 SYSTEMPATH\View\View.php(240): include('C:\\Users\\Honore\\Documents\\GitHub\\ecopanier-S4-Mme-Baovola\\app\\Views\\magasinier\\produits.php')
 7 SYSTEMPATH\View\View.php(243): CodeIgniter\View\View->{closure:CodeIgniter\View\View::render():237}()
 8 SYSTEMPATH\Common.php(1250): CodeIgniter\View\View->render('magasinier/produits', [], true)
 9 APPPATH\Controllers\MagasinierController.php(103): view('magasinier/produits', [...])
10 SYSTEMPATH\CodeIgniter.php(951): App\Controllers\MagasinierController->produits()
11 SYSTEMPATH\CodeIgniter.php(497): CodeIgniter\CodeIgniter->runController(Object(App\Controllers\MagasinierController))
12 SYSTEMPATH\CodeIgniter.php(340): CodeIgniter\CodeIgniter->handleRequest(null, Object(Config\Cache), false)
13 SYSTEMPATH\Boot.php(417): CodeIgniter\CodeIgniter->run()
14 SYSTEMPATH\Boot.php(68): CodeIgniter\Boot::runCodeIgniter(Object(CodeIgniter\CodeIgniter))
15 FCPATH\index.php(59): CodeIgniter\Boot::bootWeb(Object(Config\Paths))
16 SYSTEMPATH\rewrite.php(44): require_once('C:\\Users\\Honore\\Documents\\GitHub\\ecopanier-S4-Mme-Baovola\\public\\index.php')
WARNING - 2026-07-12 19:10:15 --> [DEPRECATED] strtotime(): Passing null to parameter #1 ($datetime) of type string is deprecated in APPPATH\Views\magasinier\produits_content.php on line 103.
 1 APPPATH\Views\magasinier\produits_content.php(103): strtotime(null)
 2 SYSTEMPATH\View\View.php(240): include('C:\\Users\\Honore\\Documents\\GitHub\\ecopanier-S4-Mme-Baovola\\app\\Views\\magasinier\\produits_content.php')
 3 SYSTEMPATH\View\View.php(243): CodeIgniter\View\View->{closure:CodeIgniter\View\View::render():237}()
 4 SYSTEMPATH\Common.php(1250): CodeIgniter\View\View->render('magasinier/produits_content', [], true)
 5 APPPATH\Views\magasinier\produits.php(20): view('magasinier/produits_content')
 6 SYSTEMPATH\View\View.php(240): include('C:\\Users\\Honore\\Documents\\GitHub\\ecopanier-S4-Mme-Baovola\\app\\Views\\magasinier\\produits.php')
 7 SYSTEMPATH\View\View.php(243): CodeIgniter\View\View->{closure:CodeIgniter\View\View::render():237}()
 8 SYSTEMPATH\Common.php(1250): CodeIgniter\View\View->render('magasinier/produits', [], true)
 9 APPPATH\Controllers\MagasinierController.php(103): view('magasinier/produits', [...])
10 SYSTEMPATH\CodeIgniter.php(951): App\Controllers\MagasinierController->produits()
11 SYSTEMPATH\CodeIgniter.php(497): CodeIgniter\CodeIgniter->runController(Object(App\Controllers\MagasinierController))
12 SYSTEMPATH\CodeIgniter.php(340): CodeIgniter\CodeIgniter->handleRequest(null, Object(Config\Cache), false)
13 SYSTEMPATH\Boot.php(417): CodeIgniter\CodeIgniter->run()
14 SYSTEMPATH\Boot.php(68): CodeIgniter\Boot::runCodeIgniter(Object(CodeIgniter\CodeIgniter))
15 FCPATH\index.php(59): CodeIgniter\Boot::bootWeb(Object(Config\Paths))
16 SYSTEMPATH\rewrite.php(44): require_once('C:\\Users\\Honore\\Documents\\GitHub\\ecopanier-S4-Mme-Baovola\\public\\index.php')
WARNING - 2026-07-12 19:10:15 --> [DEPRECATED] strtotime(): Passing null to parameter #1 ($datetime) of type string is deprecated in APPPATH\Views\magasinier\produits_content.php on line 103.
 1 APPPATH\Views\magasinier\produits_content.php(103): strtotime(null)
 2 SYSTEMPATH\View\View.php(240): include('C:\\Users\\Honore\\Documents\\GitHub\\ecopanier-S4-Mme-Baovola\\app\\Views\\magasinier\\produits_content.php')
 3 SYSTEMPATH\View\View.php(243): CodeIgniter\View\View->{closure:CodeIgniter\View\View::render():237}()
 4 SYSTEMPATH\Common.php(1250): CodeIgniter\View\View->render('magasinier/produits_content', [], true)
 5 APPPATH\Views\magasinier\produits.php(20): view('magasinier/produits_content')
 6 SYSTEMPATH\View\View.php(240): include('C:\\Users\\Honore\\Documents\\GitHub\\ecopanier-S4-Mme-Baovola\\app\\Views\\magasinier\\produits.php')
 7 SYSTEMPATH\View\View.php(243): CodeIgniter\View\View->{closure:CodeIgniter\View\View::render():237}()
 8 SYSTEMPATH\Common.php(1250): CodeIgniter\View\View->render('magasinier/produits', [], true)
 9 APPPATH\Controllers\MagasinierController.php(103): view('magasinier/produits', [...])
10 SYSTEMPATH\CodeIgniter.php(951): App\Controllers\MagasinierController->produits()
11 SYSTEMPATH\CodeIgniter.php(497): CodeIgniter\CodeIgniter->runController(Object(App\Controllers\MagasinierController))
12 SYSTEMPATH\CodeIgniter.php(340): CodeIgniter\CodeIgniter->handleRequest(null, Object(Config\Cache), false)
13 SYSTEMPATH\Boot.php(417): CodeIgniter\CodeIgniter->run()
14 SYSTEMPATH\Boot.php(68): CodeIgniter\Boot::runCodeIgniter(Object(CodeIgniter\CodeIgniter))
15 FCPATH\index.php(59): CodeIgniter\Boot::bootWeb(Object(Config\Paths))
16 SYSTEMPATH\rewrite.php(44): require_once('C:\\Users\\Honore\\Documents\\GitHub\\ecopanier-S4-Mme-Baovola\\public\\index.php')
WARNING - 2026-07-12 19:10:15 --> [DEPRECATED] strtotime(): Passing null to parameter #1 ($datetime) of type string is deprecated in APPPATH\Views\magasinier\produits_content.php on line 103.
 1 APPPATH\Views\magasinier\produits_content.php(103): strtotime(null)
 2 SYSTEMPATH\View\View.php(240): include('C:\\Users\\Honore\\Documents\\GitHub\\ecopanier-S4-Mme-Baovola\\app\\Views\\magasinier\\produits_content.php')
 3 SYSTEMPATH\View\View.php(243): CodeIgniter\View\View->{closure:CodeIgniter\View\View::render():237}()
 4 SYSTEMPATH\Common.php(1250): CodeIgniter\View\View->render('magasinier/produits_content', [], true)
 5 APPPATH\Views\magasinier\produits.php(20): view('magasinier/produits_content')
 6 SYSTEMPATH\View\View.php(240): include('C:\\Users\\Honore\\Documents\\GitHub\\ecopanier-S4-Mme-Baovola\\app\\Views\\magasinier\\produits.php')
 7 SYSTEMPATH\View\View.php(243): CodeIgniter\View\View->{closure:CodeIgniter\View\View::render():237}()
 8 SYSTEMPATH\Common.php(1250): CodeIgniter\View\View->render('magasinier/produits', [], true)
 9 APPPATH\Controllers\MagasinierController.php(103): view('magasinier/produits', [...])
10 SYSTEMPATH\CodeIgniter.php(951): App\Controllers\MagasinierController->produits()
11 SYSTEMPATH\CodeIgniter.php(497): CodeIgniter\CodeIgniter->runController(Object(App\Controllers\MagasinierController))
12 SYSTEMPATH\CodeIgniter.php(340): CodeIgniter\CodeIgniter->handleRequest(null, Object(Config\Cache), false)
13 SYSTEMPATH\Boot.php(417): CodeIgniter\CodeIgniter->run()
14 SYSTEMPATH\Boot.php(68): CodeIgniter\Boot::runCodeIgniter(Object(CodeIgniter\CodeIgniter))
15 FCPATH\index.php(59): CodeIgniter\Boot::bootWeb(Object(Config\Paths))
16 SYSTEMPATH\rewrite.php(44): require_once('C:\\Users\\Honore\\Documents\\GitHub\\ecopanier-S4-Mme-Baovola\\public\\index.php')
WARNING - 2026-07-12 19:10:15 --> [DEPRECATED] strtotime(): Passing null to parameter #1 ($datetime) of type string is deprecated in APPPATH\Views\magasinier\produits_content.php on line 103.
 1 APPPATH\Views\magasinier\produits_content.php(103): strtotime(null)
 2 SYSTEMPATH\View\View.php(240): include('C:\\Users\\Honore\\Documents\\GitHub\\ecopanier-S4-Mme-Baovola\\app\\Views\\magasinier\\produits_content.php')
 3 SYSTEMPATH\View\View.php(243): CodeIgniter\View\View->{closure:CodeIgniter\View\View::render():237}()
 4 SYSTEMPATH\Common.php(1250): CodeIgniter\View\View->render('magasinier/produits_content', [], true)
 5 APPPATH\Views\magasinier\produits.php(20): view('magasinier/produits_content')
 6 SYSTEMPATH\View\View.php(240): include('C:\\Users\\Honore\\Documents\\GitHub\\ecopanier-S4-Mme-Baovola\\app\\Views\\magasinier\\produits.php')
 7 SYSTEMPATH\View\View.php(243): CodeIgniter\View\View->{closure:CodeIgniter\View\View::render():237}()
 8 SYSTEMPATH\Common.php(1250): CodeIgniter\View\View->render('magasinier/produits', [], true)
 9 APPPATH\Controllers\MagasinierController.php(103): view('magasinier/produits', [...])
10 SYSTEMPATH\CodeIgniter.php(951): App\Controllers\MagasinierController->produits()
11 SYSTEMPATH\CodeIgniter.php(497): CodeIgniter\CodeIgniter->runController(Object(App\Controllers\MagasinierController))
12 SYSTEMPATH\CodeIgniter.php(340): CodeIgniter\CodeIgniter->handleRequest(null, Object(Config\Cache), false)
13 SYSTEMPATH\Boot.php(417): CodeIgniter\CodeIgniter->run()
14 SYSTEMPATH\Boot.php(68): CodeIgniter\Boot::runCodeIgniter(Object(CodeIgniter\CodeIgniter))
15 FCPATH\index.php(59): CodeIgniter\Boot::bootWeb(Object(Config\Paths))
16 SYSTEMPATH\rewrite.php(44): require_once('C:\\Users\\Honore\\Documents\\GitHub\\ecopanier-S4-Mme-Baovola\\public\\index.php')
WARNING - 2026-07-12 19:10:15 --> [DEPRECATED] strtotime(): Passing null to parameter #1 ($datetime) of type string is deprecated in APPPATH\Views\magasinier\produits_content.php on line 103.
 1 APPPATH\Views\magasinier\produits_content.php(103): strtotime(null)
 2 SYSTEMPATH\View\View.php(240): include('C:\\Users\\Honore\\Documents\\GitHub\\ecopanier-S4-Mme-Baovola\\app\\Views\\magasinier\\produits_content.php')
 3 SYSTEMPATH\View\View.php(243): CodeIgniter\View\View->{closure:CodeIgniter\View\View::render():237}()
 4 SYSTEMPATH\Common.php(1250): CodeIgniter\View\View->render('magasinier/produits_content', [], true)
 5 APPPATH\Views\magasinier\produits.php(20): view('magasinier/produits_content')
 6 SYSTEMPATH\View\View.php(240): include('C:\\Users\\Honore\\Documents\\GitHub\\ecopanier-S4-Mme-Baovola\\app\\Views\\magasinier\\produits.php')
 7 SYSTEMPATH\View\View.php(243): CodeIgniter\View\View->{closure:CodeIgniter\View\View::render():237}()
 8 SYSTEMPATH\Common.php(1250): CodeIgniter\View\View->render('magasinier/produits', [], true)
 9 APPPATH\Controllers\MagasinierController.php(103): view('magasinier/produits', [...])
10 SYSTEMPATH\CodeIgniter.php(951): App\Controllers\MagasinierController->produits()
11 SYSTEMPATH\CodeIgniter.php(497): CodeIgniter\CodeIgniter->runController(Object(App\Controllers\MagasinierController))
12 SYSTEMPATH\CodeIgniter.php(340): CodeIgniter\CodeIgniter->handleRequest(null, Object(Config\Cache), false)
13 SYSTEMPATH\Boot.php(417): CodeIgniter\CodeIgniter->run()
14 SYSTEMPATH\Boot.php(68): CodeIgniter\Boot::runCodeIgniter(Object(CodeIgniter\CodeIgniter))
15 FCPATH\index.php(59): CodeIgniter\Boot::bootWeb(Object(Config\Paths))
16 SYSTEMPATH\rewrite.php(44): require_once('C:\\Users\\Honore\\Documents\\GitHub\\ecopanier-S4-Mme-Baovola\\public\\index.php')
WARNING - 2026-07-12 19:10:15 --> [DEPRECATED] strtotime(): Passing null to parameter #1 ($datetime) of type string is deprecated in APPPATH\Views\magasinier\produits_content.php on line 103.
 1 APPPATH\Views\magasinier\produits_content.php(103): strtotime(null)
 2 SYSTEMPATH\View\View.php(240): include('C:\\Users\\Honore\\Documents\\GitHub\\ecopanier-S4-Mme-Baovola\\app\\Views\\magasinier\\produits_content.php')
 3 SYSTEMPATH\View\View.php(243): CodeIgniter\View\View->{closure:CodeIgniter\View\View::render():237}()
 4 SYSTEMPATH\Common.php(1250): CodeIgniter\View\View->render('magasinier/produits_content', [], true)
 5 APPPATH\Views\magasinier\produits.php(20): view('magasinier/produits_content')
 6 SYSTEMPATH\View\View.php(240): include('C:\\Users\\Honore\\Documents\\GitHub\\ecopanier-S4-Mme-Baovola\\app\\Views\\magasinier\\produits.php')
 7 SYSTEMPATH\View\View.php(243): CodeIgniter\View\View->{closure:CodeIgniter\View\View::render():237}()
 8 SYSTEMPATH\Common.php(1250): CodeIgniter\View\View->render('magasinier/produits', [], true)
 9 APPPATH\Controllers\MagasinierController.php(103): view('magasinier/produits', [...])
10 SYSTEMPATH\CodeIgniter.php(951): App\Controllers\MagasinierController->produits()
11 SYSTEMPATH\CodeIgniter.php(497): CodeIgniter\CodeIgniter->runController(Object(App\Controllers\MagasinierController))
12 SYSTEMPATH\CodeIgniter.php(340): CodeIgniter\CodeIgniter->handleRequest(null, Object(Config\Cache), false)
13 SYSTEMPATH\Boot.php(417): CodeIgniter\CodeIgniter->run()
14 SYSTEMPATH\Boot.php(68): CodeIgniter\Boot::runCodeIgniter(Object(CodeIgniter\CodeIgniter))
15 FCPATH\index.php(59): CodeIgniter\Boot::bootWeb(Object(Config\Paths))
16 SYSTEMPATH\rewrite.php(44): require_once('C:\\Users\\Honore\\Documents\\GitHub\\ecopanier-S4-Mme-Baovola\\public\\index.php')
DEBUG - 2026-07-12 19:10:16 --> Session: Class initialized using 'CodeIgniter\Session\Handlers\FileHandler' driver.
DEBUG - 2026-07-12 19:10:16 --> Session: Class initialized using 'CodeIgniter\Session\Handlers\FileHandler' driver.
DEBUG - 2026-07-12 19:10:18 --> Session: Class initialized using 'CodeIgniter\Session\Handlers\FileHandler' driver.
DEBUG - 2026-07-12 19:10:21 --> Session: Class initialized using 'CodeIgniter\Session\Handlers\FileHandler' driver.
DEBUG - 2026-07-12 19:10:21 --> Session: Class initialized using 'CodeIgniter\Session\Handlers\FileHandler' driver.
DEBUG - 2026-07-12 19:10:34 --> Session: Class initialized using 'CodeIgniter\Session\Handlers\FileHandler' driver.
DEBUG - 2026-07-12 19:10:34 --> Session: Class initialized using 'CodeIgniter\Session\Handlers\FileHandler' driver.
DEBUG - 2026-07-12 19:10:36 --> Session: Class initialized using 'CodeIgniter\Session\Handlers\FileHandler' driver.
CRITICAL - 2026-07-12 19:10:36 --> CodeIgniter\View\Exceptions\ViewException: Invalid file: "agent/clients.php"
[Method: GET, Route: agent/clients]
in SYSTEMPATH\Exceptions\FrameworkException.php on line 39.
 1 SYSTEMPATH\View\View.php(228): CodeIgniter\Exceptions\FrameworkException::forInvalidFile('agent/clients.php')
 2 SYSTEMPATH\Common.php(1250): CodeIgniter\View\View->render('agent/clients', [], true)
 3 APPPATH\Controllers\AgentController.php(21): view('agent/clients')
 4 SYSTEMPATH\CodeIgniter.php(951): App\Controllers\AgentController->clients()
 5 SYSTEMPATH\CodeIgniter.php(497): CodeIgniter\CodeIgniter->runController(Object(App\Controllers\AgentController))
 6 SYSTEMPATH\CodeIgniter.php(340): CodeIgniter\CodeIgniter->handleRequest(null, Object(Config\Cache), false)
 7 SYSTEMPATH\Boot.php(417): CodeIgniter\CodeIgniter->run()
 8 SYSTEMPATH\Boot.php(68): CodeIgniter\Boot::runCodeIgniter(Object(CodeIgniter\CodeIgniter))
 9 FCPATH\index.php(59): CodeIgniter\Boot::bootWeb(Object(Config\Paths))
10 SYSTEMPATH\rewrite.php(44): require_once('C:\\Users\\Honore\\Documents\\GitHub\\ecopanier-S4-Mme-Baovola\\public\\index.php')
DEBUG - 2026-07-12 19:10:37 --> Session: Class initialized using 'CodeIgniter\Session\Handlers\FileHandler' driver.
DEBUG - 2026-07-12 19:10:38 --> Session: Class initialized using 'CodeIgniter\Session\Handlers\FileHandler' driver.
CRITICAL - 2026-07-12 19:10:38 --> CodeIgniter\View\Exceptions\ViewException: Invalid file: "agent/clients.php"
[Method: GET, Route: agent/clients]
in SYSTEMPATH\Exceptions\FrameworkException.php on line 39.
 1 SYSTEMPATH\View\View.php(228): CodeIgniter\Exceptions\FrameworkException::forInvalidFile('agent/clients.php')
 2 SYSTEMPATH\Common.php(1250): CodeIgniter\View\View->render('agent/clients', [], true)
 3 APPPATH\Controllers\AgentController.php(21): view('agent/clients')
 4 SYSTEMPATH\CodeIgniter.php(951): App\Controllers\AgentController->clients()
 5 SYSTEMPATH\CodeIgniter.php(497): CodeIgniter\CodeIgniter->runController(Object(App\Controllers\AgentController))
 6 SYSTEMPATH\CodeIgniter.php(340): CodeIgniter\CodeIgniter->handleRequest(null, Object(Config\Cache), false)
 7 SYSTEMPATH\Boot.php(417): CodeIgniter\CodeIgniter->run()
 8 SYSTEMPATH\Boot.php(68): CodeIgniter\Boot::runCodeIgniter(Object(CodeIgniter\CodeIgniter))
 9 FCPATH\index.php(59): CodeIgniter\Boot::bootWeb(Object(Config\Paths))
10 SYSTEMPATH\rewrite.php(44): require_once('C:\\Users\\Honore\\Documents\\GitHub\\ecopanier-S4-Mme-Baovola\\public\\index.php')
DEBUG - 2026-07-12 19:10:39 --> Session: Class initialized using 'CodeIgniter\Session\Handlers\FileHandler' driver.
DEBUG - 2026-07-12 19:10:41 --> Session: Class initialized using 'CodeIgniter\Session\Handlers\FileHandler' driver.
CRITICAL - 2026-07-12 19:10:41 --> CodeIgniter\View\Exceptions\ViewException: Invalid file: "agent/clients.php"
[Method: GET, Route: agent/clients]
in SYSTEMPATH\Exceptions\FrameworkException.php on line 39.
 1 SYSTEMPATH\View\View.php(228): CodeIgniter\Exceptions\FrameworkException::forInvalidFile('agent/clients.php')
 2 SYSTEMPATH\Common.php(1250): CodeIgniter\View\View->render('agent/clients', [], true)
 3 APPPATH\Controllers\AgentController.php(21): view('agent/clients')
 4 SYSTEMPATH\CodeIgniter.php(951): App\Controllers\AgentController->clients()
 5 SYSTEMPATH\CodeIgniter.php(497): CodeIgniter\CodeIgniter->runController(Object(App\Controllers\AgentController))
 6 SYSTEMPATH\CodeIgniter.php(340): CodeIgniter\CodeIgniter->handleRequest(null, Object(Config\Cache), false)
 7 SYSTEMPATH\Boot.php(417): CodeIgniter\CodeIgniter->run()
 8 SYSTEMPATH\Boot.php(68): CodeIgniter\Boot::runCodeIgniter(Object(CodeIgniter\CodeIgniter))
 9 FCPATH\index.php(59): CodeIgniter\Boot::bootWeb(Object(Config\Paths))
10 SYSTEMPATH\rewrite.php(44): require_once('C:\\Users\\Honore\\Documents\\GitHub\\ecopanier-S4-Mme-Baovola\\public\\index.php')
DEBUG - 2026-07-12 19:10:42 --> Session: Class initialized using 'CodeIgniter\Session\Handlers\FileHandler' driver.
DEBUG - 2026-07-12 19:10:43 --> Session: Class initialized using 'CodeIgniter\Session\Handlers\FileHandler' driver.
DEBUG - 2026-07-12 19:10:48 --> Session: Class initialized using 'CodeIgniter\Session\Handlers\FileHandler' driver.
DEBUG - 2026-07-12 19:10:50 --> Session: Class initialized using 'CodeIgniter\Session\Handlers\FileHandler' driver.
DEBUG - 2026-07-12 19:10:51 --> Session: Class initialized using 'CodeIgniter\Session\Handlers\FileHandler' driver.
DEBUG - 2026-07-12 19:10:53 --> Session: Class initialized using 'CodeIgniter\Session\Handlers\FileHandler' driver.
DEBUG - 2026-07-12 19:10:54 --> Session: Class initialized using 'CodeIgniter\Session\Handlers\FileHandler' driver.
CRITICAL - 2026-07-12 19:10:54 --> CodeIgniter\View\Exceptions\ViewException: Invalid file: "agent/clients.php"
[Method: GET, Route: agent/clients]
in SYSTEMPATH\Exceptions\FrameworkException.php on line 39.
 1 SYSTEMPATH\View\View.php(228): CodeIgniter\Exceptions\FrameworkException::forInvalidFile('agent/clients.php')
 2 SYSTEMPATH\Common.php(1250): CodeIgniter\View\View->render('agent/clients', [], true)
 3 APPPATH\Controllers\AgentController.php(21): view('agent/clients')
 4 SYSTEMPATH\CodeIgniter.php(951): App\Controllers\AgentController->clients()
 5 SYSTEMPATH\CodeIgniter.php(497): CodeIgniter\CodeIgniter->runController(Object(App\Controllers\AgentController))
 6 SYSTEMPATH\CodeIgniter.php(340): CodeIgniter\CodeIgniter->handleRequest(null, Object(Config\Cache), false)
 7 SYSTEMPATH\Boot.php(417): CodeIgniter\CodeIgniter->run()
 8 SYSTEMPATH\Boot.php(68): CodeIgniter\Boot::runCodeIgniter(Object(CodeIgniter\CodeIgniter))
 9 FCPATH\index.php(59): CodeIgniter\Boot::bootWeb(Object(Config\Paths))
10 SYSTEMPATH\rewrite.php(44): require_once('C:\\Users\\Honore\\Documents\\GitHub\\ecopanier-S4-Mme-Baovola\\public\\index.php')
DEBUG - 2026-07-12 19:11:51 --> Session: Class initialized using 'CodeIgniter\Session\Handlers\FileHandler' driver.
DEBUG - 2026-07-12 19:11:56 --> Session: Class initialized using 'CodeIgniter\Session\Handlers\FileHandler' driver.
CRITICAL - 2026-07-12 19:11:56 --> CodeIgniter\View\Exceptions\ViewException: Invalid file: "agent/clients.php"
[Method: GET, Route: agent/clients]
in SYSTEMPATH\Exceptions\FrameworkException.php on line 39.
 1 SYSTEMPATH\View\View.php(228): CodeIgniter\Exceptions\FrameworkException::forInvalidFile('agent/clients.php')
 2 SYSTEMPATH\Common.php(1250): CodeIgniter\View\View->render('agent/clients', [], true)
 3 APPPATH\Controllers\AgentController.php(21): view('agent/clients')
 4 SYSTEMPATH\CodeIgniter.php(951): App\Controllers\AgentController->clients()
 5 SYSTEMPATH\CodeIgniter.php(497): CodeIgniter\CodeIgniter->runController(Object(App\Controllers\AgentController))
 6 SYSTEMPATH\CodeIgniter.php(340): CodeIgniter\CodeIgniter->handleRequest(null, Object(Config\Cache), false)
 7 SYSTEMPATH\Boot.php(417): CodeIgniter\CodeIgniter->run()
 8 SYSTEMPATH\Boot.php(68): CodeIgniter\Boot::runCodeIgniter(Object(CodeIgniter\CodeIgniter))
 9 FCPATH\index.php(59): CodeIgniter\Boot::bootWeb(Object(Config\Paths))
10 SYSTEMPATH\rewrite.php(44): require_once('C:\\Users\\Honore\\Documents\\GitHub\\ecopanier-S4-Mme-Baovola\\public\\index.php')
DEBUG - 2026-07-12 19:11:57 --> Session: Class initialized using 'CodeIgniter\Session\Handlers\FileHandler' driver.
DEBUG - 2026-07-12 19:11:58 --> Session: Class initialized using 'CodeIgniter\Session\Handlers\FileHandler' driver.
DEBUG - 2026-07-12 19:11:58 --> Session: Class initialized using 'CodeIgniter\Session\Handlers\FileHandler' driver.
DEBUG - 2026-07-12 19:12:11 --> Session: Class initialized using 'CodeIgniter\Session\Handlers\FileHandler' driver.
DEBUG - 2026-07-12 19:12:11 --> Session: Class initialized using 'CodeIgniter\Session\Handlers\FileHandler' driver.
DEBUG - 2026-07-12 19:12:14 --> Session: Class initialized using 'CodeIgniter\Session\Handlers\FileHandler' driver.
DEBUG - 2026-07-12 19:12:27 --> Session: Class initialized using 'CodeIgniter\Session\Handlers\FileHandler' driver.
DEBUG - 2026-07-12 19:12:29 --> Session: Class initialized using 'CodeIgniter\Session\Handlers\FileHandler' driver.
DEBUG - 2026-07-12 19:12:32 --> Session: Class initialized using 'CodeIgniter\Session\Handlers\FileHandler' driver.
DEBUG - 2026-07-12 19:12:34 --> Session: Class initialized using 'CodeIgniter\Session\Handlers\FileHandler' driver.
CRITICAL - 2026-07-12 19:12:34 --> CodeIgniter\View\Exceptions\ViewException: Invalid file: "agent/clients.php"
[Method: GET, Route: agent/clients]
in SYSTEMPATH\Exceptions\FrameworkException.php on line 39.
 1 SYSTEMPATH\View\View.php(228): CodeIgniter\Exceptions\FrameworkException::forInvalidFile('agent/clients.php')
 2 SYSTEMPATH\Common.php(1250): CodeIgniter\View\View->render('agent/clients', [], true)
 3 APPPATH\Controllers\AgentController.php(21): view('agent/clients')
 4 SYSTEMPATH\CodeIgniter.php(951): App\Controllers\AgentController->clients()
 5 SYSTEMPATH\CodeIgniter.php(497): CodeIgniter\CodeIgniter->runController(Object(App\Controllers\AgentController))
 6 SYSTEMPATH\CodeIgniter.php(340): CodeIgniter\CodeIgniter->handleRequest(null, Object(Config\Cache), false)
 7 SYSTEMPATH\Boot.php(417): CodeIgniter\CodeIgniter->run()
 8 SYSTEMPATH\Boot.php(68): CodeIgniter\Boot::runCodeIgniter(Object(CodeIgniter\CodeIgniter))
 9 FCPATH\index.php(59): CodeIgniter\Boot::bootWeb(Object(Config\Paths))
10 SYSTEMPATH\rewrite.php(44): require_once('C:\\Users\\Honore\\Documents\\GitHub\\ecopanier-S4-Mme-Baovola\\public\\index.php')
DEBUG - 2026-07-12 19:12:35 --> Session: Class initialized using 'CodeIgniter\Session\Handlers\FileHandler' driver.
DEBUG - 2026-07-12 19:12:36 --> Session: Class initialized using 'CodeIgniter\Session\Handlers\FileHandler' driver.
DEBUG - 2026-07-12 19:12:36 --> Session: Class initialized using 'CodeIgniter\Session\Handlers\FileHandler' driver.
DEBUG - 2026-07-12 19:12:57 --> Session: Class initialized using 'CodeIgniter\Session\Handlers\FileHandler' driver.
DEBUG - 2026-07-12 19:12:57 --> Session: Class initialized using 'CodeIgniter\Session\Handlers\FileHandler' driver.
DEBUG - 2026-07-12 19:13:00 --> Session: Class initialized using 'CodeIgniter\Session\Handlers\FileHandler' driver.
DEBUG - 2026-07-12 19:13:08 --> Session: Class initialized using 'CodeIgniter\Session\Handlers\FileHandler' driver.
DEBUG - 2026-07-12 19:13:12 --> Session: Class initialized using 'CodeIgniter\Session\Handlers\FileHandler' driver.
DEBUG - 2026-07-12 19:13:27 --> Session: Class initialized using 'CodeIgniter\Session\Handlers\FileHandler' driver.
DEBUG - 2026-07-12 19:13:27 --> Session: Class initialized using 'CodeIgniter\Session\Handlers\FileHandler' driver.
DEBUG - 2026-07-12 19:13:38 --> Session: Class initialized using 'CodeIgniter\Session\Handlers\FileHandler' driver.
DEBUG - 2026-07-12 19:13:38 --> Session: Class initialized using 'CodeIgniter\Session\Handlers\FileHandler' driver.
DEBUG - 2026-07-12 19:13:44 --> Session: Class initialized using 'CodeIgniter\Session\Handlers\FileHandler' driver.
CRITICAL - 2026-07-12 19:13:44 --> CodeIgniter\View\Exceptions\ViewException: Invalid file: "agent/clients.php"
[Method: GET, Route: agent/clients]
in SYSTEMPATH\Exceptions\FrameworkException.php on line 39.
 1 SYSTEMPATH\View\View.php(228): CodeIgniter\Exceptions\FrameworkException::forInvalidFile('agent/clients.php')
 2 SYSTEMPATH\Common.php(1250): CodeIgniter\View\View->render('agent/clients', [], true)
 3 APPPATH\Controllers\AgentController.php(21): view('agent/clients')
 4 SYSTEMPATH\CodeIgniter.php(951): App\Controllers\AgentController->clients()
 5 SYSTEMPATH\CodeIgniter.php(497): CodeIgniter\CodeIgniter->runController(Object(App\Controllers\AgentController))
 6 SYSTEMPATH\CodeIgniter.php(340): CodeIgniter\CodeIgniter->handleRequest(null, Object(Config\Cache), false)
 7 SYSTEMPATH\Boot.php(417): CodeIgniter\CodeIgniter->run()
 8 SYSTEMPATH\Boot.php(68): CodeIgniter\Boot::runCodeIgniter(Object(CodeIgniter\CodeIgniter))
 9 FCPATH\index.php(59): CodeIgniter\Boot::bootWeb(Object(Config\Paths))
10 SYSTEMPATH\rewrite.php(44): require_once('C:\\Users\\Honore\\Documents\\GitHub\\ecopanier-S4-Mme-Baovola\\public\\index.php')
DEBUG - 2026-07-12 19:14:56 --> Session: Class initialized using 'CodeIgniter\Session\Handlers\FileHandler' driver.
DEBUG - 2026-07-12 19:14:57 --> Session: Class initialized using 'CodeIgniter\Session\Handlers\FileHandler' driver.
DEBUG - 2026-07-12 19:15:13 --> Session: Class initialized using 'CodeIgniter\Session\Handlers\FileHandler' driver.
DEBUG - 2026-07-12 19:15:13 --> Session: Class initialized using 'CodeIgniter\Session\Handlers\FileHandler' driver.
DEBUG - 2026-07-12 19:15:14 --> Session: Class initialized using 'CodeIgniter\Session\Handlers\FileHandler' driver.
DEBUG - 2026-07-12 19:15:15 --> Session: Class initialized using 'CodeIgniter\Session\Handlers\FileHandler' driver.
DEBUG - 2026-07-12 19:15:16 --> Session: Class initialized using 'CodeIgniter\Session\Handlers\FileHandler' driver.
DEBUG - 2026-07-12 19:17:12 --> Session: Class initialized using 'CodeIgniter\Session\Handlers\FileHandler' driver.
DEBUG - 2026-07-12 19:17:12 --> Session: Class initialized using 'CodeIgniter\Session\Handlers\FileHandler' driver.
DEBUG - 2026-07-12 19:18:05 --> Session: Class initialized using 'CodeIgniter\Session\Handlers\FileHandler' driver.
DEBUG - 2026-07-12 19:18:05 --> Session: Class initialized using 'CodeIgniter\Session\Handlers\FileHandler' driver.
DEBUG - 2026-07-12 19:18:16 --> Session: Class initialized using 'CodeIgniter\Session\Handlers\FileHandler' driver.
DEBUG - 2026-07-12 19:18:16 --> Session: Class initialized using 'CodeIgniter\Session\Handlers\FileHandler' driver.
DEBUG - 2026-07-12 19:18:18 --> Session: Class initialized using 'CodeIgniter\Session\Handlers\FileHandler' driver.
DEBUG - 2026-07-12 19:20:43 --> Session: Class initialized using 'CodeIgniter\Session\Handlers\FileHandler' driver.
DEBUG - 2026-07-12 19:20:43 --> Session: Class initialized using 'CodeIgniter\Session\Handlers\FileHandler' driver.
DEBUG - 2026-07-12 19:20:55 --> Session: Class initialized using 'CodeIgniter\Session\Handlers\FileHandler' driver.
DEBUG - 2026-07-12 19:20:55 --> Session: Class initialized using 'CodeIgniter\Session\Handlers\FileHandler' driver.
DEBUG - 2026-07-12 19:20:59 --> Session: Class initialized using 'CodeIgniter\Session\Handlers\FileHandler' driver.
DEBUG - 2026-07-12 19:23:06 --> Session: Class initialized using 'CodeIgniter\Session\Handlers\FileHandler' driver.
DEBUG - 2026-07-12 19:23:07 --> Session: Class initialized using 'CodeIgniter\Session\Handlers\FileHandler' driver.
DEBUG - 2026-07-12 19:23:24 --> Session: Class initialized using 'CodeIgniter\Session\Handlers\FileHandler' driver.
DEBUG - 2026-07-12 19:23:24 --> Session: Class initialized using 'CodeIgniter\Session\Handlers\FileHandler' driver.
DEBUG - 2026-07-12 19:23:28 --> Session: Class initialized using 'CodeIgniter\Session\Handlers\FileHandler' driver.
DEBUG - 2026-07-12 19:23:30 --> Session: Class initialized using 'CodeIgniter\Session\Handlers\FileHandler' driver.
DEBUG - 2026-07-12 19:24:34 --> Session: Class initialized using 'CodeIgniter\Session\Handlers\FileHandler' driver.
DEBUG - 2026-07-12 19:24:39 --> Session: Class initialized using 'CodeIgniter\Session\Handlers\FileHandler' driver.
DEBUG - 2026-07-12 19:25:08 --> Session: Class initialized using 'CodeIgniter\Session\Handlers\FileHandler' driver.
DEBUG - 2026-07-12 19:25:10 --> Session: Class initialized using 'CodeIgniter\Session\Handlers\FileHandler' driver.
DEBUG - 2026-07-12 19:25:11 --> Session: Class initialized using 'CodeIgniter\Session\Handlers\FileHandler' driver.
DEBUG - 2026-07-12 19:25:12 --> Session: Class initialized using 'CodeIgniter\Session\Handlers\FileHandler' driver.
DEBUG - 2026-07-12 19:25:13 --> Session: Class initialized using 'CodeIgniter\Session\Handlers\FileHandler' driver.
WARNING - 2026-07-12 19:25:13 --> [DEPRECATED] strtotime(): Passing null to parameter #1 ($datetime) of type string is deprecated in APPPATH\Views\magasinier\categories_content.php on line 120.
 1 APPPATH\Views\magasinier\categories_content.php(120): strtotime(null)
 2 SYSTEMPATH\View\View.php(240): include('C:\\Users\\Honore\\Documents\\GitHub\\ecopanier-S4-Mme-Baovola\\app\\Views\\magasinier\\categories_content.php')
 3 SYSTEMPATH\View\View.php(243): CodeIgniter\View\View->{closure:CodeIgniter\View\View::render():237}()
 4 SYSTEMPATH\Common.php(1250): CodeIgniter\View\View->render('magasinier/categories_content', [], true)
 5 APPPATH\Views\admin\categories.php(21): view('magasinier/categories_content')
 6 SYSTEMPATH\View\View.php(240): include('C:\\Users\\Honore\\Documents\\GitHub\\ecopanier-S4-Mme-Baovola\\app\\Views\\admin\\categories.php')
 7 SYSTEMPATH\View\View.php(243): CodeIgniter\View\View->{closure:CodeIgniter\View\View::render():237}()
 8 SYSTEMPATH\Common.php(1250): CodeIgniter\View\View->render('admin/categories', [], true)
 9 APPPATH\Controllers\AdminController.php(335): view('admin/categories', [...])
10 SYSTEMPATH\CodeIgniter.php(951): App\Controllers\AdminController->categories()
11 SYSTEMPATH\CodeIgniter.php(497): CodeIgniter\CodeIgniter->runController(Object(App\Controllers\AdminController))
12 SYSTEMPATH\CodeIgniter.php(340): CodeIgniter\CodeIgniter->handleRequest(null, Object(Config\Cache), false)
13 SYSTEMPATH\Boot.php(417): CodeIgniter\CodeIgniter->run()
14 SYSTEMPATH\Boot.php(68): CodeIgniter\Boot::runCodeIgniter(Object(CodeIgniter\CodeIgniter))
15 FCPATH\index.php(59): CodeIgniter\Boot::bootWeb(Object(Config\Paths))
16 SYSTEMPATH\rewrite.php(44): require_once('C:\\Users\\Honore\\Documents\\GitHub\\ecopanier-S4-Mme-Baovola\\public\\index.php')
WARNING - 2026-07-12 19:25:13 --> [DEPRECATED] strtotime(): Passing null to parameter #1 ($datetime) of type string is deprecated in APPPATH\Views\magasinier\categories_content.php on line 120.
 1 APPPATH\Views\magasinier\categories_content.php(120): strtotime(null)
 2 SYSTEMPATH\View\View.php(240): include('C:\\Users\\Honore\\Documents\\GitHub\\ecopanier-S4-Mme-Baovola\\app\\Views\\magasinier\\categories_content.php')
 3 SYSTEMPATH\View\View.php(243): CodeIgniter\View\View->{closure:CodeIgniter\View\View::render():237}()
 4 SYSTEMPATH\Common.php(1250): CodeIgniter\View\View->render('magasinier/categories_content', [], true)
 5 APPPATH\Views\admin\categories.php(21): view('magasinier/categories_content')
 6 SYSTEMPATH\View\View.php(240): include('C:\\Users\\Honore\\Documents\\GitHub\\ecopanier-S4-Mme-Baovola\\app\\Views\\admin\\categories.php')
 7 SYSTEMPATH\View\View.php(243): CodeIgniter\View\View->{closure:CodeIgniter\View\View::render():237}()
 8 SYSTEMPATH\Common.php(1250): CodeIgniter\View\View->render('admin/categories', [], true)
 9 APPPATH\Controllers\AdminController.php(335): view('admin/categories', [...])
10 SYSTEMPATH\CodeIgniter.php(951): App\Controllers\AdminController->categories()
11 SYSTEMPATH\CodeIgniter.php(497): CodeIgniter\CodeIgniter->runController(Object(App\Controllers\AdminController))
12 SYSTEMPATH\CodeIgniter.php(340): CodeIgniter\CodeIgniter->handleRequest(null, Object(Config\Cache), false)
13 SYSTEMPATH\Boot.php(417): CodeIgniter\CodeIgniter->run()
14 SYSTEMPATH\Boot.php(68): CodeIgniter\Boot::runCodeIgniter(Object(CodeIgniter\CodeIgniter))
15 FCPATH\index.php(59): CodeIgniter\Boot::bootWeb(Object(Config\Paths))
16 SYSTEMPATH\rewrite.php(44): require_once('C:\\Users\\Honore\\Documents\\GitHub\\ecopanier-S4-Mme-Baovola\\public\\index.php')
WARNING - 2026-07-12 19:25:13 --> [DEPRECATED] strtotime(): Passing null to parameter #1 ($datetime) of type string is deprecated in APPPATH\Views\magasinier\categories_content.php on line 120.
 1 APPPATH\Views\magasinier\categories_content.php(120): strtotime(null)
 2 SYSTEMPATH\View\View.php(240): include('C:\\Users\\Honore\\Documents\\GitHub\\ecopanier-S4-Mme-Baovola\\app\\Views\\magasinier\\categories_content.php')
 3 SYSTEMPATH\View\View.php(243): CodeIgniter\View\View->{closure:CodeIgniter\View\View::render():237}()
 4 SYSTEMPATH\Common.php(1250): CodeIgniter\View\View->render('magasinier/categories_content', [], true)
 5 APPPATH\Views\admin\categories.php(21): view('magasinier/categories_content')
 6 SYSTEMPATH\View\View.php(240): include('C:\\Users\\Honore\\Documents\\GitHub\\ecopanier-S4-Mme-Baovola\\app\\Views\\admin\\categories.php')
 7 SYSTEMPATH\View\View.php(243): CodeIgniter\View\View->{closure:CodeIgniter\View\View::render():237}()
 8 SYSTEMPATH\Common.php(1250): CodeIgniter\View\View->render('admin/categories', [], true)
 9 APPPATH\Controllers\AdminController.php(335): view('admin/categories', [...])
10 SYSTEMPATH\CodeIgniter.php(951): App\Controllers\AdminController->categories()
11 SYSTEMPATH\CodeIgniter.php(497): CodeIgniter\CodeIgniter->runController(Object(App\Controllers\AdminController))
12 SYSTEMPATH\CodeIgniter.php(340): CodeIgniter\CodeIgniter->handleRequest(null, Object(Config\Cache), false)
13 SYSTEMPATH\Boot.php(417): CodeIgniter\CodeIgniter->run()
14 SYSTEMPATH\Boot.php(68): CodeIgniter\Boot::runCodeIgniter(Object(CodeIgniter\CodeIgniter))
15 FCPATH\index.php(59): CodeIgniter\Boot::bootWeb(Object(Config\Paths))
16 SYSTEMPATH\rewrite.php(44): require_once('C:\\Users\\Honore\\Documents\\GitHub\\ecopanier-S4-Mme-Baovola\\public\\index.php')
WARNING - 2026-07-12 19:25:13 --> [DEPRECATED] strtotime(): Passing null to parameter #1 ($datetime) of type string is deprecated in APPPATH\Views\magasinier\categories_content.php on line 120.
 1 APPPATH\Views\magasinier\categories_content.php(120): strtotime(null)
 2 SYSTEMPATH\View\View.php(240): include('C:\\Users\\Honore\\Documents\\GitHub\\ecopanier-S4-Mme-Baovola\\app\\Views\\magasinier\\categories_content.php')
 3 SYSTEMPATH\View\View.php(243): CodeIgniter\View\View->{closure:CodeIgniter\View\View::render():237}()
 4 SYSTEMPATH\Common.php(1250): CodeIgniter\View\View->render('magasinier/categories_content', [], true)
 5 APPPATH\Views\admin\categories.php(21): view('magasinier/categories_content')
 6 SYSTEMPATH\View\View.php(240): include('C:\\Users\\Honore\\Documents\\GitHub\\ecopanier-S4-Mme-Baovola\\app\\Views\\admin\\categories.php')
 7 SYSTEMPATH\View\View.php(243): CodeIgniter\View\View->{closure:CodeIgniter\View\View::render():237}()
 8 SYSTEMPATH\Common.php(1250): CodeIgniter\View\View->render('admin/categories', [], true)
 9 APPPATH\Controllers\AdminController.php(335): view('admin/categories', [...])
10 SYSTEMPATH\CodeIgniter.php(951): App\Controllers\AdminController->categories()
11 SYSTEMPATH\CodeIgniter.php(497): CodeIgniter\CodeIgniter->runController(Object(App\Controllers\AdminController))
12 SYSTEMPATH\CodeIgniter.php(340): CodeIgniter\CodeIgniter->handleRequest(null, Object(Config\Cache), false)
13 SYSTEMPATH\Boot.php(417): CodeIgniter\CodeIgniter->run()
14 SYSTEMPATH\Boot.php(68): CodeIgniter\Boot::runCodeIgniter(Object(CodeIgniter\CodeIgniter))
15 FCPATH\index.php(59): CodeIgniter\Boot::bootWeb(Object(Config\Paths))
16 SYSTEMPATH\rewrite.php(44): require_once('C:\\Users\\Honore\\Documents\\GitHub\\ecopanier-S4-Mme-Baovola\\public\\index.php')
DEBUG - 2026-07-12 19:25:14 --> Session: Class initialized using 'CodeIgniter\Session\Handlers\FileHandler' driver.
WARNING - 2026-07-12 19:25:14 --> [DEPRECATED] strtotime(): Passing null to parameter #1 ($datetime) of type string is deprecated in APPPATH\Views\magasinier\produits_content.php on line 103.
 1 APPPATH\Views\magasinier\produits_content.php(103): strtotime(null)
 2 SYSTEMPATH\View\View.php(240): include('C:\\Users\\Honore\\Documents\\GitHub\\ecopanier-S4-Mme-Baovola\\app\\Views\\magasinier\\produits_content.php')
 3 SYSTEMPATH\View\View.php(243): CodeIgniter\View\View->{closure:CodeIgniter\View\View::render():237}()
 4 SYSTEMPATH\Common.php(1250): CodeIgniter\View\View->render('magasinier/produits_content', [], true)
 5 APPPATH\Views\admin\produits.php(21): view('magasinier/produits_content')
 6 SYSTEMPATH\View\View.php(240): include('C:\\Users\\Honore\\Documents\\GitHub\\ecopanier-S4-Mme-Baovola\\app\\Views\\admin\\produits.php')
 7 SYSTEMPATH\View\View.php(243): CodeIgniter\View\View->{closure:CodeIgniter\View\View::render():237}()
 8 SYSTEMPATH\Common.php(1250): CodeIgniter\View\View->render('admin/produits', [], true)
 9 APPPATH\Controllers\AdminController.php(367): view('admin/produits', [...])
10 SYSTEMPATH\CodeIgniter.php(951): App\Controllers\AdminController->produits()
11 SYSTEMPATH\CodeIgniter.php(497): CodeIgniter\CodeIgniter->runController(Object(App\Controllers\AdminController))
12 SYSTEMPATH\CodeIgniter.php(340): CodeIgniter\CodeIgniter->handleRequest(null, Object(Config\Cache), false)
13 SYSTEMPATH\Boot.php(417): CodeIgniter\CodeIgniter->run()
14 SYSTEMPATH\Boot.php(68): CodeIgniter\Boot::runCodeIgniter(Object(CodeIgniter\CodeIgniter))
15 FCPATH\index.php(59): CodeIgniter\Boot::bootWeb(Object(Config\Paths))
16 SYSTEMPATH\rewrite.php(44): require_once('C:\\Users\\Honore\\Documents\\GitHub\\ecopanier-S4-Mme-Baovola\\public\\index.php')
WARNING - 2026-07-12 19:25:14 --> [DEPRECATED] strtotime(): Passing null to parameter #1 ($datetime) of type string is deprecated in APPPATH\Views\magasinier\produits_content.php on line 103.
 1 APPPATH\Views\magasinier\produits_content.php(103): strtotime(null)
 2 SYSTEMPATH\View\View.php(240): include('C:\\Users\\Honore\\Documents\\GitHub\\ecopanier-S4-Mme-Baovola\\app\\Views\\magasinier\\produits_content.php')
 3 SYSTEMPATH\View\View.php(243): CodeIgniter\View\View->{closure:CodeIgniter\View\View::render():237}()
 4 SYSTEMPATH\Common.php(1250): CodeIgniter\View\View->render('magasinier/produits_content', [], true)
 5 APPPATH\Views\admin\produits.php(21): view('magasinier/produits_content')
 6 SYSTEMPATH\View\View.php(240): include('C:\\Users\\Honore\\Documents\\GitHub\\ecopanier-S4-Mme-Baovola\\app\\Views\\admin\\produits.php')
 7 SYSTEMPATH\View\View.php(243): CodeIgniter\View\View->{closure:CodeIgniter\View\View::render():237}()
 8 SYSTEMPATH\Common.php(1250): CodeIgniter\View\View->render('admin/produits', [], true)
 9 APPPATH\Controllers\AdminController.php(367): view('admin/produits', [...])
10 SYSTEMPATH\CodeIgniter.php(951): App\Controllers\AdminController->produits()
11 SYSTEMPATH\CodeIgniter.php(497): CodeIgniter\CodeIgniter->runController(Object(App\Controllers\AdminController))
12 SYSTEMPATH\CodeIgniter.php(340): CodeIgniter\CodeIgniter->handleRequest(null, Object(Config\Cache), false)
13 SYSTEMPATH\Boot.php(417): CodeIgniter\CodeIgniter->run()
14 SYSTEMPATH\Boot.php(68): CodeIgniter\Boot::runCodeIgniter(Object(CodeIgniter\CodeIgniter))
15 FCPATH\index.php(59): CodeIgniter\Boot::bootWeb(Object(Config\Paths))
16 SYSTEMPATH\rewrite.php(44): require_once('C:\\Users\\Honore\\Documents\\GitHub\\ecopanier-S4-Mme-Baovola\\public\\index.php')
WARNING - 2026-07-12 19:25:14 --> [DEPRECATED] strtotime(): Passing null to parameter #1 ($datetime) of type string is deprecated in APPPATH\Views\magasinier\produits_content.php on line 103.
 1 APPPATH\Views\magasinier\produits_content.php(103): strtotime(null)
 2 SYSTEMPATH\View\View.php(240): include('C:\\Users\\Honore\\Documents\\GitHub\\ecopanier-S4-Mme-Baovola\\app\\Views\\magasinier\\produits_content.php')
 3 SYSTEMPATH\View\View.php(243): CodeIgniter\View\View->{closure:CodeIgniter\View\View::render():237}()
 4 SYSTEMPATH\Common.php(1250): CodeIgniter\View\View->render('magasinier/produits_content', [], true)
 5 APPPATH\Views\admin\produits.php(21): view('magasinier/produits_content')
 6 SYSTEMPATH\View\View.php(240): include('C:\\Users\\Honore\\Documents\\GitHub\\ecopanier-S4-Mme-Baovola\\app\\Views\\admin\\produits.php')
 7 SYSTEMPATH\View\View.php(243): CodeIgniter\View\View->{closure:CodeIgniter\View\View::render():237}()
 8 SYSTEMPATH\Common.php(1250): CodeIgniter\View\View->render('admin/produits', [], true)
 9 APPPATH\Controllers\AdminController.php(367): view('admin/produits', [...])
10 SYSTEMPATH\CodeIgniter.php(951): App\Controllers\AdminController->produits()
11 SYSTEMPATH\CodeIgniter.php(497): CodeIgniter\CodeIgniter->runController(Object(App\Controllers\AdminController))
12 SYSTEMPATH\CodeIgniter.php(340): CodeIgniter\CodeIgniter->handleRequest(null, Object(Config\Cache), false)
13 SYSTEMPATH\Boot.php(417): CodeIgniter\CodeIgniter->run()
14 SYSTEMPATH\Boot.php(68): CodeIgniter\Boot::runCodeIgniter(Object(CodeIgniter\CodeIgniter))
15 FCPATH\index.php(59): CodeIgniter\Boot::bootWeb(Object(Config\Paths))
16 SYSTEMPATH\rewrite.php(44): require_once('C:\\Users\\Honore\\Documents\\GitHub\\ecopanier-S4-Mme-Baovola\\public\\index.php')
WARNING - 2026-07-12 19:25:14 --> [DEPRECATED] strtotime(): Passing null to parameter #1 ($datetime) of type string is deprecated in APPPATH\Views\magasinier\produits_content.php on line 103.
 1 APPPATH\Views\magasinier\produits_content.php(103): strtotime(null)
 2 SYSTEMPATH\View\View.php(240): include('C:\\Users\\Honore\\Documents\\GitHub\\ecopanier-S4-Mme-Baovola\\app\\Views\\magasinier\\produits_content.php')
 3 SYSTEMPATH\View\View.php(243): CodeIgniter\View\View->{closure:CodeIgniter\View\View::render():237}()
 4 SYSTEMPATH\Common.php(1250): CodeIgniter\View\View->render('magasinier/produits_content', [], true)
 5 APPPATH\Views\admin\produits.php(21): view('magasinier/produits_content')
 6 SYSTEMPATH\View\View.php(240): include('C:\\Users\\Honore\\Documents\\GitHub\\ecopanier-S4-Mme-Baovola\\app\\Views\\admin\\produits.php')
 7 SYSTEMPATH\View\View.php(243): CodeIgniter\View\View->{closure:CodeIgniter\View\View::render():237}()
 8 SYSTEMPATH\Common.php(1250): CodeIgniter\View\View->render('admin/produits', [], true)
 9 APPPATH\Controllers\AdminController.php(367): view('admin/produits', [...])
10 SYSTEMPATH\CodeIgniter.php(951): App\Controllers\AdminController->produits()
11 SYSTEMPATH\CodeIgniter.php(497): CodeIgniter\CodeIgniter->runController(Object(App\Controllers\AdminController))
12 SYSTEMPATH\CodeIgniter.php(340): CodeIgniter\CodeIgniter->handleRequest(null, Object(Config\Cache), false)
13 SYSTEMPATH\Boot.php(417): CodeIgniter\CodeIgniter->run()
14 SYSTEMPATH\Boot.php(68): CodeIgniter\Boot::runCodeIgniter(Object(CodeIgniter\CodeIgniter))
15 FCPATH\index.php(59): CodeIgniter\Boot::bootWeb(Object(Config\Paths))
16 SYSTEMPATH\rewrite.php(44): require_once('C:\\Users\\Honore\\Documents\\GitHub\\ecopanier-S4-Mme-Baovola\\public\\index.php')
WARNING - 2026-07-12 19:25:14 --> [DEPRECATED] strtotime(): Passing null to parameter #1 ($datetime) of type string is deprecated in APPPATH\Views\magasinier\produits_content.php on line 103.
 1 APPPATH\Views\magasinier\produits_content.php(103): strtotime(null)
 2 SYSTEMPATH\View\View.php(240): include('C:\\Users\\Honore\\Documents\\GitHub\\ecopanier-S4-Mme-Baovola\\app\\Views\\magasinier\\produits_content.php')
 3 SYSTEMPATH\View\View.php(243): CodeIgniter\View\View->{closure:CodeIgniter\View\View::render():237}()
 4 SYSTEMPATH\Common.php(1250): CodeIgniter\View\View->render('magasinier/produits_content', [], true)
 5 APPPATH\Views\admin\produits.php(21): view('magasinier/produits_content')
 6 SYSTEMPATH\View\View.php(240): include('C:\\Users\\Honore\\Documents\\GitHub\\ecopanier-S4-Mme-Baovola\\app\\Views\\admin\\produits.php')
 7 SYSTEMPATH\View\View.php(243): CodeIgniter\View\View->{closure:CodeIgniter\View\View::render():237}()
 8 SYSTEMPATH\Common.php(1250): CodeIgniter\View\View->render('admin/produits', [], true)
 9 APPPATH\Controllers\AdminController.php(367): view('admin/produits', [...])
10 SYSTEMPATH\CodeIgniter.php(951): App\Controllers\AdminController->produits()
11 SYSTEMPATH\CodeIgniter.php(497): CodeIgniter\CodeIgniter->runController(Object(App\Controllers\AdminController))
12 SYSTEMPATH\CodeIgniter.php(340): CodeIgniter\CodeIgniter->handleRequest(null, Object(Config\Cache), false)
13 SYSTEMPATH\Boot.php(417): CodeIgniter\CodeIgniter->run()
14 SYSTEMPATH\Boot.php(68): CodeIgniter\Boot::runCodeIgniter(Object(CodeIgniter\CodeIgniter))
15 FCPATH\index.php(59): CodeIgniter\Boot::bootWeb(Object(Config\Paths))
16 SYSTEMPATH\rewrite.php(44): require_once('C:\\Users\\Honore\\Documents\\GitHub\\ecopanier-S4-Mme-Baovola\\public\\index.php')
WARNING - 2026-07-12 19:25:14 --> [DEPRECATED] strtotime(): Passing null to parameter #1 ($datetime) of type string is deprecated in APPPATH\Views\magasinier\produits_content.php on line 103.
 1 APPPATH\Views\magasinier\produits_content.php(103): strtotime(null)
 2 SYSTEMPATH\View\View.php(240): include('C:\\Users\\Honore\\Documents\\GitHub\\ecopanier-S4-Mme-Baovola\\app\\Views\\magasinier\\produits_content.php')
 3 SYSTEMPATH\View\View.php(243): CodeIgniter\View\View->{closure:CodeIgniter\View\View::render():237}()
 4 SYSTEMPATH\Common.php(1250): CodeIgniter\View\View->render('magasinier/produits_content', [], true)
 5 APPPATH\Views\admin\produits.php(21): view('magasinier/produits_content')
 6 SYSTEMPATH\View\View.php(240): include('C:\\Users\\Honore\\Documents\\GitHub\\ecopanier-S4-Mme-Baovola\\app\\Views\\admin\\produits.php')
 7 SYSTEMPATH\View\View.php(243): CodeIgniter\View\View->{closure:CodeIgniter\View\View::render():237}()
 8 SYSTEMPATH\Common.php(1250): CodeIgniter\View\View->render('admin/produits', [], true)
 9 APPPATH\Controllers\AdminController.php(367): view('admin/produits', [...])
10 SYSTEMPATH\CodeIgniter.php(951): App\Controllers\AdminController->produits()
11 SYSTEMPATH\CodeIgniter.php(497): CodeIgniter\CodeIgniter->runController(Object(App\Controllers\AdminController))
12 SYSTEMPATH\CodeIgniter.php(340): CodeIgniter\CodeIgniter->handleRequest(null, Object(Config\Cache), false)
13 SYSTEMPATH\Boot.php(417): CodeIgniter\CodeIgniter->run()
14 SYSTEMPATH\Boot.php(68): CodeIgniter\Boot::runCodeIgniter(Object(CodeIgniter\CodeIgniter))
15 FCPATH\index.php(59): CodeIgniter\Boot::bootWeb(Object(Config\Paths))
16 SYSTEMPATH\rewrite.php(44): require_once('C:\\Users\\Honore\\Documents\\GitHub\\ecopanier-S4-Mme-Baovola\\public\\index.php')
WARNING - 2026-07-12 19:25:14 --> [DEPRECATED] strtotime(): Passing null to parameter #1 ($datetime) of type string is deprecated in APPPATH\Views\magasinier\produits_content.php on line 103.
 1 APPPATH\Views\magasinier\produits_content.php(103): strtotime(null)
 2 SYSTEMPATH\View\View.php(240): include('C:\\Users\\Honore\\Documents\\GitHub\\ecopanier-S4-Mme-Baovola\\app\\Views\\magasinier\\produits_content.php')
 3 SYSTEMPATH\View\View.php(243): CodeIgniter\View\View->{closure:CodeIgniter\View\View::render():237}()
 4 SYSTEMPATH\Common.php(1250): CodeIgniter\View\View->render('magasinier/produits_content', [], true)
 5 APPPATH\Views\admin\produits.php(21): view('magasinier/produits_content')
 6 SYSTEMPATH\View\View.php(240): include('C:\\Users\\Honore\\Documents\\GitHub\\ecopanier-S4-Mme-Baovola\\app\\Views\\admin\\produits.php')
 7 SYSTEMPATH\View\View.php(243): CodeIgniter\View\View->{closure:CodeIgniter\View\View::render():237}()
 8 SYSTEMPATH\Common.php(1250): CodeIgniter\View\View->render('admin/produits', [], true)
 9 APPPATH\Controllers\AdminController.php(367): view('admin/produits', [...])
10 SYSTEMPATH\CodeIgniter.php(951): App\Controllers\AdminController->produits()
11 SYSTEMPATH\CodeIgniter.php(497): CodeIgniter\CodeIgniter->runController(Object(App\Controllers\AdminController))
12 SYSTEMPATH\CodeIgniter.php(340): CodeIgniter\CodeIgniter->handleRequest(null, Object(Config\Cache), false)
13 SYSTEMPATH\Boot.php(417): CodeIgniter\CodeIgniter->run()
14 SYSTEMPATH\Boot.php(68): CodeIgniter\Boot::runCodeIgniter(Object(CodeIgniter\CodeIgniter))
15 FCPATH\index.php(59): CodeIgniter\Boot::bootWeb(Object(Config\Paths))
16 SYSTEMPATH\rewrite.php(44): require_once('C:\\Users\\Honore\\Documents\\GitHub\\ecopanier-S4-Mme-Baovola\\public\\index.php')
WARNING - 2026-07-12 19:25:14 --> [DEPRECATED] strtotime(): Passing null to parameter #1 ($datetime) of type string is deprecated in APPPATH\Views\magasinier\produits_content.php on line 103.
 1 APPPATH\Views\magasinier\produits_content.php(103): strtotime(null)
 2 SYSTEMPATH\View\View.php(240): include('C:\\Users\\Honore\\Documents\\GitHub\\ecopanier-S4-Mme-Baovola\\app\\Views\\magasinier\\produits_content.php')
 3 SYSTEMPATH\View\View.php(243): CodeIgniter\View\View->{closure:CodeIgniter\View\View::render():237}()
 4 SYSTEMPATH\Common.php(1250): CodeIgniter\View\View->render('magasinier/produits_content', [], true)
 5 APPPATH\Views\admin\produits.php(21): view('magasinier/produits_content')
 6 SYSTEMPATH\View\View.php(240): include('C:\\Users\\Honore\\Documents\\GitHub\\ecopanier-S4-Mme-Baovola\\app\\Views\\admin\\produits.php')
 7 SYSTEMPATH\View\View.php(243): CodeIgniter\View\View->{closure:CodeIgniter\View\View::render():237}()
 8 SYSTEMPATH\Common.php(1250): CodeIgniter\View\View->render('admin/produits', [], true)
 9 APPPATH\Controllers\AdminController.php(367): view('admin/produits', [...])
10 SYSTEMPATH\CodeIgniter.php(951): App\Controllers\AdminController->produits()
11 SYSTEMPATH\CodeIgniter.php(497): CodeIgniter\CodeIgniter->runController(Object(App\Controllers\AdminController))
12 SYSTEMPATH\CodeIgniter.php(340): CodeIgniter\CodeIgniter->handleRequest(null, Object(Config\Cache), false)
13 SYSTEMPATH\Boot.php(417): CodeIgniter\CodeIgniter->run()
14 SYSTEMPATH\Boot.php(68): CodeIgniter\Boot::runCodeIgniter(Object(CodeIgniter\CodeIgniter))
15 FCPATH\index.php(59): CodeIgniter\Boot::bootWeb(Object(Config\Paths))
16 SYSTEMPATH\rewrite.php(44): require_once('C:\\Users\\Honore\\Documents\\GitHub\\ecopanier-S4-Mme-Baovola\\public\\index.php')
DEBUG - 2026-07-12 19:25:15 --> Session: Class initialized using 'CodeIgniter\Session\Handlers\FileHandler' driver.
DEBUG - 2026-07-12 19:25:16 --> Session: Class initialized using 'CodeIgniter\Session\Handlers\FileHandler' driver.
WARNING - 2026-07-12 19:25:16 --> [DEPRECATED] strtotime(): Passing null to parameter #1 ($datetime) of type string is deprecated in APPPATH\Views\magasinier\produits_content.php on line 103.
 1 APPPATH\Views\magasinier\produits_content.php(103): strtotime(null)
 2 SYSTEMPATH\View\View.php(240): include('C:\\Users\\Honore\\Documents\\GitHub\\ecopanier-S4-Mme-Baovola\\app\\Views\\magasinier\\produits_content.php')
 3 SYSTEMPATH\View\View.php(243): CodeIgniter\View\View->{closure:CodeIgniter\View\View::render():237}()
 4 SYSTEMPATH\Common.php(1250): CodeIgniter\View\View->render('magasinier/produits_content', [], true)
 5 APPPATH\Views\admin\produits.php(21): view('magasinier/produits_content')
 6 SYSTEMPATH\View\View.php(240): include('C:\\Users\\Honore\\Documents\\GitHub\\ecopanier-S4-Mme-Baovola\\app\\Views\\admin\\produits.php')
 7 SYSTEMPATH\View\View.php(243): CodeIgniter\View\View->{closure:CodeIgniter\View\View::render():237}()
 8 SYSTEMPATH\Common.php(1250): CodeIgniter\View\View->render('admin/produits', [], true)
 9 APPPATH\Controllers\AdminController.php(367): view('admin/produits', [...])
10 SYSTEMPATH\CodeIgniter.php(951): App\Controllers\AdminController->produits()
11 SYSTEMPATH\CodeIgniter.php(497): CodeIgniter\CodeIgniter->runController(Object(App\Controllers\AdminController))
12 SYSTEMPATH\CodeIgniter.php(340): CodeIgniter\CodeIgniter->handleRequest(null, Object(Config\Cache), false)
13 SYSTEMPATH\Boot.php(417): CodeIgniter\CodeIgniter->run()
14 SYSTEMPATH\Boot.php(68): CodeIgniter\Boot::runCodeIgniter(Object(CodeIgniter\CodeIgniter))
15 FCPATH\index.php(59): CodeIgniter\Boot::bootWeb(Object(Config\Paths))
16 SYSTEMPATH\rewrite.php(44): require_once('C:\\Users\\Honore\\Documents\\GitHub\\ecopanier-S4-Mme-Baovola\\public\\index.php')
WARNING - 2026-07-12 19:25:16 --> [DEPRECATED] strtotime(): Passing null to parameter #1 ($datetime) of type string is deprecated in APPPATH\Views\magasinier\produits_content.php on line 103.
 1 APPPATH\Views\magasinier\produits_content.php(103): strtotime(null)
 2 SYSTEMPATH\View\View.php(240): include('C:\\Users\\Honore\\Documents\\GitHub\\ecopanier-S4-Mme-Baovola\\app\\Views\\magasinier\\produits_content.php')
 3 SYSTEMPATH\View\View.php(243): CodeIgniter\View\View->{closure:CodeIgniter\View\View::render():237}()
 4 SYSTEMPATH\Common.php(1250): CodeIgniter\View\View->render('magasinier/produits_content', [], true)
 5 APPPATH\Views\admin\produits.php(21): view('magasinier/produits_content')
 6 SYSTEMPATH\View\View.php(240): include('C:\\Users\\Honore\\Documents\\GitHub\\ecopanier-S4-Mme-Baovola\\app\\Views\\admin\\produits.php')
 7 SYSTEMPATH\View\View.php(243): CodeIgniter\View\View->{closure:CodeIgniter\View\View::render():237}()
 8 SYSTEMPATH\Common.php(1250): CodeIgniter\View\View->render('admin/produits', [], true)
 9 APPPATH\Controllers\AdminController.php(367): view('admin/produits', [...])
10 SYSTEMPATH\CodeIgniter.php(951): App\Controllers\AdminController->produits()
11 SYSTEMPATH\CodeIgniter.php(497): CodeIgniter\CodeIgniter->runController(Object(App\Controllers\AdminController))
12 SYSTEMPATH\CodeIgniter.php(340): CodeIgniter\CodeIgniter->handleRequest(null, Object(Config\Cache), false)
13 SYSTEMPATH\Boot.php(417): CodeIgniter\CodeIgniter->run()
14 SYSTEMPATH\Boot.php(68): CodeIgniter\Boot::runCodeIgniter(Object(CodeIgniter\CodeIgniter))
15 FCPATH\index.php(59): CodeIgniter\Boot::bootWeb(Object(Config\Paths))
16 SYSTEMPATH\rewrite.php(44): require_once('C:\\Users\\Honore\\Documents\\GitHub\\ecopanier-S4-Mme-Baovola\\public\\index.php')
WARNING - 2026-07-12 19:25:16 --> [DEPRECATED] strtotime(): Passing null to parameter #1 ($datetime) of type string is deprecated in APPPATH\Views\magasinier\produits_content.php on line 103.
 1 APPPATH\Views\magasinier\produits_content.php(103): strtotime(null)
 2 SYSTEMPATH\View\View.php(240): include('C:\\Users\\Honore\\Documents\\GitHub\\ecopanier-S4-Mme-Baovola\\app\\Views\\magasinier\\produits_content.php')
 3 SYSTEMPATH\View\View.php(243): CodeIgniter\View\View->{closure:CodeIgniter\View\View::render():237}()
 4 SYSTEMPATH\Common.php(1250): CodeIgniter\View\View->render('magasinier/produits_content', [], true)
 5 APPPATH\Views\admin\produits.php(21): view('magasinier/produits_content')
 6 SYSTEMPATH\View\View.php(240): include('C:\\Users\\Honore\\Documents\\GitHub\\ecopanier-S4-Mme-Baovola\\app\\Views\\admin\\produits.php')
 7 SYSTEMPATH\View\View.php(243): CodeIgniter\View\View->{closure:CodeIgniter\View\View::render():237}()
 8 SYSTEMPATH\Common.php(1250): CodeIgniter\View\View->render('admin/produits', [], true)
 9 APPPATH\Controllers\AdminController.php(367): view('admin/produits', [...])
10 SYSTEMPATH\CodeIgniter.php(951): App\Controllers\AdminController->produits()
11 SYSTEMPATH\CodeIgniter.php(497): CodeIgniter\CodeIgniter->runController(Object(App\Controllers\AdminController))
12 SYSTEMPATH\CodeIgniter.php(340): CodeIgniter\CodeIgniter->handleRequest(null, Object(Config\Cache), false)
13 SYSTEMPATH\Boot.php(417): CodeIgniter\CodeIgniter->run()
14 SYSTEMPATH\Boot.php(68): CodeIgniter\Boot::runCodeIgniter(Object(CodeIgniter\CodeIgniter))
15 FCPATH\index.php(59): CodeIgniter\Boot::bootWeb(Object(Config\Paths))
16 SYSTEMPATH\rewrite.php(44): require_once('C:\\Users\\Honore\\Documents\\GitHub\\ecopanier-S4-Mme-Baovola\\public\\index.php')
WARNING - 2026-07-12 19:25:16 --> [DEPRECATED] strtotime(): Passing null to parameter #1 ($datetime) of type string is deprecated in APPPATH\Views\magasinier\produits_content.php on line 103.
 1 APPPATH\Views\magasinier\produits_content.php(103): strtotime(null)
 2 SYSTEMPATH\View\View.php(240): include('C:\\Users\\Honore\\Documents\\GitHub\\ecopanier-S4-Mme-Baovola\\app\\Views\\magasinier\\produits_content.php')
 3 SYSTEMPATH\View\View.php(243): CodeIgniter\View\View->{closure:CodeIgniter\View\View::render():237}()
 4 SYSTEMPATH\Common.php(1250): CodeIgniter\View\View->render('magasinier/produits_content', [], true)
 5 APPPATH\Views\admin\produits.php(21): view('magasinier/produits_content')
 6 SYSTEMPATH\View\View.php(240): include('C:\\Users\\Honore\\Documents\\GitHub\\ecopanier-S4-Mme-Baovola\\app\\Views\\admin\\produits.php')
 7 SYSTEMPATH\View\View.php(243): CodeIgniter\View\View->{closure:CodeIgniter\View\View::render():237}()
 8 SYSTEMPATH\Common.php(1250): CodeIgniter\View\View->render('admin/produits', [], true)
 9 APPPATH\Controllers\AdminController.php(367): view('admin/produits', [...])
10 SYSTEMPATH\CodeIgniter.php(951): App\Controllers\AdminController->produits()
11 SYSTEMPATH\CodeIgniter.php(497): CodeIgniter\CodeIgniter->runController(Object(App\Controllers\AdminController))
12 SYSTEMPATH\CodeIgniter.php(340): CodeIgniter\CodeIgniter->handleRequest(null, Object(Config\Cache), false)
13 SYSTEMPATH\Boot.php(417): CodeIgniter\CodeIgniter->run()
14 SYSTEMPATH\Boot.php(68): CodeIgniter\Boot::runCodeIgniter(Object(CodeIgniter\CodeIgniter))
15 FCPATH\index.php(59): CodeIgniter\Boot::bootWeb(Object(Config\Paths))
16 SYSTEMPATH\rewrite.php(44): require_once('C:\\Users\\Honore\\Documents\\GitHub\\ecopanier-S4-Mme-Baovola\\public\\index.php')
WARNING - 2026-07-12 19:25:16 --> [DEPRECATED] strtotime(): Passing null to parameter #1 ($datetime) of type string is deprecated in APPPATH\Views\magasinier\produits_content.php on line 103.
 1 APPPATH\Views\magasinier\produits_content.php(103): strtotime(null)
 2 SYSTEMPATH\View\View.php(240): include('C:\\Users\\Honore\\Documents\\GitHub\\ecopanier-S4-Mme-Baovola\\app\\Views\\magasinier\\produits_content.php')
 3 SYSTEMPATH\View\View.php(243): CodeIgniter\View\View->{closure:CodeIgniter\View\View::render():237}()
 4 SYSTEMPATH\Common.php(1250): CodeIgniter\View\View->render('magasinier/produits_content', [], true)
 5 APPPATH\Views\admin\produits.php(21): view('magasinier/produits_content')
 6 SYSTEMPATH\View\View.php(240): include('C:\\Users\\Honore\\Documents\\GitHub\\ecopanier-S4-Mme-Baovola\\app\\Views\\admin\\produits.php')
 7 SYSTEMPATH\View\View.php(243): CodeIgniter\View\View->{closure:CodeIgniter\View\View::render():237}()
 8 SYSTEMPATH\Common.php(1250): CodeIgniter\View\View->render('admin/produits', [], true)
 9 APPPATH\Controllers\AdminController.php(367): view('admin/produits', [...])
10 SYSTEMPATH\CodeIgniter.php(951): App\Controllers\AdminController->produits()
11 SYSTEMPATH\CodeIgniter.php(497): CodeIgniter\CodeIgniter->runController(Object(App\Controllers\AdminController))
12 SYSTEMPATH\CodeIgniter.php(340): CodeIgniter\CodeIgniter->handleRequest(null, Object(Config\Cache), false)
13 SYSTEMPATH\Boot.php(417): CodeIgniter\CodeIgniter->run()
14 SYSTEMPATH\Boot.php(68): CodeIgniter\Boot::runCodeIgniter(Object(CodeIgniter\CodeIgniter))
15 FCPATH\index.php(59): CodeIgniter\Boot::bootWeb(Object(Config\Paths))
16 SYSTEMPATH\rewrite.php(44): require_once('C:\\Users\\Honore\\Documents\\GitHub\\ecopanier-S4-Mme-Baovola\\public\\index.php')
WARNING - 2026-07-12 19:25:16 --> [DEPRECATED] strtotime(): Passing null to parameter #1 ($datetime) of type string is deprecated in APPPATH\Views\magasinier\produits_content.php on line 103.
 1 APPPATH\Views\magasinier\produits_content.php(103): strtotime(null)
 2 SYSTEMPATH\View\View.php(240): include('C:\\Users\\Honore\\Documents\\GitHub\\ecopanier-S4-Mme-Baovola\\app\\Views\\magasinier\\produits_content.php')
 3 SYSTEMPATH\View\View.php(243): CodeIgniter\View\View->{closure:CodeIgniter\View\View::render():237}()
 4 SYSTEMPATH\Common.php(1250): CodeIgniter\View\View->render('magasinier/produits_content', [], true)
 5 APPPATH\Views\admin\produits.php(21): view('magasinier/produits_content')
 6 SYSTEMPATH\View\View.php(240): include('C:\\Users\\Honore\\Documents\\GitHub\\ecopanier-S4-Mme-Baovola\\app\\Views\\admin\\produits.php')
 7 SYSTEMPATH\View\View.php(243): CodeIgniter\View\View->{closure:CodeIgniter\View\View::render():237}()
 8 SYSTEMPATH\Common.php(1250): CodeIgniter\View\View->render('admin/produits', [], true)
 9 APPPATH\Controllers\AdminController.php(367): view('admin/produits', [...])
10 SYSTEMPATH\CodeIgniter.php(951): App\Controllers\AdminController->produits()
11 SYSTEMPATH\CodeIgniter.php(497): CodeIgniter\CodeIgniter->runController(Object(App\Controllers\AdminController))
12 SYSTEMPATH\CodeIgniter.php(340): CodeIgniter\CodeIgniter->handleRequest(null, Object(Config\Cache), false)
13 SYSTEMPATH\Boot.php(417): CodeIgniter\CodeIgniter->run()
14 SYSTEMPATH\Boot.php(68): CodeIgniter\Boot::runCodeIgniter(Object(CodeIgniter\CodeIgniter))
15 FCPATH\index.php(59): CodeIgniter\Boot::bootWeb(Object(Config\Paths))
16 SYSTEMPATH\rewrite.php(44): require_once('C:\\Users\\Honore\\Documents\\GitHub\\ecopanier-S4-Mme-Baovola\\public\\index.php')
WARNING - 2026-07-12 19:25:16 --> [DEPRECATED] strtotime(): Passing null to parameter #1 ($datetime) of type string is deprecated in APPPATH\Views\magasinier\produits_content.php on line 103.
 1 APPPATH\Views\magasinier\produits_content.php(103): strtotime(null)
 2 SYSTEMPATH\View\View.php(240): include('C:\\Users\\Honore\\Documents\\GitHub\\ecopanier-S4-Mme-Baovola\\app\\Views\\magasinier\\produits_content.php')
 3 SYSTEMPATH\View\View.php(243): CodeIgniter\View\View->{closure:CodeIgniter\View\View::render():237}()
 4 SYSTEMPATH\Common.php(1250): CodeIgniter\View\View->render('magasinier/produits_content', [], true)
 5 APPPATH\Views\admin\produits.php(21): view('magasinier/produits_content')
 6 SYSTEMPATH\View\View.php(240): include('C:\\Users\\Honore\\Documents\\GitHub\\ecopanier-S4-Mme-Baovola\\app\\Views\\admin\\produits.php')
 7 SYSTEMPATH\View\View.php(243): CodeIgniter\View\View->{closure:CodeIgniter\View\View::render():237}()
 8 SYSTEMPATH\Common.php(1250): CodeIgniter\View\View->render('admin/produits', [], true)
 9 APPPATH\Controllers\AdminController.php(367): view('admin/produits', [...])
10 SYSTEMPATH\CodeIgniter.php(951): App\Controllers\AdminController->produits()
11 SYSTEMPATH\CodeIgniter.php(497): CodeIgniter\CodeIgniter->runController(Object(App\Controllers\AdminController))
12 SYSTEMPATH\CodeIgniter.php(340): CodeIgniter\CodeIgniter->handleRequest(null, Object(Config\Cache), false)
13 SYSTEMPATH\Boot.php(417): CodeIgniter\CodeIgniter->run()
14 SYSTEMPATH\Boot.php(68): CodeIgniter\Boot::runCodeIgniter(Object(CodeIgniter\CodeIgniter))
15 FCPATH\index.php(59): CodeIgniter\Boot::bootWeb(Object(Config\Paths))
16 SYSTEMPATH\rewrite.php(44): require_once('C:\\Users\\Honore\\Documents\\GitHub\\ecopanier-S4-Mme-Baovola\\public\\index.php')
WARNING - 2026-07-12 19:25:16 --> [DEPRECATED] strtotime(): Passing null to parameter #1 ($datetime) of type string is deprecated in APPPATH\Views\magasinier\produits_content.php on line 103.
 1 APPPATH\Views\magasinier\produits_content.php(103): strtotime(null)
 2 SYSTEMPATH\View\View.php(240): include('C:\\Users\\Honore\\Documents\\GitHub\\ecopanier-S4-Mme-Baovola\\app\\Views\\magasinier\\produits_content.php')
 3 SYSTEMPATH\View\View.php(243): CodeIgniter\View\View->{closure:CodeIgniter\View\View::render():237}()
 4 SYSTEMPATH\Common.php(1250): CodeIgniter\View\View->render('magasinier/produits_content', [], true)
 5 APPPATH\Views\admin\produits.php(21): view('magasinier/produits_content')
 6 SYSTEMPATH\View\View.php(240): include('C:\\Users\\Honore\\Documents\\GitHub\\ecopanier-S4-Mme-Baovola\\app\\Views\\admin\\produits.php')
 7 SYSTEMPATH\View\View.php(243): CodeIgniter\View\View->{closure:CodeIgniter\View\View::render():237}()
 8 SYSTEMPATH\Common.php(1250): CodeIgniter\View\View->render('admin/produits', [], true)
 9 APPPATH\Controllers\AdminController.php(367): view('admin/produits', [...])
10 SYSTEMPATH\CodeIgniter.php(951): App\Controllers\AdminController->produits()
11 SYSTEMPATH\CodeIgniter.php(497): CodeIgniter\CodeIgniter->runController(Object(App\Controllers\AdminController))
12 SYSTEMPATH\CodeIgniter.php(340): CodeIgniter\CodeIgniter->handleRequest(null, Object(Config\Cache), false)
13 SYSTEMPATH\Boot.php(417): CodeIgniter\CodeIgniter->run()
14 SYSTEMPATH\Boot.php(68): CodeIgniter\Boot::runCodeIgniter(Object(CodeIgniter\CodeIgniter))
15 FCPATH\index.php(59): CodeIgniter\Boot::bootWeb(Object(Config\Paths))
16 SYSTEMPATH\rewrite.php(44): require_once('C:\\Users\\Honore\\Documents\\GitHub\\ecopanier-S4-Mme-Baovola\\public\\index.php')
DEBUG - 2026-07-12 19:25:17 --> Session: Class initialized using 'CodeIgniter\Session\Handlers\FileHandler' driver.
DEBUG - 2026-07-12 19:25:19 --> Session: Class initialized using 'CodeIgniter\Session\Handlers\FileHandler' driver.
DEBUG - 2026-07-12 19:25:20 --> Session: Class initialized using 'CodeIgniter\Session\Handlers\FileHandler' driver.
DEBUG - 2026-07-12 19:25:21 --> Session: Class initialized using 'CodeIgniter\Session\Handlers\FileHandler' driver.
DEBUG - 2026-07-12 19:25:21 --> Session: Class initialized using 'CodeIgniter\Session\Handlers\FileHandler' driver.
DEBUG - 2026-07-12 19:25:23 --> Session: Class initialized using 'CodeIgniter\Session\Handlers\FileHandler' driver.
WARNING - 2026-07-12 19:25:23 --> [DEPRECATED] strtotime(): Passing null to parameter #1 ($datetime) of type string is deprecated in APPPATH\Views\magasinier\produits_content.php on line 103.
 1 APPPATH\Views\magasinier\produits_content.php(103): strtotime(null)
 2 SYSTEMPATH\View\View.php(240): include('C:\\Users\\Honore\\Documents\\GitHub\\ecopanier-S4-Mme-Baovola\\app\\Views\\magasinier\\produits_content.php')
 3 SYSTEMPATH\View\View.php(243): CodeIgniter\View\View->{closure:CodeIgniter\View\View::render():237}()
 4 SYSTEMPATH\Common.php(1250): CodeIgniter\View\View->render('magasinier/produits_content', [], true)
 5 APPPATH\Views\admin\produits.php(21): view('magasinier/produits_content')
 6 SYSTEMPATH\View\View.php(240): include('C:\\Users\\Honore\\Documents\\GitHub\\ecopanier-S4-Mme-Baovola\\app\\Views\\admin\\produits.php')
 7 SYSTEMPATH\View\View.php(243): CodeIgniter\View\View->{closure:CodeIgniter\View\View::render():237}()
 8 SYSTEMPATH\Common.php(1250): CodeIgniter\View\View->render('admin/produits', [], true)
 9 APPPATH\Controllers\AdminController.php(367): view('admin/produits', [...])
10 SYSTEMPATH\CodeIgniter.php(951): App\Controllers\AdminController->produits()
11 SYSTEMPATH\CodeIgniter.php(497): CodeIgniter\CodeIgniter->runController(Object(App\Controllers\AdminController))
12 SYSTEMPATH\CodeIgniter.php(340): CodeIgniter\CodeIgniter->handleRequest(null, Object(Config\Cache), false)
13 SYSTEMPATH\Boot.php(417): CodeIgniter\CodeIgniter->run()
14 SYSTEMPATH\Boot.php(68): CodeIgniter\Boot::runCodeIgniter(Object(CodeIgniter\CodeIgniter))
15 FCPATH\index.php(59): CodeIgniter\Boot::bootWeb(Object(Config\Paths))
16 SYSTEMPATH\rewrite.php(44): require_once('C:\\Users\\Honore\\Documents\\GitHub\\ecopanier-S4-Mme-Baovola\\public\\index.php')
WARNING - 2026-07-12 19:25:23 --> [DEPRECATED] strtotime(): Passing null to parameter #1 ($datetime) of type string is deprecated in APPPATH\Views\magasinier\produits_content.php on line 103.
 1 APPPATH\Views\magasinier\produits_content.php(103): strtotime(null)
 2 SYSTEMPATH\View\View.php(240): include('C:\\Users\\Honore\\Documents\\GitHub\\ecopanier-S4-Mme-Baovola\\app\\Views\\magasinier\\produits_content.php')
 3 SYSTEMPATH\View\View.php(243): CodeIgniter\View\View->{closure:CodeIgniter\View\View::render():237}()
 4 SYSTEMPATH\Common.php(1250): CodeIgniter\View\View->render('magasinier/produits_content', [], true)
 5 APPPATH\Views\admin\produits.php(21): view('magasinier/produits_content')
 6 SYSTEMPATH\View\View.php(240): include('C:\\Users\\Honore\\Documents\\GitHub\\ecopanier-S4-Mme-Baovola\\app\\Views\\admin\\produits.php')
 7 SYSTEMPATH\View\View.php(243): CodeIgniter\View\View->{closure:CodeIgniter\View\View::render():237}()
 8 SYSTEMPATH\Common.php(1250): CodeIgniter\View\View->render('admin/produits', [], true)
 9 APPPATH\Controllers\AdminController.php(367): view('admin/produits', [...])
10 SYSTEMPATH\CodeIgniter.php(951): App\Controllers\AdminController->produits()
11 SYSTEMPATH\CodeIgniter.php(497): CodeIgniter\CodeIgniter->runController(Object(App\Controllers\AdminController))
12 SYSTEMPATH\CodeIgniter.php(340): CodeIgniter\CodeIgniter->handleRequest(null, Object(Config\Cache), false)
13 SYSTEMPATH\Boot.php(417): CodeIgniter\CodeIgniter->run()
14 SYSTEMPATH\Boot.php(68): CodeIgniter\Boot::runCodeIgniter(Object(CodeIgniter\CodeIgniter))
15 FCPATH\index.php(59): CodeIgniter\Boot::bootWeb(Object(Config\Paths))
16 SYSTEMPATH\rewrite.php(44): require_once('C:\\Users\\Honore\\Documents\\GitHub\\ecopanier-S4-Mme-Baovola\\public\\index.php')
WARNING - 2026-07-12 19:25:23 --> [DEPRECATED] strtotime(): Passing null to parameter #1 ($datetime) of type string is deprecated in APPPATH\Views\magasinier\produits_content.php on line 103.
 1 APPPATH\Views\magasinier\produits_content.php(103): strtotime(null)
 2 SYSTEMPATH\View\View.php(240): include('C:\\Users\\Honore\\Documents\\GitHub\\ecopanier-S4-Mme-Baovola\\app\\Views\\magasinier\\produits_content.php')
 3 SYSTEMPATH\View\View.php(243): CodeIgniter\View\View->{closure:CodeIgniter\View\View::render():237}()
 4 SYSTEMPATH\Common.php(1250): CodeIgniter\View\View->render('magasinier/produits_content', [], true)
 5 APPPATH\Views\admin\produits.php(21): view('magasinier/produits_content')
 6 SYSTEMPATH\View\View.php(240): include('C:\\Users\\Honore\\Documents\\GitHub\\ecopanier-S4-Mme-Baovola\\app\\Views\\admin\\produits.php')
 7 SYSTEMPATH\View\View.php(243): CodeIgniter\View\View->{closure:CodeIgniter\View\View::render():237}()
 8 SYSTEMPATH\Common.php(1250): CodeIgniter\View\View->render('admin/produits', [], true)
 9 APPPATH\Controllers\AdminController.php(367): view('admin/produits', [...])
10 SYSTEMPATH\CodeIgniter.php(951): App\Controllers\AdminController->produits()
11 SYSTEMPATH\CodeIgniter.php(497): CodeIgniter\CodeIgniter->runController(Object(App\Controllers\AdminController))
12 SYSTEMPATH\CodeIgniter.php(340): CodeIgniter\CodeIgniter->handleRequest(null, Object(Config\Cache), false)
13 SYSTEMPATH\Boot.php(417): CodeIgniter\CodeIgniter->run()
14 SYSTEMPATH\Boot.php(68): CodeIgniter\Boot::runCodeIgniter(Object(CodeIgniter\CodeIgniter))
15 FCPATH\index.php(59): CodeIgniter\Boot::bootWeb(Object(Config\Paths))
16 SYSTEMPATH\rewrite.php(44): require_once('C:\\Users\\Honore\\Documents\\GitHub\\ecopanier-S4-Mme-Baovola\\public\\index.php')
WARNING - 2026-07-12 19:25:23 --> [DEPRECATED] strtotime(): Passing null to parameter #1 ($datetime) of type string is deprecated in APPPATH\Views\magasinier\produits_content.php on line 103.
 1 APPPATH\Views\magasinier\produits_content.php(103): strtotime(null)
 2 SYSTEMPATH\View\View.php(240): include('C:\\Users\\Honore\\Documents\\GitHub\\ecopanier-S4-Mme-Baovola\\app\\Views\\magasinier\\produits_content.php')
 3 SYSTEMPATH\View\View.php(243): CodeIgniter\View\View->{closure:CodeIgniter\View\View::render():237}()
 4 SYSTEMPATH\Common.php(1250): CodeIgniter\View\View->render('magasinier/produits_content', [], true)
 5 APPPATH\Views\admin\produits.php(21): view('magasinier/produits_content')
 6 SYSTEMPATH\View\View.php(240): include('C:\\Users\\Honore\\Documents\\GitHub\\ecopanier-S4-Mme-Baovola\\app\\Views\\admin\\produits.php')
 7 SYSTEMPATH\View\View.php(243): CodeIgniter\View\View->{closure:CodeIgniter\View\View::render():237}()
 8 SYSTEMPATH\Common.php(1250): CodeIgniter\View\View->render('admin/produits', [], true)
 9 APPPATH\Controllers\AdminController.php(367): view('admin/produits', [...])
10 SYSTEMPATH\CodeIgniter.php(951): App\Controllers\AdminController->produits()
11 SYSTEMPATH\CodeIgniter.php(497): CodeIgniter\CodeIgniter->runController(Object(App\Controllers\AdminController))
12 SYSTEMPATH\CodeIgniter.php(340): CodeIgniter\CodeIgniter->handleRequest(null, Object(Config\Cache), false)
13 SYSTEMPATH\Boot.php(417): CodeIgniter\CodeIgniter->run()
14 SYSTEMPATH\Boot.php(68): CodeIgniter\Boot::runCodeIgniter(Object(CodeIgniter\CodeIgniter))
15 FCPATH\index.php(59): CodeIgniter\Boot::bootWeb(Object(Config\Paths))
16 SYSTEMPATH\rewrite.php(44): require_once('C:\\Users\\Honore\\Documents\\GitHub\\ecopanier-S4-Mme-Baovola\\public\\index.php')
WARNING - 2026-07-12 19:25:23 --> [DEPRECATED] strtotime(): Passing null to parameter #1 ($datetime) of type string is deprecated in APPPATH\Views\magasinier\produits_content.php on line 103.
 1 APPPATH\Views\magasinier\produits_content.php(103): strtotime(null)
 2 SYSTEMPATH\View\View.php(240): include('C:\\Users\\Honore\\Documents\\GitHub\\ecopanier-S4-Mme-Baovola\\app\\Views\\magasinier\\produits_content.php')
 3 SYSTEMPATH\View\View.php(243): CodeIgniter\View\View->{closure:CodeIgniter\View\View::render():237}()
 4 SYSTEMPATH\Common.php(1250): CodeIgniter\View\View->render('magasinier/produits_content', [], true)
 5 APPPATH\Views\admin\produits.php(21): view('magasinier/produits_content')
 6 SYSTEMPATH\View\View.php(240): include('C:\\Users\\Honore\\Documents\\GitHub\\ecopanier-S4-Mme-Baovola\\app\\Views\\admin\\produits.php')
 7 SYSTEMPATH\View\View.php(243): CodeIgniter\View\View->{closure:CodeIgniter\View\View::render():237}()
 8 SYSTEMPATH\Common.php(1250): CodeIgniter\View\View->render('admin/produits', [], true)
 9 APPPATH\Controllers\AdminController.php(367): view('admin/produits', [...])
10 SYSTEMPATH\CodeIgniter.php(951): App\Controllers\AdminController->produits()
11 SYSTEMPATH\CodeIgniter.php(497): CodeIgniter\CodeIgniter->runController(Object(App\Controllers\AdminController))
12 SYSTEMPATH\CodeIgniter.php(340): CodeIgniter\CodeIgniter->handleRequest(null, Object(Config\Cache), false)
13 SYSTEMPATH\Boot.php(417): CodeIgniter\CodeIgniter->run()
14 SYSTEMPATH\Boot.php(68): CodeIgniter\Boot::runCodeIgniter(Object(CodeIgniter\CodeIgniter))
15 FCPATH\index.php(59): CodeIgniter\Boot::bootWeb(Object(Config\Paths))
16 SYSTEMPATH\rewrite.php(44): require_once('C:\\Users\\Honore\\Documents\\GitHub\\ecopanier-S4-Mme-Baovola\\public\\index.php')
WARNING - 2026-07-12 19:25:23 --> [DEPRECATED] strtotime(): Passing null to parameter #1 ($datetime) of type string is deprecated in APPPATH\Views\magasinier\produits_content.php on line 103.
 1 APPPATH\Views\magasinier\produits_content.php(103): strtotime(null)
 2 SYSTEMPATH\View\View.php(240): include('C:\\Users\\Honore\\Documents\\GitHub\\ecopanier-S4-Mme-Baovola\\app\\Views\\magasinier\\produits_content.php')
 3 SYSTEMPATH\View\View.php(243): CodeIgniter\View\View->{closure:CodeIgniter\View\View::render():237}()
 4 SYSTEMPATH\Common.php(1250): CodeIgniter\View\View->render('magasinier/produits_content', [], true)
 5 APPPATH\Views\admin\produits.php(21): view('magasinier/produits_content')
 6 SYSTEMPATH\View\View.php(240): include('C:\\Users\\Honore\\Documents\\GitHub\\ecopanier-S4-Mme-Baovola\\app\\Views\\admin\\produits.php')
 7 SYSTEMPATH\View\View.php(243): CodeIgniter\View\View->{closure:CodeIgniter\View\View::render():237}()
 8 SYSTEMPATH\Common.php(1250): CodeIgniter\View\View->render('admin/produits', [], true)
 9 APPPATH\Controllers\AdminController.php(367): view('admin/produits', [...])
10 SYSTEMPATH\CodeIgniter.php(951): App\Controllers\AdminController->produits()
11 SYSTEMPATH\CodeIgniter.php(497): CodeIgniter\CodeIgniter->runController(Object(App\Controllers\AdminController))
12 SYSTEMPATH\CodeIgniter.php(340): CodeIgniter\CodeIgniter->handleRequest(null, Object(Config\Cache), false)
13 SYSTEMPATH\Boot.php(417): CodeIgniter\CodeIgniter->run()
14 SYSTEMPATH\Boot.php(68): CodeIgniter\Boot::runCodeIgniter(Object(CodeIgniter\CodeIgniter))
15 FCPATH\index.php(59): CodeIgniter\Boot::bootWeb(Object(Config\Paths))
16 SYSTEMPATH\rewrite.php(44): require_once('C:\\Users\\Honore\\Documents\\GitHub\\ecopanier-S4-Mme-Baovola\\public\\index.php')
WARNING - 2026-07-12 19:25:23 --> [DEPRECATED] strtotime(): Passing null to parameter #1 ($datetime) of type string is deprecated in APPPATH\Views\magasinier\produits_content.php on line 103.
 1 APPPATH\Views\magasinier\produits_content.php(103): strtotime(null)
 2 SYSTEMPATH\View\View.php(240): include('C:\\Users\\Honore\\Documents\\GitHub\\ecopanier-S4-Mme-Baovola\\app\\Views\\magasinier\\produits_content.php')
 3 SYSTEMPATH\View\View.php(243): CodeIgniter\View\View->{closure:CodeIgniter\View\View::render():237}()
 4 SYSTEMPATH\Common.php(1250): CodeIgniter\View\View->render('magasinier/produits_content', [], true)
 5 APPPATH\Views\admin\produits.php(21): view('magasinier/produits_content')
 6 SYSTEMPATH\View\View.php(240): include('C:\\Users\\Honore\\Documents\\GitHub\\ecopanier-S4-Mme-Baovola\\app\\Views\\admin\\produits.php')
 7 SYSTEMPATH\View\View.php(243): CodeIgniter\View\View->{closure:CodeIgniter\View\View::render():237}()
 8 SYSTEMPATH\Common.php(1250): CodeIgniter\View\View->render('admin/produits', [], true)
 9 APPPATH\Controllers\AdminController.php(367): view('admin/produits', [...])
10 SYSTEMPATH\CodeIgniter.php(951): App\Controllers\AdminController->produits()
11 SYSTEMPATH\CodeIgniter.php(497): CodeIgniter\CodeIgniter->runController(Object(App\Controllers\AdminController))
12 SYSTEMPATH\CodeIgniter.php(340): CodeIgniter\CodeIgniter->handleRequest(null, Object(Config\Cache), false)
13 SYSTEMPATH\Boot.php(417): CodeIgniter\CodeIgniter->run()
14 SYSTEMPATH\Boot.php(68): CodeIgniter\Boot::runCodeIgniter(Object(CodeIgniter\CodeIgniter))
15 FCPATH\index.php(59): CodeIgniter\Boot::bootWeb(Object(Config\Paths))
16 SYSTEMPATH\rewrite.php(44): require_once('C:\\Users\\Honore\\Documents\\GitHub\\ecopanier-S4-Mme-Baovola\\public\\index.php')
WARNING - 2026-07-12 19:25:23 --> [DEPRECATED] strtotime(): Passing null to parameter #1 ($datetime) of type string is deprecated in APPPATH\Views\magasinier\produits_content.php on line 103.
 1 APPPATH\Views\magasinier\produits_content.php(103): strtotime(null)
 2 SYSTEMPATH\View\View.php(240): include('C:\\Users\\Honore\\Documents\\GitHub\\ecopanier-S4-Mme-Baovola\\app\\Views\\magasinier\\produits_content.php')
 3 SYSTEMPATH\View\View.php(243): CodeIgniter\View\View->{closure:CodeIgniter\View\View::render():237}()
 4 SYSTEMPATH\Common.php(1250): CodeIgniter\View\View->render('magasinier/produits_content', [], true)
 5 APPPATH\Views\admin\produits.php(21): view('magasinier/produits_content')
 6 SYSTEMPATH\View\View.php(240): include('C:\\Users\\Honore\\Documents\\GitHub\\ecopanier-S4-Mme-Baovola\\app\\Views\\admin\\produits.php')
 7 SYSTEMPATH\View\View.php(243): CodeIgniter\View\View->{closure:CodeIgniter\View\View::render():237}()
 8 SYSTEMPATH\Common.php(1250): CodeIgniter\View\View->render('admin/produits', [], true)
 9 APPPATH\Controllers\AdminController.php(367): view('admin/produits', [...])
10 SYSTEMPATH\CodeIgniter.php(951): App\Controllers\AdminController->produits()
11 SYSTEMPATH\CodeIgniter.php(497): CodeIgniter\CodeIgniter->runController(Object(App\Controllers\AdminController))
12 SYSTEMPATH\CodeIgniter.php(340): CodeIgniter\CodeIgniter->handleRequest(null, Object(Config\Cache), false)
13 SYSTEMPATH\Boot.php(417): CodeIgniter\CodeIgniter->run()
14 SYSTEMPATH\Boot.php(68): CodeIgniter\Boot::runCodeIgniter(Object(CodeIgniter\CodeIgniter))
15 FCPATH\index.php(59): CodeIgniter\Boot::bootWeb(Object(Config\Paths))
16 SYSTEMPATH\rewrite.php(44): require_once('C:\\Users\\Honore\\Documents\\GitHub\\ecopanier-S4-Mme-Baovola\\public\\index.php')
DEBUG - 2026-07-12 19:25:24 --> Session: Class initialized using 'CodeIgniter\Session\Handlers\FileHandler' driver.
DEBUG - 2026-07-12 19:25:25 --> Session: Class initialized using 'CodeIgniter\Session\Handlers\FileHandler' driver.
DEBUG - 2026-07-12 19:25:25 --> Session: Class initialized using 'CodeIgniter\Session\Handlers\FileHandler' driver.
DEBUG - 2026-07-12 19:25:26 --> Session: Class initialized using 'CodeIgniter\Session\Handlers\FileHandler' driver.
DEBUG - 2026-07-12 19:25:27 --> Session: Class initialized using 'CodeIgniter\Session\Handlers\FileHandler' driver.
DEBUG - 2026-07-12 19:25:28 --> Session: Class initialized using 'CodeIgniter\Session\Handlers\FileHandler' driver.
DEBUG - 2026-07-12 19:25:29 --> Session: Class initialized using 'CodeIgniter\Session\Handlers\FileHandler' driver.
DEBUG - 2026-07-12 19:25:30 --> Session: Class initialized using 'CodeIgniter\Session\Handlers\FileHandler' driver.
DEBUG - 2026-07-12 19:25:31 --> Session: Class initialized using 'CodeIgniter\Session\Handlers\FileHandler' driver.
DEBUG - 2026-07-12 19:25:31 --> Session: Class initialized using 'CodeIgniter\Session\Handlers\FileHandler' driver.
DEBUG - 2026-07-12 19:25:32 --> Session: Class initialized using 'CodeIgniter\Session\Handlers\FileHandler' driver.
DEBUG - 2026-07-12 19:25:33 --> Session: Class initialized using 'CodeIgniter\Session\Handlers\FileHandler' driver.
DEBUG - 2026-07-12 19:25:34 --> Session: Class initialized using 'CodeIgniter\Session\Handlers\FileHandler' driver.
DEBUG - 2026-07-12 19:25:36 --> Session: Class initialized using 'CodeIgniter\Session\Handlers\FileHandler' driver.
DEBUG - 2026-07-12 19:25:37 --> Session: Class initialized using 'CodeIgniter\Session\Handlers\FileHandler' driver.
DEBUG - 2026-07-12 19:25:39 --> Session: Class initialized using 'CodeIgniter\Session\Handlers\FileHandler' driver.
DEBUG - 2026-07-12 19:25:40 --> Session: Class initialized using 'CodeIgniter\Session\Handlers\FileHandler' driver.
WARNING - 2026-07-12 19:25:40 --> [DEPRECATED] strtotime(): Passing null to parameter #1 ($datetime) of type string is deprecated in APPPATH\Views\magasinier\produits_content.php on line 103.
 1 APPPATH\Views\magasinier\produits_content.php(103): strtotime(null)
 2 SYSTEMPATH\View\View.php(240): include('C:\\Users\\Honore\\Documents\\GitHub\\ecopanier-S4-Mme-Baovola\\app\\Views\\magasinier\\produits_content.php')
 3 SYSTEMPATH\View\View.php(243): CodeIgniter\View\View->{closure:CodeIgniter\View\View::render():237}()
 4 SYSTEMPATH\Common.php(1250): CodeIgniter\View\View->render('magasinier/produits_content', [], true)
 5 APPPATH\Views\admin\produits.php(21): view('magasinier/produits_content')
 6 SYSTEMPATH\View\View.php(240): include('C:\\Users\\Honore\\Documents\\GitHub\\ecopanier-S4-Mme-Baovola\\app\\Views\\admin\\produits.php')
 7 SYSTEMPATH\View\View.php(243): CodeIgniter\View\View->{closure:CodeIgniter\View\View::render():237}()
 8 SYSTEMPATH\Common.php(1250): CodeIgniter\View\View->render('admin/produits', [], true)
 9 APPPATH\Controllers\AdminController.php(367): view('admin/produits', [...])
10 SYSTEMPATH\CodeIgniter.php(951): App\Controllers\AdminController->produits()
11 SYSTEMPATH\CodeIgniter.php(497): CodeIgniter\CodeIgniter->runController(Object(App\Controllers\AdminController))
12 SYSTEMPATH\CodeIgniter.php(340): CodeIgniter\CodeIgniter->handleRequest(null, Object(Config\Cache), false)
13 SYSTEMPATH\Boot.php(417): CodeIgniter\CodeIgniter->run()
14 SYSTEMPATH\Boot.php(68): CodeIgniter\Boot::runCodeIgniter(Object(CodeIgniter\CodeIgniter))
15 FCPATH\index.php(59): CodeIgniter\Boot::bootWeb(Object(Config\Paths))
16 SYSTEMPATH\rewrite.php(44): require_once('C:\\Users\\Honore\\Documents\\GitHub\\ecopanier-S4-Mme-Baovola\\public\\index.php')
WARNING - 2026-07-12 19:25:40 --> [DEPRECATED] strtotime(): Passing null to parameter #1 ($datetime) of type string is deprecated in APPPATH\Views\magasinier\produits_content.php on line 103.
 1 APPPATH\Views\magasinier\produits_content.php(103): strtotime(null)
 2 SYSTEMPATH\View\View.php(240): include('C:\\Users\\Honore\\Documents\\GitHub\\ecopanier-S4-Mme-Baovola\\app\\Views\\magasinier\\produits_content.php')
 3 SYSTEMPATH\View\View.php(243): CodeIgniter\View\View->{closure:CodeIgniter\View\View::render():237}()
 4 SYSTEMPATH\Common.php(1250): CodeIgniter\View\View->render('magasinier/produits_content', [], true)
 5 APPPATH\Views\admin\produits.php(21): view('magasinier/produits_content')
 6 SYSTEMPATH\View\View.php(240): include('C:\\Users\\Honore\\Documents\\GitHub\\ecopanier-S4-Mme-Baovola\\app\\Views\\admin\\produits.php')
 7 SYSTEMPATH\View\View.php(243): CodeIgniter\View\View->{closure:CodeIgniter\View\View::render():237}()
 8 SYSTEMPATH\Common.php(1250): CodeIgniter\View\View->render('admin/produits', [], true)
 9 APPPATH\Controllers\AdminController.php(367): view('admin/produits', [...])
10 SYSTEMPATH\CodeIgniter.php(951): App\Controllers\AdminController->produits()
11 SYSTEMPATH\CodeIgniter.php(497): CodeIgniter\CodeIgniter->runController(Object(App\Controllers\AdminController))
12 SYSTEMPATH\CodeIgniter.php(340): CodeIgniter\CodeIgniter->handleRequest(null, Object(Config\Cache), false)
13 SYSTEMPATH\Boot.php(417): CodeIgniter\CodeIgniter->run()
14 SYSTEMPATH\Boot.php(68): CodeIgniter\Boot::runCodeIgniter(Object(CodeIgniter\CodeIgniter))
15 FCPATH\index.php(59): CodeIgniter\Boot::bootWeb(Object(Config\Paths))
16 SYSTEMPATH\rewrite.php(44): require_once('C:\\Users\\Honore\\Documents\\GitHub\\ecopanier-S4-Mme-Baovola\\public\\index.php')
WARNING - 2026-07-12 19:25:40 --> [DEPRECATED] strtotime(): Passing null to parameter #1 ($datetime) of type string is deprecated in APPPATH\Views\magasinier\produits_content.php on line 103.
 1 APPPATH\Views\magasinier\produits_content.php(103): strtotime(null)
 2 SYSTEMPATH\View\View.php(240): include('C:\\Users\\Honore\\Documents\\GitHub\\ecopanier-S4-Mme-Baovola\\app\\Views\\magasinier\\produits_content.php')
 3 SYSTEMPATH\View\View.php(243): CodeIgniter\View\View->{closure:CodeIgniter\View\View::render():237}()
 4 SYSTEMPATH\Common.php(1250): CodeIgniter\View\View->render('magasinier/produits_content', [], true)
 5 APPPATH\Views\admin\produits.php(21): view('magasinier/produits_content')
 6 SYSTEMPATH\View\View.php(240): include('C:\\Users\\Honore\\Documents\\GitHub\\ecopanier-S4-Mme-Baovola\\app\\Views\\admin\\produits.php')
 7 SYSTEMPATH\View\View.php(243): CodeIgniter\View\View->{closure:CodeIgniter\View\View::render():237}()
 8 SYSTEMPATH\Common.php(1250): CodeIgniter\View\View->render('admin/produits', [], true)
 9 APPPATH\Controllers\AdminController.php(367): view('admin/produits', [...])
10 SYSTEMPATH\CodeIgniter.php(951): App\Controllers\AdminController->produits()
11 SYSTEMPATH\CodeIgniter.php(497): CodeIgniter\CodeIgniter->runController(Object(App\Controllers\AdminController))
12 SYSTEMPATH\CodeIgniter.php(340): CodeIgniter\CodeIgniter->handleRequest(null, Object(Config\Cache), false)
13 SYSTEMPATH\Boot.php(417): CodeIgniter\CodeIgniter->run()
14 SYSTEMPATH\Boot.php(68): CodeIgniter\Boot::runCodeIgniter(Object(CodeIgniter\CodeIgniter))
15 FCPATH\index.php(59): CodeIgniter\Boot::bootWeb(Object(Config\Paths))
16 SYSTEMPATH\rewrite.php(44): require_once('C:\\Users\\Honore\\Documents\\GitHub\\ecopanier-S4-Mme-Baovola\\public\\index.php')
WARNING - 2026-07-12 19:25:40 --> [DEPRECATED] strtotime(): Passing null to parameter #1 ($datetime) of type string is deprecated in APPPATH\Views\magasinier\produits_content.php on line 103.
 1 APPPATH\Views\magasinier\produits_content.php(103): strtotime(null)
 2 SYSTEMPATH\View\View.php(240): include('C:\\Users\\Honore\\Documents\\GitHub\\ecopanier-S4-Mme-Baovola\\app\\Views\\magasinier\\produits_content.php')
 3 SYSTEMPATH\View\View.php(243): CodeIgniter\View\View->{closure:CodeIgniter\View\View::render():237}()
 4 SYSTEMPATH\Common.php(1250): CodeIgniter\View\View->render('magasinier/produits_content', [], true)
 5 APPPATH\Views\admin\produits.php(21): view('magasinier/produits_content')
 6 SYSTEMPATH\View\View.php(240): include('C:\\Users\\Honore\\Documents\\GitHub\\ecopanier-S4-Mme-Baovola\\app\\Views\\admin\\produits.php')
 7 SYSTEMPATH\View\View.php(243): CodeIgniter\View\View->{closure:CodeIgniter\View\View::render():237}()
 8 SYSTEMPATH\Common.php(1250): CodeIgniter\View\View->render('admin/produits', [], true)
 9 APPPATH\Controllers\AdminController.php(367): view('admin/produits', [...])
10 SYSTEMPATH\CodeIgniter.php(951): App\Controllers\AdminController->produits()
11 SYSTEMPATH\CodeIgniter.php(497): CodeIgniter\CodeIgniter->runController(Object(App\Controllers\AdminController))
12 SYSTEMPATH\CodeIgniter.php(340): CodeIgniter\CodeIgniter->handleRequest(null, Object(Config\Cache), false)
13 SYSTEMPATH\Boot.php(417): CodeIgniter\CodeIgniter->run()
14 SYSTEMPATH\Boot.php(68): CodeIgniter\Boot::runCodeIgniter(Object(CodeIgniter\CodeIgniter))
15 FCPATH\index.php(59): CodeIgniter\Boot::bootWeb(Object(Config\Paths))
16 SYSTEMPATH\rewrite.php(44): require_once('C:\\Users\\Honore\\Documents\\GitHub\\ecopanier-S4-Mme-Baovola\\public\\index.php')
WARNING - 2026-07-12 19:25:40 --> [DEPRECATED] strtotime(): Passing null to parameter #1 ($datetime) of type string is deprecated in APPPATH\Views\magasinier\produits_content.php on line 103.
 1 APPPATH\Views\magasinier\produits_content.php(103): strtotime(null)
 2 SYSTEMPATH\View\View.php(240): include('C:\\Users\\Honore\\Documents\\GitHub\\ecopanier-S4-Mme-Baovola\\app\\Views\\magasinier\\produits_content.php')
 3 SYSTEMPATH\View\View.php(243): CodeIgniter\View\View->{closure:CodeIgniter\View\View::render():237}()
 4 SYSTEMPATH\Common.php(1250): CodeIgniter\View\View->render('magasinier/produits_content', [], true)
 5 APPPATH\Views\admin\produits.php(21): view('magasinier/produits_content')
 6 SYSTEMPATH\View\View.php(240): include('C:\\Users\\Honore\\Documents\\GitHub\\ecopanier-S4-Mme-Baovola\\app\\Views\\admin\\produits.php')
 7 SYSTEMPATH\View\View.php(243): CodeIgniter\View\View->{closure:CodeIgniter\View\View::render():237}()
 8 SYSTEMPATH\Common.php(1250): CodeIgniter\View\View->render('admin/produits', [], true)
 9 APPPATH\Controllers\AdminController.php(367): view('admin/produits', [...])
10 SYSTEMPATH\CodeIgniter.php(951): App\Controllers\AdminController->produits()
11 SYSTEMPATH\CodeIgniter.php(497): CodeIgniter\CodeIgniter->runController(Object(App\Controllers\AdminController))
12 SYSTEMPATH\CodeIgniter.php(340): CodeIgniter\CodeIgniter->handleRequest(null, Object(Config\Cache), false)
13 SYSTEMPATH\Boot.php(417): CodeIgniter\CodeIgniter->run()
14 SYSTEMPATH\Boot.php(68): CodeIgniter\Boot::runCodeIgniter(Object(CodeIgniter\CodeIgniter))
15 FCPATH\index.php(59): CodeIgniter\Boot::bootWeb(Object(Config\Paths))
16 SYSTEMPATH\rewrite.php(44): require_once('C:\\Users\\Honore\\Documents\\GitHub\\ecopanier-S4-Mme-Baovola\\public\\index.php')
WARNING - 2026-07-12 19:25:40 --> [DEPRECATED] strtotime(): Passing null to parameter #1 ($datetime) of type string is deprecated in APPPATH\Views\magasinier\produits_content.php on line 103.
 1 APPPATH\Views\magasinier\produits_content.php(103): strtotime(null)
 2 SYSTEMPATH\View\View.php(240): include('C:\\Users\\Honore\\Documents\\GitHub\\ecopanier-S4-Mme-Baovola\\app\\Views\\magasinier\\produits_content.php')
 3 SYSTEMPATH\View\View.php(243): CodeIgniter\View\View->{closure:CodeIgniter\View\View::render():237}()
 4 SYSTEMPATH\Common.php(1250): CodeIgniter\View\View->render('magasinier/produits_content', [], true)
 5 APPPATH\Views\admin\produits.php(21): view('magasinier/produits_content')
 6 SYSTEMPATH\View\View.php(240): include('C:\\Users\\Honore\\Documents\\GitHub\\ecopanier-S4-Mme-Baovola\\app\\Views\\admin\\produits.php')
 7 SYSTEMPATH\View\View.php(243): CodeIgniter\View\View->{closure:CodeIgniter\View\View::render():237}()
 8 SYSTEMPATH\Common.php(1250): CodeIgniter\View\View->render('admin/produits', [], true)
 9 APPPATH\Controllers\AdminController.php(367): view('admin/produits', [...])
10 SYSTEMPATH\CodeIgniter.php(951): App\Controllers\AdminController->produits()
11 SYSTEMPATH\CodeIgniter.php(497): CodeIgniter\CodeIgniter->runController(Object(App\Controllers\AdminController))
12 SYSTEMPATH\CodeIgniter.php(340): CodeIgniter\CodeIgniter->handleRequest(null, Object(Config\Cache), false)
13 SYSTEMPATH\Boot.php(417): CodeIgniter\CodeIgniter->run()
14 SYSTEMPATH\Boot.php(68): CodeIgniter\Boot::runCodeIgniter(Object(CodeIgniter\CodeIgniter))
15 FCPATH\index.php(59): CodeIgniter\Boot::bootWeb(Object(Config\Paths))
16 SYSTEMPATH\rewrite.php(44): require_once('C:\\Users\\Honore\\Documents\\GitHub\\ecopanier-S4-Mme-Baovola\\public\\index.php')
WARNING - 2026-07-12 19:25:40 --> [DEPRECATED] strtotime(): Passing null to parameter #1 ($datetime) of type string is deprecated in APPPATH\Views\magasinier\produits_content.php on line 103.
 1 APPPATH\Views\magasinier\produits_content.php(103): strtotime(null)
 2 SYSTEMPATH\View\View.php(240): include('C:\\Users\\Honore\\Documents\\GitHub\\ecopanier-S4-Mme-Baovola\\app\\Views\\magasinier\\produits_content.php')
 3 SYSTEMPATH\View\View.php(243): CodeIgniter\View\View->{closure:CodeIgniter\View\View::render():237}()
 4 SYSTEMPATH\Common.php(1250): CodeIgniter\View\View->render('magasinier/produits_content', [], true)
 5 APPPATH\Views\admin\produits.php(21): view('magasinier/produits_content')
 6 SYSTEMPATH\View\View.php(240): include('C:\\Users\\Honore\\Documents\\GitHub\\ecopanier-S4-Mme-Baovola\\app\\Views\\admin\\produits.php')
 7 SYSTEMPATH\View\View.php(243): CodeIgniter\View\View->{closure:CodeIgniter\View\View::render():237}()
 8 SYSTEMPATH\Common.php(1250): CodeIgniter\View\View->render('admin/produits', [], true)
 9 APPPATH\Controllers\AdminController.php(367): view('admin/produits', [...])
10 SYSTEMPATH\CodeIgniter.php(951): App\Controllers\AdminController->produits()
11 SYSTEMPATH\CodeIgniter.php(497): CodeIgniter\CodeIgniter->runController(Object(App\Controllers\AdminController))
12 SYSTEMPATH\CodeIgniter.php(340): CodeIgniter\CodeIgniter->handleRequest(null, Object(Config\Cache), false)
13 SYSTEMPATH\Boot.php(417): CodeIgniter\CodeIgniter->run()
14 SYSTEMPATH\Boot.php(68): CodeIgniter\Boot::runCodeIgniter(Object(CodeIgniter\CodeIgniter))
15 FCPATH\index.php(59): CodeIgniter\Boot::bootWeb(Object(Config\Paths))
16 SYSTEMPATH\rewrite.php(44): require_once('C:\\Users\\Honore\\Documents\\GitHub\\ecopanier-S4-Mme-Baovola\\public\\index.php')
WARNING - 2026-07-12 19:25:40 --> [DEPRECATED] strtotime(): Passing null to parameter #1 ($datetime) of type string is deprecated in APPPATH\Views\magasinier\produits_content.php on line 103.
 1 APPPATH\Views\magasinier\produits_content.php(103): strtotime(null)
 2 SYSTEMPATH\View\View.php(240): include('C:\\Users\\Honore\\Documents\\GitHub\\ecopanier-S4-Mme-Baovola\\app\\Views\\magasinier\\produits_content.php')
 3 SYSTEMPATH\View\View.php(243): CodeIgniter\View\View->{closure:CodeIgniter\View\View::render():237}()
 4 SYSTEMPATH\Common.php(1250): CodeIgniter\View\View->render('magasinier/produits_content', [], true)
 5 APPPATH\Views\admin\produits.php(21): view('magasinier/produits_content')
 6 SYSTEMPATH\View\View.php(240): include('C:\\Users\\Honore\\Documents\\GitHub\\ecopanier-S4-Mme-Baovola\\app\\Views\\admin\\produits.php')
 7 SYSTEMPATH\View\View.php(243): CodeIgniter\View\View->{closure:CodeIgniter\View\View::render():237}()
 8 SYSTEMPATH\Common.php(1250): CodeIgniter\View\View->render('admin/produits', [], true)
 9 APPPATH\Controllers\AdminController.php(367): view('admin/produits', [...])
10 SYSTEMPATH\CodeIgniter.php(951): App\Controllers\AdminController->produits()
11 SYSTEMPATH\CodeIgniter.php(497): CodeIgniter\CodeIgniter->runController(Object(App\Controllers\AdminController))
12 SYSTEMPATH\CodeIgniter.php(340): CodeIgniter\CodeIgniter->handleRequest(null, Object(Config\Cache), false)
13 SYSTEMPATH\Boot.php(417): CodeIgniter\CodeIgniter->run()
14 SYSTEMPATH\Boot.php(68): CodeIgniter\Boot::runCodeIgniter(Object(CodeIgniter\CodeIgniter))
15 FCPATH\index.php(59): CodeIgniter\Boot::bootWeb(Object(Config\Paths))
16 SYSTEMPATH\rewrite.php(44): require_once('C:\\Users\\Honore\\Documents\\GitHub\\ecopanier-S4-Mme-Baovola\\public\\index.php')
DEBUG - 2026-07-12 19:27:42 --> Session: Class initialized using 'CodeIgniter\Session\Handlers\FileHandler' driver.
DEBUG - 2026-07-12 19:27:42 --> Session: Class initialized using 'CodeIgniter\Session\Handlers\FileHandler' driver.
DEBUG - 2026-07-12 19:27:53 --> Session: Class initialized using 'CodeIgniter\Session\Handlers\FileHandler' driver.
DEBUG - 2026-07-12 19:27:53 --> Session: Class initialized using 'CodeIgniter\Session\Handlers\FileHandler' driver.
DEBUG - 2026-07-12 19:29:50 --> Session: Class initialized using 'CodeIgniter\Session\Handlers\FileHandler' driver.
DEBUG - 2026-07-12 19:33:19 --> Session: Class initialized using 'CodeIgniter\Session\Handlers\FileHandler' driver.
DEBUG - 2026-07-12 19:33:22 --> Session: Class initialized using 'CodeIgniter\Session\Handlers\FileHandler' driver.
DEBUG - 2026-07-12 19:33:23 --> Session: Class initialized using 'CodeIgniter\Session\Handlers\FileHandler' driver.
DEBUG - 2026-07-12 19:33:25 --> Session: Class initialized using 'CodeIgniter\Session\Handlers\FileHandler' driver.
WARNING - 2026-07-12 19:33:25 --> [DEPRECATED] strtotime(): Passing null to parameter #1 ($datetime) of type string is deprecated in APPPATH\Views\magasinier\categories_content.php on line 120.
 1 APPPATH\Views\magasinier\categories_content.php(120): strtotime(null)
 2 SYSTEMPATH\View\View.php(240): include('C:\\Users\\Honore\\Documents\\GitHub\\ecopanier-S4-Mme-Baovola\\app\\Views\\magasinier\\categories_content.php')
 3 SYSTEMPATH\View\View.php(243): CodeIgniter\View\View->{closure:CodeIgniter\View\View::render():237}()
 4 SYSTEMPATH\Common.php(1250): CodeIgniter\View\View->render('magasinier/categories_content', [], true)
 5 APPPATH\Views\admin\categories.php(21): view('magasinier/categories_content')
 6 SYSTEMPATH\View\View.php(240): include('C:\\Users\\Honore\\Documents\\GitHub\\ecopanier-S4-Mme-Baovola\\app\\Views\\admin\\categories.php')
 7 SYSTEMPATH\View\View.php(243): CodeIgniter\View\View->{closure:CodeIgniter\View\View::render():237}()
 8 SYSTEMPATH\Common.php(1250): CodeIgniter\View\View->render('admin/categories', [], true)
 9 APPPATH\Controllers\AdminController.php(335): view('admin/categories', [...])
10 SYSTEMPATH\CodeIgniter.php(951): App\Controllers\AdminController->categories()
11 SYSTEMPATH\CodeIgniter.php(497): CodeIgniter\CodeIgniter->runController(Object(App\Controllers\AdminController))
12 SYSTEMPATH\CodeIgniter.php(340): CodeIgniter\CodeIgniter->handleRequest(null, Object(Config\Cache), false)
13 SYSTEMPATH\Boot.php(417): CodeIgniter\CodeIgniter->run()
14 SYSTEMPATH\Boot.php(68): CodeIgniter\Boot::runCodeIgniter(Object(CodeIgniter\CodeIgniter))
15 FCPATH\index.php(59): CodeIgniter\Boot::bootWeb(Object(Config\Paths))
16 SYSTEMPATH\rewrite.php(44): require_once('C:\\Users\\Honore\\Documents\\GitHub\\ecopanier-S4-Mme-Baovola\\public\\index.php')
WARNING - 2026-07-12 19:33:25 --> [DEPRECATED] strtotime(): Passing null to parameter #1 ($datetime) of type string is deprecated in APPPATH\Views\magasinier\categories_content.php on line 120.
 1 APPPATH\Views\magasinier\categories_content.php(120): strtotime(null)
 2 SYSTEMPATH\View\View.php(240): include('C:\\Users\\Honore\\Documents\\GitHub\\ecopanier-S4-Mme-Baovola\\app\\Views\\magasinier\\categories_content.php')
 3 SYSTEMPATH\View\View.php(243): CodeIgniter\View\View->{closure:CodeIgniter\View\View::render():237}()
 4 SYSTEMPATH\Common.php(1250): CodeIgniter\View\View->render('magasinier/categories_content', [], true)
 5 APPPATH\Views\admin\categories.php(21): view('magasinier/categories_content')
 6 SYSTEMPATH\View\View.php(240): include('C:\\Users\\Honore\\Documents\\GitHub\\ecopanier-S4-Mme-Baovola\\app\\Views\\admin\\categories.php')
 7 SYSTEMPATH\View\View.php(243): CodeIgniter\View\View->{closure:CodeIgniter\View\View::render():237}()
 8 SYSTEMPATH\Common.php(1250): CodeIgniter\View\View->render('admin/categories', [], true)
 9 APPPATH\Controllers\AdminController.php(335): view('admin/categories', [...])
10 SYSTEMPATH\CodeIgniter.php(951): App\Controllers\AdminController->categories()
11 SYSTEMPATH\CodeIgniter.php(497): CodeIgniter\CodeIgniter->runController(Object(App\Controllers\AdminController))
12 SYSTEMPATH\CodeIgniter.php(340): CodeIgniter\CodeIgniter->handleRequest(null, Object(Config\Cache), false)
13 SYSTEMPATH\Boot.php(417): CodeIgniter\CodeIgniter->run()
14 SYSTEMPATH\Boot.php(68): CodeIgniter\Boot::runCodeIgniter(Object(CodeIgniter\CodeIgniter))
15 FCPATH\index.php(59): CodeIgniter\Boot::bootWeb(Object(Config\Paths))
16 SYSTEMPATH\rewrite.php(44): require_once('C:\\Users\\Honore\\Documents\\GitHub\\ecopanier-S4-Mme-Baovola\\public\\index.php')
WARNING - 2026-07-12 19:33:25 --> [DEPRECATED] strtotime(): Passing null to parameter #1 ($datetime) of type string is deprecated in APPPATH\Views\magasinier\categories_content.php on line 120.
 1 APPPATH\Views\magasinier\categories_content.php(120): strtotime(null)
 2 SYSTEMPATH\View\View.php(240): include('C:\\Users\\Honore\\Documents\\GitHub\\ecopanier-S4-Mme-Baovola\\app\\Views\\magasinier\\categories_content.php')
 3 SYSTEMPATH\View\View.php(243): CodeIgniter\View\View->{closure:CodeIgniter\View\View::render():237}()
 4 SYSTEMPATH\Common.php(1250): CodeIgniter\View\View->render('magasinier/categories_content', [], true)
 5 APPPATH\Views\admin\categories.php(21): view('magasinier/categories_content')
 6 SYSTEMPATH\View\View.php(240): include('C:\\Users\\Honore\\Documents\\GitHub\\ecopanier-S4-Mme-Baovola\\app\\Views\\admin\\categories.php')
 7 SYSTEMPATH\View\View.php(243): CodeIgniter\View\View->{closure:CodeIgniter\View\View::render():237}()
 8 SYSTEMPATH\Common.php(1250): CodeIgniter\View\View->render('admin/categories', [], true)
 9 APPPATH\Controllers\AdminController.php(335): view('admin/categories', [...])
10 SYSTEMPATH\CodeIgniter.php(951): App\Controllers\AdminController->categories()
11 SYSTEMPATH\CodeIgniter.php(497): CodeIgniter\CodeIgniter->runController(Object(App\Controllers\AdminController))
12 SYSTEMPATH\CodeIgniter.php(340): CodeIgniter\CodeIgniter->handleRequest(null, Object(Config\Cache), false)
13 SYSTEMPATH\Boot.php(417): CodeIgniter\CodeIgniter->run()
14 SYSTEMPATH\Boot.php(68): CodeIgniter\Boot::runCodeIgniter(Object(CodeIgniter\CodeIgniter))
15 FCPATH\index.php(59): CodeIgniter\Boot::bootWeb(Object(Config\Paths))
16 SYSTEMPATH\rewrite.php(44): require_once('C:\\Users\\Honore\\Documents\\GitHub\\ecopanier-S4-Mme-Baovola\\public\\index.php')
WARNING - 2026-07-12 19:33:25 --> [DEPRECATED] strtotime(): Passing null to parameter #1 ($datetime) of type string is deprecated in APPPATH\Views\magasinier\categories_content.php on line 120.
 1 APPPATH\Views\magasinier\categories_content.php(120): strtotime(null)
 2 SYSTEMPATH\View\View.php(240): include('C:\\Users\\Honore\\Documents\\GitHub\\ecopanier-S4-Mme-Baovola\\app\\Views\\magasinier\\categories_content.php')
 3 SYSTEMPATH\View\View.php(243): CodeIgniter\View\View->{closure:CodeIgniter\View\View::render():237}()
 4 SYSTEMPATH\Common.php(1250): CodeIgniter\View\View->render('magasinier/categories_content', [], true)
 5 APPPATH\Views\admin\categories.php(21): view('magasinier/categories_content')
 6 SYSTEMPATH\View\View.php(240): include('C:\\Users\\Honore\\Documents\\GitHub\\ecopanier-S4-Mme-Baovola\\app\\Views\\admin\\categories.php')
 7 SYSTEMPATH\View\View.php(243): CodeIgniter\View\View->{closure:CodeIgniter\View\View::render():237}()
 8 SYSTEMPATH\Common.php(1250): CodeIgniter\View\View->render('admin/categories', [], true)
 9 APPPATH\Controllers\AdminController.php(335): view('admin/categories', [...])
10 SYSTEMPATH\CodeIgniter.php(951): App\Controllers\AdminController->categories()
11 SYSTEMPATH\CodeIgniter.php(497): CodeIgniter\CodeIgniter->runController(Object(App\Controllers\AdminController))
12 SYSTEMPATH\CodeIgniter.php(340): CodeIgniter\CodeIgniter->handleRequest(null, Object(Config\Cache), false)
13 SYSTEMPATH\Boot.php(417): CodeIgniter\CodeIgniter->run()
14 SYSTEMPATH\Boot.php(68): CodeIgniter\Boot::runCodeIgniter(Object(CodeIgniter\CodeIgniter))
15 FCPATH\index.php(59): CodeIgniter\Boot::bootWeb(Object(Config\Paths))
16 SYSTEMPATH\rewrite.php(44): require_once('C:\\Users\\Honore\\Documents\\GitHub\\ecopanier-S4-Mme-Baovola\\public\\index.php')
DEBUG - 2026-07-12 19:33:28 --> Session: Class initialized using 'CodeIgniter\Session\Handlers\FileHandler' driver.
DEBUG - 2026-07-12 19:33:31 --> Session: Class initialized using 'CodeIgniter\Session\Handlers\FileHandler' driver.
DEBUG - 2026-07-12 19:33:32 --> Session: Class initialized using 'CodeIgniter\Session\Handlers\FileHandler' driver.
DEBUG - 2026-07-12 19:33:35 --> Session: Class initialized using 'CodeIgniter\Session\Handlers\FileHandler' driver.
DEBUG - 2026-07-12 19:33:37 --> Session: Class initialized using 'CodeIgniter\Session\Handlers\FileHandler' driver.
DEBUG - 2026-07-12 19:33:39 --> Session: Class initialized using 'CodeIgniter\Session\Handlers\FileHandler' driver.
DEBUG - 2026-07-12 19:33:54 --> Session: Class initialized using 'CodeIgniter\Session\Handlers\FileHandler' driver.
DEBUG - 2026-07-12 19:33:55 --> Session: Class initialized using 'CodeIgniter\Session\Handlers\FileHandler' driver.
DEBUG - 2026-07-12 19:33:55 --> Session: Class initialized using 'CodeIgniter\Session\Handlers\FileHandler' driver.
WARNING - 2026-07-12 19:33:55 --> [DEPRECATED] strtotime(): Passing null to parameter #1 ($datetime) of type string is deprecated in APPPATH\Views\magasinier\categories_content.php on line 120.
 1 APPPATH\Views\magasinier\categories_content.php(120): strtotime(null)
 2 SYSTEMPATH\View\View.php(240): include('C:\\Users\\Honore\\Documents\\GitHub\\ecopanier-S4-Mme-Baovola\\app\\Views\\magasinier\\categories_content.php')
 3 SYSTEMPATH\View\View.php(243): CodeIgniter\View\View->{closure:CodeIgniter\View\View::render():237}()
 4 SYSTEMPATH\Common.php(1250): CodeIgniter\View\View->render('magasinier/categories_content', [], true)
 5 APPPATH\Views\admin\categories.php(21): view('magasinier/categories_content')
 6 SYSTEMPATH\View\View.php(240): include('C:\\Users\\Honore\\Documents\\GitHub\\ecopanier-S4-Mme-Baovola\\app\\Views\\admin\\categories.php')
 7 SYSTEMPATH\View\View.php(243): CodeIgniter\View\View->{closure:CodeIgniter\View\View::render():237}()
 8 SYSTEMPATH\Common.php(1250): CodeIgniter\View\View->render('admin/categories', [], true)
 9 APPPATH\Controllers\AdminController.php(335): view('admin/categories', [...])
10 SYSTEMPATH\CodeIgniter.php(951): App\Controllers\AdminController->categories()
11 SYSTEMPATH\CodeIgniter.php(497): CodeIgniter\CodeIgniter->runController(Object(App\Controllers\AdminController))
12 SYSTEMPATH\CodeIgniter.php(340): CodeIgniter\CodeIgniter->handleRequest(null, Object(Config\Cache), false)
13 SYSTEMPATH\Boot.php(417): CodeIgniter\CodeIgniter->run()
14 SYSTEMPATH\Boot.php(68): CodeIgniter\Boot::runCodeIgniter(Object(CodeIgniter\CodeIgniter))
15 FCPATH\index.php(59): CodeIgniter\Boot::bootWeb(Object(Config\Paths))
16 SYSTEMPATH\rewrite.php(44): require_once('C:\\Users\\Honore\\Documents\\GitHub\\ecopanier-S4-Mme-Baovola\\public\\index.php')
WARNING - 2026-07-12 19:33:55 --> [DEPRECATED] strtotime(): Passing null to parameter #1 ($datetime) of type string is deprecated in APPPATH\Views\magasinier\categories_content.php on line 120.
 1 APPPATH\Views\magasinier\categories_content.php(120): strtotime(null)
 2 SYSTEMPATH\View\View.php(240): include('C:\\Users\\Honore\\Documents\\GitHub\\ecopanier-S4-Mme-Baovola\\app\\Views\\magasinier\\categories_content.php')
 3 SYSTEMPATH\View\View.php(243): CodeIgniter\View\View->{closure:CodeIgniter\View\View::render():237}()
 4 SYSTEMPATH\Common.php(1250): CodeIgniter\View\View->render('magasinier/categories_content', [], true)
 5 APPPATH\Views\admin\categories.php(21): view('magasinier/categories_content')
 6 SYSTEMPATH\View\View.php(240): include('C:\\Users\\Honore\\Documents\\GitHub\\ecopanier-S4-Mme-Baovola\\app\\Views\\admin\\categories.php')
 7 SYSTEMPATH\View\View.php(243): CodeIgniter\View\View->{closure:CodeIgniter\View\View::render():237}()
 8 SYSTEMPATH\Common.php(1250): CodeIgniter\View\View->render('admin/categories', [], true)
 9 APPPATH\Controllers\AdminController.php(335): view('admin/categories', [...])
10 SYSTEMPATH\CodeIgniter.php(951): App\Controllers\AdminController->categories()
11 SYSTEMPATH\CodeIgniter.php(497): CodeIgniter\CodeIgniter->runController(Object(App\Controllers\AdminController))
12 SYSTEMPATH\CodeIgniter.php(340): CodeIgniter\CodeIgniter->handleRequest(null, Object(Config\Cache), false)
13 SYSTEMPATH\Boot.php(417): CodeIgniter\CodeIgniter->run()
14 SYSTEMPATH\Boot.php(68): CodeIgniter\Boot::runCodeIgniter(Object(CodeIgniter\CodeIgniter))
15 FCPATH\index.php(59): CodeIgniter\Boot::bootWeb(Object(Config\Paths))
16 SYSTEMPATH\rewrite.php(44): require_once('C:\\Users\\Honore\\Documents\\GitHub\\ecopanier-S4-Mme-Baovola\\public\\index.php')
WARNING - 2026-07-12 19:33:55 --> [DEPRECATED] strtotime(): Passing null to parameter #1 ($datetime) of type string is deprecated in APPPATH\Views\magasinier\categories_content.php on line 120.
 1 APPPATH\Views\magasinier\categories_content.php(120): strtotime(null)
 2 SYSTEMPATH\View\View.php(240): include('C:\\Users\\Honore\\Documents\\GitHub\\ecopanier-S4-Mme-Baovola\\app\\Views\\magasinier\\categories_content.php')
 3 SYSTEMPATH\View\View.php(243): CodeIgniter\View\View->{closure:CodeIgniter\View\View::render():237}()
 4 SYSTEMPATH\Common.php(1250): CodeIgniter\View\View->render('magasinier/categories_content', [], true)
 5 APPPATH\Views\admin\categories.php(21): view('magasinier/categories_content')
 6 SYSTEMPATH\View\View.php(240): include('C:\\Users\\Honore\\Documents\\GitHub\\ecopanier-S4-Mme-Baovola\\app\\Views\\admin\\categories.php')
 7 SYSTEMPATH\View\View.php(243): CodeIgniter\View\View->{closure:CodeIgniter\View\View::render():237}()
 8 SYSTEMPATH\Common.php(1250): CodeIgniter\View\View->render('admin/categories', [], true)
 9 APPPATH\Controllers\AdminController.php(335): view('admin/categories', [...])
10 SYSTEMPATH\CodeIgniter.php(951): App\Controllers\AdminController->categories()
11 SYSTEMPATH\CodeIgniter.php(497): CodeIgniter\CodeIgniter->runController(Object(App\Controllers\AdminController))
12 SYSTEMPATH\CodeIgniter.php(340): CodeIgniter\CodeIgniter->handleRequest(null, Object(Config\Cache), false)
13 SYSTEMPATH\Boot.php(417): CodeIgniter\CodeIgniter->run()
14 SYSTEMPATH\Boot.php(68): CodeIgniter\Boot::runCodeIgniter(Object(CodeIgniter\CodeIgniter))
15 FCPATH\index.php(59): CodeIgniter\Boot::bootWeb(Object(Config\Paths))
16 SYSTEMPATH\rewrite.php(44): require_once('C:\\Users\\Honore\\Documents\\GitHub\\ecopanier-S4-Mme-Baovola\\public\\index.php')
WARNING - 2026-07-12 19:33:55 --> [DEPRECATED] strtotime(): Passing null to parameter #1 ($datetime) of type string is deprecated in APPPATH\Views\magasinier\categories_content.php on line 120.
 1 APPPATH\Views\magasinier\categories_content.php(120): strtotime(null)
 2 SYSTEMPATH\View\View.php(240): include('C:\\Users\\Honore\\Documents\\GitHub\\ecopanier-S4-Mme-Baovola\\app\\Views\\magasinier\\categories_content.php')
 3 SYSTEMPATH\View\View.php(243): CodeIgniter\View\View->{closure:CodeIgniter\View\View::render():237}()
 4 SYSTEMPATH\Common.php(1250): CodeIgniter\View\View->render('magasinier/categories_content', [], true)
 5 APPPATH\Views\admin\categories.php(21): view('magasinier/categories_content')
 6 SYSTEMPATH\View\View.php(240): include('C:\\Users\\Honore\\Documents\\GitHub\\ecopanier-S4-Mme-Baovola\\app\\Views\\admin\\categories.php')
 7 SYSTEMPATH\View\View.php(243): CodeIgniter\View\View->{closure:CodeIgniter\View\View::render():237}()
 8 SYSTEMPATH\Common.php(1250): CodeIgniter\View\View->render('admin/categories', [], true)
 9 APPPATH\Controllers\AdminController.php(335): view('admin/categories', [...])
10 SYSTEMPATH\CodeIgniter.php(951): App\Controllers\AdminController->categories()
11 SYSTEMPATH\CodeIgniter.php(497): CodeIgniter\CodeIgniter->runController(Object(App\Controllers\AdminController))
12 SYSTEMPATH\CodeIgniter.php(340): CodeIgniter\CodeIgniter->handleRequest(null, Object(Config\Cache), false)
13 SYSTEMPATH\Boot.php(417): CodeIgniter\CodeIgniter->run()
14 SYSTEMPATH\Boot.php(68): CodeIgniter\Boot::runCodeIgniter(Object(CodeIgniter\CodeIgniter))
15 FCPATH\index.php(59): CodeIgniter\Boot::bootWeb(Object(Config\Paths))
16 SYSTEMPATH\rewrite.php(44): require_once('C:\\Users\\Honore\\Documents\\GitHub\\ecopanier-S4-Mme-Baovola\\public\\index.php')
DEBUG - 2026-07-12 19:33:56 --> Session: Class initialized using 'CodeIgniter\Session\Handlers\FileHandler' driver.
WARNING - 2026-07-12 19:33:56 --> [DEPRECATED] strtotime(): Passing null to parameter #1 ($datetime) of type string is deprecated in APPPATH\Views\magasinier\produits_content.php on line 103.
 1 APPPATH\Views\magasinier\produits_content.php(103): strtotime(null)
 2 SYSTEMPATH\View\View.php(240): include('C:\\Users\\Honore\\Documents\\GitHub\\ecopanier-S4-Mme-Baovola\\app\\Views\\magasinier\\produits_content.php')
 3 SYSTEMPATH\View\View.php(243): CodeIgniter\View\View->{closure:CodeIgniter\View\View::render():237}()
 4 SYSTEMPATH\Common.php(1250): CodeIgniter\View\View->render('magasinier/produits_content', [], true)
 5 APPPATH\Views\admin\produits.php(21): view('magasinier/produits_content')
 6 SYSTEMPATH\View\View.php(240): include('C:\\Users\\Honore\\Documents\\GitHub\\ecopanier-S4-Mme-Baovola\\app\\Views\\admin\\produits.php')
 7 SYSTEMPATH\View\View.php(243): CodeIgniter\View\View->{closure:CodeIgniter\View\View::render():237}()
 8 SYSTEMPATH\Common.php(1250): CodeIgniter\View\View->render('admin/produits', [], true)
 9 APPPATH\Controllers\AdminController.php(367): view('admin/produits', [...])
10 SYSTEMPATH\CodeIgniter.php(951): App\Controllers\AdminController->produits()
11 SYSTEMPATH\CodeIgniter.php(497): CodeIgniter\CodeIgniter->runController(Object(App\Controllers\AdminController))
12 SYSTEMPATH\CodeIgniter.php(340): CodeIgniter\CodeIgniter->handleRequest(null, Object(Config\Cache), false)
13 SYSTEMPATH\Boot.php(417): CodeIgniter\CodeIgniter->run()
14 SYSTEMPATH\Boot.php(68): CodeIgniter\Boot::runCodeIgniter(Object(CodeIgniter\CodeIgniter))
15 FCPATH\index.php(59): CodeIgniter\Boot::bootWeb(Object(Config\Paths))
16 SYSTEMPATH\rewrite.php(44): require_once('C:\\Users\\Honore\\Documents\\GitHub\\ecopanier-S4-Mme-Baovola\\public\\index.php')
WARNING - 2026-07-12 19:33:56 --> [DEPRECATED] strtotime(): Passing null to parameter #1 ($datetime) of type string is deprecated in APPPATH\Views\magasinier\produits_content.php on line 103.
 1 APPPATH\Views\magasinier\produits_content.php(103): strtotime(null)
 2 SYSTEMPATH\View\View.php(240): include('C:\\Users\\Honore\\Documents\\GitHub\\ecopanier-S4-Mme-Baovola\\app\\Views\\magasinier\\produits_content.php')
 3 SYSTEMPATH\View\View.php(243): CodeIgniter\View\View->{closure:CodeIgniter\View\View::render():237}()
 4 SYSTEMPATH\Common.php(1250): CodeIgniter\View\View->render('magasinier/produits_content', [], true)
 5 APPPATH\Views\admin\produits.php(21): view('magasinier/produits_content')
 6 SYSTEMPATH\View\View.php(240): include('C:\\Users\\Honore\\Documents\\GitHub\\ecopanier-S4-Mme-Baovola\\app\\Views\\admin\\produits.php')
 7 SYSTEMPATH\View\View.php(243): CodeIgniter\View\View->{closure:CodeIgniter\View\View::render():237}()
 8 SYSTEMPATH\Common.php(1250): CodeIgniter\View\View->render('admin/produits', [], true)
 9 APPPATH\Controllers\AdminController.php(367): view('admin/produits', [...])
10 SYSTEMPATH\CodeIgniter.php(951): App\Controllers\AdminController->produits()
11 SYSTEMPATH\CodeIgniter.php(497): CodeIgniter\CodeIgniter->runController(Object(App\Controllers\AdminController))
12 SYSTEMPATH\CodeIgniter.php(340): CodeIgniter\CodeIgniter->handleRequest(null, Object(Config\Cache), false)
13 SYSTEMPATH\Boot.php(417): CodeIgniter\CodeIgniter->run()
14 SYSTEMPATH\Boot.php(68): CodeIgniter\Boot::runCodeIgniter(Object(CodeIgniter\CodeIgniter))
15 FCPATH\index.php(59): CodeIgniter\Boot::bootWeb(Object(Config\Paths))
16 SYSTEMPATH\rewrite.php(44): require_once('C:\\Users\\Honore\\Documents\\GitHub\\ecopanier-S4-Mme-Baovola\\public\\index.php')
WARNING - 2026-07-12 19:33:56 --> [DEPRECATED] strtotime(): Passing null to parameter #1 ($datetime) of type string is deprecated in APPPATH\Views\magasinier\produits_content.php on line 103.
 1 APPPATH\Views\magasinier\produits_content.php(103): strtotime(null)
 2 SYSTEMPATH\View\View.php(240): include('C:\\Users\\Honore\\Documents\\GitHub\\ecopanier-S4-Mme-Baovola\\app\\Views\\magasinier\\produits_content.php')
 3 SYSTEMPATH\View\View.php(243): CodeIgniter\View\View->{closure:CodeIgniter\View\View::render():237}()
 4 SYSTEMPATH\Common.php(1250): CodeIgniter\View\View->render('magasinier/produits_content', [], true)
 5 APPPATH\Views\admin\produits.php(21): view('magasinier/produits_content')
 6 SYSTEMPATH\View\View.php(240): include('C:\\Users\\Honore\\Documents\\GitHub\\ecopanier-S4-Mme-Baovola\\app\\Views\\admin\\produits.php')
 7 SYSTEMPATH\View\View.php(243): CodeIgniter\View\View->{closure:CodeIgniter\View\View::render():237}()
 8 SYSTEMPATH\Common.php(1250): CodeIgniter\View\View->render('admin/produits', [], true)
 9 APPPATH\Controllers\AdminController.php(367): view('admin/produits', [...])
10 SYSTEMPATH\CodeIgniter.php(951): App\Controllers\AdminController->produits()
11 SYSTEMPATH\CodeIgniter.php(497): CodeIgniter\CodeIgniter->runController(Object(App\Controllers\AdminController))
12 SYSTEMPATH\CodeIgniter.php(340): CodeIgniter\CodeIgniter->handleRequest(null, Object(Config\Cache), false)
13 SYSTEMPATH\Boot.php(417): CodeIgniter\CodeIgniter->run()
14 SYSTEMPATH\Boot.php(68): CodeIgniter\Boot::runCodeIgniter(Object(CodeIgniter\CodeIgniter))
15 FCPATH\index.php(59): CodeIgniter\Boot::bootWeb(Object(Config\Paths))
16 SYSTEMPATH\rewrite.php(44): require_once('C:\\Users\\Honore\\Documents\\GitHub\\ecopanier-S4-Mme-Baovola\\public\\index.php')
WARNING - 2026-07-12 19:33:56 --> [DEPRECATED] strtotime(): Passing null to parameter #1 ($datetime) of type string is deprecated in APPPATH\Views\magasinier\produits_content.php on line 103.
 1 APPPATH\Views\magasinier\produits_content.php(103): strtotime(null)
 2 SYSTEMPATH\View\View.php(240): include('C:\\Users\\Honore\\Documents\\GitHub\\ecopanier-S4-Mme-Baovola\\app\\Views\\magasinier\\produits_content.php')
 3 SYSTEMPATH\View\View.php(243): CodeIgniter\View\View->{closure:CodeIgniter\View\View::render():237}()
 4 SYSTEMPATH\Common.php(1250): CodeIgniter\View\View->render('magasinier/produits_content', [], true)
 5 APPPATH\Views\admin\produits.php(21): view('magasinier/produits_content')
 6 SYSTEMPATH\View\View.php(240): include('C:\\Users\\Honore\\Documents\\GitHub\\ecopanier-S4-Mme-Baovola\\app\\Views\\admin\\produits.php')
 7 SYSTEMPATH\View\View.php(243): CodeIgniter\View\View->{closure:CodeIgniter\View\View::render():237}()
 8 SYSTEMPATH\Common.php(1250): CodeIgniter\View\View->render('admin/produits', [], true)
 9 APPPATH\Controllers\AdminController.php(367): view('admin/produits', [...])
10 SYSTEMPATH\CodeIgniter.php(951): App\Controllers\AdminController->produits()
11 SYSTEMPATH\CodeIgniter.php(497): CodeIgniter\CodeIgniter->runController(Object(App\Controllers\AdminController))
12 SYSTEMPATH\CodeIgniter.php(340): CodeIgniter\CodeIgniter->handleRequest(null, Object(Config\Cache), false)
13 SYSTEMPATH\Boot.php(417): CodeIgniter\CodeIgniter->run()
14 SYSTEMPATH\Boot.php(68): CodeIgniter\Boot::runCodeIgniter(Object(CodeIgniter\CodeIgniter))
15 FCPATH\index.php(59): CodeIgniter\Boot::bootWeb(Object(Config\Paths))
16 SYSTEMPATH\rewrite.php(44): require_once('C:\\Users\\Honore\\Documents\\GitHub\\ecopanier-S4-Mme-Baovola\\public\\index.php')
WARNING - 2026-07-12 19:33:56 --> [DEPRECATED] strtotime(): Passing null to parameter #1 ($datetime) of type string is deprecated in APPPATH\Views\magasinier\produits_content.php on line 103.
 1 APPPATH\Views\magasinier\produits_content.php(103): strtotime(null)
 2 SYSTEMPATH\View\View.php(240): include('C:\\Users\\Honore\\Documents\\GitHub\\ecopanier-S4-Mme-Baovola\\app\\Views\\magasinier\\produits_content.php')
 3 SYSTEMPATH\View\View.php(243): CodeIgniter\View\View->{closure:CodeIgniter\View\View::render():237}()
 4 SYSTEMPATH\Common.php(1250): CodeIgniter\View\View->render('magasinier/produits_content', [], true)
 5 APPPATH\Views\admin\produits.php(21): view('magasinier/produits_content')
 6 SYSTEMPATH\View\View.php(240): include('C:\\Users\\Honore\\Documents\\GitHub\\ecopanier-S4-Mme-Baovola\\app\\Views\\admin\\produits.php')
 7 SYSTEMPATH\View\View.php(243): CodeIgniter\View\View->{closure:CodeIgniter\View\View::render():237}()
 8 SYSTEMPATH\Common.php(1250): CodeIgniter\View\View->render('admin/produits', [], true)
 9 APPPATH\Controllers\AdminController.php(367): view('admin/produits', [...])
10 SYSTEMPATH\CodeIgniter.php(951): App\Controllers\AdminController->produits()
11 SYSTEMPATH\CodeIgniter.php(497): CodeIgniter\CodeIgniter->runController(Object(App\Controllers\AdminController))
12 SYSTEMPATH\CodeIgniter.php(340): CodeIgniter\CodeIgniter->handleRequest(null, Object(Config\Cache), false)
13 SYSTEMPATH\Boot.php(417): CodeIgniter\CodeIgniter->run()
14 SYSTEMPATH\Boot.php(68): CodeIgniter\Boot::runCodeIgniter(Object(CodeIgniter\CodeIgniter))
15 FCPATH\index.php(59): CodeIgniter\Boot::bootWeb(Object(Config\Paths))
16 SYSTEMPATH\rewrite.php(44): require_once('C:\\Users\\Honore\\Documents\\GitHub\\ecopanier-S4-Mme-Baovola\\public\\index.php')
WARNING - 2026-07-12 19:33:56 --> [DEPRECATED] strtotime(): Passing null to parameter #1 ($datetime) of type string is deprecated in APPPATH\Views\magasinier\produits_content.php on line 103.
 1 APPPATH\Views\magasinier\produits_content.php(103): strtotime(null)
 2 SYSTEMPATH\View\View.php(240): include('C:\\Users\\Honore\\Documents\\GitHub\\ecopanier-S4-Mme-Baovola\\app\\Views\\magasinier\\produits_content.php')
 3 SYSTEMPATH\View\View.php(243): CodeIgniter\View\View->{closure:CodeIgniter\View\View::render():237}()
 4 SYSTEMPATH\Common.php(1250): CodeIgniter\View\View->render('magasinier/produits_content', [], true)
 5 APPPATH\Views\admin\produits.php(21): view('magasinier/produits_content')
 6 SYSTEMPATH\View\View.php(240): include('C:\\Users\\Honore\\Documents\\GitHub\\ecopanier-S4-Mme-Baovola\\app\\Views\\admin\\produits.php')
 7 SYSTEMPATH\View\View.php(243): CodeIgniter\View\View->{closure:CodeIgniter\View\View::render():237}()
 8 SYSTEMPATH\Common.php(1250): CodeIgniter\View\View->render('admin/produits', [], true)
 9 APPPATH\Controllers\AdminController.php(367): view('admin/produits', [...])
10 SYSTEMPATH\CodeIgniter.php(951): App\Controllers\AdminController->produits()
11 SYSTEMPATH\CodeIgniter.php(497): CodeIgniter\CodeIgniter->runController(Object(App\Controllers\AdminController))
12 SYSTEMPATH\CodeIgniter.php(340): CodeIgniter\CodeIgniter->handleRequest(null, Object(Config\Cache), false)
13 SYSTEMPATH\Boot.php(417): CodeIgniter\CodeIgniter->run()
14 SYSTEMPATH\Boot.php(68): CodeIgniter\Boot::runCodeIgniter(Object(CodeIgniter\CodeIgniter))
15 FCPATH\index.php(59): CodeIgniter\Boot::bootWeb(Object(Config\Paths))
16 SYSTEMPATH\rewrite.php(44): require_once('C:\\Users\\Honore\\Documents\\GitHub\\ecopanier-S4-Mme-Baovola\\public\\index.php')
WARNING - 2026-07-12 19:33:56 --> [DEPRECATED] strtotime(): Passing null to parameter #1 ($datetime) of type string is deprecated in APPPATH\Views\magasinier\produits_content.php on line 103.
 1 APPPATH\Views\magasinier\produits_content.php(103): strtotime(null)
 2 SYSTEMPATH\View\View.php(240): include('C:\\Users\\Honore\\Documents\\GitHub\\ecopanier-S4-Mme-Baovola\\app\\Views\\magasinier\\produits_content.php')
 3 SYSTEMPATH\View\View.php(243): CodeIgniter\View\View->{closure:CodeIgniter\View\View::render():237}()
 4 SYSTEMPATH\Common.php(1250): CodeIgniter\View\View->render('magasinier/produits_content', [], true)
 5 APPPATH\Views\admin\produits.php(21): view('magasinier/produits_content')
 6 SYSTEMPATH\View\View.php(240): include('C:\\Users\\Honore\\Documents\\GitHub\\ecopanier-S4-Mme-Baovola\\app\\Views\\admin\\produits.php')
 7 SYSTEMPATH\View\View.php(243): CodeIgniter\View\View->{closure:CodeIgniter\View\View::render():237}()
 8 SYSTEMPATH\Common.php(1250): CodeIgniter\View\View->render('admin/produits', [], true)
 9 APPPATH\Controllers\AdminController.php(367): view('admin/produits', [...])
10 SYSTEMPATH\CodeIgniter.php(951): App\Controllers\AdminController->produits()
11 SYSTEMPATH\CodeIgniter.php(497): CodeIgniter\CodeIgniter->runController(Object(App\Controllers\AdminController))
12 SYSTEMPATH\CodeIgniter.php(340): CodeIgniter\CodeIgniter->handleRequest(null, Object(Config\Cache), false)
13 SYSTEMPATH\Boot.php(417): CodeIgniter\CodeIgniter->run()
14 SYSTEMPATH\Boot.php(68): CodeIgniter\Boot::runCodeIgniter(Object(CodeIgniter\CodeIgniter))
15 FCPATH\index.php(59): CodeIgniter\Boot::bootWeb(Object(Config\Paths))
16 SYSTEMPATH\rewrite.php(44): require_once('C:\\Users\\Honore\\Documents\\GitHub\\ecopanier-S4-Mme-Baovola\\public\\index.php')
WARNING - 2026-07-12 19:33:56 --> [DEPRECATED] strtotime(): Passing null to parameter #1 ($datetime) of type string is deprecated in APPPATH\Views\magasinier\produits_content.php on line 103.
 1 APPPATH\Views\magasinier\produits_content.php(103): strtotime(null)
 2 SYSTEMPATH\View\View.php(240): include('C:\\Users\\Honore\\Documents\\GitHub\\ecopanier-S4-Mme-Baovola\\app\\Views\\magasinier\\produits_content.php')
 3 SYSTEMPATH\View\View.php(243): CodeIgniter\View\View->{closure:CodeIgniter\View\View::render():237}()
 4 SYSTEMPATH\Common.php(1250): CodeIgniter\View\View->render('magasinier/produits_content', [], true)
 5 APPPATH\Views\admin\produits.php(21): view('magasinier/produits_content')
 6 SYSTEMPATH\View\View.php(240): include('C:\\Users\\Honore\\Documents\\GitHub\\ecopanier-S4-Mme-Baovola\\app\\Views\\admin\\produits.php')
 7 SYSTEMPATH\View\View.php(243): CodeIgniter\View\View->{closure:CodeIgniter\View\View::render():237}()
 8 SYSTEMPATH\Common.php(1250): CodeIgniter\View\View->render('admin/produits', [], true)
 9 APPPATH\Controllers\AdminController.php(367): view('admin/produits', [...])
10 SYSTEMPATH\CodeIgniter.php(951): App\Controllers\AdminController->produits()
11 SYSTEMPATH\CodeIgniter.php(497): CodeIgniter\CodeIgniter->runController(Object(App\Controllers\AdminController))
12 SYSTEMPATH\CodeIgniter.php(340): CodeIgniter\CodeIgniter->handleRequest(null, Object(Config\Cache), false)
13 SYSTEMPATH\Boot.php(417): CodeIgniter\CodeIgniter->run()
14 SYSTEMPATH\Boot.php(68): CodeIgniter\Boot::runCodeIgniter(Object(CodeIgniter\CodeIgniter))
15 FCPATH\index.php(59): CodeIgniter\Boot::bootWeb(Object(Config\Paths))
16 SYSTEMPATH\rewrite.php(44): require_once('C:\\Users\\Honore\\Documents\\GitHub\\ecopanier-S4-Mme-Baovola\\public\\index.php')
DEBUG - 2026-07-12 19:33:56 --> Session: Class initialized using 'CodeIgniter\Session\Handlers\FileHandler' driver.
WARNING - 2026-07-12 19:33:56 --> [DEPRECATED] strtotime(): Passing null to parameter #1 ($datetime) of type string is deprecated in APPPATH\Views\magasinier\produits_content.php on line 103.
 1 APPPATH\Views\magasinier\produits_content.php(103): strtotime(null)
 2 SYSTEMPATH\View\View.php(240): include('C:\\Users\\Honore\\Documents\\GitHub\\ecopanier-S4-Mme-Baovola\\app\\Views\\magasinier\\produits_content.php')
 3 SYSTEMPATH\View\View.php(243): CodeIgniter\View\View->{closure:CodeIgniter\View\View::render():237}()
 4 SYSTEMPATH\Common.php(1250): CodeIgniter\View\View->render('magasinier/produits_content', [], true)
 5 APPPATH\Views\admin\produits.php(21): view('magasinier/produits_content')
 6 SYSTEMPATH\View\View.php(240): include('C:\\Users\\Honore\\Documents\\GitHub\\ecopanier-S4-Mme-Baovola\\app\\Views\\admin\\produits.php')
 7 SYSTEMPATH\View\View.php(243): CodeIgniter\View\View->{closure:CodeIgniter\View\View::render():237}()
 8 SYSTEMPATH\Common.php(1250): CodeIgniter\View\View->render('admin/produits', [], true)
 9 APPPATH\Controllers\AdminController.php(367): view('admin/produits', [...])
10 SYSTEMPATH\CodeIgniter.php(951): App\Controllers\AdminController->produits()
11 SYSTEMPATH\CodeIgniter.php(497): CodeIgniter\CodeIgniter->runController(Object(App\Controllers\AdminController))
12 SYSTEMPATH\CodeIgniter.php(340): CodeIgniter\CodeIgniter->handleRequest(null, Object(Config\Cache), false)
13 SYSTEMPATH\Boot.php(417): CodeIgniter\CodeIgniter->run()
14 SYSTEMPATH\Boot.php(68): CodeIgniter\Boot::runCodeIgniter(Object(CodeIgniter\CodeIgniter))
15 FCPATH\index.php(59): CodeIgniter\Boot::bootWeb(Object(Config\Paths))
16 SYSTEMPATH\rewrite.php(44): require_once('C:\\Users\\Honore\\Documents\\GitHub\\ecopanier-S4-Mme-Baovola\\public\\index.php')
WARNING - 2026-07-12 19:33:56 --> [DEPRECATED] strtotime(): Passing null to parameter #1 ($datetime) of type string is deprecated in APPPATH\Views\magasinier\produits_content.php on line 103.
 1 APPPATH\Views\magasinier\produits_content.php(103): strtotime(null)
 2 SYSTEMPATH\View\View.php(240): include('C:\\Users\\Honore\\Documents\\GitHub\\ecopanier-S4-Mme-Baovola\\app\\Views\\magasinier\\produits_content.php')
 3 SYSTEMPATH\View\View.php(243): CodeIgniter\View\View->{closure:CodeIgniter\View\View::render():237}()
 4 SYSTEMPATH\Common.php(1250): CodeIgniter\View\View->render('magasinier/produits_content', [], true)
 5 APPPATH\Views\admin\produits.php(21): view('magasinier/produits_content')
 6 SYSTEMPATH\View\View.php(240): include('C:\\Users\\Honore\\Documents\\GitHub\\ecopanier-S4-Mme-Baovola\\app\\Views\\admin\\produits.php')
 7 SYSTEMPATH\View\View.php(243): CodeIgniter\View\View->{closure:CodeIgniter\View\View::render():237}()
 8 SYSTEMPATH\Common.php(1250): CodeIgniter\View\View->render('admin/produits', [], true)
 9 APPPATH\Controllers\AdminController.php(367): view('admin/produits', [...])
10 SYSTEMPATH\CodeIgniter.php(951): App\Controllers\AdminController->produits()
11 SYSTEMPATH\CodeIgniter.php(497): CodeIgniter\CodeIgniter->runController(Object(App\Controllers\AdminController))
12 SYSTEMPATH\CodeIgniter.php(340): CodeIgniter\CodeIgniter->handleRequest(null, Object(Config\Cache), false)
13 SYSTEMPATH\Boot.php(417): CodeIgniter\CodeIgniter->run()
14 SYSTEMPATH\Boot.php(68): CodeIgniter\Boot::runCodeIgniter(Object(CodeIgniter\CodeIgniter))
15 FCPATH\index.php(59): CodeIgniter\Boot::bootWeb(Object(Config\Paths))
16 SYSTEMPATH\rewrite.php(44): require_once('C:\\Users\\Honore\\Documents\\GitHub\\ecopanier-S4-Mme-Baovola\\public\\index.php')
WARNING - 2026-07-12 19:33:56 --> [DEPRECATED] strtotime(): Passing null to parameter #1 ($datetime) of type string is deprecated in APPPATH\Views\magasinier\produits_content.php on line 103.
 1 APPPATH\Views\magasinier\produits_content.php(103): strtotime(null)
 2 SYSTEMPATH\View\View.php(240): include('C:\\Users\\Honore\\Documents\\GitHub\\ecopanier-S4-Mme-Baovola\\app\\Views\\magasinier\\produits_content.php')
 3 SYSTEMPATH\View\View.php(243): CodeIgniter\View\View->{closure:CodeIgniter\View\View::render():237}()
 4 SYSTEMPATH\Common.php(1250): CodeIgniter\View\View->render('magasinier/produits_content', [], true)
 5 APPPATH\Views\admin\produits.php(21): view('magasinier/produits_content')
 6 SYSTEMPATH\View\View.php(240): include('C:\\Users\\Honore\\Documents\\GitHub\\ecopanier-S4-Mme-Baovola\\app\\Views\\admin\\produits.php')
 7 SYSTEMPATH\View\View.php(243): CodeIgniter\View\View->{closure:CodeIgniter\View\View::render():237}()
 8 SYSTEMPATH\Common.php(1250): CodeIgniter\View\View->render('admin/produits', [], true)
 9 APPPATH\Controllers\AdminController.php(367): view('admin/produits', [...])
10 SYSTEMPATH\CodeIgniter.php(951): App\Controllers\AdminController->produits()
11 SYSTEMPATH\CodeIgniter.php(497): CodeIgniter\CodeIgniter->runController(Object(App\Controllers\AdminController))
12 SYSTEMPATH\CodeIgniter.php(340): CodeIgniter\CodeIgniter->handleRequest(null, Object(Config\Cache), false)
13 SYSTEMPATH\Boot.php(417): CodeIgniter\CodeIgniter->run()
14 SYSTEMPATH\Boot.php(68): CodeIgniter\Boot::runCodeIgniter(Object(CodeIgniter\CodeIgniter))
15 FCPATH\index.php(59): CodeIgniter\Boot::bootWeb(Object(Config\Paths))
16 SYSTEMPATH\rewrite.php(44): require_once('C:\\Users\\Honore\\Documents\\GitHub\\ecopanier-S4-Mme-Baovola\\public\\index.php')
WARNING - 2026-07-12 19:33:56 --> [DEPRECATED] strtotime(): Passing null to parameter #1 ($datetime) of type string is deprecated in APPPATH\Views\magasinier\produits_content.php on line 103.
 1 APPPATH\Views\magasinier\produits_content.php(103): strtotime(null)
 2 SYSTEMPATH\View\View.php(240): include('C:\\Users\\Honore\\Documents\\GitHub\\ecopanier-S4-Mme-Baovola\\app\\Views\\magasinier\\produits_content.php')
 3 SYSTEMPATH\View\View.php(243): CodeIgniter\View\View->{closure:CodeIgniter\View\View::render():237}()
 4 SYSTEMPATH\Common.php(1250): CodeIgniter\View\View->render('magasinier/produits_content', [], true)
 5 APPPATH\Views\admin\produits.php(21): view('magasinier/produits_content')
 6 SYSTEMPATH\View\View.php(240): include('C:\\Users\\Honore\\Documents\\GitHub\\ecopanier-S4-Mme-Baovola\\app\\Views\\admin\\produits.php')
 7 SYSTEMPATH\View\View.php(243): CodeIgniter\View\View->{closure:CodeIgniter\View\View::render():237}()
 8 SYSTEMPATH\Common.php(1250): CodeIgniter\View\View->render('admin/produits', [], true)
 9 APPPATH\Controllers\AdminController.php(367): view('admin/produits', [...])
10 SYSTEMPATH\CodeIgniter.php(951): App\Controllers\AdminController->produits()
11 SYSTEMPATH\CodeIgniter.php(497): CodeIgniter\CodeIgniter->runController(Object(App\Controllers\AdminController))
12 SYSTEMPATH\CodeIgniter.php(340): CodeIgniter\CodeIgniter->handleRequest(null, Object(Config\Cache), false)
13 SYSTEMPATH\Boot.php(417): CodeIgniter\CodeIgniter->run()
14 SYSTEMPATH\Boot.php(68): CodeIgniter\Boot::runCodeIgniter(Object(CodeIgniter\CodeIgniter))
15 FCPATH\index.php(59): CodeIgniter\Boot::bootWeb(Object(Config\Paths))
16 SYSTEMPATH\rewrite.php(44): require_once('C:\\Users\\Honore\\Documents\\GitHub\\ecopanier-S4-Mme-Baovola\\public\\index.php')
WARNING - 2026-07-12 19:33:56 --> [DEPRECATED] strtotime(): Passing null to parameter #1 ($datetime) of type string is deprecated in APPPATH\Views\magasinier\produits_content.php on line 103.
 1 APPPATH\Views\magasinier\produits_content.php(103): strtotime(null)
 2 SYSTEMPATH\View\View.php(240): include('C:\\Users\\Honore\\Documents\\GitHub\\ecopanier-S4-Mme-Baovola\\app\\Views\\magasinier\\produits_content.php')
 3 SYSTEMPATH\View\View.php(243): CodeIgniter\View\View->{closure:CodeIgniter\View\View::render():237}()
 4 SYSTEMPATH\Common.php(1250): CodeIgniter\View\View->render('magasinier/produits_content', [], true)
 5 APPPATH\Views\admin\produits.php(21): view('magasinier/produits_content')
 6 SYSTEMPATH\View\View.php(240): include('C:\\Users\\Honore\\Documents\\GitHub\\ecopanier-S4-Mme-Baovola\\app\\Views\\admin\\produits.php')
 7 SYSTEMPATH\View\View.php(243): CodeIgniter\View\View->{closure:CodeIgniter\View\View::render():237}()
 8 SYSTEMPATH\Common.php(1250): CodeIgniter\View\View->render('admin/produits', [], true)
 9 APPPATH\Controllers\AdminController.php(367): view('admin/produits', [...])
10 SYSTEMPATH\CodeIgniter.php(951): App\Controllers\AdminController->produits()
11 SYSTEMPATH\CodeIgniter.php(497): CodeIgniter\CodeIgniter->runController(Object(App\Controllers\AdminController))
12 SYSTEMPATH\CodeIgniter.php(340): CodeIgniter\CodeIgniter->handleRequest(null, Object(Config\Cache), false)
13 SYSTEMPATH\Boot.php(417): CodeIgniter\CodeIgniter->run()
14 SYSTEMPATH\Boot.php(68): CodeIgniter\Boot::runCodeIgniter(Object(CodeIgniter\CodeIgniter))
15 FCPATH\index.php(59): CodeIgniter\Boot::bootWeb(Object(Config\Paths))
16 SYSTEMPATH\rewrite.php(44): require_once('C:\\Users\\Honore\\Documents\\GitHub\\ecopanier-S4-Mme-Baovola\\public\\index.php')
WARNING - 2026-07-12 19:33:56 --> [DEPRECATED] strtotime(): Passing null to parameter #1 ($datetime) of type string is deprecated in APPPATH\Views\magasinier\produits_content.php on line 103.
 1 APPPATH\Views\magasinier\produits_content.php(103): strtotime(null)
 2 SYSTEMPATH\View\View.php(240): include('C:\\Users\\Honore\\Documents\\GitHub\\ecopanier-S4-Mme-Baovola\\app\\Views\\magasinier\\produits_content.php')
 3 SYSTEMPATH\View\View.php(243): CodeIgniter\View\View->{closure:CodeIgniter\View\View::render():237}()
 4 SYSTEMPATH\Common.php(1250): CodeIgniter\View\View->render('magasinier/produits_content', [], true)
 5 APPPATH\Views\admin\produits.php(21): view('magasinier/produits_content')
 6 SYSTEMPATH\View\View.php(240): include('C:\\Users\\Honore\\Documents\\GitHub\\ecopanier-S4-Mme-Baovola\\app\\Views\\admin\\produits.php')
 7 SYSTEMPATH\View\View.php(243): CodeIgniter\View\View->{closure:CodeIgniter\View\View::render():237}()
 8 SYSTEMPATH\Common.php(1250): CodeIgniter\View\View->render('admin/produits', [], true)
 9 APPPATH\Controllers\AdminController.php(367): view('admin/produits', [...])
10 SYSTEMPATH\CodeIgniter.php(951): App\Controllers\AdminController->produits()
11 SYSTEMPATH\CodeIgniter.php(497): CodeIgniter\CodeIgniter->runController(Object(App\Controllers\AdminController))
12 SYSTEMPATH\CodeIgniter.php(340): CodeIgniter\CodeIgniter->handleRequest(null, Object(Config\Cache), false)
13 SYSTEMPATH\Boot.php(417): CodeIgniter\CodeIgniter->run()
14 SYSTEMPATH\Boot.php(68): CodeIgniter\Boot::runCodeIgniter(Object(CodeIgniter\CodeIgniter))
15 FCPATH\index.php(59): CodeIgniter\Boot::bootWeb(Object(Config\Paths))
16 SYSTEMPATH\rewrite.php(44): require_once('C:\\Users\\Honore\\Documents\\GitHub\\ecopanier-S4-Mme-Baovola\\public\\index.php')
WARNING - 2026-07-12 19:33:56 --> [DEPRECATED] strtotime(): Passing null to parameter #1 ($datetime) of type string is deprecated in APPPATH\Views\magasinier\produits_content.php on line 103.
 1 APPPATH\Views\magasinier\produits_content.php(103): strtotime(null)
 2 SYSTEMPATH\View\View.php(240): include('C:\\Users\\Honore\\Documents\\GitHub\\ecopanier-S4-Mme-Baovola\\app\\Views\\magasinier\\produits_content.php')
 3 SYSTEMPATH\View\View.php(243): CodeIgniter\View\View->{closure:CodeIgniter\View\View::render():237}()
 4 SYSTEMPATH\Common.php(1250): CodeIgniter\View\View->render('magasinier/produits_content', [], true)
 5 APPPATH\Views\admin\produits.php(21): view('magasinier/produits_content')
 6 SYSTEMPATH\View\View.php(240): include('C:\\Users\\Honore\\Documents\\GitHub\\ecopanier-S4-Mme-Baovola\\app\\Views\\admin\\produits.php')
 7 SYSTEMPATH\View\View.php(243): CodeIgniter\View\View->{closure:CodeIgniter\View\View::render():237}()
 8 SYSTEMPATH\Common.php(1250): CodeIgniter\View\View->render('admin/produits', [], true)
 9 APPPATH\Controllers\AdminController.php(367): view('admin/produits', [...])
10 SYSTEMPATH\CodeIgniter.php(951): App\Controllers\AdminController->produits()
11 SYSTEMPATH\CodeIgniter.php(497): CodeIgniter\CodeIgniter->runController(Object(App\Controllers\AdminController))
12 SYSTEMPATH\CodeIgniter.php(340): CodeIgniter\CodeIgniter->handleRequest(null, Object(Config\Cache), false)
13 SYSTEMPATH\Boot.php(417): CodeIgniter\CodeIgniter->run()
14 SYSTEMPATH\Boot.php(68): CodeIgniter\Boot::runCodeIgniter(Object(CodeIgniter\CodeIgniter))
15 FCPATH\index.php(59): CodeIgniter\Boot::bootWeb(Object(Config\Paths))
16 SYSTEMPATH\rewrite.php(44): require_once('C:\\Users\\Honore\\Documents\\GitHub\\ecopanier-S4-Mme-Baovola\\public\\index.php')
WARNING - 2026-07-12 19:33:56 --> [DEPRECATED] strtotime(): Passing null to parameter #1 ($datetime) of type string is deprecated in APPPATH\Views\magasinier\produits_content.php on line 103.
 1 APPPATH\Views\magasinier\produits_content.php(103): strtotime(null)
 2 SYSTEMPATH\View\View.php(240): include('C:\\Users\\Honore\\Documents\\GitHub\\ecopanier-S4-Mme-Baovola\\app\\Views\\magasinier\\produits_content.php')
 3 SYSTEMPATH\View\View.php(243): CodeIgniter\View\View->{closure:CodeIgniter\View\View::render():237}()
 4 SYSTEMPATH\Common.php(1250): CodeIgniter\View\View->render('magasinier/produits_content', [], true)
 5 APPPATH\Views\admin\produits.php(21): view('magasinier/produits_content')
 6 SYSTEMPATH\View\View.php(240): include('C:\\Users\\Honore\\Documents\\GitHub\\ecopanier-S4-Mme-Baovola\\app\\Views\\admin\\produits.php')
 7 SYSTEMPATH\View\View.php(243): CodeIgniter\View\View->{closure:CodeIgniter\View\View::render():237}()
 8 SYSTEMPATH\Common.php(1250): CodeIgniter\View\View->render('admin/produits', [], true)
 9 APPPATH\Controllers\AdminController.php(367): view('admin/produits', [...])
10 SYSTEMPATH\CodeIgniter.php(951): App\Controllers\AdminController->produits()
11 SYSTEMPATH\CodeIgniter.php(497): CodeIgniter\CodeIgniter->runController(Object(App\Controllers\AdminController))
12 SYSTEMPATH\CodeIgniter.php(340): CodeIgniter\CodeIgniter->handleRequest(null, Object(Config\Cache), false)
13 SYSTEMPATH\Boot.php(417): CodeIgniter\CodeIgniter->run()
14 SYSTEMPATH\Boot.php(68): CodeIgniter\Boot::runCodeIgniter(Object(CodeIgniter\CodeIgniter))
15 FCPATH\index.php(59): CodeIgniter\Boot::bootWeb(Object(Config\Paths))
16 SYSTEMPATH\rewrite.php(44): require_once('C:\\Users\\Honore\\Documents\\GitHub\\ecopanier-S4-Mme-Baovola\\public\\index.php')
DEBUG - 2026-07-12 19:33:58 --> Session: Class initialized using 'CodeIgniter\Session\Handlers\FileHandler' driver.
DEBUG - 2026-07-12 19:33:59 --> Session: Class initialized using 'CodeIgniter\Session\Handlers\FileHandler' driver.
DEBUG - 2026-07-12 19:34:00 --> Session: Class initialized using 'CodeIgniter\Session\Handlers\FileHandler' driver.
DEBUG - 2026-07-12 19:34:01 --> Session: Class initialized using 'CodeIgniter\Session\Handlers\FileHandler' driver.
DEBUG - 2026-07-12 19:34:02 --> Session: Class initialized using 'CodeIgniter\Session\Handlers\FileHandler' driver.
DEBUG - 2026-07-12 19:34:04 --> Session: Class initialized using 'CodeIgniter\Session\Handlers\FileHandler' driver.
DEBUG - 2026-07-12 19:34:04 --> Session: Class initialized using 'CodeIgniter\Session\Handlers\FileHandler' driver.
DEBUG - 2026-07-12 19:34:18 --> Session: Class initialized using 'CodeIgniter\Session\Handlers\FileHandler' driver.
DEBUG - 2026-07-12 19:34:18 --> Session: Class initialized using 'CodeIgniter\Session\Handlers\FileHandler' driver.
DEBUG - 2026-07-12 19:34:26 --> Session: Class initialized using 'CodeIgniter\Session\Handlers\FileHandler' driver.
CRITICAL - 2026-07-12 19:34:26 --> CodeIgniter\View\Exceptions\ViewException: Invalid file: "agent/clients.php"
[Method: GET, Route: agent/clients]
in SYSTEMPATH\Exceptions\FrameworkException.php on line 39.
 1 SYSTEMPATH\View\View.php(228): CodeIgniter\Exceptions\FrameworkException::forInvalidFile('agent/clients.php')
 2 SYSTEMPATH\Common.php(1250): CodeIgniter\View\View->render('agent/clients', [], true)
 3 APPPATH\Controllers\AgentController.php(21): view('agent/clients')
 4 SYSTEMPATH\CodeIgniter.php(951): App\Controllers\AgentController->clients()
 5 SYSTEMPATH\CodeIgniter.php(497): CodeIgniter\CodeIgniter->runController(Object(App\Controllers\AgentController))
 6 SYSTEMPATH\CodeIgniter.php(340): CodeIgniter\CodeIgniter->handleRequest(null, Object(Config\Cache), false)
 7 SYSTEMPATH\Boot.php(417): CodeIgniter\CodeIgniter->run()
 8 SYSTEMPATH\Boot.php(68): CodeIgniter\Boot::runCodeIgniter(Object(CodeIgniter\CodeIgniter))
 9 FCPATH\index.php(59): CodeIgniter\Boot::bootWeb(Object(Config\Paths))
10 SYSTEMPATH\rewrite.php(44): require_once('C:\\Users\\Honore\\Documents\\GitHub\\ecopanier-S4-Mme-Baovola\\public\\index.php')
DEBUG - 2026-07-12 19:34:27 --> Session: Class initialized using 'CodeIgniter\Session\Handlers\FileHandler' driver.
DEBUG - 2026-07-12 19:34:28 --> Session: Class initialized using 'CodeIgniter\Session\Handlers\FileHandler' driver.
DEBUG - 2026-07-12 19:34:28 --> Session: Class initialized using 'CodeIgniter\Session\Handlers\FileHandler' driver.
DEBUG - 2026-07-12 19:34:37 --> Session: Class initialized using 'CodeIgniter\Session\Handlers\FileHandler' driver.
DEBUG - 2026-07-12 19:34:37 --> Session: Class initialized using 'CodeIgniter\Session\Handlers\FileHandler' driver.
DEBUG - 2026-07-12 19:34:40 --> Session: Class initialized using 'CodeIgniter\Session\Handlers\FileHandler' driver.
DEBUG - 2026-07-12 19:36:50 --> Session: Class initialized using 'CodeIgniter\Session\Handlers\FileHandler' driver.
DEBUG - 2026-07-12 19:36:50 --> Session: Class initialized using 'CodeIgniter\Session\Handlers\FileHandler' driver.
DEBUG - 2026-07-12 19:37:04 --> Session: Class initialized using 'CodeIgniter\Session\Handlers\FileHandler' driver.
DEBUG - 2026-07-12 19:37:04 --> Session: Class initialized using 'CodeIgniter\Session\Handlers\FileHandler' driver.
DEBUG - 2026-07-12 19:37:06 --> Session: Class initialized using 'CodeIgniter\Session\Handlers\FileHandler' driver.
DEBUG - 2026-07-12 19:37:07 --> Session: Class initialized using 'CodeIgniter\Session\Handlers\FileHandler' driver.
DEBUG - 2026-07-12 19:37:07 --> Session: Class initialized using 'CodeIgniter\Session\Handlers\FileHandler' driver.
WARNING - 2026-07-12 19:37:07 --> [DEPRECATED] strtotime(): Passing null to parameter #1 ($datetime) of type string is deprecated in APPPATH\Views\magasinier\categories_content.php on line 120.
 1 APPPATH\Views\magasinier\categories_content.php(120): strtotime(null)
 2 SYSTEMPATH\View\View.php(240): include('C:\\Users\\Honore\\Documents\\GitHub\\ecopanier-S4-Mme-Baovola\\app\\Views\\magasinier\\categories_content.php')
 3 SYSTEMPATH\View\View.php(243): CodeIgniter\View\View->{closure:CodeIgniter\View\View::render():237}()
 4 SYSTEMPATH\Common.php(1250): CodeIgniter\View\View->render('magasinier/categories_content', [], true)
 5 APPPATH\Views\admin\categories.php(21): view('magasinier/categories_content')
 6 SYSTEMPATH\View\View.php(240): include('C:\\Users\\Honore\\Documents\\GitHub\\ecopanier-S4-Mme-Baovola\\app\\Views\\admin\\categories.php')
 7 SYSTEMPATH\View\View.php(243): CodeIgniter\View\View->{closure:CodeIgniter\View\View::render():237}()
 8 SYSTEMPATH\Common.php(1250): CodeIgniter\View\View->render('admin/categories', [], true)
 9 APPPATH\Controllers\AdminController.php(335): view('admin/categories', [...])
10 SYSTEMPATH\CodeIgniter.php(951): App\Controllers\AdminController->categories()
11 SYSTEMPATH\CodeIgniter.php(497): CodeIgniter\CodeIgniter->runController(Object(App\Controllers\AdminController))
12 SYSTEMPATH\CodeIgniter.php(340): CodeIgniter\CodeIgniter->handleRequest(null, Object(Config\Cache), false)
13 SYSTEMPATH\Boot.php(417): CodeIgniter\CodeIgniter->run()
14 SYSTEMPATH\Boot.php(68): CodeIgniter\Boot::runCodeIgniter(Object(CodeIgniter\CodeIgniter))
15 FCPATH\index.php(59): CodeIgniter\Boot::bootWeb(Object(Config\Paths))
16 SYSTEMPATH\rewrite.php(44): require_once('C:\\Users\\Honore\\Documents\\GitHub\\ecopanier-S4-Mme-Baovola\\public\\index.php')
WARNING - 2026-07-12 19:37:07 --> [DEPRECATED] strtotime(): Passing null to parameter #1 ($datetime) of type string is deprecated in APPPATH\Views\magasinier\categories_content.php on line 120.
 1 APPPATH\Views\magasinier\categories_content.php(120): strtotime(null)
 2 SYSTEMPATH\View\View.php(240): include('C:\\Users\\Honore\\Documents\\GitHub\\ecopanier-S4-Mme-Baovola\\app\\Views\\magasinier\\categories_content.php')
 3 SYSTEMPATH\View\View.php(243): CodeIgniter\View\View->{closure:CodeIgniter\View\View::render():237}()
 4 SYSTEMPATH\Common.php(1250): CodeIgniter\View\View->render('magasinier/categories_content', [], true)
 5 APPPATH\Views\admin\categories.php(21): view('magasinier/categories_content')
 6 SYSTEMPATH\View\View.php(240): include('C:\\Users\\Honore\\Documents\\GitHub\\ecopanier-S4-Mme-Baovola\\app\\Views\\admin\\categories.php')
 7 SYSTEMPATH\View\View.php(243): CodeIgniter\View\View->{closure:CodeIgniter\View\View::render():237}()
 8 SYSTEMPATH\Common.php(1250): CodeIgniter\View\View->render('admin/categories', [], true)
 9 APPPATH\Controllers\AdminController.php(335): view('admin/categories', [...])
10 SYSTEMPATH\CodeIgniter.php(951): App\Controllers\AdminController->categories()
11 SYSTEMPATH\CodeIgniter.php(497): CodeIgniter\CodeIgniter->runController(Object(App\Controllers\AdminController))
12 SYSTEMPATH\CodeIgniter.php(340): CodeIgniter\CodeIgniter->handleRequest(null, Object(Config\Cache), false)
13 SYSTEMPATH\Boot.php(417): CodeIgniter\CodeIgniter->run()
14 SYSTEMPATH\Boot.php(68): CodeIgniter\Boot::runCodeIgniter(Object(CodeIgniter\CodeIgniter))
15 FCPATH\index.php(59): CodeIgniter\Boot::bootWeb(Object(Config\Paths))
16 SYSTEMPATH\rewrite.php(44): require_once('C:\\Users\\Honore\\Documents\\GitHub\\ecopanier-S4-Mme-Baovola\\public\\index.php')
WARNING - 2026-07-12 19:37:07 --> [DEPRECATED] strtotime(): Passing null to parameter #1 ($datetime) of type string is deprecated in APPPATH\Views\magasinier\categories_content.php on line 120.
 1 APPPATH\Views\magasinier\categories_content.php(120): strtotime(null)
 2 SYSTEMPATH\View\View.php(240): include('C:\\Users\\Honore\\Documents\\GitHub\\ecopanier-S4-Mme-Baovola\\app\\Views\\magasinier\\categories_content.php')
 3 SYSTEMPATH\View\View.php(243): CodeIgniter\View\View->{closure:CodeIgniter\View\View::render():237}()
 4 SYSTEMPATH\Common.php(1250): CodeIgniter\View\View->render('magasinier/categories_content', [], true)
 5 APPPATH\Views\admin\categories.php(21): view('magasinier/categories_content')
 6 SYSTEMPATH\View\View.php(240): include('C:\\Users\\Honore\\Documents\\GitHub\\ecopanier-S4-Mme-Baovola\\app\\Views\\admin\\categories.php')
 7 SYSTEMPATH\View\View.php(243): CodeIgniter\View\View->{closure:CodeIgniter\View\View::render():237}()
 8 SYSTEMPATH\Common.php(1250): CodeIgniter\View\View->render('admin/categories', [], true)
 9 APPPATH\Controllers\AdminController.php(335): view('admin/categories', [...])
10 SYSTEMPATH\CodeIgniter.php(951): App\Controllers\AdminController->categories()
11 SYSTEMPATH\CodeIgniter.php(497): CodeIgniter\CodeIgniter->runController(Object(App\Controllers\AdminController))
12 SYSTEMPATH\CodeIgniter.php(340): CodeIgniter\CodeIgniter->handleRequest(null, Object(Config\Cache), false)
13 SYSTEMPATH\Boot.php(417): CodeIgniter\CodeIgniter->run()
14 SYSTEMPATH\Boot.php(68): CodeIgniter\Boot::runCodeIgniter(Object(CodeIgniter\CodeIgniter))
15 FCPATH\index.php(59): CodeIgniter\Boot::bootWeb(Object(Config\Paths))
16 SYSTEMPATH\rewrite.php(44): require_once('C:\\Users\\Honore\\Documents\\GitHub\\ecopanier-S4-Mme-Baovola\\public\\index.php')
WARNING - 2026-07-12 19:37:07 --> [DEPRECATED] strtotime(): Passing null to parameter #1 ($datetime) of type string is deprecated in APPPATH\Views\magasinier\categories_content.php on line 120.
 1 APPPATH\Views\magasinier\categories_content.php(120): strtotime(null)
 2 SYSTEMPATH\View\View.php(240): include('C:\\Users\\Honore\\Documents\\GitHub\\ecopanier-S4-Mme-Baovola\\app\\Views\\magasinier\\categories_content.php')
 3 SYSTEMPATH\View\View.php(243): CodeIgniter\View\View->{closure:CodeIgniter\View\View::render():237}()
 4 SYSTEMPATH\Common.php(1250): CodeIgniter\View\View->render('magasinier/categories_content', [], true)
 5 APPPATH\Views\admin\categories.php(21): view('magasinier/categories_content')
 6 SYSTEMPATH\View\View.php(240): include('C:\\Users\\Honore\\Documents\\GitHub\\ecopanier-S4-Mme-Baovola\\app\\Views\\admin\\categories.php')
 7 SYSTEMPATH\View\View.php(243): CodeIgniter\View\View->{closure:CodeIgniter\View\View::render():237}()
 8 SYSTEMPATH\Common.php(1250): CodeIgniter\View\View->render('admin/categories', [], true)
 9 APPPATH\Controllers\AdminController.php(335): view('admin/categories', [...])
10 SYSTEMPATH\CodeIgniter.php(951): App\Controllers\AdminController->categories()
11 SYSTEMPATH\CodeIgniter.php(497): CodeIgniter\CodeIgniter->runController(Object(App\Controllers\AdminController))
12 SYSTEMPATH\CodeIgniter.php(340): CodeIgniter\CodeIgniter->handleRequest(null, Object(Config\Cache), false)
13 SYSTEMPATH\Boot.php(417): CodeIgniter\CodeIgniter->run()
14 SYSTEMPATH\Boot.php(68): CodeIgniter\Boot::runCodeIgniter(Object(CodeIgniter\CodeIgniter))
15 FCPATH\index.php(59): CodeIgniter\Boot::bootWeb(Object(Config\Paths))
16 SYSTEMPATH\rewrite.php(44): require_once('C:\\Users\\Honore\\Documents\\GitHub\\ecopanier-S4-Mme-Baovola\\public\\index.php')
DEBUG - 2026-07-12 19:37:07 --> Session: Class initialized using 'CodeIgniter\Session\Handlers\FileHandler' driver.
WARNING - 2026-07-12 19:37:07 --> [DEPRECATED] strtotime(): Passing null to parameter #1 ($datetime) of type string is deprecated in APPPATH\Views\magasinier\produits_content.php on line 103.
 1 APPPATH\Views\magasinier\produits_content.php(103): strtotime(null)
 2 SYSTEMPATH\View\View.php(240): include('C:\\Users\\Honore\\Documents\\GitHub\\ecopanier-S4-Mme-Baovola\\app\\Views\\magasinier\\produits_content.php')
 3 SYSTEMPATH\View\View.php(243): CodeIgniter\View\View->{closure:CodeIgniter\View\View::render():237}()
 4 SYSTEMPATH\Common.php(1250): CodeIgniter\View\View->render('magasinier/produits_content', [], true)
 5 APPPATH\Views\admin\produits.php(21): view('magasinier/produits_content')
 6 SYSTEMPATH\View\View.php(240): include('C:\\Users\\Honore\\Documents\\GitHub\\ecopanier-S4-Mme-Baovola\\app\\Views\\admin\\produits.php')
 7 SYSTEMPATH\View\View.php(243): CodeIgniter\View\View->{closure:CodeIgniter\View\View::render():237}()
 8 SYSTEMPATH\Common.php(1250): CodeIgniter\View\View->render('admin/produits', [], true)
 9 APPPATH\Controllers\AdminController.php(367): view('admin/produits', [...])
10 SYSTEMPATH\CodeIgniter.php(951): App\Controllers\AdminController->produits()
11 SYSTEMPATH\CodeIgniter.php(497): CodeIgniter\CodeIgniter->runController(Object(App\Controllers\AdminController))
12 SYSTEMPATH\CodeIgniter.php(340): CodeIgniter\CodeIgniter->handleRequest(null, Object(Config\Cache), false)
13 SYSTEMPATH\Boot.php(417): CodeIgniter\CodeIgniter->run()
14 SYSTEMPATH\Boot.php(68): CodeIgniter\Boot::runCodeIgniter(Object(CodeIgniter\CodeIgniter))
15 FCPATH\index.php(59): CodeIgniter\Boot::bootWeb(Object(Config\Paths))
16 SYSTEMPATH\rewrite.php(44): require_once('C:\\Users\\Honore\\Documents\\GitHub\\ecopanier-S4-Mme-Baovola\\public\\index.php')
WARNING - 2026-07-12 19:37:07 --> [DEPRECATED] strtotime(): Passing null to parameter #1 ($datetime) of type string is deprecated in APPPATH\Views\magasinier\produits_content.php on line 103.
 1 APPPATH\Views\magasinier\produits_content.php(103): strtotime(null)
 2 SYSTEMPATH\View\View.php(240): include('C:\\Users\\Honore\\Documents\\GitHub\\ecopanier-S4-Mme-Baovola\\app\\Views\\magasinier\\produits_content.php')
 3 SYSTEMPATH\View\View.php(243): CodeIgniter\View\View->{closure:CodeIgniter\View\View::render():237}()
 4 SYSTEMPATH\Common.php(1250): CodeIgniter\View\View->render('magasinier/produits_content', [], true)
 5 APPPATH\Views\admin\produits.php(21): view('magasinier/produits_content')
 6 SYSTEMPATH\View\View.php(240): include('C:\\Users\\Honore\\Documents\\GitHub\\ecopanier-S4-Mme-Baovola\\app\\Views\\admin\\produits.php')
 7 SYSTEMPATH\View\View.php(243): CodeIgniter\View\View->{closure:CodeIgniter\View\View::render():237}()
 8 SYSTEMPATH\Common.php(1250): CodeIgniter\View\View->render('admin/produits', [], true)
 9 APPPATH\Controllers\AdminController.php(367): view('admin/produits', [...])
10 SYSTEMPATH\CodeIgniter.php(951): App\Controllers\AdminController->produits()
11 SYSTEMPATH\CodeIgniter.php(497): CodeIgniter\CodeIgniter->runController(Object(App\Controllers\AdminController))
12 SYSTEMPATH\CodeIgniter.php(340): CodeIgniter\CodeIgniter->handleRequest(null, Object(Config\Cache), false)
13 SYSTEMPATH\Boot.php(417): CodeIgniter\CodeIgniter->run()
14 SYSTEMPATH\Boot.php(68): CodeIgniter\Boot::runCodeIgniter(Object(CodeIgniter\CodeIgniter))
15 FCPATH\index.php(59): CodeIgniter\Boot::bootWeb(Object(Config\Paths))
16 SYSTEMPATH\rewrite.php(44): require_once('C:\\Users\\Honore\\Documents\\GitHub\\ecopanier-S4-Mme-Baovola\\public\\index.php')
WARNING - 2026-07-12 19:37:07 --> [DEPRECATED] strtotime(): Passing null to parameter #1 ($datetime) of type string is deprecated in APPPATH\Views\magasinier\produits_content.php on line 103.
 1 APPPATH\Views\magasinier\produits_content.php(103): strtotime(null)
 2 SYSTEMPATH\View\View.php(240): include('C:\\Users\\Honore\\Documents\\GitHub\\ecopanier-S4-Mme-Baovola\\app\\Views\\magasinier\\produits_content.php')
 3 SYSTEMPATH\View\View.php(243): CodeIgniter\View\View->{closure:CodeIgniter\View\View::render():237}()
 4 SYSTEMPATH\Common.php(1250): CodeIgniter\View\View->render('magasinier/produits_content', [], true)
 5 APPPATH\Views\admin\produits.php(21): view('magasinier/produits_content')
 6 SYSTEMPATH\View\View.php(240): include('C:\\Users\\Honore\\Documents\\GitHub\\ecopanier-S4-Mme-Baovola\\app\\Views\\admin\\produits.php')
 7 SYSTEMPATH\View\View.php(243): CodeIgniter\View\View->{closure:CodeIgniter\View\View::render():237}()
 8 SYSTEMPATH\Common.php(1250): CodeIgniter\View\View->render('admin/produits', [], true)
 9 APPPATH\Controllers\AdminController.php(367): view('admin/produits', [...])
10 SYSTEMPATH\CodeIgniter.php(951): App\Controllers\AdminController->produits()
11 SYSTEMPATH\CodeIgniter.php(497): CodeIgniter\CodeIgniter->runController(Object(App\Controllers\AdminController))
12 SYSTEMPATH\CodeIgniter.php(340): CodeIgniter\CodeIgniter->handleRequest(null, Object(Config\Cache), false)
13 SYSTEMPATH\Boot.php(417): CodeIgniter\CodeIgniter->run()
14 SYSTEMPATH\Boot.php(68): CodeIgniter\Boot::runCodeIgniter(Object(CodeIgniter\CodeIgniter))
15 FCPATH\index.php(59): CodeIgniter\Boot::bootWeb(Object(Config\Paths))
16 SYSTEMPATH\rewrite.php(44): require_once('C:\\Users\\Honore\\Documents\\GitHub\\ecopanier-S4-Mme-Baovola\\public\\index.php')
WARNING - 2026-07-12 19:37:07 --> [DEPRECATED] strtotime(): Passing null to parameter #1 ($datetime) of type string is deprecated in APPPATH\Views\magasinier\produits_content.php on line 103.
 1 APPPATH\Views\magasinier\produits_content.php(103): strtotime(null)
 2 SYSTEMPATH\View\View.php(240): include('C:\\Users\\Honore\\Documents\\GitHub\\ecopanier-S4-Mme-Baovola\\app\\Views\\magasinier\\produits_content.php')
 3 SYSTEMPATH\View\View.php(243): CodeIgniter\View\View->{closure:CodeIgniter\View\View::render():237}()
 4 SYSTEMPATH\Common.php(1250): CodeIgniter\View\View->render('magasinier/produits_content', [], true)
 5 APPPATH\Views\admin\produits.php(21): view('magasinier/produits_content')
 6 SYSTEMPATH\View\View.php(240): include('C:\\Users\\Honore\\Documents\\GitHub\\ecopanier-S4-Mme-Baovola\\app\\Views\\admin\\produits.php')
 7 SYSTEMPATH\View\View.php(243): CodeIgniter\View\View->{closure:CodeIgniter\View\View::render():237}()
 8 SYSTEMPATH\Common.php(1250): CodeIgniter\View\View->render('admin/produits', [], true)
 9 APPPATH\Controllers\AdminController.php(367): view('admin/produits', [...])
10 SYSTEMPATH\CodeIgniter.php(951): App\Controllers\AdminController->produits()
11 SYSTEMPATH\CodeIgniter.php(497): CodeIgniter\CodeIgniter->runController(Object(App\Controllers\AdminController))
12 SYSTEMPATH\CodeIgniter.php(340): CodeIgniter\CodeIgniter->handleRequest(null, Object(Config\Cache), false)
13 SYSTEMPATH\Boot.php(417): CodeIgniter\CodeIgniter->run()
14 SYSTEMPATH\Boot.php(68): CodeIgniter\Boot::runCodeIgniter(Object(CodeIgniter\CodeIgniter))
15 FCPATH\index.php(59): CodeIgniter\Boot::bootWeb(Object(Config\Paths))
16 SYSTEMPATH\rewrite.php(44): require_once('C:\\Users\\Honore\\Documents\\GitHub\\ecopanier-S4-Mme-Baovola\\public\\index.php')
WARNING - 2026-07-12 19:37:07 --> [DEPRECATED] strtotime(): Passing null to parameter #1 ($datetime) of type string is deprecated in APPPATH\Views\magasinier\produits_content.php on line 103.
 1 APPPATH\Views\magasinier\produits_content.php(103): strtotime(null)
 2 SYSTEMPATH\View\View.php(240): include('C:\\Users\\Honore\\Documents\\GitHub\\ecopanier-S4-Mme-Baovola\\app\\Views\\magasinier\\produits_content.php')
 3 SYSTEMPATH\View\View.php(243): CodeIgniter\View\View->{closure:CodeIgniter\View\View::render():237}()
 4 SYSTEMPATH\Common.php(1250): CodeIgniter\View\View->render('magasinier/produits_content', [], true)
 5 APPPATH\Views\admin\produits.php(21): view('magasinier/produits_content')
 6 SYSTEMPATH\View\View.php(240): include('C:\\Users\\Honore\\Documents\\GitHub\\ecopanier-S4-Mme-Baovola\\app\\Views\\admin\\produits.php')
 7 SYSTEMPATH\View\View.php(243): CodeIgniter\View\View->{closure:CodeIgniter\View\View::render():237}()
 8 SYSTEMPATH\Common.php(1250): CodeIgniter\View\View->render('admin/produits', [], true)
 9 APPPATH\Controllers\AdminController.php(367): view('admin/produits', [...])
10 SYSTEMPATH\CodeIgniter.php(951): App\Controllers\AdminController->produits()
11 SYSTEMPATH\CodeIgniter.php(497): CodeIgniter\CodeIgniter->runController(Object(App\Controllers\AdminController))
12 SYSTEMPATH\CodeIgniter.php(340): CodeIgniter\CodeIgniter->handleRequest(null, Object(Config\Cache), false)
13 SYSTEMPATH\Boot.php(417): CodeIgniter\CodeIgniter->run()
14 SYSTEMPATH\Boot.php(68): CodeIgniter\Boot::runCodeIgniter(Object(CodeIgniter\CodeIgniter))
15 FCPATH\index.php(59): CodeIgniter\Boot::bootWeb(Object(Config\Paths))
16 SYSTEMPATH\rewrite.php(44): require_once('C:\\Users\\Honore\\Documents\\GitHub\\ecopanier-S4-Mme-Baovola\\public\\index.php')
WARNING - 2026-07-12 19:37:07 --> [DEPRECATED] strtotime(): Passing null to parameter #1 ($datetime) of type string is deprecated in APPPATH\Views\magasinier\produits_content.php on line 103.
 1 APPPATH\Views\magasinier\produits_content.php(103): strtotime(null)
 2 SYSTEMPATH\View\View.php(240): include('C:\\Users\\Honore\\Documents\\GitHub\\ecopanier-S4-Mme-Baovola\\app\\Views\\magasinier\\produits_content.php')
 3 SYSTEMPATH\View\View.php(243): CodeIgniter\View\View->{closure:CodeIgniter\View\View::render():237}()
 4 SYSTEMPATH\Common.php(1250): CodeIgniter\View\View->render('magasinier/produits_content', [], true)
 5 APPPATH\Views\admin\produits.php(21): view('magasinier/produits_content')
 6 SYSTEMPATH\View\View.php(240): include('C:\\Users\\Honore\\Documents\\GitHub\\ecopanier-S4-Mme-Baovola\\app\\Views\\admin\\produits.php')
 7 SYSTEMPATH\View\View.php(243): CodeIgniter\View\View->{closure:CodeIgniter\View\View::render():237}()
 8 SYSTEMPATH\Common.php(1250): CodeIgniter\View\View->render('admin/produits', [], true)
 9 APPPATH\Controllers\AdminController.php(367): view('admin/produits', [...])
10 SYSTEMPATH\CodeIgniter.php(951): App\Controllers\AdminController->produits()
11 SYSTEMPATH\CodeIgniter.php(497): CodeIgniter\CodeIgniter->runController(Object(App\Controllers\AdminController))
12 SYSTEMPATH\CodeIgniter.php(340): CodeIgniter\CodeIgniter->handleRequest(null, Object(Config\Cache), false)
13 SYSTEMPATH\Boot.php(417): CodeIgniter\CodeIgniter->run()
14 SYSTEMPATH\Boot.php(68): CodeIgniter\Boot::runCodeIgniter(Object(CodeIgniter\CodeIgniter))
15 FCPATH\index.php(59): CodeIgniter\Boot::bootWeb(Object(Config\Paths))
16 SYSTEMPATH\rewrite.php(44): require_once('C:\\Users\\Honore\\Documents\\GitHub\\ecopanier-S4-Mme-Baovola\\public\\index.php')
WARNING - 2026-07-12 19:37:07 --> [DEPRECATED] strtotime(): Passing null to parameter #1 ($datetime) of type string is deprecated in APPPATH\Views\magasinier\produits_content.php on line 103.
 1 APPPATH\Views\magasinier\produits_content.php(103): strtotime(null)
 2 SYSTEMPATH\View\View.php(240): include('C:\\Users\\Honore\\Documents\\GitHub\\ecopanier-S4-Mme-Baovola\\app\\Views\\magasinier\\produits_content.php')
 3 SYSTEMPATH\View\View.php(243): CodeIgniter\View\View->{closure:CodeIgniter\View\View::render():237}()
 4 SYSTEMPATH\Common.php(1250): CodeIgniter\View\View->render('magasinier/produits_content', [], true)
 5 APPPATH\Views\admin\produits.php(21): view('magasinier/produits_content')
 6 SYSTEMPATH\View\View.php(240): include('C:\\Users\\Honore\\Documents\\GitHub\\ecopanier-S4-Mme-Baovola\\app\\Views\\admin\\produits.php')
 7 SYSTEMPATH\View\View.php(243): CodeIgniter\View\View->{closure:CodeIgniter\View\View::render():237}()
 8 SYSTEMPATH\Common.php(1250): CodeIgniter\View\View->render('admin/produits', [], true)
 9 APPPATH\Controllers\AdminController.php(367): view('admin/produits', [...])
10 SYSTEMPATH\CodeIgniter.php(951): App\Controllers\AdminController->produits()
11 SYSTEMPATH\CodeIgniter.php(497): CodeIgniter\CodeIgniter->runController(Object(App\Controllers\AdminController))
12 SYSTEMPATH\CodeIgniter.php(340): CodeIgniter\CodeIgniter->handleRequest(null, Object(Config\Cache), false)
13 SYSTEMPATH\Boot.php(417): CodeIgniter\CodeIgniter->run()
14 SYSTEMPATH\Boot.php(68): CodeIgniter\Boot::runCodeIgniter(Object(CodeIgniter\CodeIgniter))
15 FCPATH\index.php(59): CodeIgniter\Boot::bootWeb(Object(Config\Paths))
16 SYSTEMPATH\rewrite.php(44): require_once('C:\\Users\\Honore\\Documents\\GitHub\\ecopanier-S4-Mme-Baovola\\public\\index.php')
WARNING - 2026-07-12 19:37:07 --> [DEPRECATED] strtotime(): Passing null to parameter #1 ($datetime) of type string is deprecated in APPPATH\Views\magasinier\produits_content.php on line 103.
 1 APPPATH\Views\magasinier\produits_content.php(103): strtotime(null)
 2 SYSTEMPATH\View\View.php(240): include('C:\\Users\\Honore\\Documents\\GitHub\\ecopanier-S4-Mme-Baovola\\app\\Views\\magasinier\\produits_content.php')
 3 SYSTEMPATH\View\View.php(243): CodeIgniter\View\View->{closure:CodeIgniter\View\View::render():237}()
 4 SYSTEMPATH\Common.php(1250): CodeIgniter\View\View->render('magasinier/produits_content', [], true)
 5 APPPATH\Views\admin\produits.php(21): view('magasinier/produits_content')
 6 SYSTEMPATH\View\View.php(240): include('C:\\Users\\Honore\\Documents\\GitHub\\ecopanier-S4-Mme-Baovola\\app\\Views\\admin\\produits.php')
 7 SYSTEMPATH\View\View.php(243): CodeIgniter\View\View->{closure:CodeIgniter\View\View::render():237}()
 8 SYSTEMPATH\Common.php(1250): CodeIgniter\View\View->render('admin/produits', [], true)
 9 APPPATH\Controllers\AdminController.php(367): view('admin/produits', [...])
10 SYSTEMPATH\CodeIgniter.php(951): App\Controllers\AdminController->produits()
11 SYSTEMPATH\CodeIgniter.php(497): CodeIgniter\CodeIgniter->runController(Object(App\Controllers\AdminController))
12 SYSTEMPATH\CodeIgniter.php(340): CodeIgniter\CodeIgniter->handleRequest(null, Object(Config\Cache), false)
13 SYSTEMPATH\Boot.php(417): CodeIgniter\CodeIgniter->run()
14 SYSTEMPATH\Boot.php(68): CodeIgniter\Boot::runCodeIgniter(Object(CodeIgniter\CodeIgniter))
15 FCPATH\index.php(59): CodeIgniter\Boot::bootWeb(Object(Config\Paths))
16 SYSTEMPATH\rewrite.php(44): require_once('C:\\Users\\Honore\\Documents\\GitHub\\ecopanier-S4-Mme-Baovola\\public\\index.php')
DEBUG - 2026-07-12 19:37:08 --> Session: Class initialized using 'CodeIgniter\Session\Handlers\FileHandler' driver.
DEBUG - 2026-07-12 19:37:09 --> Session: Class initialized using 'CodeIgniter\Session\Handlers\FileHandler' driver.
DEBUG - 2026-07-12 19:37:10 --> Session: Class initialized using 'CodeIgniter\Session\Handlers\FileHandler' driver.
DEBUG - 2026-07-12 19:37:11 --> Session: Class initialized using 'CodeIgniter\Session\Handlers\FileHandler' driver.
DEBUG - 2026-07-12 19:37:11 --> Session: Class initialized using 'CodeIgniter\Session\Handlers\FileHandler' driver.
DEBUG - 2026-07-12 19:37:12 --> Session: Class initialized using 'CodeIgniter\Session\Handlers\FileHandler' driver.
DEBUG - 2026-07-12 19:37:14 --> Session: Class initialized using 'CodeIgniter\Session\Handlers\FileHandler' driver.
DEBUG - 2026-07-12 19:37:14 --> Session: Class initialized using 'CodeIgniter\Session\Handlers\FileHandler' driver.
DEBUG - 2026-07-12 19:37:15 --> Session: Class initialized using 'CodeIgniter\Session\Handlers\FileHandler' driver.
DEBUG - 2026-07-12 19:37:18 --> Session: Class initialized using 'CodeIgniter\Session\Handlers\FileHandler' driver.
DEBUG - 2026-07-12 19:37:19 --> Session: Class initialized using 'CodeIgniter\Session\Handlers\FileHandler' driver.
DEBUG - 2026-07-12 19:37:19 --> Session: Class initialized using 'CodeIgniter\Session\Handlers\FileHandler' driver.
DEBUG - 2026-07-12 19:37:22 --> Session: Class initialized using 'CodeIgniter\Session\Handlers\FileHandler' driver.
DEBUG - 2026-07-12 19:37:22 --> Session: Class initialized using 'CodeIgniter\Session\Handlers\FileHandler' driver.
DEBUG - 2026-07-12 19:37:48 --> Session: Class initialized using 'CodeIgniter\Session\Handlers\FileHandler' driver.
DEBUG - 2026-07-12 19:37:48 --> Session: Class initialized using 'CodeIgniter\Session\Handlers\FileHandler' driver.
DEBUG - 2026-07-12 19:37:49 --> Session: Class initialized using 'CodeIgniter\Session\Handlers\FileHandler' driver.
CRITICAL - 2026-07-12 19:37:49 --> CodeIgniter\View\Exceptions\ViewException: Invalid file: "agent/clients.php"
[Method: GET, Route: agent/clients]
in SYSTEMPATH\Exceptions\FrameworkException.php on line 39.
 1 SYSTEMPATH\View\View.php(228): CodeIgniter\Exceptions\FrameworkException::forInvalidFile('agent/clients.php')
 2 SYSTEMPATH\Common.php(1250): CodeIgniter\View\View->render('agent/clients', [], true)
 3 APPPATH\Controllers\AgentController.php(21): view('agent/clients')
 4 SYSTEMPATH\CodeIgniter.php(951): App\Controllers\AgentController->clients()
 5 SYSTEMPATH\CodeIgniter.php(497): CodeIgniter\CodeIgniter->runController(Object(App\Controllers\AgentController))
 6 SYSTEMPATH\CodeIgniter.php(340): CodeIgniter\CodeIgniter->handleRequest(null, Object(Config\Cache), false)
 7 SYSTEMPATH\Boot.php(417): CodeIgniter\CodeIgniter->run()
 8 SYSTEMPATH\Boot.php(68): CodeIgniter\Boot::runCodeIgniter(Object(CodeIgniter\CodeIgniter))
 9 FCPATH\index.php(59): CodeIgniter\Boot::bootWeb(Object(Config\Paths))
10 SYSTEMPATH\rewrite.php(44): require_once('C:\\Users\\Honore\\Documents\\GitHub\\ecopanier-S4-Mme-Baovola\\public\\index.php')
DEBUG - 2026-07-12 19:37:51 --> Session: Class initialized using 'CodeIgniter\Session\Handlers\FileHandler' driver.
DEBUG - 2026-07-12 19:37:52 --> Session: Class initialized using 'CodeIgniter\Session\Handlers\FileHandler' driver.
DEBUG - 2026-07-12 19:37:53 --> Session: Class initialized using 'CodeIgniter\Session\Handlers\FileHandler' driver.
DEBUG - 2026-07-12 19:37:53 --> Session: Class initialized using 'CodeIgniter\Session\Handlers\FileHandler' driver.
DEBUG - 2026-07-12 19:37:54 --> Session: Class initialized using 'CodeIgniter\Session\Handlers\FileHandler' driver.
DEBUG - 2026-07-12 19:37:55 --> Session: Class initialized using 'CodeIgniter\Session\Handlers\FileHandler' driver.
DEBUG - 2026-07-12 19:37:55 --> Session: Class initialized using 'CodeIgniter\Session\Handlers\FileHandler' driver.
DEBUG - 2026-07-12 19:38:12 --> Session: Class initialized using 'CodeIgniter\Session\Handlers\FileHandler' driver.
DEBUG - 2026-07-12 19:38:12 --> Session: Class initialized using 'CodeIgniter\Session\Handlers\FileHandler' driver.
DEBUG - 2026-07-12 19:38:16 --> Session: Class initialized using 'CodeIgniter\Session\Handlers\FileHandler' driver.
DEBUG - 2026-07-12 19:38:16 --> Session: Class initialized using 'CodeIgniter\Session\Handlers\FileHandler' driver.
DEBUG - 2026-07-12 19:40:05 --> Session: Class initialized using 'CodeIgniter\Session\Handlers\FileHandler' driver.
DEBUG - 2026-07-12 19:40:05 --> Session: Class initialized using 'CodeIgniter\Session\Handlers\FileHandler' driver.
DEBUG - 2026-07-12 19:40:21 --> Session: Class initialized using 'CodeIgniter\Session\Handlers\FileHandler' driver.
DEBUG - 2026-07-12 19:40:21 --> Session: Class initialized using 'CodeIgniter\Session\Handlers\FileHandler' driver.
DEBUG - 2026-07-12 19:40:24 --> Session: Class initialized using 'CodeIgniter\Session\Handlers\FileHandler' driver.
DEBUG - 2026-07-12 19:40:25 --> Session: Class initialized using 'CodeIgniter\Session\Handlers\FileHandler' driver.
DEBUG - 2026-07-12 19:40:25 --> Session: Class initialized using 'CodeIgniter\Session\Handlers\FileHandler' driver.
WARNING - 2026-07-12 19:40:25 --> [DEPRECATED] strtotime(): Passing null to parameter #1 ($datetime) of type string is deprecated in APPPATH\Views\magasinier\categories_content.php on line 120.
 1 APPPATH\Views\magasinier\categories_content.php(120): strtotime(null)
 2 SYSTEMPATH\View\View.php(240): include('C:\\Users\\Honore\\Documents\\GitHub\\ecopanier-S4-Mme-Baovola\\app\\Views\\magasinier\\categories_content.php')
 3 SYSTEMPATH\View\View.php(243): CodeIgniter\View\View->{closure:CodeIgniter\View\View::render():237}()
 4 SYSTEMPATH\Common.php(1250): CodeIgniter\View\View->render('magasinier/categories_content', [], true)
 5 APPPATH\Views\admin\categories.php(21): view('magasinier/categories_content')
 6 SYSTEMPATH\View\View.php(240): include('C:\\Users\\Honore\\Documents\\GitHub\\ecopanier-S4-Mme-Baovola\\app\\Views\\admin\\categories.php')
 7 SYSTEMPATH\View\View.php(243): CodeIgniter\View\View->{closure:CodeIgniter\View\View::render():237}()
 8 SYSTEMPATH\Common.php(1250): CodeIgniter\View\View->render('admin/categories', [], true)
 9 APPPATH\Controllers\AdminController.php(335): view('admin/categories', [...])
10 SYSTEMPATH\CodeIgniter.php(951): App\Controllers\AdminController->categories()
11 SYSTEMPATH\CodeIgniter.php(497): CodeIgniter\CodeIgniter->runController(Object(App\Controllers\AdminController))
12 SYSTEMPATH\CodeIgniter.php(340): CodeIgniter\CodeIgniter->handleRequest(null, Object(Config\Cache), false)
13 SYSTEMPATH\Boot.php(417): CodeIgniter\CodeIgniter->run()
14 SYSTEMPATH\Boot.php(68): CodeIgniter\Boot::runCodeIgniter(Object(CodeIgniter\CodeIgniter))
15 FCPATH\index.php(59): CodeIgniter\Boot::bootWeb(Object(Config\Paths))
16 SYSTEMPATH\rewrite.php(44): require_once('C:\\Users\\Honore\\Documents\\GitHub\\ecopanier-S4-Mme-Baovola\\public\\index.php')
WARNING - 2026-07-12 19:40:25 --> [DEPRECATED] strtotime(): Passing null to parameter #1 ($datetime) of type string is deprecated in APPPATH\Views\magasinier\categories_content.php on line 120.
 1 APPPATH\Views\magasinier\categories_content.php(120): strtotime(null)
 2 SYSTEMPATH\View\View.php(240): include('C:\\Users\\Honore\\Documents\\GitHub\\ecopanier-S4-Mme-Baovola\\app\\Views\\magasinier\\categories_content.php')
 3 SYSTEMPATH\View\View.php(243): CodeIgniter\View\View->{closure:CodeIgniter\View\View::render():237}()
 4 SYSTEMPATH\Common.php(1250): CodeIgniter\View\View->render('magasinier/categories_content', [], true)
 5 APPPATH\Views\admin\categories.php(21): view('magasinier/categories_content')
 6 SYSTEMPATH\View\View.php(240): include('C:\\Users\\Honore\\Documents\\GitHub\\ecopanier-S4-Mme-Baovola\\app\\Views\\admin\\categories.php')
 7 SYSTEMPATH\View\View.php(243): CodeIgniter\View\View->{closure:CodeIgniter\View\View::render():237}()
 8 SYSTEMPATH\Common.php(1250): CodeIgniter\View\View->render('admin/categories', [], true)
 9 APPPATH\Controllers\AdminController.php(335): view('admin/categories', [...])
10 SYSTEMPATH\CodeIgniter.php(951): App\Controllers\AdminController->categories()
11 SYSTEMPATH\CodeIgniter.php(497): CodeIgniter\CodeIgniter->runController(Object(App\Controllers\AdminController))
12 SYSTEMPATH\CodeIgniter.php(340): CodeIgniter\CodeIgniter->handleRequest(null, Object(Config\Cache), false)
13 SYSTEMPATH\Boot.php(417): CodeIgniter\CodeIgniter->run()
14 SYSTEMPATH\Boot.php(68): CodeIgniter\Boot::runCodeIgniter(Object(CodeIgniter\CodeIgniter))
15 FCPATH\index.php(59): CodeIgniter\Boot::bootWeb(Object(Config\Paths))
16 SYSTEMPATH\rewrite.php(44): require_once('C:\\Users\\Honore\\Documents\\GitHub\\ecopanier-S4-Mme-Baovola\\public\\index.php')
WARNING - 2026-07-12 19:40:25 --> [DEPRECATED] strtotime(): Passing null to parameter #1 ($datetime) of type string is deprecated in APPPATH\Views\magasinier\categories_content.php on line 120.
 1 APPPATH\Views\magasinier\categories_content.php(120): strtotime(null)
 2 SYSTEMPATH\View\View.php(240): include('C:\\Users\\Honore\\Documents\\GitHub\\ecopanier-S4-Mme-Baovola\\app\\Views\\magasinier\\categories_content.php')
 3 SYSTEMPATH\View\View.php(243): CodeIgniter\View\View->{closure:CodeIgniter\View\View::render():237}()
 4 SYSTEMPATH\Common.php(1250): CodeIgniter\View\View->render('magasinier/categories_content', [], true)
 5 APPPATH\Views\admin\categories.php(21): view('magasinier/categories_content')
 6 SYSTEMPATH\View\View.php(240): include('C:\\Users\\Honore\\Documents\\GitHub\\ecopanier-S4-Mme-Baovola\\app\\Views\\admin\\categories.php')
 7 SYSTEMPATH\View\View.php(243): CodeIgniter\View\View->{closure:CodeIgniter\View\View::render():237}()
 8 SYSTEMPATH\Common.php(1250): CodeIgniter\View\View->render('admin/categories', [], true)
 9 APPPATH\Controllers\AdminController.php(335): view('admin/categories', [...])
10 SYSTEMPATH\CodeIgniter.php(951): App\Controllers\AdminController->categories()
11 SYSTEMPATH\CodeIgniter.php(497): CodeIgniter\CodeIgniter->runController(Object(App\Controllers\AdminController))
12 SYSTEMPATH\CodeIgniter.php(340): CodeIgniter\CodeIgniter->handleRequest(null, Object(Config\Cache), false)
13 SYSTEMPATH\Boot.php(417): CodeIgniter\CodeIgniter->run()
14 SYSTEMPATH\Boot.php(68): CodeIgniter\Boot::runCodeIgniter(Object(CodeIgniter\CodeIgniter))
15 FCPATH\index.php(59): CodeIgniter\Boot::bootWeb(Object(Config\Paths))
16 SYSTEMPATH\rewrite.php(44): require_once('C:\\Users\\Honore\\Documents\\GitHub\\ecopanier-S4-Mme-Baovola\\public\\index.php')
WARNING - 2026-07-12 19:40:25 --> [DEPRECATED] strtotime(): Passing null to parameter #1 ($datetime) of type string is deprecated in APPPATH\Views\magasinier\categories_content.php on line 120.
 1 APPPATH\Views\magasinier\categories_content.php(120): strtotime(null)
 2 SYSTEMPATH\View\View.php(240): include('C:\\Users\\Honore\\Documents\\GitHub\\ecopanier-S4-Mme-Baovola\\app\\Views\\magasinier\\categories_content.php')
 3 SYSTEMPATH\View\View.php(243): CodeIgniter\View\View->{closure:CodeIgniter\View\View::render():237}()
 4 SYSTEMPATH\Common.php(1250): CodeIgniter\View\View->render('magasinier/categories_content', [], true)
 5 APPPATH\Views\admin\categories.php(21): view('magasinier/categories_content')
 6 SYSTEMPATH\View\View.php(240): include('C:\\Users\\Honore\\Documents\\GitHub\\ecopanier-S4-Mme-Baovola\\app\\Views\\admin\\categories.php')
 7 SYSTEMPATH\View\View.php(243): CodeIgniter\View\View->{closure:CodeIgniter\View\View::render():237}()
 8 SYSTEMPATH\Common.php(1250): CodeIgniter\View\View->render('admin/categories', [], true)
 9 APPPATH\Controllers\AdminController.php(335): view('admin/categories', [...])
10 SYSTEMPATH\CodeIgniter.php(951): App\Controllers\AdminController->categories()
11 SYSTEMPATH\CodeIgniter.php(497): CodeIgniter\CodeIgniter->runController(Object(App\Controllers\AdminController))
12 SYSTEMPATH\CodeIgniter.php(340): CodeIgniter\CodeIgniter->handleRequest(null, Object(Config\Cache), false)
13 SYSTEMPATH\Boot.php(417): CodeIgniter\CodeIgniter->run()
14 SYSTEMPATH\Boot.php(68): CodeIgniter\Boot::runCodeIgniter(Object(CodeIgniter\CodeIgniter))
15 FCPATH\index.php(59): CodeIgniter\Boot::bootWeb(Object(Config\Paths))
16 SYSTEMPATH\rewrite.php(44): require_once('C:\\Users\\Honore\\Documents\\GitHub\\ecopanier-S4-Mme-Baovola\\public\\index.php')
DEBUG - 2026-07-12 19:40:26 --> Session: Class initialized using 'CodeIgniter\Session\Handlers\FileHandler' driver.
WARNING - 2026-07-12 19:40:26 --> [DEPRECATED] strtotime(): Passing null to parameter #1 ($datetime) of type string is deprecated in APPPATH\Views\magasinier\produits_content.php on line 103.
 1 APPPATH\Views\magasinier\produits_content.php(103): strtotime(null)
 2 SYSTEMPATH\View\View.php(240): include('C:\\Users\\Honore\\Documents\\GitHub\\ecopanier-S4-Mme-Baovola\\app\\Views\\magasinier\\produits_content.php')
 3 SYSTEMPATH\View\View.php(243): CodeIgniter\View\View->{closure:CodeIgniter\View\View::render():237}()
 4 SYSTEMPATH\Common.php(1250): CodeIgniter\View\View->render('magasinier/produits_content', [], true)
 5 APPPATH\Views\admin\produits.php(21): view('magasinier/produits_content')
 6 SYSTEMPATH\View\View.php(240): include('C:\\Users\\Honore\\Documents\\GitHub\\ecopanier-S4-Mme-Baovola\\app\\Views\\admin\\produits.php')
 7 SYSTEMPATH\View\View.php(243): CodeIgniter\View\View->{closure:CodeIgniter\View\View::render():237}()
 8 SYSTEMPATH\Common.php(1250): CodeIgniter\View\View->render('admin/produits', [], true)
 9 APPPATH\Controllers\AdminController.php(367): view('admin/produits', [...])
10 SYSTEMPATH\CodeIgniter.php(951): App\Controllers\AdminController->produits()
11 SYSTEMPATH\CodeIgniter.php(497): CodeIgniter\CodeIgniter->runController(Object(App\Controllers\AdminController))
12 SYSTEMPATH\CodeIgniter.php(340): CodeIgniter\CodeIgniter->handleRequest(null, Object(Config\Cache), false)
13 SYSTEMPATH\Boot.php(417): CodeIgniter\CodeIgniter->run()
14 SYSTEMPATH\Boot.php(68): CodeIgniter\Boot::runCodeIgniter(Object(CodeIgniter\CodeIgniter))
15 FCPATH\index.php(59): CodeIgniter\Boot::bootWeb(Object(Config\Paths))
16 SYSTEMPATH\rewrite.php(44): require_once('C:\\Users\\Honore\\Documents\\GitHub\\ecopanier-S4-Mme-Baovola\\public\\index.php')
WARNING - 2026-07-12 19:40:26 --> [DEPRECATED] strtotime(): Passing null to parameter #1 ($datetime) of type string is deprecated in APPPATH\Views\magasinier\produits_content.php on line 103.
 1 APPPATH\Views\magasinier\produits_content.php(103): strtotime(null)
 2 SYSTEMPATH\View\View.php(240): include('C:\\Users\\Honore\\Documents\\GitHub\\ecopanier-S4-Mme-Baovola\\app\\Views\\magasinier\\produits_content.php')
 3 SYSTEMPATH\View\View.php(243): CodeIgniter\View\View->{closure:CodeIgniter\View\View::render():237}()
 4 SYSTEMPATH\Common.php(1250): CodeIgniter\View\View->render('magasinier/produits_content', [], true)
 5 APPPATH\Views\admin\produits.php(21): view('magasinier/produits_content')
 6 SYSTEMPATH\View\View.php(240): include('C:\\Users\\Honore\\Documents\\GitHub\\ecopanier-S4-Mme-Baovola\\app\\Views\\admin\\produits.php')
 7 SYSTEMPATH\View\View.php(243): CodeIgniter\View\View->{closure:CodeIgniter\View\View::render():237}()
 8 SYSTEMPATH\Common.php(1250): CodeIgniter\View\View->render('admin/produits', [], true)
 9 APPPATH\Controllers\AdminController.php(367): view('admin/produits', [...])
10 SYSTEMPATH\CodeIgniter.php(951): App\Controllers\AdminController->produits()
11 SYSTEMPATH\CodeIgniter.php(497): CodeIgniter\CodeIgniter->runController(Object(App\Controllers\AdminController))
12 SYSTEMPATH\CodeIgniter.php(340): CodeIgniter\CodeIgniter->handleRequest(null, Object(Config\Cache), false)
13 SYSTEMPATH\Boot.php(417): CodeIgniter\CodeIgniter->run()
14 SYSTEMPATH\Boot.php(68): CodeIgniter\Boot::runCodeIgniter(Object(CodeIgniter\CodeIgniter))
15 FCPATH\index.php(59): CodeIgniter\Boot::bootWeb(Object(Config\Paths))
16 SYSTEMPATH\rewrite.php(44): require_once('C:\\Users\\Honore\\Documents\\GitHub\\ecopanier-S4-Mme-Baovola\\public\\index.php')
WARNING - 2026-07-12 19:40:26 --> [DEPRECATED] strtotime(): Passing null to parameter #1 ($datetime) of type string is deprecated in APPPATH\Views\magasinier\produits_content.php on line 103.
 1 APPPATH\Views\magasinier\produits_content.php(103): strtotime(null)
 2 SYSTEMPATH\View\View.php(240): include('C:\\Users\\Honore\\Documents\\GitHub\\ecopanier-S4-Mme-Baovola\\app\\Views\\magasinier\\produits_content.php')
 3 SYSTEMPATH\View\View.php(243): CodeIgniter\View\View->{closure:CodeIgniter\View\View::render():237}()
 4 SYSTEMPATH\Common.php(1250): CodeIgniter\View\View->render('magasinier/produits_content', [], true)
 5 APPPATH\Views\admin\produits.php(21): view('magasinier/produits_content')
 6 SYSTEMPATH\View\View.php(240): include('C:\\Users\\Honore\\Documents\\GitHub\\ecopanier-S4-Mme-Baovola\\app\\Views\\admin\\produits.php')
 7 SYSTEMPATH\View\View.php(243): CodeIgniter\View\View->{closure:CodeIgniter\View\View::render():237}()
 8 SYSTEMPATH\Common.php(1250): CodeIgniter\View\View->render('admin/produits', [], true)
 9 APPPATH\Controllers\AdminController.php(367): view('admin/produits', [...])
10 SYSTEMPATH\CodeIgniter.php(951): App\Controllers\AdminController->produits()
11 SYSTEMPATH\CodeIgniter.php(497): CodeIgniter\CodeIgniter->runController(Object(App\Controllers\AdminController))
12 SYSTEMPATH\CodeIgniter.php(340): CodeIgniter\CodeIgniter->handleRequest(null, Object(Config\Cache), false)
13 SYSTEMPATH\Boot.php(417): CodeIgniter\CodeIgniter->run()
14 SYSTEMPATH\Boot.php(68): CodeIgniter\Boot::runCodeIgniter(Object(CodeIgniter\CodeIgniter))
15 FCPATH\index.php(59): CodeIgniter\Boot::bootWeb(Object(Config\Paths))
16 SYSTEMPATH\rewrite.php(44): require_once('C:\\Users\\Honore\\Documents\\GitHub\\ecopanier-S4-Mme-Baovola\\public\\index.php')
WARNING - 2026-07-12 19:40:26 --> [DEPRECATED] strtotime(): Passing null to parameter #1 ($datetime) of type string is deprecated in APPPATH\Views\magasinier\produits_content.php on line 103.
 1 APPPATH\Views\magasinier\produits_content.php(103): strtotime(null)
 2 SYSTEMPATH\View\View.php(240): include('C:\\Users\\Honore\\Documents\\GitHub\\ecopanier-S4-Mme-Baovola\\app\\Views\\magasinier\\produits_content.php')
 3 SYSTEMPATH\View\View.php(243): CodeIgniter\View\View->{closure:CodeIgniter\View\View::render():237}()
 4 SYSTEMPATH\Common.php(1250): CodeIgniter\View\View->render('magasinier/produits_content', [], true)
 5 APPPATH\Views\admin\produits.php(21): view('magasinier/produits_content')
 6 SYSTEMPATH\View\View.php(240): include('C:\\Users\\Honore\\Documents\\GitHub\\ecopanier-S4-Mme-Baovola\\app\\Views\\admin\\produits.php')
 7 SYSTEMPATH\View\View.php(243): CodeIgniter\View\View->{closure:CodeIgniter\View\View::render():237}()
 8 SYSTEMPATH\Common.php(1250): CodeIgniter\View\View->render('admin/produits', [], true)
 9 APPPATH\Controllers\AdminController.php(367): view('admin/produits', [...])
10 SYSTEMPATH\CodeIgniter.php(951): App\Controllers\AdminController->produits()
11 SYSTEMPATH\CodeIgniter.php(497): CodeIgniter\CodeIgniter->runController(Object(App\Controllers\AdminController))
12 SYSTEMPATH\CodeIgniter.php(340): CodeIgniter\CodeIgniter->handleRequest(null, Object(Config\Cache), false)
13 SYSTEMPATH\Boot.php(417): CodeIgniter\CodeIgniter->run()
14 SYSTEMPATH\Boot.php(68): CodeIgniter\Boot::runCodeIgniter(Object(CodeIgniter\CodeIgniter))
15 FCPATH\index.php(59): CodeIgniter\Boot::bootWeb(Object(Config\Paths))
16 SYSTEMPATH\rewrite.php(44): require_once('C:\\Users\\Honore\\Documents\\GitHub\\ecopanier-S4-Mme-Baovola\\public\\index.php')
WARNING - 2026-07-12 19:40:26 --> [DEPRECATED] strtotime(): Passing null to parameter #1 ($datetime) of type string is deprecated in APPPATH\Views\magasinier\produits_content.php on line 103.
 1 APPPATH\Views\magasinier\produits_content.php(103): strtotime(null)
 2 SYSTEMPATH\View\View.php(240): include('C:\\Users\\Honore\\Documents\\GitHub\\ecopanier-S4-Mme-Baovola\\app\\Views\\magasinier\\produits_content.php')
 3 SYSTEMPATH\View\View.php(243): CodeIgniter\View\View->{closure:CodeIgniter\View\View::render():237}()
 4 SYSTEMPATH\Common.php(1250): CodeIgniter\View\View->render('magasinier/produits_content', [], true)
 5 APPPATH\Views\admin\produits.php(21): view('magasinier/produits_content')
 6 SYSTEMPATH\View\View.php(240): include('C:\\Users\\Honore\\Documents\\GitHub\\ecopanier-S4-Mme-Baovola\\app\\Views\\admin\\produits.php')
 7 SYSTEMPATH\View\View.php(243): CodeIgniter\View\View->{closure:CodeIgniter\View\View::render():237}()
 8 SYSTEMPATH\Common.php(1250): CodeIgniter\View\View->render('admin/produits', [], true)
 9 APPPATH\Controllers\AdminController.php(367): view('admin/produits', [...])
10 SYSTEMPATH\CodeIgniter.php(951): App\Controllers\AdminController->produits()
11 SYSTEMPATH\CodeIgniter.php(497): CodeIgniter\CodeIgniter->runController(Object(App\Controllers\AdminController))
12 SYSTEMPATH\CodeIgniter.php(340): CodeIgniter\CodeIgniter->handleRequest(null, Object(Config\Cache), false)
13 SYSTEMPATH\Boot.php(417): CodeIgniter\CodeIgniter->run()
14 SYSTEMPATH\Boot.php(68): CodeIgniter\Boot::runCodeIgniter(Object(CodeIgniter\CodeIgniter))
15 FCPATH\index.php(59): CodeIgniter\Boot::bootWeb(Object(Config\Paths))
16 SYSTEMPATH\rewrite.php(44): require_once('C:\\Users\\Honore\\Documents\\GitHub\\ecopanier-S4-Mme-Baovola\\public\\index.php')
WARNING - 2026-07-12 19:40:26 --> [DEPRECATED] strtotime(): Passing null to parameter #1 ($datetime) of type string is deprecated in APPPATH\Views\magasinier\produits_content.php on line 103.
 1 APPPATH\Views\magasinier\produits_content.php(103): strtotime(null)
 2 SYSTEMPATH\View\View.php(240): include('C:\\Users\\Honore\\Documents\\GitHub\\ecopanier-S4-Mme-Baovola\\app\\Views\\magasinier\\produits_content.php')
 3 SYSTEMPATH\View\View.php(243): CodeIgniter\View\View->{closure:CodeIgniter\View\View::render():237}()
 4 SYSTEMPATH\Common.php(1250): CodeIgniter\View\View->render('magasinier/produits_content', [], true)
 5 APPPATH\Views\admin\produits.php(21): view('magasinier/produits_content')
 6 SYSTEMPATH\View\View.php(240): include('C:\\Users\\Honore\\Documents\\GitHub\\ecopanier-S4-Mme-Baovola\\app\\Views\\admin\\produits.php')
 7 SYSTEMPATH\View\View.php(243): CodeIgniter\View\View->{closure:CodeIgniter\View\View::render():237}()
 8 SYSTEMPATH\Common.php(1250): CodeIgniter\View\View->render('admin/produits', [], true)
 9 APPPATH\Controllers\AdminController.php(367): view('admin/produits', [...])
10 SYSTEMPATH\CodeIgniter.php(951): App\Controllers\AdminController->produits()
11 SYSTEMPATH\CodeIgniter.php(497): CodeIgniter\CodeIgniter->runController(Object(App\Controllers\AdminController))
12 SYSTEMPATH\CodeIgniter.php(340): CodeIgniter\CodeIgniter->handleRequest(null, Object(Config\Cache), false)
13 SYSTEMPATH\Boot.php(417): CodeIgniter\CodeIgniter->run()
14 SYSTEMPATH\Boot.php(68): CodeIgniter\Boot::runCodeIgniter(Object(CodeIgniter\CodeIgniter))
15 FCPATH\index.php(59): CodeIgniter\Boot::bootWeb(Object(Config\Paths))
16 SYSTEMPATH\rewrite.php(44): require_once('C:\\Users\\Honore\\Documents\\GitHub\\ecopanier-S4-Mme-Baovola\\public\\index.php')
WARNING - 2026-07-12 19:40:26 --> [DEPRECATED] strtotime(): Passing null to parameter #1 ($datetime) of type string is deprecated in APPPATH\Views\magasinier\produits_content.php on line 103.
 1 APPPATH\Views\magasinier\produits_content.php(103): strtotime(null)
 2 SYSTEMPATH\View\View.php(240): include('C:\\Users\\Honore\\Documents\\GitHub\\ecopanier-S4-Mme-Baovola\\app\\Views\\magasinier\\produits_content.php')
 3 SYSTEMPATH\View\View.php(243): CodeIgniter\View\View->{closure:CodeIgniter\View\View::render():237}()
 4 SYSTEMPATH\Common.php(1250): CodeIgniter\View\View->render('magasinier/produits_content', [], true)
 5 APPPATH\Views\admin\produits.php(21): view('magasinier/produits_content')
 6 SYSTEMPATH\View\View.php(240): include('C:\\Users\\Honore\\Documents\\GitHub\\ecopanier-S4-Mme-Baovola\\app\\Views\\admin\\produits.php')
 7 SYSTEMPATH\View\View.php(243): CodeIgniter\View\View->{closure:CodeIgniter\View\View::render():237}()
 8 SYSTEMPATH\Common.php(1250): CodeIgniter\View\View->render('admin/produits', [], true)
 9 APPPATH\Controllers\AdminController.php(367): view('admin/produits', [...])
10 SYSTEMPATH\CodeIgniter.php(951): App\Controllers\AdminController->produits()
11 SYSTEMPATH\CodeIgniter.php(497): CodeIgniter\CodeIgniter->runController(Object(App\Controllers\AdminController))
12 SYSTEMPATH\CodeIgniter.php(340): CodeIgniter\CodeIgniter->handleRequest(null, Object(Config\Cache), false)
13 SYSTEMPATH\Boot.php(417): CodeIgniter\CodeIgniter->run()
14 SYSTEMPATH\Boot.php(68): CodeIgniter\Boot::runCodeIgniter(Object(CodeIgniter\CodeIgniter))
15 FCPATH\index.php(59): CodeIgniter\Boot::bootWeb(Object(Config\Paths))
16 SYSTEMPATH\rewrite.php(44): require_once('C:\\Users\\Honore\\Documents\\GitHub\\ecopanier-S4-Mme-Baovola\\public\\index.php')
WARNING - 2026-07-12 19:40:26 --> [DEPRECATED] strtotime(): Passing null to parameter #1 ($datetime) of type string is deprecated in APPPATH\Views\magasinier\produits_content.php on line 103.
 1 APPPATH\Views\magasinier\produits_content.php(103): strtotime(null)
 2 SYSTEMPATH\View\View.php(240): include('C:\\Users\\Honore\\Documents\\GitHub\\ecopanier-S4-Mme-Baovola\\app\\Views\\magasinier\\produits_content.php')
 3 SYSTEMPATH\View\View.php(243): CodeIgniter\View\View->{closure:CodeIgniter\View\View::render():237}()
 4 SYSTEMPATH\Common.php(1250): CodeIgniter\View\View->render('magasinier/produits_content', [], true)
 5 APPPATH\Views\admin\produits.php(21): view('magasinier/produits_content')
 6 SYSTEMPATH\View\View.php(240): include('C:\\Users\\Honore\\Documents\\GitHub\\ecopanier-S4-Mme-Baovola\\app\\Views\\admin\\produits.php')
 7 SYSTEMPATH\View\View.php(243): CodeIgniter\View\View->{closure:CodeIgniter\View\View::render():237}()
 8 SYSTEMPATH\Common.php(1250): CodeIgniter\View\View->render('admin/produits', [], true)
 9 APPPATH\Controllers\AdminController.php(367): view('admin/produits', [...])
10 SYSTEMPATH\CodeIgniter.php(951): App\Controllers\AdminController->produits()
11 SYSTEMPATH\CodeIgniter.php(497): CodeIgniter\CodeIgniter->runController(Object(App\Controllers\AdminController))
12 SYSTEMPATH\CodeIgniter.php(340): CodeIgniter\CodeIgniter->handleRequest(null, Object(Config\Cache), false)
13 SYSTEMPATH\Boot.php(417): CodeIgniter\CodeIgniter->run()
14 SYSTEMPATH\Boot.php(68): CodeIgniter\Boot::runCodeIgniter(Object(CodeIgniter\CodeIgniter))
15 FCPATH\index.php(59): CodeIgniter\Boot::bootWeb(Object(Config\Paths))
16 SYSTEMPATH\rewrite.php(44): require_once('C:\\Users\\Honore\\Documents\\GitHub\\ecopanier-S4-Mme-Baovola\\public\\index.php')
DEBUG - 2026-07-12 19:40:26 --> Session: Class initialized using 'CodeIgniter\Session\Handlers\FileHandler' driver.
DEBUG - 2026-07-12 19:40:26 --> Session: Class initialized using 'CodeIgniter\Session\Handlers\FileHandler' driver.
DEBUG - 2026-07-12 19:40:27 --> Session: Class initialized using 'CodeIgniter\Session\Handlers\FileHandler' driver.
DEBUG - 2026-07-12 19:40:28 --> Session: Class initialized using 'CodeIgniter\Session\Handlers\FileHandler' driver.
DEBUG - 2026-07-12 19:40:28 --> Session: Class initialized using 'CodeIgniter\Session\Handlers\FileHandler' driver.
DEBUG - 2026-07-12 19:40:29 --> Session: Class initialized using 'CodeIgniter\Session\Handlers\FileHandler' driver.
DEBUG - 2026-07-12 19:40:31 --> Session: Class initialized using 'CodeIgniter\Session\Handlers\FileHandler' driver.
DEBUG - 2026-07-12 19:40:32 --> Session: Class initialized using 'CodeIgniter\Session\Handlers\FileHandler' driver.
DEBUG - 2026-07-12 19:40:33 --> Session: Class initialized using 'CodeIgniter\Session\Handlers\FileHandler' driver.
DEBUG - 2026-07-12 19:40:34 --> Session: Class initialized using 'CodeIgniter\Session\Handlers\FileHandler' driver.
DEBUG - 2026-07-12 19:41:27 --> Session: Class initialized using 'CodeIgniter\Session\Handlers\FileHandler' driver.
DEBUG - 2026-07-12 19:41:29 --> Session: Class initialized using 'CodeIgniter\Session\Handlers\FileHandler' driver.
DEBUG - 2026-07-12 19:41:42 --> Session: Class initialized using 'CodeIgniter\Session\Handlers\FileHandler' driver.
DEBUG - 2026-07-12 19:41:43 --> Session: Class initialized using 'CodeIgniter\Session\Handlers\FileHandler' driver.
DEBUG - 2026-07-12 19:41:44 --> Session: Class initialized using 'CodeIgniter\Session\Handlers\FileHandler' driver.
WARNING - 2026-07-12 19:41:44 --> [DEPRECATED] strtotime(): Passing null to parameter #1 ($datetime) of type string is deprecated in APPPATH\Views\magasinier\categories_content.php on line 120.
 1 APPPATH\Views\magasinier\categories_content.php(120): strtotime(null)
 2 SYSTEMPATH\View\View.php(240): include('C:\\Users\\Honore\\Documents\\GitHub\\ecopanier-S4-Mme-Baovola\\app\\Views\\magasinier\\categories_content.php')
 3 SYSTEMPATH\View\View.php(243): CodeIgniter\View\View->{closure:CodeIgniter\View\View::render():237}()
 4 SYSTEMPATH\Common.php(1250): CodeIgniter\View\View->render('magasinier/categories_content', [], true)
 5 APPPATH\Views\admin\categories.php(21): view('magasinier/categories_content')
 6 SYSTEMPATH\View\View.php(240): include('C:\\Users\\Honore\\Documents\\GitHub\\ecopanier-S4-Mme-Baovola\\app\\Views\\admin\\categories.php')
 7 SYSTEMPATH\View\View.php(243): CodeIgniter\View\View->{closure:CodeIgniter\View\View::render():237}()
 8 SYSTEMPATH\Common.php(1250): CodeIgniter\View\View->render('admin/categories', [], true)
 9 APPPATH\Controllers\AdminController.php(335): view('admin/categories', [...])
10 SYSTEMPATH\CodeIgniter.php(951): App\Controllers\AdminController->categories()
11 SYSTEMPATH\CodeIgniter.php(497): CodeIgniter\CodeIgniter->runController(Object(App\Controllers\AdminController))
12 SYSTEMPATH\CodeIgniter.php(340): CodeIgniter\CodeIgniter->handleRequest(null, Object(Config\Cache), false)
13 SYSTEMPATH\Boot.php(417): CodeIgniter\CodeIgniter->run()
14 SYSTEMPATH\Boot.php(68): CodeIgniter\Boot::runCodeIgniter(Object(CodeIgniter\CodeIgniter))
15 FCPATH\index.php(59): CodeIgniter\Boot::bootWeb(Object(Config\Paths))
16 SYSTEMPATH\rewrite.php(44): require_once('C:\\Users\\Honore\\Documents\\GitHub\\ecopanier-S4-Mme-Baovola\\public\\index.php')
WARNING - 2026-07-12 19:41:44 --> [DEPRECATED] strtotime(): Passing null to parameter #1 ($datetime) of type string is deprecated in APPPATH\Views\magasinier\categories_content.php on line 120.
 1 APPPATH\Views\magasinier\categories_content.php(120): strtotime(null)
 2 SYSTEMPATH\View\View.php(240): include('C:\\Users\\Honore\\Documents\\GitHub\\ecopanier-S4-Mme-Baovola\\app\\Views\\magasinier\\categories_content.php')
 3 SYSTEMPATH\View\View.php(243): CodeIgniter\View\View->{closure:CodeIgniter\View\View::render():237}()
 4 SYSTEMPATH\Common.php(1250): CodeIgniter\View\View->render('magasinier/categories_content', [], true)
 5 APPPATH\Views\admin\categories.php(21): view('magasinier/categories_content')
 6 SYSTEMPATH\View\View.php(240): include('C:\\Users\\Honore\\Documents\\GitHub\\ecopanier-S4-Mme-Baovola\\app\\Views\\admin\\categories.php')
 7 SYSTEMPATH\View\View.php(243): CodeIgniter\View\View->{closure:CodeIgniter\View\View::render():237}()
 8 SYSTEMPATH\Common.php(1250): CodeIgniter\View\View->render('admin/categories', [], true)
 9 APPPATH\Controllers\AdminController.php(335): view('admin/categories', [...])
10 SYSTEMPATH\CodeIgniter.php(951): App\Controllers\AdminController->categories()
11 SYSTEMPATH\CodeIgniter.php(497): CodeIgniter\CodeIgniter->runController(Object(App\Controllers\AdminController))
12 SYSTEMPATH\CodeIgniter.php(340): CodeIgniter\CodeIgniter->handleRequest(null, Object(Config\Cache), false)
13 SYSTEMPATH\Boot.php(417): CodeIgniter\CodeIgniter->run()
14 SYSTEMPATH\Boot.php(68): CodeIgniter\Boot::runCodeIgniter(Object(CodeIgniter\CodeIgniter))
15 FCPATH\index.php(59): CodeIgniter\Boot::bootWeb(Object(Config\Paths))
16 SYSTEMPATH\rewrite.php(44): require_once('C:\\Users\\Honore\\Documents\\GitHub\\ecopanier-S4-Mme-Baovola\\public\\index.php')
WARNING - 2026-07-12 19:41:44 --> [DEPRECATED] strtotime(): Passing null to parameter #1 ($datetime) of type string is deprecated in APPPATH\Views\magasinier\categories_content.php on line 120.
 1 APPPATH\Views\magasinier\categories_content.php(120): strtotime(null)
 2 SYSTEMPATH\View\View.php(240): include('C:\\Users\\Honore\\Documents\\GitHub\\ecopanier-S4-Mme-Baovola\\app\\Views\\magasinier\\categories_content.php')
 3 SYSTEMPATH\View\View.php(243): CodeIgniter\View\View->{closure:CodeIgniter\View\View::render():237}()
 4 SYSTEMPATH\Common.php(1250): CodeIgniter\View\View->render('magasinier/categories_content', [], true)
 5 APPPATH\Views\admin\categories.php(21): view('magasinier/categories_content')
 6 SYSTEMPATH\View\View.php(240): include('C:\\Users\\Honore\\Documents\\GitHub\\ecopanier-S4-Mme-Baovola\\app\\Views\\admin\\categories.php')
 7 SYSTEMPATH\View\View.php(243): CodeIgniter\View\View->{closure:CodeIgniter\View\View::render():237}()
 8 SYSTEMPATH\Common.php(1250): CodeIgniter\View\View->render('admin/categories', [], true)
 9 APPPATH\Controllers\AdminController.php(335): view('admin/categories', [...])
10 SYSTEMPATH\CodeIgniter.php(951): App\Controllers\AdminController->categories()
11 SYSTEMPATH\CodeIgniter.php(497): CodeIgniter\CodeIgniter->runController(Object(App\Controllers\AdminController))
12 SYSTEMPATH\CodeIgniter.php(340): CodeIgniter\CodeIgniter->handleRequest(null, Object(Config\Cache), false)
13 SYSTEMPATH\Boot.php(417): CodeIgniter\CodeIgniter->run()
14 SYSTEMPATH\Boot.php(68): CodeIgniter\Boot::runCodeIgniter(Object(CodeIgniter\CodeIgniter))
15 FCPATH\index.php(59): CodeIgniter\Boot::bootWeb(Object(Config\Paths))
16 SYSTEMPATH\rewrite.php(44): require_once('C:\\Users\\Honore\\Documents\\GitHub\\ecopanier-S4-Mme-Baovola\\public\\index.php')
WARNING - 2026-07-12 19:41:44 --> [DEPRECATED] strtotime(): Passing null to parameter #1 ($datetime) of type string is deprecated in APPPATH\Views\magasinier\categories_content.php on line 120.
 1 APPPATH\Views\magasinier\categories_content.php(120): strtotime(null)
 2 SYSTEMPATH\View\View.php(240): include('C:\\Users\\Honore\\Documents\\GitHub\\ecopanier-S4-Mme-Baovola\\app\\Views\\magasinier\\categories_content.php')
 3 SYSTEMPATH\View\View.php(243): CodeIgniter\View\View->{closure:CodeIgniter\View\View::render():237}()
 4 SYSTEMPATH\Common.php(1250): CodeIgniter\View\View->render('magasinier/categories_content', [], true)
 5 APPPATH\Views\admin\categories.php(21): view('magasinier/categories_content')
 6 SYSTEMPATH\View\View.php(240): include('C:\\Users\\Honore\\Documents\\GitHub\\ecopanier-S4-Mme-Baovola\\app\\Views\\admin\\categories.php')
 7 SYSTEMPATH\View\View.php(243): CodeIgniter\View\View->{closure:CodeIgniter\View\View::render():237}()
 8 SYSTEMPATH\Common.php(1250): CodeIgniter\View\View->render('admin/categories', [], true)
 9 APPPATH\Controllers\AdminController.php(335): view('admin/categories', [...])
10 SYSTEMPATH\CodeIgniter.php(951): App\Controllers\AdminController->categories()
11 SYSTEMPATH\CodeIgniter.php(497): CodeIgniter\CodeIgniter->runController(Object(App\Controllers\AdminController))
12 SYSTEMPATH\CodeIgniter.php(340): CodeIgniter\CodeIgniter->handleRequest(null, Object(Config\Cache), false)
13 SYSTEMPATH\Boot.php(417): CodeIgniter\CodeIgniter->run()
14 SYSTEMPATH\Boot.php(68): CodeIgniter\Boot::runCodeIgniter(Object(CodeIgniter\CodeIgniter))
15 FCPATH\index.php(59): CodeIgniter\Boot::bootWeb(Object(Config\Paths))
16 SYSTEMPATH\rewrite.php(44): require_once('C:\\Users\\Honore\\Documents\\GitHub\\ecopanier-S4-Mme-Baovola\\public\\index.php')
DEBUG - 2026-07-12 19:41:44 --> Session: Class initialized using 'CodeIgniter\Session\Handlers\FileHandler' driver.
WARNING - 2026-07-12 19:41:44 --> [DEPRECATED] strtotime(): Passing null to parameter #1 ($datetime) of type string is deprecated in APPPATH\Views\magasinier\produits_content.php on line 103.
 1 APPPATH\Views\magasinier\produits_content.php(103): strtotime(null)
 2 SYSTEMPATH\View\View.php(240): include('C:\\Users\\Honore\\Documents\\GitHub\\ecopanier-S4-Mme-Baovola\\app\\Views\\magasinier\\produits_content.php')
 3 SYSTEMPATH\View\View.php(243): CodeIgniter\View\View->{closure:CodeIgniter\View\View::render():237}()
 4 SYSTEMPATH\Common.php(1250): CodeIgniter\View\View->render('magasinier/produits_content', [], true)
 5 APPPATH\Views\admin\produits.php(21): view('magasinier/produits_content')
 6 SYSTEMPATH\View\View.php(240): include('C:\\Users\\Honore\\Documents\\GitHub\\ecopanier-S4-Mme-Baovola\\app\\Views\\admin\\produits.php')
 7 SYSTEMPATH\View\View.php(243): CodeIgniter\View\View->{closure:CodeIgniter\View\View::render():237}()
 8 SYSTEMPATH\Common.php(1250): CodeIgniter\View\View->render('admin/produits', [], true)
 9 APPPATH\Controllers\AdminController.php(367): view('admin/produits', [...])
10 SYSTEMPATH\CodeIgniter.php(951): App\Controllers\AdminController->produits()
11 SYSTEMPATH\CodeIgniter.php(497): CodeIgniter\CodeIgniter->runController(Object(App\Controllers\AdminController))
12 SYSTEMPATH\CodeIgniter.php(340): CodeIgniter\CodeIgniter->handleRequest(null, Object(Config\Cache), false)
13 SYSTEMPATH\Boot.php(417): CodeIgniter\CodeIgniter->run()
14 SYSTEMPATH\Boot.php(68): CodeIgniter\Boot::runCodeIgniter(Object(CodeIgniter\CodeIgniter))
15 FCPATH\index.php(59): CodeIgniter\Boot::bootWeb(Object(Config\Paths))
16 SYSTEMPATH\rewrite.php(44): require_once('C:\\Users\\Honore\\Documents\\GitHub\\ecopanier-S4-Mme-Baovola\\public\\index.php')
WARNING - 2026-07-12 19:41:44 --> [DEPRECATED] strtotime(): Passing null to parameter #1 ($datetime) of type string is deprecated in APPPATH\Views\magasinier\produits_content.php on line 103.
 1 APPPATH\Views\magasinier\produits_content.php(103): strtotime(null)
 2 SYSTEMPATH\View\View.php(240): include('C:\\Users\\Honore\\Documents\\GitHub\\ecopanier-S4-Mme-Baovola\\app\\Views\\magasinier\\produits_content.php')
 3 SYSTEMPATH\View\View.php(243): CodeIgniter\View\View->{closure:CodeIgniter\View\View::render():237}()
 4 SYSTEMPATH\Common.php(1250): CodeIgniter\View\View->render('magasinier/produits_content', [], true)
 5 APPPATH\Views\admin\produits.php(21): view('magasinier/produits_content')
 6 SYSTEMPATH\View\View.php(240): include('C:\\Users\\Honore\\Documents\\GitHub\\ecopanier-S4-Mme-Baovola\\app\\Views\\admin\\produits.php')
 7 SYSTEMPATH\View\View.php(243): CodeIgniter\View\View->{closure:CodeIgniter\View\View::render():237}()
 8 SYSTEMPATH\Common.php(1250): CodeIgniter\View\View->render('admin/produits', [], true)
 9 APPPATH\Controllers\AdminController.php(367): view('admin/produits', [...])
10 SYSTEMPATH\CodeIgniter.php(951): App\Controllers\AdminController->produits()
11 SYSTEMPATH\CodeIgniter.php(497): CodeIgniter\CodeIgniter->runController(Object(App\Controllers\AdminController))
12 SYSTEMPATH\CodeIgniter.php(340): CodeIgniter\CodeIgniter->handleRequest(null, Object(Config\Cache), false)
13 SYSTEMPATH\Boot.php(417): CodeIgniter\CodeIgniter->run()
14 SYSTEMPATH\Boot.php(68): CodeIgniter\Boot::runCodeIgniter(Object(CodeIgniter\CodeIgniter))
15 FCPATH\index.php(59): CodeIgniter\Boot::bootWeb(Object(Config\Paths))
16 SYSTEMPATH\rewrite.php(44): require_once('C:\\Users\\Honore\\Documents\\GitHub\\ecopanier-S4-Mme-Baovola\\public\\index.php')
WARNING - 2026-07-12 19:41:44 --> [DEPRECATED] strtotime(): Passing null to parameter #1 ($datetime) of type string is deprecated in APPPATH\Views\magasinier\produits_content.php on line 103.
 1 APPPATH\Views\magasinier\produits_content.php(103): strtotime(null)
 2 SYSTEMPATH\View\View.php(240): include('C:\\Users\\Honore\\Documents\\GitHub\\ecopanier-S4-Mme-Baovola\\app\\Views\\magasinier\\produits_content.php')
 3 SYSTEMPATH\View\View.php(243): CodeIgniter\View\View->{closure:CodeIgniter\View\View::render():237}()
 4 SYSTEMPATH\Common.php(1250): CodeIgniter\View\View->render('magasinier/produits_content', [], true)
 5 APPPATH\Views\admin\produits.php(21): view('magasinier/produits_content')
 6 SYSTEMPATH\View\View.php(240): include('C:\\Users\\Honore\\Documents\\GitHub\\ecopanier-S4-Mme-Baovola\\app\\Views\\admin\\produits.php')
 7 SYSTEMPATH\View\View.php(243): CodeIgniter\View\View->{closure:CodeIgniter\View\View::render():237}()
 8 SYSTEMPATH\Common.php(1250): CodeIgniter\View\View->render('admin/produits', [], true)
 9 APPPATH\Controllers\AdminController.php(367): view('admin/produits', [...])
10 SYSTEMPATH\CodeIgniter.php(951): App\Controllers\AdminController->produits()
11 SYSTEMPATH\CodeIgniter.php(497): CodeIgniter\CodeIgniter->runController(Object(App\Controllers\AdminController))
12 SYSTEMPATH\CodeIgniter.php(340): CodeIgniter\CodeIgniter->handleRequest(null, Object(Config\Cache), false)
13 SYSTEMPATH\Boot.php(417): CodeIgniter\CodeIgniter->run()
14 SYSTEMPATH\Boot.php(68): CodeIgniter\Boot::runCodeIgniter(Object(CodeIgniter\CodeIgniter))
15 FCPATH\index.php(59): CodeIgniter\Boot::bootWeb(Object(Config\Paths))
16 SYSTEMPATH\rewrite.php(44): require_once('C:\\Users\\Honore\\Documents\\GitHub\\ecopanier-S4-Mme-Baovola\\public\\index.php')
WARNING - 2026-07-12 19:41:44 --> [DEPRECATED] strtotime(): Passing null to parameter #1 ($datetime) of type string is deprecated in APPPATH\Views\magasinier\produits_content.php on line 103.
 1 APPPATH\Views\magasinier\produits_content.php(103): strtotime(null)
 2 SYSTEMPATH\View\View.php(240): include('C:\\Users\\Honore\\Documents\\GitHub\\ecopanier-S4-Mme-Baovola\\app\\Views\\magasinier\\produits_content.php')
 3 SYSTEMPATH\View\View.php(243): CodeIgniter\View\View->{closure:CodeIgniter\View\View::render():237}()
 4 SYSTEMPATH\Common.php(1250): CodeIgniter\View\View->render('magasinier/produits_content', [], true)
 5 APPPATH\Views\admin\produits.php(21): view('magasinier/produits_content')
 6 SYSTEMPATH\View\View.php(240): include('C:\\Users\\Honore\\Documents\\GitHub\\ecopanier-S4-Mme-Baovola\\app\\Views\\admin\\produits.php')
 7 SYSTEMPATH\View\View.php(243): CodeIgniter\View\View->{closure:CodeIgniter\View\View::render():237}()
 8 SYSTEMPATH\Common.php(1250): CodeIgniter\View\View->render('admin/produits', [], true)
 9 APPPATH\Controllers\AdminController.php(367): view('admin/produits', [...])
10 SYSTEMPATH\CodeIgniter.php(951): App\Controllers\AdminController->produits()
11 SYSTEMPATH\CodeIgniter.php(497): CodeIgniter\CodeIgniter->runController(Object(App\Controllers\AdminController))
12 SYSTEMPATH\CodeIgniter.php(340): CodeIgniter\CodeIgniter->handleRequest(null, Object(Config\Cache), false)
13 SYSTEMPATH\Boot.php(417): CodeIgniter\CodeIgniter->run()
14 SYSTEMPATH\Boot.php(68): CodeIgniter\Boot::runCodeIgniter(Object(CodeIgniter\CodeIgniter))
15 FCPATH\index.php(59): CodeIgniter\Boot::bootWeb(Object(Config\Paths))
16 SYSTEMPATH\rewrite.php(44): require_once('C:\\Users\\Honore\\Documents\\GitHub\\ecopanier-S4-Mme-Baovola\\public\\index.php')
WARNING - 2026-07-12 19:41:44 --> [DEPRECATED] strtotime(): Passing null to parameter #1 ($datetime) of type string is deprecated in APPPATH\Views\magasinier\produits_content.php on line 103.
 1 APPPATH\Views\magasinier\produits_content.php(103): strtotime(null)
 2 SYSTEMPATH\View\View.php(240): include('C:\\Users\\Honore\\Documents\\GitHub\\ecopanier-S4-Mme-Baovola\\app\\Views\\magasinier\\produits_content.php')
 3 SYSTEMPATH\View\View.php(243): CodeIgniter\View\View->{closure:CodeIgniter\View\View::render():237}()
 4 SYSTEMPATH\Common.php(1250): CodeIgniter\View\View->render('magasinier/produits_content', [], true)
 5 APPPATH\Views\admin\produits.php(21): view('magasinier/produits_content')
 6 SYSTEMPATH\View\View.php(240): include('C:\\Users\\Honore\\Documents\\GitHub\\ecopanier-S4-Mme-Baovola\\app\\Views\\admin\\produits.php')
 7 SYSTEMPATH\View\View.php(243): CodeIgniter\View\View->{closure:CodeIgniter\View\View::render():237}()
 8 SYSTEMPATH\Common.php(1250): CodeIgniter\View\View->render('admin/produits', [], true)
 9 APPPATH\Controllers\AdminController.php(367): view('admin/produits', [...])
10 SYSTEMPATH\CodeIgniter.php(951): App\Controllers\AdminController->produits()
11 SYSTEMPATH\CodeIgniter.php(497): CodeIgniter\CodeIgniter->runController(Object(App\Controllers\AdminController))
12 SYSTEMPATH\CodeIgniter.php(340): CodeIgniter\CodeIgniter->handleRequest(null, Object(Config\Cache), false)
13 SYSTEMPATH\Boot.php(417): CodeIgniter\CodeIgniter->run()
14 SYSTEMPATH\Boot.php(68): CodeIgniter\Boot::runCodeIgniter(Object(CodeIgniter\CodeIgniter))
15 FCPATH\index.php(59): CodeIgniter\Boot::bootWeb(Object(Config\Paths))
16 SYSTEMPATH\rewrite.php(44): require_once('C:\\Users\\Honore\\Documents\\GitHub\\ecopanier-S4-Mme-Baovola\\public\\index.php')
WARNING - 2026-07-12 19:41:44 --> [DEPRECATED] strtotime(): Passing null to parameter #1 ($datetime) of type string is deprecated in APPPATH\Views\magasinier\produits_content.php on line 103.
 1 APPPATH\Views\magasinier\produits_content.php(103): strtotime(null)
 2 SYSTEMPATH\View\View.php(240): include('C:\\Users\\Honore\\Documents\\GitHub\\ecopanier-S4-Mme-Baovola\\app\\Views\\magasinier\\produits_content.php')
 3 SYSTEMPATH\View\View.php(243): CodeIgniter\View\View->{closure:CodeIgniter\View\View::render():237}()
 4 SYSTEMPATH\Common.php(1250): CodeIgniter\View\View->render('magasinier/produits_content', [], true)
 5 APPPATH\Views\admin\produits.php(21): view('magasinier/produits_content')
 6 SYSTEMPATH\View\View.php(240): include('C:\\Users\\Honore\\Documents\\GitHub\\ecopanier-S4-Mme-Baovola\\app\\Views\\admin\\produits.php')
 7 SYSTEMPATH\View\View.php(243): CodeIgniter\View\View->{closure:CodeIgniter\View\View::render():237}()
 8 SYSTEMPATH\Common.php(1250): CodeIgniter\View\View->render('admin/produits', [], true)
 9 APPPATH\Controllers\AdminController.php(367): view('admin/produits', [...])
10 SYSTEMPATH\CodeIgniter.php(951): App\Controllers\AdminController->produits()
11 SYSTEMPATH\CodeIgniter.php(497): CodeIgniter\CodeIgniter->runController(Object(App\Controllers\AdminController))
12 SYSTEMPATH\CodeIgniter.php(340): CodeIgniter\CodeIgniter->handleRequest(null, Object(Config\Cache), false)
13 SYSTEMPATH\Boot.php(417): CodeIgniter\CodeIgniter->run()
14 SYSTEMPATH\Boot.php(68): CodeIgniter\Boot::runCodeIgniter(Object(CodeIgniter\CodeIgniter))
15 FCPATH\index.php(59): CodeIgniter\Boot::bootWeb(Object(Config\Paths))
16 SYSTEMPATH\rewrite.php(44): require_once('C:\\Users\\Honore\\Documents\\GitHub\\ecopanier-S4-Mme-Baovola\\public\\index.php')
WARNING - 2026-07-12 19:41:44 --> [DEPRECATED] strtotime(): Passing null to parameter #1 ($datetime) of type string is deprecated in APPPATH\Views\magasinier\produits_content.php on line 103.
 1 APPPATH\Views\magasinier\produits_content.php(103): strtotime(null)
 2 SYSTEMPATH\View\View.php(240): include('C:\\Users\\Honore\\Documents\\GitHub\\ecopanier-S4-Mme-Baovola\\app\\Views\\magasinier\\produits_content.php')
 3 SYSTEMPATH\View\View.php(243): CodeIgniter\View\View->{closure:CodeIgniter\View\View::render():237}()
 4 SYSTEMPATH\Common.php(1250): CodeIgniter\View\View->render('magasinier/produits_content', [], true)
 5 APPPATH\Views\admin\produits.php(21): view('magasinier/produits_content')
 6 SYSTEMPATH\View\View.php(240): include('C:\\Users\\Honore\\Documents\\GitHub\\ecopanier-S4-Mme-Baovola\\app\\Views\\admin\\produits.php')
 7 SYSTEMPATH\View\View.php(243): CodeIgniter\View\View->{closure:CodeIgniter\View\View::render():237}()
 8 SYSTEMPATH\Common.php(1250): CodeIgniter\View\View->render('admin/produits', [], true)
 9 APPPATH\Controllers\AdminController.php(367): view('admin/produits', [...])
10 SYSTEMPATH\CodeIgniter.php(951): App\Controllers\AdminController->produits()
11 SYSTEMPATH\CodeIgniter.php(497): CodeIgniter\CodeIgniter->runController(Object(App\Controllers\AdminController))
12 SYSTEMPATH\CodeIgniter.php(340): CodeIgniter\CodeIgniter->handleRequest(null, Object(Config\Cache), false)
13 SYSTEMPATH\Boot.php(417): CodeIgniter\CodeIgniter->run()
14 SYSTEMPATH\Boot.php(68): CodeIgniter\Boot::runCodeIgniter(Object(CodeIgniter\CodeIgniter))
15 FCPATH\index.php(59): CodeIgniter\Boot::bootWeb(Object(Config\Paths))
16 SYSTEMPATH\rewrite.php(44): require_once('C:\\Users\\Honore\\Documents\\GitHub\\ecopanier-S4-Mme-Baovola\\public\\index.php')
WARNING - 2026-07-12 19:41:44 --> [DEPRECATED] strtotime(): Passing null to parameter #1 ($datetime) of type string is deprecated in APPPATH\Views\magasinier\produits_content.php on line 103.
 1 APPPATH\Views\magasinier\produits_content.php(103): strtotime(null)
 2 SYSTEMPATH\View\View.php(240): include('C:\\Users\\Honore\\Documents\\GitHub\\ecopanier-S4-Mme-Baovola\\app\\Views\\magasinier\\produits_content.php')
 3 SYSTEMPATH\View\View.php(243): CodeIgniter\View\View->{closure:CodeIgniter\View\View::render():237}()
 4 SYSTEMPATH\Common.php(1250): CodeIgniter\View\View->render('magasinier/produits_content', [], true)
 5 APPPATH\Views\admin\produits.php(21): view('magasinier/produits_content')
 6 SYSTEMPATH\View\View.php(240): include('C:\\Users\\Honore\\Documents\\GitHub\\ecopanier-S4-Mme-Baovola\\app\\Views\\admin\\produits.php')
 7 SYSTEMPATH\View\View.php(243): CodeIgniter\View\View->{closure:CodeIgniter\View\View::render():237}()
 8 SYSTEMPATH\Common.php(1250): CodeIgniter\View\View->render('admin/produits', [], true)
 9 APPPATH\Controllers\AdminController.php(367): view('admin/produits', [...])
10 SYSTEMPATH\CodeIgniter.php(951): App\Controllers\AdminController->produits()
11 SYSTEMPATH\CodeIgniter.php(497): CodeIgniter\CodeIgniter->runController(Object(App\Controllers\AdminController))
12 SYSTEMPATH\CodeIgniter.php(340): CodeIgniter\CodeIgniter->handleRequest(null, Object(Config\Cache), false)
13 SYSTEMPATH\Boot.php(417): CodeIgniter\CodeIgniter->run()
14 SYSTEMPATH\Boot.php(68): CodeIgniter\Boot::runCodeIgniter(Object(CodeIgniter\CodeIgniter))
15 FCPATH\index.php(59): CodeIgniter\Boot::bootWeb(Object(Config\Paths))
16 SYSTEMPATH\rewrite.php(44): require_once('C:\\Users\\Honore\\Documents\\GitHub\\ecopanier-S4-Mme-Baovola\\public\\index.php')
DEBUG - 2026-07-12 19:41:45 --> Session: Class initialized using 'CodeIgniter\Session\Handlers\FileHandler' driver.
WARNING - 2026-07-12 19:41:45 --> [DEPRECATED] strtotime(): Passing null to parameter #1 ($datetime) of type string is deprecated in APPPATH\Views\magasinier\categories_content.php on line 120.
 1 APPPATH\Views\magasinier\categories_content.php(120): strtotime(null)
 2 SYSTEMPATH\View\View.php(240): include('C:\\Users\\Honore\\Documents\\GitHub\\ecopanier-S4-Mme-Baovola\\app\\Views\\magasinier\\categories_content.php')
 3 SYSTEMPATH\View\View.php(243): CodeIgniter\View\View->{closure:CodeIgniter\View\View::render():237}()
 4 SYSTEMPATH\Common.php(1250): CodeIgniter\View\View->render('magasinier/categories_content', [], true)
 5 APPPATH\Views\admin\categories.php(21): view('magasinier/categories_content')
 6 SYSTEMPATH\View\View.php(240): include('C:\\Users\\Honore\\Documents\\GitHub\\ecopanier-S4-Mme-Baovola\\app\\Views\\admin\\categories.php')
 7 SYSTEMPATH\View\View.php(243): CodeIgniter\View\View->{closure:CodeIgniter\View\View::render():237}()
 8 SYSTEMPATH\Common.php(1250): CodeIgniter\View\View->render('admin/categories', [], true)
 9 APPPATH\Controllers\AdminController.php(335): view('admin/categories', [...])
10 SYSTEMPATH\CodeIgniter.php(951): App\Controllers\AdminController->categories()
11 SYSTEMPATH\CodeIgniter.php(497): CodeIgniter\CodeIgniter->runController(Object(App\Controllers\AdminController))
12 SYSTEMPATH\CodeIgniter.php(340): CodeIgniter\CodeIgniter->handleRequest(null, Object(Config\Cache), false)
13 SYSTEMPATH\Boot.php(417): CodeIgniter\CodeIgniter->run()
14 SYSTEMPATH\Boot.php(68): CodeIgniter\Boot::runCodeIgniter(Object(CodeIgniter\CodeIgniter))
15 FCPATH\index.php(59): CodeIgniter\Boot::bootWeb(Object(Config\Paths))
16 SYSTEMPATH\rewrite.php(44): require_once('C:\\Users\\Honore\\Documents\\GitHub\\ecopanier-S4-Mme-Baovola\\public\\index.php')
WARNING - 2026-07-12 19:41:45 --> [DEPRECATED] strtotime(): Passing null to parameter #1 ($datetime) of type string is deprecated in APPPATH\Views\magasinier\categories_content.php on line 120.
 1 APPPATH\Views\magasinier\categories_content.php(120): strtotime(null)
 2 SYSTEMPATH\View\View.php(240): include('C:\\Users\\Honore\\Documents\\GitHub\\ecopanier-S4-Mme-Baovola\\app\\Views\\magasinier\\categories_content.php')
 3 SYSTEMPATH\View\View.php(243): CodeIgniter\View\View->{closure:CodeIgniter\View\View::render():237}()
 4 SYSTEMPATH\Common.php(1250): CodeIgniter\View\View->render('magasinier/categories_content', [], true)
 5 APPPATH\Views\admin\categories.php(21): view('magasinier/categories_content')
 6 SYSTEMPATH\View\View.php(240): include('C:\\Users\\Honore\\Documents\\GitHub\\ecopanier-S4-Mme-Baovola\\app\\Views\\admin\\categories.php')
 7 SYSTEMPATH\View\View.php(243): CodeIgniter\View\View->{closure:CodeIgniter\View\View::render():237}()
 8 SYSTEMPATH\Common.php(1250): CodeIgniter\View\View->render('admin/categories', [], true)
 9 APPPATH\Controllers\AdminController.php(335): view('admin/categories', [...])
10 SYSTEMPATH\CodeIgniter.php(951): App\Controllers\AdminController->categories()
11 SYSTEMPATH\CodeIgniter.php(497): CodeIgniter\CodeIgniter->runController(Object(App\Controllers\AdminController))
12 SYSTEMPATH\CodeIgniter.php(340): CodeIgniter\CodeIgniter->handleRequest(null, Object(Config\Cache), false)
13 SYSTEMPATH\Boot.php(417): CodeIgniter\CodeIgniter->run()
14 SYSTEMPATH\Boot.php(68): CodeIgniter\Boot::runCodeIgniter(Object(CodeIgniter\CodeIgniter))
15 FCPATH\index.php(59): CodeIgniter\Boot::bootWeb(Object(Config\Paths))
16 SYSTEMPATH\rewrite.php(44): require_once('C:\\Users\\Honore\\Documents\\GitHub\\ecopanier-S4-Mme-Baovola\\public\\index.php')
WARNING - 2026-07-12 19:41:45 --> [DEPRECATED] strtotime(): Passing null to parameter #1 ($datetime) of type string is deprecated in APPPATH\Views\magasinier\categories_content.php on line 120.
 1 APPPATH\Views\magasinier\categories_content.php(120): strtotime(null)
 2 SYSTEMPATH\View\View.php(240): include('C:\\Users\\Honore\\Documents\\GitHub\\ecopanier-S4-Mme-Baovola\\app\\Views\\magasinier\\categories_content.php')
 3 SYSTEMPATH\View\View.php(243): CodeIgniter\View\View->{closure:CodeIgniter\View\View::render():237}()
 4 SYSTEMPATH\Common.php(1250): CodeIgniter\View\View->render('magasinier/categories_content', [], true)
 5 APPPATH\Views\admin\categories.php(21): view('magasinier/categories_content')
 6 SYSTEMPATH\View\View.php(240): include('C:\\Users\\Honore\\Documents\\GitHub\\ecopanier-S4-Mme-Baovola\\app\\Views\\admin\\categories.php')
 7 SYSTEMPATH\View\View.php(243): CodeIgniter\View\View->{closure:CodeIgniter\View\View::render():237}()
 8 SYSTEMPATH\Common.php(1250): CodeIgniter\View\View->render('admin/categories', [], true)
 9 APPPATH\Controllers\AdminController.php(335): view('admin/categories', [...])
10 SYSTEMPATH\CodeIgniter.php(951): App\Controllers\AdminController->categories()
11 SYSTEMPATH\CodeIgniter.php(497): CodeIgniter\CodeIgniter->runController(Object(App\Controllers\AdminController))
12 SYSTEMPATH\CodeIgniter.php(340): CodeIgniter\CodeIgniter->handleRequest(null, Object(Config\Cache), false)
13 SYSTEMPATH\Boot.php(417): CodeIgniter\CodeIgniter->run()
14 SYSTEMPATH\Boot.php(68): CodeIgniter\Boot::runCodeIgniter(Object(CodeIgniter\CodeIgniter))
15 FCPATH\index.php(59): CodeIgniter\Boot::bootWeb(Object(Config\Paths))
16 SYSTEMPATH\rewrite.php(44): require_once('C:\\Users\\Honore\\Documents\\GitHub\\ecopanier-S4-Mme-Baovola\\public\\index.php')
WARNING - 2026-07-12 19:41:45 --> [DEPRECATED] strtotime(): Passing null to parameter #1 ($datetime) of type string is deprecated in APPPATH\Views\magasinier\categories_content.php on line 120.
 1 APPPATH\Views\magasinier\categories_content.php(120): strtotime(null)
 2 SYSTEMPATH\View\View.php(240): include('C:\\Users\\Honore\\Documents\\GitHub\\ecopanier-S4-Mme-Baovola\\app\\Views\\magasinier\\categories_content.php')
 3 SYSTEMPATH\View\View.php(243): CodeIgniter\View\View->{closure:CodeIgniter\View\View::render():237}()
 4 SYSTEMPATH\Common.php(1250): CodeIgniter\View\View->render('magasinier/categories_content', [], true)
 5 APPPATH\Views\admin\categories.php(21): view('magasinier/categories_content')
 6 SYSTEMPATH\View\View.php(240): include('C:\\Users\\Honore\\Documents\\GitHub\\ecopanier-S4-Mme-Baovola\\app\\Views\\admin\\categories.php')
 7 SYSTEMPATH\View\View.php(243): CodeIgniter\View\View->{closure:CodeIgniter\View\View::render():237}()
 8 SYSTEMPATH\Common.php(1250): CodeIgniter\View\View->render('admin/categories', [], true)
 9 APPPATH\Controllers\AdminController.php(335): view('admin/categories', [...])
10 SYSTEMPATH\CodeIgniter.php(951): App\Controllers\AdminController->categories()
11 SYSTEMPATH\CodeIgniter.php(497): CodeIgniter\CodeIgniter->runController(Object(App\Controllers\AdminController))
12 SYSTEMPATH\CodeIgniter.php(340): CodeIgniter\CodeIgniter->handleRequest(null, Object(Config\Cache), false)
13 SYSTEMPATH\Boot.php(417): CodeIgniter\CodeIgniter->run()
14 SYSTEMPATH\Boot.php(68): CodeIgniter\Boot::runCodeIgniter(Object(CodeIgniter\CodeIgniter))
15 FCPATH\index.php(59): CodeIgniter\Boot::bootWeb(Object(Config\Paths))
16 SYSTEMPATH\rewrite.php(44): require_once('C:\\Users\\Honore\\Documents\\GitHub\\ecopanier-S4-Mme-Baovola\\public\\index.php')
DEBUG - 2026-07-12 19:41:46 --> Session: Class initialized using 'CodeIgniter\Session\Handlers\FileHandler' driver.
DEBUG - 2026-07-12 19:41:47 --> Session: Class initialized using 'CodeIgniter\Session\Handlers\FileHandler' driver.
DEBUG - 2026-07-12 19:41:49 --> Session: Class initialized using 'CodeIgniter\Session\Handlers\FileHandler' driver.
WARNING - 2026-07-12 19:41:49 --> [DEPRECATED] strtotime(): Passing null to parameter #1 ($datetime) of type string is deprecated in APPPATH\Views\magasinier\categories_content.php on line 120.
 1 APPPATH\Views\magasinier\categories_content.php(120): strtotime(null)
 2 SYSTEMPATH\View\View.php(240): include('C:\\Users\\Honore\\Documents\\GitHub\\ecopanier-S4-Mme-Baovola\\app\\Views\\magasinier\\categories_content.php')
 3 SYSTEMPATH\View\View.php(243): CodeIgniter\View\View->{closure:CodeIgniter\View\View::render():237}()
 4 SYSTEMPATH\Common.php(1250): CodeIgniter\View\View->render('magasinier/categories_content', [], true)
 5 APPPATH\Views\admin\categories.php(21): view('magasinier/categories_content')
 6 SYSTEMPATH\View\View.php(240): include('C:\\Users\\Honore\\Documents\\GitHub\\ecopanier-S4-Mme-Baovola\\app\\Views\\admin\\categories.php')
 7 SYSTEMPATH\View\View.php(243): CodeIgniter\View\View->{closure:CodeIgniter\View\View::render():237}()
 8 SYSTEMPATH\Common.php(1250): CodeIgniter\View\View->render('admin/categories', [], true)
 9 APPPATH\Controllers\AdminController.php(335): view('admin/categories', [...])
10 SYSTEMPATH\CodeIgniter.php(951): App\Controllers\AdminController->categories()
11 SYSTEMPATH\CodeIgniter.php(497): CodeIgniter\CodeIgniter->runController(Object(App\Controllers\AdminController))
12 SYSTEMPATH\CodeIgniter.php(340): CodeIgniter\CodeIgniter->handleRequest(null, Object(Config\Cache), false)
13 SYSTEMPATH\Boot.php(417): CodeIgniter\CodeIgniter->run()
14 SYSTEMPATH\Boot.php(68): CodeIgniter\Boot::runCodeIgniter(Object(CodeIgniter\CodeIgniter))
15 FCPATH\index.php(59): CodeIgniter\Boot::bootWeb(Object(Config\Paths))
16 SYSTEMPATH\rewrite.php(44): require_once('C:\\Users\\Honore\\Documents\\GitHub\\ecopanier-S4-Mme-Baovola\\public\\index.php')
WARNING - 2026-07-12 19:41:49 --> [DEPRECATED] strtotime(): Passing null to parameter #1 ($datetime) of type string is deprecated in APPPATH\Views\magasinier\categories_content.php on line 120.
 1 APPPATH\Views\magasinier\categories_content.php(120): strtotime(null)
 2 SYSTEMPATH\View\View.php(240): include('C:\\Users\\Honore\\Documents\\GitHub\\ecopanier-S4-Mme-Baovola\\app\\Views\\magasinier\\categories_content.php')
 3 SYSTEMPATH\View\View.php(243): CodeIgniter\View\View->{closure:CodeIgniter\View\View::render():237}()
 4 SYSTEMPATH\Common.php(1250): CodeIgniter\View\View->render('magasinier/categories_content', [], true)
 5 APPPATH\Views\admin\categories.php(21): view('magasinier/categories_content')
 6 SYSTEMPATH\View\View.php(240): include('C:\\Users\\Honore\\Documents\\GitHub\\ecopanier-S4-Mme-Baovola\\app\\Views\\admin\\categories.php')
 7 SYSTEMPATH\View\View.php(243): CodeIgniter\View\View->{closure:CodeIgniter\View\View::render():237}()
 8 SYSTEMPATH\Common.php(1250): CodeIgniter\View\View->render('admin/categories', [], true)
 9 APPPATH\Controllers\AdminController.php(335): view('admin/categories', [...])
10 SYSTEMPATH\CodeIgniter.php(951): App\Controllers\AdminController->categories()
11 SYSTEMPATH\CodeIgniter.php(497): CodeIgniter\CodeIgniter->runController(Object(App\Controllers\AdminController))
12 SYSTEMPATH\CodeIgniter.php(340): CodeIgniter\CodeIgniter->handleRequest(null, Object(Config\Cache), false)
13 SYSTEMPATH\Boot.php(417): CodeIgniter\CodeIgniter->run()
14 SYSTEMPATH\Boot.php(68): CodeIgniter\Boot::runCodeIgniter(Object(CodeIgniter\CodeIgniter))
15 FCPATH\index.php(59): CodeIgniter\Boot::bootWeb(Object(Config\Paths))
16 SYSTEMPATH\rewrite.php(44): require_once('C:\\Users\\Honore\\Documents\\GitHub\\ecopanier-S4-Mme-Baovola\\public\\index.php')
WARNING - 2026-07-12 19:41:49 --> [DEPRECATED] strtotime(): Passing null to parameter #1 ($datetime) of type string is deprecated in APPPATH\Views\magasinier\categories_content.php on line 120.
 1 APPPATH\Views\magasinier\categories_content.php(120): strtotime(null)
 2 SYSTEMPATH\View\View.php(240): include('C:\\Users\\Honore\\Documents\\GitHub\\ecopanier-S4-Mme-Baovola\\app\\Views\\magasinier\\categories_content.php')
 3 SYSTEMPATH\View\View.php(243): CodeIgniter\View\View->{closure:CodeIgniter\View\View::render():237}()
 4 SYSTEMPATH\Common.php(1250): CodeIgniter\View\View->render('magasinier/categories_content', [], true)
 5 APPPATH\Views\admin\categories.php(21): view('magasinier/categories_content')
 6 SYSTEMPATH\View\View.php(240): include('C:\\Users\\Honore\\Documents\\GitHub\\ecopanier-S4-Mme-Baovola\\app\\Views\\admin\\categories.php')
 7 SYSTEMPATH\View\View.php(243): CodeIgniter\View\View->{closure:CodeIgniter\View\View::render():237}()
 8 SYSTEMPATH\Common.php(1250): CodeIgniter\View\View->render('admin/categories', [], true)
 9 APPPATH\Controllers\AdminController.php(335): view('admin/categories', [...])
10 SYSTEMPATH\CodeIgniter.php(951): App\Controllers\AdminController->categories()
11 SYSTEMPATH\CodeIgniter.php(497): CodeIgniter\CodeIgniter->runController(Object(App\Controllers\AdminController))
12 SYSTEMPATH\CodeIgniter.php(340): CodeIgniter\CodeIgniter->handleRequest(null, Object(Config\Cache), false)
13 SYSTEMPATH\Boot.php(417): CodeIgniter\CodeIgniter->run()
14 SYSTEMPATH\Boot.php(68): CodeIgniter\Boot::runCodeIgniter(Object(CodeIgniter\CodeIgniter))
15 FCPATH\index.php(59): CodeIgniter\Boot::bootWeb(Object(Config\Paths))
16 SYSTEMPATH\rewrite.php(44): require_once('C:\\Users\\Honore\\Documents\\GitHub\\ecopanier-S4-Mme-Baovola\\public\\index.php')
WARNING - 2026-07-12 19:41:49 --> [DEPRECATED] strtotime(): Passing null to parameter #1 ($datetime) of type string is deprecated in APPPATH\Views\magasinier\categories_content.php on line 120.
 1 APPPATH\Views\magasinier\categories_content.php(120): strtotime(null)
 2 SYSTEMPATH\View\View.php(240): include('C:\\Users\\Honore\\Documents\\GitHub\\ecopanier-S4-Mme-Baovola\\app\\Views\\magasinier\\categories_content.php')
 3 SYSTEMPATH\View\View.php(243): CodeIgniter\View\View->{closure:CodeIgniter\View\View::render():237}()
 4 SYSTEMPATH\Common.php(1250): CodeIgniter\View\View->render('magasinier/categories_content', [], true)
 5 APPPATH\Views\admin\categories.php(21): view('magasinier/categories_content')
 6 SYSTEMPATH\View\View.php(240): include('C:\\Users\\Honore\\Documents\\GitHub\\ecopanier-S4-Mme-Baovola\\app\\Views\\admin\\categories.php')
 7 SYSTEMPATH\View\View.php(243): CodeIgniter\View\View->{closure:CodeIgniter\View\View::render():237}()
 8 SYSTEMPATH\Common.php(1250): CodeIgniter\View\View->render('admin/categories', [], true)
 9 APPPATH\Controllers\AdminController.php(335): view('admin/categories', [...])
10 SYSTEMPATH\CodeIgniter.php(951): App\Controllers\AdminController->categories()
11 SYSTEMPATH\CodeIgniter.php(497): CodeIgniter\CodeIgniter->runController(Object(App\Controllers\AdminController))
12 SYSTEMPATH\CodeIgniter.php(340): CodeIgniter\CodeIgniter->handleRequest(null, Object(Config\Cache), false)
13 SYSTEMPATH\Boot.php(417): CodeIgniter\CodeIgniter->run()
14 SYSTEMPATH\Boot.php(68): CodeIgniter\Boot::runCodeIgniter(Object(CodeIgniter\CodeIgniter))
15 FCPATH\index.php(59): CodeIgniter\Boot::bootWeb(Object(Config\Paths))
16 SYSTEMPATH\rewrite.php(44): require_once('C:\\Users\\Honore\\Documents\\GitHub\\ecopanier-S4-Mme-Baovola\\public\\index.php')
DEBUG - 2026-07-12 19:42:35 --> Session: Class initialized using 'CodeIgniter\Session\Handlers\FileHandler' driver.
DEBUG - 2026-07-12 19:42:41 --> Session: Class initialized using 'CodeIgniter\Session\Handlers\FileHandler' driver.
WARNING - 2026-07-12 19:42:41 --> [DEPRECATED] strtotime(): Passing null to parameter #1 ($datetime) of type string is deprecated in APPPATH\Views\magasinier\categories_content.php on line 120.
 1 APPPATH\Views\magasinier\categories_content.php(120): strtotime(null)
 2 SYSTEMPATH\View\View.php(240): include('C:\\Users\\Honore\\Documents\\GitHub\\ecopanier-S4-Mme-Baovola\\app\\Views\\magasinier\\categories_content.php')
 3 SYSTEMPATH\View\View.php(243): CodeIgniter\View\View->{closure:CodeIgniter\View\View::render():237}()
 4 SYSTEMPATH\Common.php(1250): CodeIgniter\View\View->render('magasinier/categories_content', [], true)
 5 APPPATH\Views\admin\categories.php(21): view('magasinier/categories_content')
 6 SYSTEMPATH\View\View.php(240): include('C:\\Users\\Honore\\Documents\\GitHub\\ecopanier-S4-Mme-Baovola\\app\\Views\\admin\\categories.php')
 7 SYSTEMPATH\View\View.php(243): CodeIgniter\View\View->{closure:CodeIgniter\View\View::render():237}()
 8 SYSTEMPATH\Common.php(1250): CodeIgniter\View\View->render('admin/categories', [], true)
 9 APPPATH\Controllers\AdminController.php(335): view('admin/categories', [...])
10 SYSTEMPATH\CodeIgniter.php(951): App\Controllers\AdminController->categories()
11 SYSTEMPATH\CodeIgniter.php(497): CodeIgniter\CodeIgniter->runController(Object(App\Controllers\AdminController))
12 SYSTEMPATH\CodeIgniter.php(340): CodeIgniter\CodeIgniter->handleRequest(null, Object(Config\Cache), false)
13 SYSTEMPATH\Boot.php(417): CodeIgniter\CodeIgniter->run()
14 SYSTEMPATH\Boot.php(68): CodeIgniter\Boot::runCodeIgniter(Object(CodeIgniter\CodeIgniter))
15 FCPATH\index.php(59): CodeIgniter\Boot::bootWeb(Object(Config\Paths))
16 SYSTEMPATH\rewrite.php(44): require_once('C:\\Users\\Honore\\Documents\\GitHub\\ecopanier-S4-Mme-Baovola\\public\\index.php')
WARNING - 2026-07-12 19:42:41 --> [DEPRECATED] strtotime(): Passing null to parameter #1 ($datetime) of type string is deprecated in APPPATH\Views\magasinier\categories_content.php on line 120.
 1 APPPATH\Views\magasinier\categories_content.php(120): strtotime(null)
 2 SYSTEMPATH\View\View.php(240): include('C:\\Users\\Honore\\Documents\\GitHub\\ecopanier-S4-Mme-Baovola\\app\\Views\\magasinier\\categories_content.php')
 3 SYSTEMPATH\View\View.php(243): CodeIgniter\View\View->{closure:CodeIgniter\View\View::render():237}()
 4 SYSTEMPATH\Common.php(1250): CodeIgniter\View\View->render('magasinier/categories_content', [], true)
 5 APPPATH\Views\admin\categories.php(21): view('magasinier/categories_content')
 6 SYSTEMPATH\View\View.php(240): include('C:\\Users\\Honore\\Documents\\GitHub\\ecopanier-S4-Mme-Baovola\\app\\Views\\admin\\categories.php')
 7 SYSTEMPATH\View\View.php(243): CodeIgniter\View\View->{closure:CodeIgniter\View\View::render():237}()
 8 SYSTEMPATH\Common.php(1250): CodeIgniter\View\View->render('admin/categories', [], true)
 9 APPPATH\Controllers\AdminController.php(335): view('admin/categories', [...])
10 SYSTEMPATH\CodeIgniter.php(951): App\Controllers\AdminController->categories()
11 SYSTEMPATH\CodeIgniter.php(497): CodeIgniter\CodeIgniter->runController(Object(App\Controllers\AdminController))
12 SYSTEMPATH\CodeIgniter.php(340): CodeIgniter\CodeIgniter->handleRequest(null, Object(Config\Cache), false)
13 SYSTEMPATH\Boot.php(417): CodeIgniter\CodeIgniter->run()
14 SYSTEMPATH\Boot.php(68): CodeIgniter\Boot::runCodeIgniter(Object(CodeIgniter\CodeIgniter))
15 FCPATH\index.php(59): CodeIgniter\Boot::bootWeb(Object(Config\Paths))
16 SYSTEMPATH\rewrite.php(44): require_once('C:\\Users\\Honore\\Documents\\GitHub\\ecopanier-S4-Mme-Baovola\\public\\index.php')
WARNING - 2026-07-12 19:42:41 --> [DEPRECATED] strtotime(): Passing null to parameter #1 ($datetime) of type string is deprecated in APPPATH\Views\magasinier\categories_content.php on line 120.
 1 APPPATH\Views\magasinier\categories_content.php(120): strtotime(null)
 2 SYSTEMPATH\View\View.php(240): include('C:\\Users\\Honore\\Documents\\GitHub\\ecopanier-S4-Mme-Baovola\\app\\Views\\magasinier\\categories_content.php')
 3 SYSTEMPATH\View\View.php(243): CodeIgniter\View\View->{closure:CodeIgniter\View\View::render():237}()
 4 SYSTEMPATH\Common.php(1250): CodeIgniter\View\View->render('magasinier/categories_content', [], true)
 5 APPPATH\Views\admin\categories.php(21): view('magasinier/categories_content')
 6 SYSTEMPATH\View\View.php(240): include('C:\\Users\\Honore\\Documents\\GitHub\\ecopanier-S4-Mme-Baovola\\app\\Views\\admin\\categories.php')
 7 SYSTEMPATH\View\View.php(243): CodeIgniter\View\View->{closure:CodeIgniter\View\View::render():237}()
 8 SYSTEMPATH\Common.php(1250): CodeIgniter\View\View->render('admin/categories', [], true)
 9 APPPATH\Controllers\AdminController.php(335): view('admin/categories', [...])
10 SYSTEMPATH\CodeIgniter.php(951): App\Controllers\AdminController->categories()
11 SYSTEMPATH\CodeIgniter.php(497): CodeIgniter\CodeIgniter->runController(Object(App\Controllers\AdminController))
12 SYSTEMPATH\CodeIgniter.php(340): CodeIgniter\CodeIgniter->handleRequest(null, Object(Config\Cache), false)
13 SYSTEMPATH\Boot.php(417): CodeIgniter\CodeIgniter->run()
14 SYSTEMPATH\Boot.php(68): CodeIgniter\Boot::runCodeIgniter(Object(CodeIgniter\CodeIgniter))
15 FCPATH\index.php(59): CodeIgniter\Boot::bootWeb(Object(Config\Paths))
16 SYSTEMPATH\rewrite.php(44): require_once('C:\\Users\\Honore\\Documents\\GitHub\\ecopanier-S4-Mme-Baovola\\public\\index.php')
WARNING - 2026-07-12 19:42:41 --> [DEPRECATED] strtotime(): Passing null to parameter #1 ($datetime) of type string is deprecated in APPPATH\Views\magasinier\categories_content.php on line 120.
 1 APPPATH\Views\magasinier\categories_content.php(120): strtotime(null)
 2 SYSTEMPATH\View\View.php(240): include('C:\\Users\\Honore\\Documents\\GitHub\\ecopanier-S4-Mme-Baovola\\app\\Views\\magasinier\\categories_content.php')
 3 SYSTEMPATH\View\View.php(243): CodeIgniter\View\View->{closure:CodeIgniter\View\View::render():237}()
 4 SYSTEMPATH\Common.php(1250): CodeIgniter\View\View->render('magasinier/categories_content', [], true)
 5 APPPATH\Views\admin\categories.php(21): view('magasinier/categories_content')
 6 SYSTEMPATH\View\View.php(240): include('C:\\Users\\Honore\\Documents\\GitHub\\ecopanier-S4-Mme-Baovola\\app\\Views\\admin\\categories.php')
 7 SYSTEMPATH\View\View.php(243): CodeIgniter\View\View->{closure:CodeIgniter\View\View::render():237}()
 8 SYSTEMPATH\Common.php(1250): CodeIgniter\View\View->render('admin/categories', [], true)
 9 APPPATH\Controllers\AdminController.php(335): view('admin/categories', [...])
10 SYSTEMPATH\CodeIgniter.php(951): App\Controllers\AdminController->categories()
11 SYSTEMPATH\CodeIgniter.php(497): CodeIgniter\CodeIgniter->runController(Object(App\Controllers\AdminController))
12 SYSTEMPATH\CodeIgniter.php(340): CodeIgniter\CodeIgniter->handleRequest(null, Object(Config\Cache), false)
13 SYSTEMPATH\Boot.php(417): CodeIgniter\CodeIgniter->run()
14 SYSTEMPATH\Boot.php(68): CodeIgniter\Boot::runCodeIgniter(Object(CodeIgniter\CodeIgniter))
15 FCPATH\index.php(59): CodeIgniter\Boot::bootWeb(Object(Config\Paths))
16 SYSTEMPATH\rewrite.php(44): require_once('C:\\Users\\Honore\\Documents\\GitHub\\ecopanier-S4-Mme-Baovola\\public\\index.php')
DEBUG - 2026-07-12 19:42:45 --> Session: Class initialized using 'CodeIgniter\Session\Handlers\FileHandler' driver.
DEBUG - 2026-07-12 19:42:46 --> Session: Class initialized using 'CodeIgniter\Session\Handlers\FileHandler' driver.
WARNING - 2026-07-12 19:42:46 --> [DEPRECATED] strtotime(): Passing null to parameter #1 ($datetime) of type string is deprecated in APPPATH\Views\magasinier\categories_content.php on line 120.
 1 APPPATH\Views\magasinier\categories_content.php(120): strtotime(null)
 2 SYSTEMPATH\View\View.php(240): include('C:\\Users\\Honore\\Documents\\GitHub\\ecopanier-S4-Mme-Baovola\\app\\Views\\magasinier\\categories_content.php')
 3 SYSTEMPATH\View\View.php(243): CodeIgniter\View\View->{closure:CodeIgniter\View\View::render():237}()
 4 SYSTEMPATH\Common.php(1250): CodeIgniter\View\View->render('magasinier/categories_content', [], true)
 5 APPPATH\Views\admin\categories.php(21): view('magasinier/categories_content')
 6 SYSTEMPATH\View\View.php(240): include('C:\\Users\\Honore\\Documents\\GitHub\\ecopanier-S4-Mme-Baovola\\app\\Views\\admin\\categories.php')
 7 SYSTEMPATH\View\View.php(243): CodeIgniter\View\View->{closure:CodeIgniter\View\View::render():237}()
 8 SYSTEMPATH\Common.php(1250): CodeIgniter\View\View->render('admin/categories', [], true)
 9 APPPATH\Controllers\AdminController.php(335): view('admin/categories', [...])
10 SYSTEMPATH\CodeIgniter.php(951): App\Controllers\AdminController->categories()
11 SYSTEMPATH\CodeIgniter.php(497): CodeIgniter\CodeIgniter->runController(Object(App\Controllers\AdminController))
12 SYSTEMPATH\CodeIgniter.php(340): CodeIgniter\CodeIgniter->handleRequest(null, Object(Config\Cache), false)
13 SYSTEMPATH\Boot.php(417): CodeIgniter\CodeIgniter->run()
14 SYSTEMPATH\Boot.php(68): CodeIgniter\Boot::runCodeIgniter(Object(CodeIgniter\CodeIgniter))
15 FCPATH\index.php(59): CodeIgniter\Boot::bootWeb(Object(Config\Paths))
16 SYSTEMPATH\rewrite.php(44): require_once('C:\\Users\\Honore\\Documents\\GitHub\\ecopanier-S4-Mme-Baovola\\public\\index.php')
WARNING - 2026-07-12 19:42:46 --> [DEPRECATED] strtotime(): Passing null to parameter #1 ($datetime) of type string is deprecated in APPPATH\Views\magasinier\categories_content.php on line 120.
 1 APPPATH\Views\magasinier\categories_content.php(120): strtotime(null)
 2 SYSTEMPATH\View\View.php(240): include('C:\\Users\\Honore\\Documents\\GitHub\\ecopanier-S4-Mme-Baovola\\app\\Views\\magasinier\\categories_content.php')
 3 SYSTEMPATH\View\View.php(243): CodeIgniter\View\View->{closure:CodeIgniter\View\View::render():237}()
 4 SYSTEMPATH\Common.php(1250): CodeIgniter\View\View->render('magasinier/categories_content', [], true)
 5 APPPATH\Views\admin\categories.php(21): view('magasinier/categories_content')
 6 SYSTEMPATH\View\View.php(240): include('C:\\Users\\Honore\\Documents\\GitHub\\ecopanier-S4-Mme-Baovola\\app\\Views\\admin\\categories.php')
 7 SYSTEMPATH\View\View.php(243): CodeIgniter\View\View->{closure:CodeIgniter\View\View::render():237}()
 8 SYSTEMPATH\Common.php(1250): CodeIgniter\View\View->render('admin/categories', [], true)
 9 APPPATH\Controllers\AdminController.php(335): view('admin/categories', [...])
10 SYSTEMPATH\CodeIgniter.php(951): App\Controllers\AdminController->categories()
11 SYSTEMPATH\CodeIgniter.php(497): CodeIgniter\CodeIgniter->runController(Object(App\Controllers\AdminController))
12 SYSTEMPATH\CodeIgniter.php(340): CodeIgniter\CodeIgniter->handleRequest(null, Object(Config\Cache), false)
13 SYSTEMPATH\Boot.php(417): CodeIgniter\CodeIgniter->run()
14 SYSTEMPATH\Boot.php(68): CodeIgniter\Boot::runCodeIgniter(Object(CodeIgniter\CodeIgniter))
15 FCPATH\index.php(59): CodeIgniter\Boot::bootWeb(Object(Config\Paths))
16 SYSTEMPATH\rewrite.php(44): require_once('C:\\Users\\Honore\\Documents\\GitHub\\ecopanier-S4-Mme-Baovola\\public\\index.php')
WARNING - 2026-07-12 19:42:46 --> [DEPRECATED] strtotime(): Passing null to parameter #1 ($datetime) of type string is deprecated in APPPATH\Views\magasinier\categories_content.php on line 120.
 1 APPPATH\Views\magasinier\categories_content.php(120): strtotime(null)
 2 SYSTEMPATH\View\View.php(240): include('C:\\Users\\Honore\\Documents\\GitHub\\ecopanier-S4-Mme-Baovola\\app\\Views\\magasinier\\categories_content.php')
 3 SYSTEMPATH\View\View.php(243): CodeIgniter\View\View->{closure:CodeIgniter\View\View::render():237}()
 4 SYSTEMPATH\Common.php(1250): CodeIgniter\View\View->render('magasinier/categories_content', [], true)
 5 APPPATH\Views\admin\categories.php(21): view('magasinier/categories_content')
 6 SYSTEMPATH\View\View.php(240): include('C:\\Users\\Honore\\Documents\\GitHub\\ecopanier-S4-Mme-Baovola\\app\\Views\\admin\\categories.php')
 7 SYSTEMPATH\View\View.php(243): CodeIgniter\View\View->{closure:CodeIgniter\View\View::render():237}()
 8 SYSTEMPATH\Common.php(1250): CodeIgniter\View\View->render('admin/categories', [], true)
 9 APPPATH\Controllers\AdminController.php(335): view('admin/categories', [...])
10 SYSTEMPATH\CodeIgniter.php(951): App\Controllers\AdminController->categories()
11 SYSTEMPATH\CodeIgniter.php(497): CodeIgniter\CodeIgniter->runController(Object(App\Controllers\AdminController))
12 SYSTEMPATH\CodeIgniter.php(340): CodeIgniter\CodeIgniter->handleRequest(null, Object(Config\Cache), false)
13 SYSTEMPATH\Boot.php(417): CodeIgniter\CodeIgniter->run()
14 SYSTEMPATH\Boot.php(68): CodeIgniter\Boot::runCodeIgniter(Object(CodeIgniter\CodeIgniter))
15 FCPATH\index.php(59): CodeIgniter\Boot::bootWeb(Object(Config\Paths))
16 SYSTEMPATH\rewrite.php(44): require_once('C:\\Users\\Honore\\Documents\\GitHub\\ecopanier-S4-Mme-Baovola\\public\\index.php')
WARNING - 2026-07-12 19:42:46 --> [DEPRECATED] strtotime(): Passing null to parameter #1 ($datetime) of type string is deprecated in APPPATH\Views\magasinier\categories_content.php on line 120.
 1 APPPATH\Views\magasinier\categories_content.php(120): strtotime(null)
 2 SYSTEMPATH\View\View.php(240): include('C:\\Users\\Honore\\Documents\\GitHub\\ecopanier-S4-Mme-Baovola\\app\\Views\\magasinier\\categories_content.php')
 3 SYSTEMPATH\View\View.php(243): CodeIgniter\View\View->{closure:CodeIgniter\View\View::render():237}()
 4 SYSTEMPATH\Common.php(1250): CodeIgniter\View\View->render('magasinier/categories_content', [], true)
 5 APPPATH\Views\admin\categories.php(21): view('magasinier/categories_content')
 6 SYSTEMPATH\View\View.php(240): include('C:\\Users\\Honore\\Documents\\GitHub\\ecopanier-S4-Mme-Baovola\\app\\Views\\admin\\categories.php')
 7 SYSTEMPATH\View\View.php(243): CodeIgniter\View\View->{closure:CodeIgniter\View\View::render():237}()
 8 SYSTEMPATH\Common.php(1250): CodeIgniter\View\View->render('admin/categories', [], true)
 9 APPPATH\Controllers\AdminController.php(335): view('admin/categories', [...])
10 SYSTEMPATH\CodeIgniter.php(951): App\Controllers\AdminController->categories()
11 SYSTEMPATH\CodeIgniter.php(497): CodeIgniter\CodeIgniter->runController(Object(App\Controllers\AdminController))
12 SYSTEMPATH\CodeIgniter.php(340): CodeIgniter\CodeIgniter->handleRequest(null, Object(Config\Cache), false)
13 SYSTEMPATH\Boot.php(417): CodeIgniter\CodeIgniter->run()
14 SYSTEMPATH\Boot.php(68): CodeIgniter\Boot::runCodeIgniter(Object(CodeIgniter\CodeIgniter))
15 FCPATH\index.php(59): CodeIgniter\Boot::bootWeb(Object(Config\Paths))
16 SYSTEMPATH\rewrite.php(44): require_once('C:\\Users\\Honore\\Documents\\GitHub\\ecopanier-S4-Mme-Baovola\\public\\index.php')
DEBUG - 2026-07-12 19:45:54 --> Session: Class initialized using 'CodeIgniter\Session\Handlers\FileHandler' driver.
DEBUG - 2026-07-12 19:45:54 --> Session: Class initialized using 'CodeIgniter\Session\Handlers\FileHandler' driver.
DEBUG - 2026-07-12 19:45:55 --> Session: Class initialized using 'CodeIgniter\Session\Handlers\FileHandler' driver.
DEBUG - 2026-07-12 19:45:55 --> Session: Class initialized using 'CodeIgniter\Session\Handlers\FileHandler' driver.
WARNING - 2026-07-12 19:45:55 --> [DEPRECATED] strtotime(): Passing null to parameter #1 ($datetime) of type string is deprecated in APPPATH\Views\magasinier\categories_content.php on line 120.
 1 APPPATH\Views\magasinier\categories_content.php(120): strtotime(null)
 2 SYSTEMPATH\View\View.php(240): include('C:\\Users\\Honore\\Documents\\GitHub\\ecopanier-S4-Mme-Baovola\\app\\Views\\magasinier\\categories_content.php')
 3 SYSTEMPATH\View\View.php(243): CodeIgniter\View\View->{closure:CodeIgniter\View\View::render():237}()
 4 SYSTEMPATH\Common.php(1250): CodeIgniter\View\View->render('magasinier/categories_content', [], true)
 5 APPPATH\Views\admin\categories.php(21): view('magasinier/categories_content')
 6 SYSTEMPATH\View\View.php(240): include('C:\\Users\\Honore\\Documents\\GitHub\\ecopanier-S4-Mme-Baovola\\app\\Views\\admin\\categories.php')
 7 SYSTEMPATH\View\View.php(243): CodeIgniter\View\View->{closure:CodeIgniter\View\View::render():237}()
 8 SYSTEMPATH\Common.php(1250): CodeIgniter\View\View->render('admin/categories', [], true)
 9 APPPATH\Controllers\AdminController.php(335): view('admin/categories', [...])
10 SYSTEMPATH\CodeIgniter.php(951): App\Controllers\AdminController->categories()
11 SYSTEMPATH\CodeIgniter.php(497): CodeIgniter\CodeIgniter->runController(Object(App\Controllers\AdminController))
12 SYSTEMPATH\CodeIgniter.php(340): CodeIgniter\CodeIgniter->handleRequest(null, Object(Config\Cache), false)
13 SYSTEMPATH\Boot.php(417): CodeIgniter\CodeIgniter->run()
14 SYSTEMPATH\Boot.php(68): CodeIgniter\Boot::runCodeIgniter(Object(CodeIgniter\CodeIgniter))
15 FCPATH\index.php(59): CodeIgniter\Boot::bootWeb(Object(Config\Paths))
16 SYSTEMPATH\rewrite.php(44): require_once('C:\\Users\\Honore\\Documents\\GitHub\\ecopanier-S4-Mme-Baovola\\public\\index.php')
WARNING - 2026-07-12 19:45:55 --> [DEPRECATED] strtotime(): Passing null to parameter #1 ($datetime) of type string is deprecated in APPPATH\Views\magasinier\categories_content.php on line 120.
 1 APPPATH\Views\magasinier\categories_content.php(120): strtotime(null)
 2 SYSTEMPATH\View\View.php(240): include('C:\\Users\\Honore\\Documents\\GitHub\\ecopanier-S4-Mme-Baovola\\app\\Views\\magasinier\\categories_content.php')
 3 SYSTEMPATH\View\View.php(243): CodeIgniter\View\View->{closure:CodeIgniter\View\View::render():237}()
 4 SYSTEMPATH\Common.php(1250): CodeIgniter\View\View->render('magasinier/categories_content', [], true)
 5 APPPATH\Views\admin\categories.php(21): view('magasinier/categories_content')
 6 SYSTEMPATH\View\View.php(240): include('C:\\Users\\Honore\\Documents\\GitHub\\ecopanier-S4-Mme-Baovola\\app\\Views\\admin\\categories.php')
 7 SYSTEMPATH\View\View.php(243): CodeIgniter\View\View->{closure:CodeIgniter\View\View::render():237}()
 8 SYSTEMPATH\Common.php(1250): CodeIgniter\View\View->render('admin/categories', [], true)
 9 APPPATH\Controllers\AdminController.php(335): view('admin/categories', [...])
10 SYSTEMPATH\CodeIgniter.php(951): App\Controllers\AdminController->categories()
11 SYSTEMPATH\CodeIgniter.php(497): CodeIgniter\CodeIgniter->runController(Object(App\Controllers\AdminController))
12 SYSTEMPATH\CodeIgniter.php(340): CodeIgniter\CodeIgniter->handleRequest(null, Object(Config\Cache), false)
13 SYSTEMPATH\Boot.php(417): CodeIgniter\CodeIgniter->run()
14 SYSTEMPATH\Boot.php(68): CodeIgniter\Boot::runCodeIgniter(Object(CodeIgniter\CodeIgniter))
15 FCPATH\index.php(59): CodeIgniter\Boot::bootWeb(Object(Config\Paths))
16 SYSTEMPATH\rewrite.php(44): require_once('C:\\Users\\Honore\\Documents\\GitHub\\ecopanier-S4-Mme-Baovola\\public\\index.php')
WARNING - 2026-07-12 19:45:55 --> [DEPRECATED] strtotime(): Passing null to parameter #1 ($datetime) of type string is deprecated in APPPATH\Views\magasinier\categories_content.php on line 120.
 1 APPPATH\Views\magasinier\categories_content.php(120): strtotime(null)
 2 SYSTEMPATH\View\View.php(240): include('C:\\Users\\Honore\\Documents\\GitHub\\ecopanier-S4-Mme-Baovola\\app\\Views\\magasinier\\categories_content.php')
 3 SYSTEMPATH\View\View.php(243): CodeIgniter\View\View->{closure:CodeIgniter\View\View::render():237}()
 4 SYSTEMPATH\Common.php(1250): CodeIgniter\View\View->render('magasinier/categories_content', [], true)
 5 APPPATH\Views\admin\categories.php(21): view('magasinier/categories_content')
 6 SYSTEMPATH\View\View.php(240): include('C:\\Users\\Honore\\Documents\\GitHub\\ecopanier-S4-Mme-Baovola\\app\\Views\\admin\\categories.php')
 7 SYSTEMPATH\View\View.php(243): CodeIgniter\View\View->{closure:CodeIgniter\View\View::render():237}()
 8 SYSTEMPATH\Common.php(1250): CodeIgniter\View\View->render('admin/categories', [], true)
 9 APPPATH\Controllers\AdminController.php(335): view('admin/categories', [...])
10 SYSTEMPATH\CodeIgniter.php(951): App\Controllers\AdminController->categories()
11 SYSTEMPATH\CodeIgniter.php(497): CodeIgniter\CodeIgniter->runController(Object(App\Controllers\AdminController))
12 SYSTEMPATH\CodeIgniter.php(340): CodeIgniter\CodeIgniter->handleRequest(null, Object(Config\Cache), false)
13 SYSTEMPATH\Boot.php(417): CodeIgniter\CodeIgniter->run()
14 SYSTEMPATH\Boot.php(68): CodeIgniter\Boot::runCodeIgniter(Object(CodeIgniter\CodeIgniter))
15 FCPATH\index.php(59): CodeIgniter\Boot::bootWeb(Object(Config\Paths))
16 SYSTEMPATH\rewrite.php(44): require_once('C:\\Users\\Honore\\Documents\\GitHub\\ecopanier-S4-Mme-Baovola\\public\\index.php')
WARNING - 2026-07-12 19:45:55 --> [DEPRECATED] strtotime(): Passing null to parameter #1 ($datetime) of type string is deprecated in APPPATH\Views\magasinier\categories_content.php on line 120.
 1 APPPATH\Views\magasinier\categories_content.php(120): strtotime(null)
 2 SYSTEMPATH\View\View.php(240): include('C:\\Users\\Honore\\Documents\\GitHub\\ecopanier-S4-Mme-Baovola\\app\\Views\\magasinier\\categories_content.php')
 3 SYSTEMPATH\View\View.php(243): CodeIgniter\View\View->{closure:CodeIgniter\View\View::render():237}()
 4 SYSTEMPATH\Common.php(1250): CodeIgniter\View\View->render('magasinier/categories_content', [], true)
 5 APPPATH\Views\admin\categories.php(21): view('magasinier/categories_content')
 6 SYSTEMPATH\View\View.php(240): include('C:\\Users\\Honore\\Documents\\GitHub\\ecopanier-S4-Mme-Baovola\\app\\Views\\admin\\categories.php')
 7 SYSTEMPATH\View\View.php(243): CodeIgniter\View\View->{closure:CodeIgniter\View\View::render():237}()
 8 SYSTEMPATH\Common.php(1250): CodeIgniter\View\View->render('admin/categories', [], true)
 9 APPPATH\Controllers\AdminController.php(335): view('admin/categories', [...])
10 SYSTEMPATH\CodeIgniter.php(951): App\Controllers\AdminController->categories()
11 SYSTEMPATH\CodeIgniter.php(497): CodeIgniter\CodeIgniter->runController(Object(App\Controllers\AdminController))
12 SYSTEMPATH\CodeIgniter.php(340): CodeIgniter\CodeIgniter->handleRequest(null, Object(Config\Cache), false)
13 SYSTEMPATH\Boot.php(417): CodeIgniter\CodeIgniter->run()
14 SYSTEMPATH\Boot.php(68): CodeIgniter\Boot::runCodeIgniter(Object(CodeIgniter\CodeIgniter))
15 FCPATH\index.php(59): CodeIgniter\Boot::bootWeb(Object(Config\Paths))
16 SYSTEMPATH\rewrite.php(44): require_once('C:\\Users\\Honore\\Documents\\GitHub\\ecopanier-S4-Mme-Baovola\\public\\index.php')
DEBUG - 2026-07-12 19:45:56 --> Session: Class initialized using 'CodeIgniter\Session\Handlers\FileHandler' driver.
WARNING - 2026-07-12 19:45:56 --> [DEPRECATED] strtotime(): Passing null to parameter #1 ($datetime) of type string is deprecated in APPPATH\Views\magasinier\produits_content.php on line 103.
 1 APPPATH\Views\magasinier\produits_content.php(103): strtotime(null)
 2 SYSTEMPATH\View\View.php(240): include('C:\\Users\\Honore\\Documents\\GitHub\\ecopanier-S4-Mme-Baovola\\app\\Views\\magasinier\\produits_content.php')
 3 SYSTEMPATH\View\View.php(243): CodeIgniter\View\View->{closure:CodeIgniter\View\View::render():237}()
 4 SYSTEMPATH\Common.php(1250): CodeIgniter\View\View->render('magasinier/produits_content', [], true)
 5 APPPATH\Views\admin\produits.php(21): view('magasinier/produits_content')
 6 SYSTEMPATH\View\View.php(240): include('C:\\Users\\Honore\\Documents\\GitHub\\ecopanier-S4-Mme-Baovola\\app\\Views\\admin\\produits.php')
 7 SYSTEMPATH\View\View.php(243): CodeIgniter\View\View->{closure:CodeIgniter\View\View::render():237}()
 8 SYSTEMPATH\Common.php(1250): CodeIgniter\View\View->render('admin/produits', [], true)
 9 APPPATH\Controllers\AdminController.php(367): view('admin/produits', [...])
10 SYSTEMPATH\CodeIgniter.php(951): App\Controllers\AdminController->produits()
11 SYSTEMPATH\CodeIgniter.php(497): CodeIgniter\CodeIgniter->runController(Object(App\Controllers\AdminController))
12 SYSTEMPATH\CodeIgniter.php(340): CodeIgniter\CodeIgniter->handleRequest(null, Object(Config\Cache), false)
13 SYSTEMPATH\Boot.php(417): CodeIgniter\CodeIgniter->run()
14 SYSTEMPATH\Boot.php(68): CodeIgniter\Boot::runCodeIgniter(Object(CodeIgniter\CodeIgniter))
15 FCPATH\index.php(59): CodeIgniter\Boot::bootWeb(Object(Config\Paths))
16 SYSTEMPATH\rewrite.php(44): require_once('C:\\Users\\Honore\\Documents\\GitHub\\ecopanier-S4-Mme-Baovola\\public\\index.php')
WARNING - 2026-07-12 19:45:56 --> [DEPRECATED] strtotime(): Passing null to parameter #1 ($datetime) of type string is deprecated in APPPATH\Views\magasinier\produits_content.php on line 103.
 1 APPPATH\Views\magasinier\produits_content.php(103): strtotime(null)
 2 SYSTEMPATH\View\View.php(240): include('C:\\Users\\Honore\\Documents\\GitHub\\ecopanier-S4-Mme-Baovola\\app\\Views\\magasinier\\produits_content.php')
 3 SYSTEMPATH\View\View.php(243): CodeIgniter\View\View->{closure:CodeIgniter\View\View::render():237}()
 4 SYSTEMPATH\Common.php(1250): CodeIgniter\View\View->render('magasinier/produits_content', [], true)
 5 APPPATH\Views\admin\produits.php(21): view('magasinier/produits_content')
 6 SYSTEMPATH\View\View.php(240): include('C:\\Users\\Honore\\Documents\\GitHub\\ecopanier-S4-Mme-Baovola\\app\\Views\\admin\\produits.php')
 7 SYSTEMPATH\View\View.php(243): CodeIgniter\View\View->{closure:CodeIgniter\View\View::render():237}()
 8 SYSTEMPATH\Common.php(1250): CodeIgniter\View\View->render('admin/produits', [], true)
 9 APPPATH\Controllers\AdminController.php(367): view('admin/produits', [...])
10 SYSTEMPATH\CodeIgniter.php(951): App\Controllers\AdminController->produits()
11 SYSTEMPATH\CodeIgniter.php(497): CodeIgniter\CodeIgniter->runController(Object(App\Controllers\AdminController))
12 SYSTEMPATH\CodeIgniter.php(340): CodeIgniter\CodeIgniter->handleRequest(null, Object(Config\Cache), false)
13 SYSTEMPATH\Boot.php(417): CodeIgniter\CodeIgniter->run()
14 SYSTEMPATH\Boot.php(68): CodeIgniter\Boot::runCodeIgniter(Object(CodeIgniter\CodeIgniter))
15 FCPATH\index.php(59): CodeIgniter\Boot::bootWeb(Object(Config\Paths))
16 SYSTEMPATH\rewrite.php(44): require_once('C:\\Users\\Honore\\Documents\\GitHub\\ecopanier-S4-Mme-Baovola\\public\\index.php')
WARNING - 2026-07-12 19:45:56 --> [DEPRECATED] strtotime(): Passing null to parameter #1 ($datetime) of type string is deprecated in APPPATH\Views\magasinier\produits_content.php on line 103.
 1 APPPATH\Views\magasinier\produits_content.php(103): strtotime(null)
 2 SYSTEMPATH\View\View.php(240): include('C:\\Users\\Honore\\Documents\\GitHub\\ecopanier-S4-Mme-Baovola\\app\\Views\\magasinier\\produits_content.php')
 3 SYSTEMPATH\View\View.php(243): CodeIgniter\View\View->{closure:CodeIgniter\View\View::render():237}()
 4 SYSTEMPATH\Common.php(1250): CodeIgniter\View\View->render('magasinier/produits_content', [], true)
 5 APPPATH\Views\admin\produits.php(21): view('magasinier/produits_content')
 6 SYSTEMPATH\View\View.php(240): include('C:\\Users\\Honore\\Documents\\GitHub\\ecopanier-S4-Mme-Baovola\\app\\Views\\admin\\produits.php')
 7 SYSTEMPATH\View\View.php(243): CodeIgniter\View\View->{closure:CodeIgniter\View\View::render():237}()
 8 SYSTEMPATH\Common.php(1250): CodeIgniter\View\View->render('admin/produits', [], true)
 9 APPPATH\Controllers\AdminController.php(367): view('admin/produits', [...])
10 SYSTEMPATH\CodeIgniter.php(951): App\Controllers\AdminController->produits()
11 SYSTEMPATH\CodeIgniter.php(497): CodeIgniter\CodeIgniter->runController(Object(App\Controllers\AdminController))
12 SYSTEMPATH\CodeIgniter.php(340): CodeIgniter\CodeIgniter->handleRequest(null, Object(Config\Cache), false)
13 SYSTEMPATH\Boot.php(417): CodeIgniter\CodeIgniter->run()
14 SYSTEMPATH\Boot.php(68): CodeIgniter\Boot::runCodeIgniter(Object(CodeIgniter\CodeIgniter))
15 FCPATH\index.php(59): CodeIgniter\Boot::bootWeb(Object(Config\Paths))
16 SYSTEMPATH\rewrite.php(44): require_once('C:\\Users\\Honore\\Documents\\GitHub\\ecopanier-S4-Mme-Baovola\\public\\index.php')
WARNING - 2026-07-12 19:45:56 --> [DEPRECATED] strtotime(): Passing null to parameter #1 ($datetime) of type string is deprecated in APPPATH\Views\magasinier\produits_content.php on line 103.
 1 APPPATH\Views\magasinier\produits_content.php(103): strtotime(null)
 2 SYSTEMPATH\View\View.php(240): include('C:\\Users\\Honore\\Documents\\GitHub\\ecopanier-S4-Mme-Baovola\\app\\Views\\magasinier\\produits_content.php')
 3 SYSTEMPATH\View\View.php(243): CodeIgniter\View\View->{closure:CodeIgniter\View\View::render():237}()
 4 SYSTEMPATH\Common.php(1250): CodeIgniter\View\View->render('magasinier/produits_content', [], true)
 5 APPPATH\Views\admin\produits.php(21): view('magasinier/produits_content')
 6 SYSTEMPATH\View\View.php(240): include('C:\\Users\\Honore\\Documents\\GitHub\\ecopanier-S4-Mme-Baovola\\app\\Views\\admin\\produits.php')
 7 SYSTEMPATH\View\View.php(243): CodeIgniter\View\View->{closure:CodeIgniter\View\View::render():237}()
 8 SYSTEMPATH\Common.php(1250): CodeIgniter\View\View->render('admin/produits', [], true)
 9 APPPATH\Controllers\AdminController.php(367): view('admin/produits', [...])
10 SYSTEMPATH\CodeIgniter.php(951): App\Controllers\AdminController->produits()
11 SYSTEMPATH\CodeIgniter.php(497): CodeIgniter\CodeIgniter->runController(Object(App\Controllers\AdminController))
12 SYSTEMPATH\CodeIgniter.php(340): CodeIgniter\CodeIgniter->handleRequest(null, Object(Config\Cache), false)
13 SYSTEMPATH\Boot.php(417): CodeIgniter\CodeIgniter->run()
14 SYSTEMPATH\Boot.php(68): CodeIgniter\Boot::runCodeIgniter(Object(CodeIgniter\CodeIgniter))
15 FCPATH\index.php(59): CodeIgniter\Boot::bootWeb(Object(Config\Paths))
16 SYSTEMPATH\rewrite.php(44): require_once('C:\\Users\\Honore\\Documents\\GitHub\\ecopanier-S4-Mme-Baovola\\public\\index.php')
WARNING - 2026-07-12 19:45:56 --> [DEPRECATED] strtotime(): Passing null to parameter #1 ($datetime) of type string is deprecated in APPPATH\Views\magasinier\produits_content.php on line 103.
 1 APPPATH\Views\magasinier\produits_content.php(103): strtotime(null)
 2 SYSTEMPATH\View\View.php(240): include('C:\\Users\\Honore\\Documents\\GitHub\\ecopanier-S4-Mme-Baovola\\app\\Views\\magasinier\\produits_content.php')
 3 SYSTEMPATH\View\View.php(243): CodeIgniter\View\View->{closure:CodeIgniter\View\View::render():237}()
 4 SYSTEMPATH\Common.php(1250): CodeIgniter\View\View->render('magasinier/produits_content', [], true)
 5 APPPATH\Views\admin\produits.php(21): view('magasinier/produits_content')
 6 SYSTEMPATH\View\View.php(240): include('C:\\Users\\Honore\\Documents\\GitHub\\ecopanier-S4-Mme-Baovola\\app\\Views\\admin\\produits.php')
 7 SYSTEMPATH\View\View.php(243): CodeIgniter\View\View->{closure:CodeIgniter\View\View::render():237}()
 8 SYSTEMPATH\Common.php(1250): CodeIgniter\View\View->render('admin/produits', [], true)
 9 APPPATH\Controllers\AdminController.php(367): view('admin/produits', [...])
10 SYSTEMPATH\CodeIgniter.php(951): App\Controllers\AdminController->produits()
11 SYSTEMPATH\CodeIgniter.php(497): CodeIgniter\CodeIgniter->runController(Object(App\Controllers\AdminController))
12 SYSTEMPATH\CodeIgniter.php(340): CodeIgniter\CodeIgniter->handleRequest(null, Object(Config\Cache), false)
13 SYSTEMPATH\Boot.php(417): CodeIgniter\CodeIgniter->run()
14 SYSTEMPATH\Boot.php(68): CodeIgniter\Boot::runCodeIgniter(Object(CodeIgniter\CodeIgniter))
15 FCPATH\index.php(59): CodeIgniter\Boot::bootWeb(Object(Config\Paths))
16 SYSTEMPATH\rewrite.php(44): require_once('C:\\Users\\Honore\\Documents\\GitHub\\ecopanier-S4-Mme-Baovola\\public\\index.php')
WARNING - 2026-07-12 19:45:56 --> [DEPRECATED] strtotime(): Passing null to parameter #1 ($datetime) of type string is deprecated in APPPATH\Views\magasinier\produits_content.php on line 103.
 1 APPPATH\Views\magasinier\produits_content.php(103): strtotime(null)
 2 SYSTEMPATH\View\View.php(240): include('C:\\Users\\Honore\\Documents\\GitHub\\ecopanier-S4-Mme-Baovola\\app\\Views\\magasinier\\produits_content.php')
 3 SYSTEMPATH\View\View.php(243): CodeIgniter\View\View->{closure:CodeIgniter\View\View::render():237}()
 4 SYSTEMPATH\Common.php(1250): CodeIgniter\View\View->render('magasinier/produits_content', [], true)
 5 APPPATH\Views\admin\produits.php(21): view('magasinier/produits_content')
 6 SYSTEMPATH\View\View.php(240): include('C:\\Users\\Honore\\Documents\\GitHub\\ecopanier-S4-Mme-Baovola\\app\\Views\\admin\\produits.php')
 7 SYSTEMPATH\View\View.php(243): CodeIgniter\View\View->{closure:CodeIgniter\View\View::render():237}()
 8 SYSTEMPATH\Common.php(1250): CodeIgniter\View\View->render('admin/produits', [], true)
 9 APPPATH\Controllers\AdminController.php(367): view('admin/produits', [...])
10 SYSTEMPATH\CodeIgniter.php(951): App\Controllers\AdminController->produits()
11 SYSTEMPATH\CodeIgniter.php(497): CodeIgniter\CodeIgniter->runController(Object(App\Controllers\AdminController))
12 SYSTEMPATH\CodeIgniter.php(340): CodeIgniter\CodeIgniter->handleRequest(null, Object(Config\Cache), false)
13 SYSTEMPATH\Boot.php(417): CodeIgniter\CodeIgniter->run()
14 SYSTEMPATH\Boot.php(68): CodeIgniter\Boot::runCodeIgniter(Object(CodeIgniter\CodeIgniter))
15 FCPATH\index.php(59): CodeIgniter\Boot::bootWeb(Object(Config\Paths))
16 SYSTEMPATH\rewrite.php(44): require_once('C:\\Users\\Honore\\Documents\\GitHub\\ecopanier-S4-Mme-Baovola\\public\\index.php')
WARNING - 2026-07-12 19:45:56 --> [DEPRECATED] strtotime(): Passing null to parameter #1 ($datetime) of type string is deprecated in APPPATH\Views\magasinier\produits_content.php on line 103.
 1 APPPATH\Views\magasinier\produits_content.php(103): strtotime(null)
 2 SYSTEMPATH\View\View.php(240): include('C:\\Users\\Honore\\Documents\\GitHub\\ecopanier-S4-Mme-Baovola\\app\\Views\\magasinier\\produits_content.php')
 3 SYSTEMPATH\View\View.php(243): CodeIgniter\View\View->{closure:CodeIgniter\View\View::render():237}()
 4 SYSTEMPATH\Common.php(1250): CodeIgniter\View\View->render('magasinier/produits_content', [], true)
 5 APPPATH\Views\admin\produits.php(21): view('magasinier/produits_content')
 6 SYSTEMPATH\View\View.php(240): include('C:\\Users\\Honore\\Documents\\GitHub\\ecopanier-S4-Mme-Baovola\\app\\Views\\admin\\produits.php')
 7 SYSTEMPATH\View\View.php(243): CodeIgniter\View\View->{closure:CodeIgniter\View\View::render():237}()
 8 SYSTEMPATH\Common.php(1250): CodeIgniter\View\View->render('admin/produits', [], true)
 9 APPPATH\Controllers\AdminController.php(367): view('admin/produits', [...])
10 SYSTEMPATH\CodeIgniter.php(951): App\Controllers\AdminController->produits()
11 SYSTEMPATH\CodeIgniter.php(497): CodeIgniter\CodeIgniter->runController(Object(App\Controllers\AdminController))
12 SYSTEMPATH\CodeIgniter.php(340): CodeIgniter\CodeIgniter->handleRequest(null, Object(Config\Cache), false)
13 SYSTEMPATH\Boot.php(417): CodeIgniter\CodeIgniter->run()
14 SYSTEMPATH\Boot.php(68): CodeIgniter\Boot::runCodeIgniter(Object(CodeIgniter\CodeIgniter))
15 FCPATH\index.php(59): CodeIgniter\Boot::bootWeb(Object(Config\Paths))
16 SYSTEMPATH\rewrite.php(44): require_once('C:\\Users\\Honore\\Documents\\GitHub\\ecopanier-S4-Mme-Baovola\\public\\index.php')
WARNING - 2026-07-12 19:45:56 --> [DEPRECATED] strtotime(): Passing null to parameter #1 ($datetime) of type string is deprecated in APPPATH\Views\magasinier\produits_content.php on line 103.
 1 APPPATH\Views\magasinier\produits_content.php(103): strtotime(null)
 2 SYSTEMPATH\View\View.php(240): include('C:\\Users\\Honore\\Documents\\GitHub\\ecopanier-S4-Mme-Baovola\\app\\Views\\magasinier\\produits_content.php')
 3 SYSTEMPATH\View\View.php(243): CodeIgniter\View\View->{closure:CodeIgniter\View\View::render():237}()
 4 SYSTEMPATH\Common.php(1250): CodeIgniter\View\View->render('magasinier/produits_content', [], true)
 5 APPPATH\Views\admin\produits.php(21): view('magasinier/produits_content')
 6 SYSTEMPATH\View\View.php(240): include('C:\\Users\\Honore\\Documents\\GitHub\\ecopanier-S4-Mme-Baovola\\app\\Views\\admin\\produits.php')
 7 SYSTEMPATH\View\View.php(243): CodeIgniter\View\View->{closure:CodeIgniter\View\View::render():237}()
 8 SYSTEMPATH\Common.php(1250): CodeIgniter\View\View->render('admin/produits', [], true)
 9 APPPATH\Controllers\AdminController.php(367): view('admin/produits', [...])
10 SYSTEMPATH\CodeIgniter.php(951): App\Controllers\AdminController->produits()
11 SYSTEMPATH\CodeIgniter.php(497): CodeIgniter\CodeIgniter->runController(Object(App\Controllers\AdminController))
12 SYSTEMPATH\CodeIgniter.php(340): CodeIgniter\CodeIgniter->handleRequest(null, Object(Config\Cache), false)
13 SYSTEMPATH\Boot.php(417): CodeIgniter\CodeIgniter->run()
14 SYSTEMPATH\Boot.php(68): CodeIgniter\Boot::runCodeIgniter(Object(CodeIgniter\CodeIgniter))
15 FCPATH\index.php(59): CodeIgniter\Boot::bootWeb(Object(Config\Paths))
16 SYSTEMPATH\rewrite.php(44): require_once('C:\\Users\\Honore\\Documents\\GitHub\\ecopanier-S4-Mme-Baovola\\public\\index.php')
DEBUG - 2026-07-12 19:45:56 --> Session: Class initialized using 'CodeIgniter\Session\Handlers\FileHandler' driver.
DEBUG - 2026-07-12 19:45:57 --> Session: Class initialized using 'CodeIgniter\Session\Handlers\FileHandler' driver.
DEBUG - 2026-07-12 19:48:01 --> Session: Class initialized using 'CodeIgniter\Session\Handlers\FileHandler' driver.
DEBUG - 2026-07-12 19:48:02 --> Session: Class initialized using 'CodeIgniter\Session\Handlers\FileHandler' driver.
DEBUG - 2026-07-12 19:48:05 --> Session: Class initialized using 'CodeIgniter\Session\Handlers\FileHandler' driver.
DEBUG - 2026-07-12 19:48:14 --> Session: Class initialized using 'CodeIgniter\Session\Handlers\FileHandler' driver.
DEBUG - 2026-07-12 19:48:15 --> Session: Class initialized using 'CodeIgniter\Session\Handlers\FileHandler' driver.
DEBUG - 2026-07-12 19:48:15 --> Session: Class initialized using 'CodeIgniter\Session\Handlers\FileHandler' driver.
DEBUG - 2026-07-12 19:48:15 --> Session: Class initialized using 'CodeIgniter\Session\Handlers\FileHandler' driver.
WARNING - 2026-07-12 19:48:15 --> [DEPRECATED] strtotime(): Passing null to parameter #1 ($datetime) of type string is deprecated in APPPATH\Views\magasinier\categories_content.php on line 120.
 1 APPPATH\Views\magasinier\categories_content.php(120): strtotime(null)
 2 SYSTEMPATH\View\View.php(240): include('C:\\Users\\Honore\\Documents\\GitHub\\ecopanier-S4-Mme-Baovola\\app\\Views\\magasinier\\categories_content.php')
 3 SYSTEMPATH\View\View.php(243): CodeIgniter\View\View->{closure:CodeIgniter\View\View::render():237}()
 4 SYSTEMPATH\Common.php(1250): CodeIgniter\View\View->render('magasinier/categories_content', [], true)
 5 APPPATH\Views\admin\categories.php(21): view('magasinier/categories_content')
 6 SYSTEMPATH\View\View.php(240): include('C:\\Users\\Honore\\Documents\\GitHub\\ecopanier-S4-Mme-Baovola\\app\\Views\\admin\\categories.php')
 7 SYSTEMPATH\View\View.php(243): CodeIgniter\View\View->{closure:CodeIgniter\View\View::render():237}()
 8 SYSTEMPATH\Common.php(1250): CodeIgniter\View\View->render('admin/categories', [], true)
 9 APPPATH\Controllers\AdminController.php(335): view('admin/categories', [...])
10 SYSTEMPATH\CodeIgniter.php(951): App\Controllers\AdminController->categories()
11 SYSTEMPATH\CodeIgniter.php(497): CodeIgniter\CodeIgniter->runController(Object(App\Controllers\AdminController))
12 SYSTEMPATH\CodeIgniter.php(340): CodeIgniter\CodeIgniter->handleRequest(null, Object(Config\Cache), false)
13 SYSTEMPATH\Boot.php(417): CodeIgniter\CodeIgniter->run()
14 SYSTEMPATH\Boot.php(68): CodeIgniter\Boot::runCodeIgniter(Object(CodeIgniter\CodeIgniter))
15 FCPATH\index.php(59): CodeIgniter\Boot::bootWeb(Object(Config\Paths))
16 SYSTEMPATH\rewrite.php(44): require_once('C:\\Users\\Honore\\Documents\\GitHub\\ecopanier-S4-Mme-Baovola\\public\\index.php')
WARNING - 2026-07-12 19:48:15 --> [DEPRECATED] strtotime(): Passing null to parameter #1 ($datetime) of type string is deprecated in APPPATH\Views\magasinier\categories_content.php on line 120.
 1 APPPATH\Views\magasinier\categories_content.php(120): strtotime(null)
 2 SYSTEMPATH\View\View.php(240): include('C:\\Users\\Honore\\Documents\\GitHub\\ecopanier-S4-Mme-Baovola\\app\\Views\\magasinier\\categories_content.php')
 3 SYSTEMPATH\View\View.php(243): CodeIgniter\View\View->{closure:CodeIgniter\View\View::render():237}()
 4 SYSTEMPATH\Common.php(1250): CodeIgniter\View\View->render('magasinier/categories_content', [], true)
 5 APPPATH\Views\admin\categories.php(21): view('magasinier/categories_content')
 6 SYSTEMPATH\View\View.php(240): include('C:\\Users\\Honore\\Documents\\GitHub\\ecopanier-S4-Mme-Baovola\\app\\Views\\admin\\categories.php')
 7 SYSTEMPATH\View\View.php(243): CodeIgniter\View\View->{closure:CodeIgniter\View\View::render():237}()
 8 SYSTEMPATH\Common.php(1250): CodeIgniter\View\View->render('admin/categories', [], true)
 9 APPPATH\Controllers\AdminController.php(335): view('admin/categories', [...])
10 SYSTEMPATH\CodeIgniter.php(951): App\Controllers\AdminController->categories()
11 SYSTEMPATH\CodeIgniter.php(497): CodeIgniter\CodeIgniter->runController(Object(App\Controllers\AdminController))
12 SYSTEMPATH\CodeIgniter.php(340): CodeIgniter\CodeIgniter->handleRequest(null, Object(Config\Cache), false)
13 SYSTEMPATH\Boot.php(417): CodeIgniter\CodeIgniter->run()
14 SYSTEMPATH\Boot.php(68): CodeIgniter\Boot::runCodeIgniter(Object(CodeIgniter\CodeIgniter))
15 FCPATH\index.php(59): CodeIgniter\Boot::bootWeb(Object(Config\Paths))
16 SYSTEMPATH\rewrite.php(44): require_once('C:\\Users\\Honore\\Documents\\GitHub\\ecopanier-S4-Mme-Baovola\\public\\index.php')
WARNING - 2026-07-12 19:48:15 --> [DEPRECATED] strtotime(): Passing null to parameter #1 ($datetime) of type string is deprecated in APPPATH\Views\magasinier\categories_content.php on line 120.
 1 APPPATH\Views\magasinier\categories_content.php(120): strtotime(null)
 2 SYSTEMPATH\View\View.php(240): include('C:\\Users\\Honore\\Documents\\GitHub\\ecopanier-S4-Mme-Baovola\\app\\Views\\magasinier\\categories_content.php')
 3 SYSTEMPATH\View\View.php(243): CodeIgniter\View\View->{closure:CodeIgniter\View\View::render():237}()
 4 SYSTEMPATH\Common.php(1250): CodeIgniter\View\View->render('magasinier/categories_content', [], true)
 5 APPPATH\Views\admin\categories.php(21): view('magasinier/categories_content')
 6 SYSTEMPATH\View\View.php(240): include('C:\\Users\\Honore\\Documents\\GitHub\\ecopanier-S4-Mme-Baovola\\app\\Views\\admin\\categories.php')
 7 SYSTEMPATH\View\View.php(243): CodeIgniter\View\View->{closure:CodeIgniter\View\View::render():237}()
 8 SYSTEMPATH\Common.php(1250): CodeIgniter\View\View->render('admin/categories', [], true)
 9 APPPATH\Controllers\AdminController.php(335): view('admin/categories', [...])
10 SYSTEMPATH\CodeIgniter.php(951): App\Controllers\AdminController->categories()
11 SYSTEMPATH\CodeIgniter.php(497): CodeIgniter\CodeIgniter->runController(Object(App\Controllers\AdminController))
12 SYSTEMPATH\CodeIgniter.php(340): CodeIgniter\CodeIgniter->handleRequest(null, Object(Config\Cache), false)
13 SYSTEMPATH\Boot.php(417): CodeIgniter\CodeIgniter->run()
14 SYSTEMPATH\Boot.php(68): CodeIgniter\Boot::runCodeIgniter(Object(CodeIgniter\CodeIgniter))
15 FCPATH\index.php(59): CodeIgniter\Boot::bootWeb(Object(Config\Paths))
16 SYSTEMPATH\rewrite.php(44): require_once('C:\\Users\\Honore\\Documents\\GitHub\\ecopanier-S4-Mme-Baovola\\public\\index.php')
WARNING - 2026-07-12 19:48:15 --> [DEPRECATED] strtotime(): Passing null to parameter #1 ($datetime) of type string is deprecated in APPPATH\Views\magasinier\categories_content.php on line 120.
 1 APPPATH\Views\magasinier\categories_content.php(120): strtotime(null)
 2 SYSTEMPATH\View\View.php(240): include('C:\\Users\\Honore\\Documents\\GitHub\\ecopanier-S4-Mme-Baovola\\app\\Views\\magasinier\\categories_content.php')
 3 SYSTEMPATH\View\View.php(243): CodeIgniter\View\View->{closure:CodeIgniter\View\View::render():237}()
 4 SYSTEMPATH\Common.php(1250): CodeIgniter\View\View->render('magasinier/categories_content', [], true)
 5 APPPATH\Views\admin\categories.php(21): view('magasinier/categories_content')
 6 SYSTEMPATH\View\View.php(240): include('C:\\Users\\Honore\\Documents\\GitHub\\ecopanier-S4-Mme-Baovola\\app\\Views\\admin\\categories.php')
 7 SYSTEMPATH\View\View.php(243): CodeIgniter\View\View->{closure:CodeIgniter\View\View::render():237}()
 8 SYSTEMPATH\Common.php(1250): CodeIgniter\View\View->render('admin/categories', [], true)
 9 APPPATH\Controllers\AdminController.php(335): view('admin/categories', [...])
10 SYSTEMPATH\CodeIgniter.php(951): App\Controllers\AdminController->categories()
11 SYSTEMPATH\CodeIgniter.php(497): CodeIgniter\CodeIgniter->runController(Object(App\Controllers\AdminController))
12 SYSTEMPATH\CodeIgniter.php(340): CodeIgniter\CodeIgniter->handleRequest(null, Object(Config\Cache), false)
13 SYSTEMPATH\Boot.php(417): CodeIgniter\CodeIgniter->run()
14 SYSTEMPATH\Boot.php(68): CodeIgniter\Boot::runCodeIgniter(Object(CodeIgniter\CodeIgniter))
15 FCPATH\index.php(59): CodeIgniter\Boot::bootWeb(Object(Config\Paths))
16 SYSTEMPATH\rewrite.php(44): require_once('C:\\Users\\Honore\\Documents\\GitHub\\ecopanier-S4-Mme-Baovola\\public\\index.php')
DEBUG - 2026-07-12 19:48:16 --> Session: Class initialized using 'CodeIgniter\Session\Handlers\FileHandler' driver.
WARNING - 2026-07-12 19:48:16 --> [DEPRECATED] strtotime(): Passing null to parameter #1 ($datetime) of type string is deprecated in APPPATH\Views\magasinier\produits_content.php on line 103.
 1 APPPATH\Views\magasinier\produits_content.php(103): strtotime(null)
 2 SYSTEMPATH\View\View.php(240): include('C:\\Users\\Honore\\Documents\\GitHub\\ecopanier-S4-Mme-Baovola\\app\\Views\\magasinier\\produits_content.php')
 3 SYSTEMPATH\View\View.php(243): CodeIgniter\View\View->{closure:CodeIgniter\View\View::render():237}()
 4 SYSTEMPATH\Common.php(1250): CodeIgniter\View\View->render('magasinier/produits_content', [], true)
 5 APPPATH\Views\admin\produits.php(21): view('magasinier/produits_content')
 6 SYSTEMPATH\View\View.php(240): include('C:\\Users\\Honore\\Documents\\GitHub\\ecopanier-S4-Mme-Baovola\\app\\Views\\admin\\produits.php')
 7 SYSTEMPATH\View\View.php(243): CodeIgniter\View\View->{closure:CodeIgniter\View\View::render():237}()
 8 SYSTEMPATH\Common.php(1250): CodeIgniter\View\View->render('admin/produits', [], true)
 9 APPPATH\Controllers\AdminController.php(367): view('admin/produits', [...])
10 SYSTEMPATH\CodeIgniter.php(951): App\Controllers\AdminController->produits()
11 SYSTEMPATH\CodeIgniter.php(497): CodeIgniter\CodeIgniter->runController(Object(App\Controllers\AdminController))
12 SYSTEMPATH\CodeIgniter.php(340): CodeIgniter\CodeIgniter->handleRequest(null, Object(Config\Cache), false)
13 SYSTEMPATH\Boot.php(417): CodeIgniter\CodeIgniter->run()
14 SYSTEMPATH\Boot.php(68): CodeIgniter\Boot::runCodeIgniter(Object(CodeIgniter\CodeIgniter))
15 FCPATH\index.php(59): CodeIgniter\Boot::bootWeb(Object(Config\Paths))
16 SYSTEMPATH\rewrite.php(44): require_once('C:\\Users\\Honore\\Documents\\GitHub\\ecopanier-S4-Mme-Baovola\\public\\index.php')
WARNING - 2026-07-12 19:48:16 --> [DEPRECATED] strtotime(): Passing null to parameter #1 ($datetime) of type string is deprecated in APPPATH\Views\magasinier\produits_content.php on line 103.
 1 APPPATH\Views\magasinier\produits_content.php(103): strtotime(null)
 2 SYSTEMPATH\View\View.php(240): include('C:\\Users\\Honore\\Documents\\GitHub\\ecopanier-S4-Mme-Baovola\\app\\Views\\magasinier\\produits_content.php')
 3 SYSTEMPATH\View\View.php(243): CodeIgniter\View\View->{closure:CodeIgniter\View\View::render():237}()
 4 SYSTEMPATH\Common.php(1250): CodeIgniter\View\View->render('magasinier/produits_content', [], true)
 5 APPPATH\Views\admin\produits.php(21): view('magasinier/produits_content')
 6 SYSTEMPATH\View\View.php(240): include('C:\\Users\\Honore\\Documents\\GitHub\\ecopanier-S4-Mme-Baovola\\app\\Views\\admin\\produits.php')
 7 SYSTEMPATH\View\View.php(243): CodeIgniter\View\View->{closure:CodeIgniter\View\View::render():237}()
 8 SYSTEMPATH\Common.php(1250): CodeIgniter\View\View->render('admin/produits', [], true)
 9 APPPATH\Controllers\AdminController.php(367): view('admin/produits', [...])
10 SYSTEMPATH\CodeIgniter.php(951): App\Controllers\AdminController->produits()
11 SYSTEMPATH\CodeIgniter.php(497): CodeIgniter\CodeIgniter->runController(Object(App\Controllers\AdminController))
12 SYSTEMPATH\CodeIgniter.php(340): CodeIgniter\CodeIgniter->handleRequest(null, Object(Config\Cache), false)
13 SYSTEMPATH\Boot.php(417): CodeIgniter\CodeIgniter->run()
14 SYSTEMPATH\Boot.php(68): CodeIgniter\Boot::runCodeIgniter(Object(CodeIgniter\CodeIgniter))
15 FCPATH\index.php(59): CodeIgniter\Boot::bootWeb(Object(Config\Paths))
16 SYSTEMPATH\rewrite.php(44): require_once('C:\\Users\\Honore\\Documents\\GitHub\\ecopanier-S4-Mme-Baovola\\public\\index.php')
WARNING - 2026-07-12 19:48:16 --> [DEPRECATED] strtotime(): Passing null to parameter #1 ($datetime) of type string is deprecated in APPPATH\Views\magasinier\produits_content.php on line 103.
 1 APPPATH\Views\magasinier\produits_content.php(103): strtotime(null)
 2 SYSTEMPATH\View\View.php(240): include('C:\\Users\\Honore\\Documents\\GitHub\\ecopanier-S4-Mme-Baovola\\app\\Views\\magasinier\\produits_content.php')
 3 SYSTEMPATH\View\View.php(243): CodeIgniter\View\View->{closure:CodeIgniter\View\View::render():237}()
 4 SYSTEMPATH\Common.php(1250): CodeIgniter\View\View->render('magasinier/produits_content', [], true)
 5 APPPATH\Views\admin\produits.php(21): view('magasinier/produits_content')
 6 SYSTEMPATH\View\View.php(240): include('C:\\Users\\Honore\\Documents\\GitHub\\ecopanier-S4-Mme-Baovola\\app\\Views\\admin\\produits.php')
 7 SYSTEMPATH\View\View.php(243): CodeIgniter\View\View->{closure:CodeIgniter\View\View::render():237}()
 8 SYSTEMPATH\Common.php(1250): CodeIgniter\View\View->render('admin/produits', [], true)
 9 APPPATH\Controllers\AdminController.php(367): view('admin/produits', [...])
10 SYSTEMPATH\CodeIgniter.php(951): App\Controllers\AdminController->produits()
11 SYSTEMPATH\CodeIgniter.php(497): CodeIgniter\CodeIgniter->runController(Object(App\Controllers\AdminController))
12 SYSTEMPATH\CodeIgniter.php(340): CodeIgniter\CodeIgniter->handleRequest(null, Object(Config\Cache), false)
13 SYSTEMPATH\Boot.php(417): CodeIgniter\CodeIgniter->run()
14 SYSTEMPATH\Boot.php(68): CodeIgniter\Boot::runCodeIgniter(Object(CodeIgniter\CodeIgniter))
15 FCPATH\index.php(59): CodeIgniter\Boot::bootWeb(Object(Config\Paths))
16 SYSTEMPATH\rewrite.php(44): require_once('C:\\Users\\Honore\\Documents\\GitHub\\ecopanier-S4-Mme-Baovola\\public\\index.php')
WARNING - 2026-07-12 19:48:16 --> [DEPRECATED] strtotime(): Passing null to parameter #1 ($datetime) of type string is deprecated in APPPATH\Views\magasinier\produits_content.php on line 103.
 1 APPPATH\Views\magasinier\produits_content.php(103): strtotime(null)
 2 SYSTEMPATH\View\View.php(240): include('C:\\Users\\Honore\\Documents\\GitHub\\ecopanier-S4-Mme-Baovola\\app\\Views\\magasinier\\produits_content.php')
 3 SYSTEMPATH\View\View.php(243): CodeIgniter\View\View->{closure:CodeIgniter\View\View::render():237}()
 4 SYSTEMPATH\Common.php(1250): CodeIgniter\View\View->render('magasinier/produits_content', [], true)
 5 APPPATH\Views\admin\produits.php(21): view('magasinier/produits_content')
 6 SYSTEMPATH\View\View.php(240): include('C:\\Users\\Honore\\Documents\\GitHub\\ecopanier-S4-Mme-Baovola\\app\\Views\\admin\\produits.php')
 7 SYSTEMPATH\View\View.php(243): CodeIgniter\View\View->{closure:CodeIgniter\View\View::render():237}()
 8 SYSTEMPATH\Common.php(1250): CodeIgniter\View\View->render('admin/produits', [], true)
 9 APPPATH\Controllers\AdminController.php(367): view('admin/produits', [...])
10 SYSTEMPATH\CodeIgniter.php(951): App\Controllers\AdminController->produits()
11 SYSTEMPATH\CodeIgniter.php(497): CodeIgniter\CodeIgniter->runController(Object(App\Controllers\AdminController))
12 SYSTEMPATH\CodeIgniter.php(340): CodeIgniter\CodeIgniter->handleRequest(null, Object(Config\Cache), false)
13 SYSTEMPATH\Boot.php(417): CodeIgniter\CodeIgniter->run()
14 SYSTEMPATH\Boot.php(68): CodeIgniter\Boot::runCodeIgniter(Object(CodeIgniter\CodeIgniter))
15 FCPATH\index.php(59): CodeIgniter\Boot::bootWeb(Object(Config\Paths))
16 SYSTEMPATH\rewrite.php(44): require_once('C:\\Users\\Honore\\Documents\\GitHub\\ecopanier-S4-Mme-Baovola\\public\\index.php')
WARNING - 2026-07-12 19:48:16 --> [DEPRECATED] strtotime(): Passing null to parameter #1 ($datetime) of type string is deprecated in APPPATH\Views\magasinier\produits_content.php on line 103.
 1 APPPATH\Views\magasinier\produits_content.php(103): strtotime(null)
 2 SYSTEMPATH\View\View.php(240): include('C:\\Users\\Honore\\Documents\\GitHub\\ecopanier-S4-Mme-Baovola\\app\\Views\\magasinier\\produits_content.php')
 3 SYSTEMPATH\View\View.php(243): CodeIgniter\View\View->{closure:CodeIgniter\View\View::render():237}()
 4 SYSTEMPATH\Common.php(1250): CodeIgniter\View\View->render('magasinier/produits_content', [], true)
 5 APPPATH\Views\admin\produits.php(21): view('magasinier/produits_content')
 6 SYSTEMPATH\View\View.php(240): include('C:\\Users\\Honore\\Documents\\GitHub\\ecopanier-S4-Mme-Baovola\\app\\Views\\admin\\produits.php')
 7 SYSTEMPATH\View\View.php(243): CodeIgniter\View\View->{closure:CodeIgniter\View\View::render():237}()
 8 SYSTEMPATH\Common.php(1250): CodeIgniter\View\View->render('admin/produits', [], true)
 9 APPPATH\Controllers\AdminController.php(367): view('admin/produits', [...])
10 SYSTEMPATH\CodeIgniter.php(951): App\Controllers\AdminController->produits()
11 SYSTEMPATH\CodeIgniter.php(497): CodeIgniter\CodeIgniter->runController(Object(App\Controllers\AdminController))
12 SYSTEMPATH\CodeIgniter.php(340): CodeIgniter\CodeIgniter->handleRequest(null, Object(Config\Cache), false)
13 SYSTEMPATH\Boot.php(417): CodeIgniter\CodeIgniter->run()
14 SYSTEMPATH\Boot.php(68): CodeIgniter\Boot::runCodeIgniter(Object(CodeIgniter\CodeIgniter))
15 FCPATH\index.php(59): CodeIgniter\Boot::bootWeb(Object(Config\Paths))
16 SYSTEMPATH\rewrite.php(44): require_once('C:\\Users\\Honore\\Documents\\GitHub\\ecopanier-S4-Mme-Baovola\\public\\index.php')
WARNING - 2026-07-12 19:48:16 --> [DEPRECATED] strtotime(): Passing null to parameter #1 ($datetime) of type string is deprecated in APPPATH\Views\magasinier\produits_content.php on line 103.
 1 APPPATH\Views\magasinier\produits_content.php(103): strtotime(null)
 2 SYSTEMPATH\View\View.php(240): include('C:\\Users\\Honore\\Documents\\GitHub\\ecopanier-S4-Mme-Baovola\\app\\Views\\magasinier\\produits_content.php')
 3 SYSTEMPATH\View\View.php(243): CodeIgniter\View\View->{closure:CodeIgniter\View\View::render():237}()
 4 SYSTEMPATH\Common.php(1250): CodeIgniter\View\View->render('magasinier/produits_content', [], true)
 5 APPPATH\Views\admin\produits.php(21): view('magasinier/produits_content')
 6 SYSTEMPATH\View\View.php(240): include('C:\\Users\\Honore\\Documents\\GitHub\\ecopanier-S4-Mme-Baovola\\app\\Views\\admin\\produits.php')
 7 SYSTEMPATH\View\View.php(243): CodeIgniter\View\View->{closure:CodeIgniter\View\View::render():237}()
 8 SYSTEMPATH\Common.php(1250): CodeIgniter\View\View->render('admin/produits', [], true)
 9 APPPATH\Controllers\AdminController.php(367): view('admin/produits', [...])
10 SYSTEMPATH\CodeIgniter.php(951): App\Controllers\AdminController->produits()
11 SYSTEMPATH\CodeIgniter.php(497): CodeIgniter\CodeIgniter->runController(Object(App\Controllers\AdminController))
12 SYSTEMPATH\CodeIgniter.php(340): CodeIgniter\CodeIgniter->handleRequest(null, Object(Config\Cache), false)
13 SYSTEMPATH\Boot.php(417): CodeIgniter\CodeIgniter->run()
14 SYSTEMPATH\Boot.php(68): CodeIgniter\Boot::runCodeIgniter(Object(CodeIgniter\CodeIgniter))
15 FCPATH\index.php(59): CodeIgniter\Boot::bootWeb(Object(Config\Paths))
16 SYSTEMPATH\rewrite.php(44): require_once('C:\\Users\\Honore\\Documents\\GitHub\\ecopanier-S4-Mme-Baovola\\public\\index.php')
WARNING - 2026-07-12 19:48:16 --> [DEPRECATED] strtotime(): Passing null to parameter #1 ($datetime) of type string is deprecated in APPPATH\Views\magasinier\produits_content.php on line 103.
 1 APPPATH\Views\magasinier\produits_content.php(103): strtotime(null)
 2 SYSTEMPATH\View\View.php(240): include('C:\\Users\\Honore\\Documents\\GitHub\\ecopanier-S4-Mme-Baovola\\app\\Views\\magasinier\\produits_content.php')
 3 SYSTEMPATH\View\View.php(243): CodeIgniter\View\View->{closure:CodeIgniter\View\View::render():237}()
 4 SYSTEMPATH\Common.php(1250): CodeIgniter\View\View->render('magasinier/produits_content', [], true)
 5 APPPATH\Views\admin\produits.php(21): view('magasinier/produits_content')
 6 SYSTEMPATH\View\View.php(240): include('C:\\Users\\Honore\\Documents\\GitHub\\ecopanier-S4-Mme-Baovola\\app\\Views\\admin\\produits.php')
 7 SYSTEMPATH\View\View.php(243): CodeIgniter\View\View->{closure:CodeIgniter\View\View::render():237}()
 8 SYSTEMPATH\Common.php(1250): CodeIgniter\View\View->render('admin/produits', [], true)
 9 APPPATH\Controllers\AdminController.php(367): view('admin/produits', [...])
10 SYSTEMPATH\CodeIgniter.php(951): App\Controllers\AdminController->produits()
11 SYSTEMPATH\CodeIgniter.php(497): CodeIgniter\CodeIgniter->runController(Object(App\Controllers\AdminController))
12 SYSTEMPATH\CodeIgniter.php(340): CodeIgniter\CodeIgniter->handleRequest(null, Object(Config\Cache), false)
13 SYSTEMPATH\Boot.php(417): CodeIgniter\CodeIgniter->run()
14 SYSTEMPATH\Boot.php(68): CodeIgniter\Boot::runCodeIgniter(Object(CodeIgniter\CodeIgniter))
15 FCPATH\index.php(59): CodeIgniter\Boot::bootWeb(Object(Config\Paths))
16 SYSTEMPATH\rewrite.php(44): require_once('C:\\Users\\Honore\\Documents\\GitHub\\ecopanier-S4-Mme-Baovola\\public\\index.php')
WARNING - 2026-07-12 19:48:16 --> [DEPRECATED] strtotime(): Passing null to parameter #1 ($datetime) of type string is deprecated in APPPATH\Views\magasinier\produits_content.php on line 103.
 1 APPPATH\Views\magasinier\produits_content.php(103): strtotime(null)
 2 SYSTEMPATH\View\View.php(240): include('C:\\Users\\Honore\\Documents\\GitHub\\ecopanier-S4-Mme-Baovola\\app\\Views\\magasinier\\produits_content.php')
 3 SYSTEMPATH\View\View.php(243): CodeIgniter\View\View->{closure:CodeIgniter\View\View::render():237}()
 4 SYSTEMPATH\Common.php(1250): CodeIgniter\View\View->render('magasinier/produits_content', [], true)
 5 APPPATH\Views\admin\produits.php(21): view('magasinier/produits_content')
 6 SYSTEMPATH\View\View.php(240): include('C:\\Users\\Honore\\Documents\\GitHub\\ecopanier-S4-Mme-Baovola\\app\\Views\\admin\\produits.php')
 7 SYSTEMPATH\View\View.php(243): CodeIgniter\View\View->{closure:CodeIgniter\View\View::render():237}()
 8 SYSTEMPATH\Common.php(1250): CodeIgniter\View\View->render('admin/produits', [], true)
 9 APPPATH\Controllers\AdminController.php(367): view('admin/produits', [...])
10 SYSTEMPATH\CodeIgniter.php(951): App\Controllers\AdminController->produits()
11 SYSTEMPATH\CodeIgniter.php(497): CodeIgniter\CodeIgniter->runController(Object(App\Controllers\AdminController))
12 SYSTEMPATH\CodeIgniter.php(340): CodeIgniter\CodeIgniter->handleRequest(null, Object(Config\Cache), false)
13 SYSTEMPATH\Boot.php(417): CodeIgniter\CodeIgniter->run()
14 SYSTEMPATH\Boot.php(68): CodeIgniter\Boot::runCodeIgniter(Object(CodeIgniter\CodeIgniter))
15 FCPATH\index.php(59): CodeIgniter\Boot::bootWeb(Object(Config\Paths))
16 SYSTEMPATH\rewrite.php(44): require_once('C:\\Users\\Honore\\Documents\\GitHub\\ecopanier-S4-Mme-Baovola\\public\\index.php')
DEBUG - 2026-07-12 19:48:17 --> Session: Class initialized using 'CodeIgniter\Session\Handlers\FileHandler' driver.
DEBUG - 2026-07-12 19:48:17 --> Session: Class initialized using 'CodeIgniter\Session\Handlers\FileHandler' driver.
WARNING - 2026-07-12 19:48:17 --> [DEPRECATED] strtotime(): Passing null to parameter #1 ($datetime) of type string is deprecated in APPPATH\Views\magasinier\produits_content.php on line 103.
 1 APPPATH\Views\magasinier\produits_content.php(103): strtotime(null)
 2 SYSTEMPATH\View\View.php(240): include('C:\\Users\\Honore\\Documents\\GitHub\\ecopanier-S4-Mme-Baovola\\app\\Views\\magasinier\\produits_content.php')
 3 SYSTEMPATH\View\View.php(243): CodeIgniter\View\View->{closure:CodeIgniter\View\View::render():237}()
 4 SYSTEMPATH\Common.php(1250): CodeIgniter\View\View->render('magasinier/produits_content', [], true)
 5 APPPATH\Views\admin\produits.php(21): view('magasinier/produits_content')
 6 SYSTEMPATH\View\View.php(240): include('C:\\Users\\Honore\\Documents\\GitHub\\ecopanier-S4-Mme-Baovola\\app\\Views\\admin\\produits.php')
 7 SYSTEMPATH\View\View.php(243): CodeIgniter\View\View->{closure:CodeIgniter\View\View::render():237}()
 8 SYSTEMPATH\Common.php(1250): CodeIgniter\View\View->render('admin/produits', [], true)
 9 APPPATH\Controllers\AdminController.php(367): view('admin/produits', [...])
10 SYSTEMPATH\CodeIgniter.php(951): App\Controllers\AdminController->produits()
11 SYSTEMPATH\CodeIgniter.php(497): CodeIgniter\CodeIgniter->runController(Object(App\Controllers\AdminController))
12 SYSTEMPATH\CodeIgniter.php(340): CodeIgniter\CodeIgniter->handleRequest(null, Object(Config\Cache), false)
13 SYSTEMPATH\Boot.php(417): CodeIgniter\CodeIgniter->run()
14 SYSTEMPATH\Boot.php(68): CodeIgniter\Boot::runCodeIgniter(Object(CodeIgniter\CodeIgniter))
15 FCPATH\index.php(59): CodeIgniter\Boot::bootWeb(Object(Config\Paths))
16 SYSTEMPATH\rewrite.php(44): require_once('C:\\Users\\Honore\\Documents\\GitHub\\ecopanier-S4-Mme-Baovola\\public\\index.php')
WARNING - 2026-07-12 19:48:17 --> [DEPRECATED] strtotime(): Passing null to parameter #1 ($datetime) of type string is deprecated in APPPATH\Views\magasinier\produits_content.php on line 103.
 1 APPPATH\Views\magasinier\produits_content.php(103): strtotime(null)
 2 SYSTEMPATH\View\View.php(240): include('C:\\Users\\Honore\\Documents\\GitHub\\ecopanier-S4-Mme-Baovola\\app\\Views\\magasinier\\produits_content.php')
 3 SYSTEMPATH\View\View.php(243): CodeIgniter\View\View->{closure:CodeIgniter\View\View::render():237}()
 4 SYSTEMPATH\Common.php(1250): CodeIgniter\View\View->render('magasinier/produits_content', [], true)
 5 APPPATH\Views\admin\produits.php(21): view('magasinier/produits_content')
 6 SYSTEMPATH\View\View.php(240): include('C:\\Users\\Honore\\Documents\\GitHub\\ecopanier-S4-Mme-Baovola\\app\\Views\\admin\\produits.php')
 7 SYSTEMPATH\View\View.php(243): CodeIgniter\View\View->{closure:CodeIgniter\View\View::render():237}()
 8 SYSTEMPATH\Common.php(1250): CodeIgniter\View\View->render('admin/produits', [], true)
 9 APPPATH\Controllers\AdminController.php(367): view('admin/produits', [...])
10 SYSTEMPATH\CodeIgniter.php(951): App\Controllers\AdminController->produits()
11 SYSTEMPATH\CodeIgniter.php(497): CodeIgniter\CodeIgniter->runController(Object(App\Controllers\AdminController))
12 SYSTEMPATH\CodeIgniter.php(340): CodeIgniter\CodeIgniter->handleRequest(null, Object(Config\Cache), false)
13 SYSTEMPATH\Boot.php(417): CodeIgniter\CodeIgniter->run()
14 SYSTEMPATH\Boot.php(68): CodeIgniter\Boot::runCodeIgniter(Object(CodeIgniter\CodeIgniter))
15 FCPATH\index.php(59): CodeIgniter\Boot::bootWeb(Object(Config\Paths))
16 SYSTEMPATH\rewrite.php(44): require_once('C:\\Users\\Honore\\Documents\\GitHub\\ecopanier-S4-Mme-Baovola\\public\\index.php')
WARNING - 2026-07-12 19:48:17 --> [DEPRECATED] strtotime(): Passing null to parameter #1 ($datetime) of type string is deprecated in APPPATH\Views\magasinier\produits_content.php on line 103.
 1 APPPATH\Views\magasinier\produits_content.php(103): strtotime(null)
 2 SYSTEMPATH\View\View.php(240): include('C:\\Users\\Honore\\Documents\\GitHub\\ecopanier-S4-Mme-Baovola\\app\\Views\\magasinier\\produits_content.php')
 3 SYSTEMPATH\View\View.php(243): CodeIgniter\View\View->{closure:CodeIgniter\View\View::render():237}()
 4 SYSTEMPATH\Common.php(1250): CodeIgniter\View\View->render('magasinier/produits_content', [], true)
 5 APPPATH\Views\admin\produits.php(21): view('magasinier/produits_content')
 6 SYSTEMPATH\View\View.php(240): include('C:\\Users\\Honore\\Documents\\GitHub\\ecopanier-S4-Mme-Baovola\\app\\Views\\admin\\produits.php')
 7 SYSTEMPATH\View\View.php(243): CodeIgniter\View\View->{closure:CodeIgniter\View\View::render():237}()
 8 SYSTEMPATH\Common.php(1250): CodeIgniter\View\View->render('admin/produits', [], true)
 9 APPPATH\Controllers\AdminController.php(367): view('admin/produits', [...])
10 SYSTEMPATH\CodeIgniter.php(951): App\Controllers\AdminController->produits()
11 SYSTEMPATH\CodeIgniter.php(497): CodeIgniter\CodeIgniter->runController(Object(App\Controllers\AdminController))
12 SYSTEMPATH\CodeIgniter.php(340): CodeIgniter\CodeIgniter->handleRequest(null, Object(Config\Cache), false)
13 SYSTEMPATH\Boot.php(417): CodeIgniter\CodeIgniter->run()
14 SYSTEMPATH\Boot.php(68): CodeIgniter\Boot::runCodeIgniter(Object(CodeIgniter\CodeIgniter))
15 FCPATH\index.php(59): CodeIgniter\Boot::bootWeb(Object(Config\Paths))
16 SYSTEMPATH\rewrite.php(44): require_once('C:\\Users\\Honore\\Documents\\GitHub\\ecopanier-S4-Mme-Baovola\\public\\index.php')
WARNING - 2026-07-12 19:48:17 --> [DEPRECATED] strtotime(): Passing null to parameter #1 ($datetime) of type string is deprecated in APPPATH\Views\magasinier\produits_content.php on line 103.
 1 APPPATH\Views\magasinier\produits_content.php(103): strtotime(null)
 2 SYSTEMPATH\View\View.php(240): include('C:\\Users\\Honore\\Documents\\GitHub\\ecopanier-S4-Mme-Baovola\\app\\Views\\magasinier\\produits_content.php')
 3 SYSTEMPATH\View\View.php(243): CodeIgniter\View\View->{closure:CodeIgniter\View\View::render():237}()
 4 SYSTEMPATH\Common.php(1250): CodeIgniter\View\View->render('magasinier/produits_content', [], true)
 5 APPPATH\Views\admin\produits.php(21): view('magasinier/produits_content')
 6 SYSTEMPATH\View\View.php(240): include('C:\\Users\\Honore\\Documents\\GitHub\\ecopanier-S4-Mme-Baovola\\app\\Views\\admin\\produits.php')
 7 SYSTEMPATH\View\View.php(243): CodeIgniter\View\View->{closure:CodeIgniter\View\View::render():237}()
 8 SYSTEMPATH\Common.php(1250): CodeIgniter\View\View->render('admin/produits', [], true)
 9 APPPATH\Controllers\AdminController.php(367): view('admin/produits', [...])
10 SYSTEMPATH\CodeIgniter.php(951): App\Controllers\AdminController->produits()
11 SYSTEMPATH\CodeIgniter.php(497): CodeIgniter\CodeIgniter->runController(Object(App\Controllers\AdminController))
12 SYSTEMPATH\CodeIgniter.php(340): CodeIgniter\CodeIgniter->handleRequest(null, Object(Config\Cache), false)
13 SYSTEMPATH\Boot.php(417): CodeIgniter\CodeIgniter->run()
14 SYSTEMPATH\Boot.php(68): CodeIgniter\Boot::runCodeIgniter(Object(CodeIgniter\CodeIgniter))
15 FCPATH\index.php(59): CodeIgniter\Boot::bootWeb(Object(Config\Paths))
16 SYSTEMPATH\rewrite.php(44): require_once('C:\\Users\\Honore\\Documents\\GitHub\\ecopanier-S4-Mme-Baovola\\public\\index.php')
WARNING - 2026-07-12 19:48:17 --> [DEPRECATED] strtotime(): Passing null to parameter #1 ($datetime) of type string is deprecated in APPPATH\Views\magasinier\produits_content.php on line 103.
 1 APPPATH\Views\magasinier\produits_content.php(103): strtotime(null)
 2 SYSTEMPATH\View\View.php(240): include('C:\\Users\\Honore\\Documents\\GitHub\\ecopanier-S4-Mme-Baovola\\app\\Views\\magasinier\\produits_content.php')
 3 SYSTEMPATH\View\View.php(243): CodeIgniter\View\View->{closure:CodeIgniter\View\View::render():237}()
 4 SYSTEMPATH\Common.php(1250): CodeIgniter\View\View->render('magasinier/produits_content', [], true)
 5 APPPATH\Views\admin\produits.php(21): view('magasinier/produits_content')
 6 SYSTEMPATH\View\View.php(240): include('C:\\Users\\Honore\\Documents\\GitHub\\ecopanier-S4-Mme-Baovola\\app\\Views\\admin\\produits.php')
 7 SYSTEMPATH\View\View.php(243): CodeIgniter\View\View->{closure:CodeIgniter\View\View::render():237}()
 8 SYSTEMPATH\Common.php(1250): CodeIgniter\View\View->render('admin/produits', [], true)
 9 APPPATH\Controllers\AdminController.php(367): view('admin/produits', [...])
10 SYSTEMPATH\CodeIgniter.php(951): App\Controllers\AdminController->produits()
11 SYSTEMPATH\CodeIgniter.php(497): CodeIgniter\CodeIgniter->runController(Object(App\Controllers\AdminController))
12 SYSTEMPATH\CodeIgniter.php(340): CodeIgniter\CodeIgniter->handleRequest(null, Object(Config\Cache), false)
13 SYSTEMPATH\Boot.php(417): CodeIgniter\CodeIgniter->run()
14 SYSTEMPATH\Boot.php(68): CodeIgniter\Boot::runCodeIgniter(Object(CodeIgniter\CodeIgniter))
15 FCPATH\index.php(59): CodeIgniter\Boot::bootWeb(Object(Config\Paths))
16 SYSTEMPATH\rewrite.php(44): require_once('C:\\Users\\Honore\\Documents\\GitHub\\ecopanier-S4-Mme-Baovola\\public\\index.php')
WARNING - 2026-07-12 19:48:17 --> [DEPRECATED] strtotime(): Passing null to parameter #1 ($datetime) of type string is deprecated in APPPATH\Views\magasinier\produits_content.php on line 103.
 1 APPPATH\Views\magasinier\produits_content.php(103): strtotime(null)
 2 SYSTEMPATH\View\View.php(240): include('C:\\Users\\Honore\\Documents\\GitHub\\ecopanier-S4-Mme-Baovola\\app\\Views\\magasinier\\produits_content.php')
 3 SYSTEMPATH\View\View.php(243): CodeIgniter\View\View->{closure:CodeIgniter\View\View::render():237}()
 4 SYSTEMPATH\Common.php(1250): CodeIgniter\View\View->render('magasinier/produits_content', [], true)
 5 APPPATH\Views\admin\produits.php(21): view('magasinier/produits_content')
 6 SYSTEMPATH\View\View.php(240): include('C:\\Users\\Honore\\Documents\\GitHub\\ecopanier-S4-Mme-Baovola\\app\\Views\\admin\\produits.php')
 7 SYSTEMPATH\View\View.php(243): CodeIgniter\View\View->{closure:CodeIgniter\View\View::render():237}()
 8 SYSTEMPATH\Common.php(1250): CodeIgniter\View\View->render('admin/produits', [], true)
 9 APPPATH\Controllers\AdminController.php(367): view('admin/produits', [...])
10 SYSTEMPATH\CodeIgniter.php(951): App\Controllers\AdminController->produits()
11 SYSTEMPATH\CodeIgniter.php(497): CodeIgniter\CodeIgniter->runController(Object(App\Controllers\AdminController))
12 SYSTEMPATH\CodeIgniter.php(340): CodeIgniter\CodeIgniter->handleRequest(null, Object(Config\Cache), false)
13 SYSTEMPATH\Boot.php(417): CodeIgniter\CodeIgniter->run()
14 SYSTEMPATH\Boot.php(68): CodeIgniter\Boot::runCodeIgniter(Object(CodeIgniter\CodeIgniter))
15 FCPATH\index.php(59): CodeIgniter\Boot::bootWeb(Object(Config\Paths))
16 SYSTEMPATH\rewrite.php(44): require_once('C:\\Users\\Honore\\Documents\\GitHub\\ecopanier-S4-Mme-Baovola\\public\\index.php')
WARNING - 2026-07-12 19:48:17 --> [DEPRECATED] strtotime(): Passing null to parameter #1 ($datetime) of type string is deprecated in APPPATH\Views\magasinier\produits_content.php on line 103.
 1 APPPATH\Views\magasinier\produits_content.php(103): strtotime(null)
 2 SYSTEMPATH\View\View.php(240): include('C:\\Users\\Honore\\Documents\\GitHub\\ecopanier-S4-Mme-Baovola\\app\\Views\\magasinier\\produits_content.php')
 3 SYSTEMPATH\View\View.php(243): CodeIgniter\View\View->{closure:CodeIgniter\View\View::render():237}()
 4 SYSTEMPATH\Common.php(1250): CodeIgniter\View\View->render('magasinier/produits_content', [], true)
 5 APPPATH\Views\admin\produits.php(21): view('magasinier/produits_content')
 6 SYSTEMPATH\View\View.php(240): include('C:\\Users\\Honore\\Documents\\GitHub\\ecopanier-S4-Mme-Baovola\\app\\Views\\admin\\produits.php')
 7 SYSTEMPATH\View\View.php(243): CodeIgniter\View\View->{closure:CodeIgniter\View\View::render():237}()
 8 SYSTEMPATH\Common.php(1250): CodeIgniter\View\View->render('admin/produits', [], true)
 9 APPPATH\Controllers\AdminController.php(367): view('admin/produits', [...])
10 SYSTEMPATH\CodeIgniter.php(951): App\Controllers\AdminController->produits()
11 SYSTEMPATH\CodeIgniter.php(497): CodeIgniter\CodeIgniter->runController(Object(App\Controllers\AdminController))
12 SYSTEMPATH\CodeIgniter.php(340): CodeIgniter\CodeIgniter->handleRequest(null, Object(Config\Cache), false)
13 SYSTEMPATH\Boot.php(417): CodeIgniter\CodeIgniter->run()
14 SYSTEMPATH\Boot.php(68): CodeIgniter\Boot::runCodeIgniter(Object(CodeIgniter\CodeIgniter))
15 FCPATH\index.php(59): CodeIgniter\Boot::bootWeb(Object(Config\Paths))
16 SYSTEMPATH\rewrite.php(44): require_once('C:\\Users\\Honore\\Documents\\GitHub\\ecopanier-S4-Mme-Baovola\\public\\index.php')
WARNING - 2026-07-12 19:48:17 --> [DEPRECATED] strtotime(): Passing null to parameter #1 ($datetime) of type string is deprecated in APPPATH\Views\magasinier\produits_content.php on line 103.
 1 APPPATH\Views\magasinier\produits_content.php(103): strtotime(null)
 2 SYSTEMPATH\View\View.php(240): include('C:\\Users\\Honore\\Documents\\GitHub\\ecopanier-S4-Mme-Baovola\\app\\Views\\magasinier\\produits_content.php')
 3 SYSTEMPATH\View\View.php(243): CodeIgniter\View\View->{closure:CodeIgniter\View\View::render():237}()
 4 SYSTEMPATH\Common.php(1250): CodeIgniter\View\View->render('magasinier/produits_content', [], true)
 5 APPPATH\Views\admin\produits.php(21): view('magasinier/produits_content')
 6 SYSTEMPATH\View\View.php(240): include('C:\\Users\\Honore\\Documents\\GitHub\\ecopanier-S4-Mme-Baovola\\app\\Views\\admin\\produits.php')
 7 SYSTEMPATH\View\View.php(243): CodeIgniter\View\View->{closure:CodeIgniter\View\View::render():237}()
 8 SYSTEMPATH\Common.php(1250): CodeIgniter\View\View->render('admin/produits', [], true)
 9 APPPATH\Controllers\AdminController.php(367): view('admin/produits', [...])
10 SYSTEMPATH\CodeIgniter.php(951): App\Controllers\AdminController->produits()
11 SYSTEMPATH\CodeIgniter.php(497): CodeIgniter\CodeIgniter->runController(Object(App\Controllers\AdminController))
12 SYSTEMPATH\CodeIgniter.php(340): CodeIgniter\CodeIgniter->handleRequest(null, Object(Config\Cache), false)
13 SYSTEMPATH\Boot.php(417): CodeIgniter\CodeIgniter->run()
14 SYSTEMPATH\Boot.php(68): CodeIgniter\Boot::runCodeIgniter(Object(CodeIgniter\CodeIgniter))
15 FCPATH\index.php(59): CodeIgniter\Boot::bootWeb(Object(Config\Paths))
16 SYSTEMPATH\rewrite.php(44): require_once('C:\\Users\\Honore\\Documents\\GitHub\\ecopanier-S4-Mme-Baovola\\public\\index.php')
DEBUG - 2026-07-12 19:48:18 --> Session: Class initialized using 'CodeIgniter\Session\Handlers\FileHandler' driver.
DEBUG - 2026-07-12 19:48:19 --> Session: Class initialized using 'CodeIgniter\Session\Handlers\FileHandler' driver.
DEBUG - 2026-07-12 19:48:19 --> Session: Class initialized using 'CodeIgniter\Session\Handlers\FileHandler' driver.
DEBUG - 2026-07-12 19:48:21 --> Session: Class initialized using 'CodeIgniter\Session\Handlers\FileHandler' driver.
DEBUG - 2026-07-12 19:48:21 --> Session: Class initialized using 'CodeIgniter\Session\Handlers\FileHandler' driver.
DEBUG - 2026-07-12 19:48:22 --> Session: Class initialized using 'CodeIgniter\Session\Handlers\FileHandler' driver.
DEBUG - 2026-07-12 19:48:23 --> Session: Class initialized using 'CodeIgniter\Session\Handlers\FileHandler' driver.
DEBUG - 2026-07-12 19:48:23 --> Session: Class initialized using 'CodeIgniter\Session\Handlers\FileHandler' driver.
DEBUG - 2026-07-12 19:48:30 --> Session: Class initialized using 'CodeIgniter\Session\Handlers\FileHandler' driver.
DEBUG - 2026-07-12 19:48:37 --> Session: Class initialized using 'CodeIgniter\Session\Handlers\FileHandler' driver.
WARNING - 2026-07-12 19:48:37 --> [DEPRECATED] strtotime(): Passing null to parameter #1 ($datetime) of type string is deprecated in APPPATH\Views\magasinier\categories_content.php on line 120.
 1 APPPATH\Views\magasinier\categories_content.php(120): strtotime(null)
 2 SYSTEMPATH\View\View.php(240): include('C:\\Users\\Honore\\Documents\\GitHub\\ecopanier-S4-Mme-Baovola\\app\\Views\\magasinier\\categories_content.php')
 3 SYSTEMPATH\View\View.php(243): CodeIgniter\View\View->{closure:CodeIgniter\View\View::render():237}()
 4 SYSTEMPATH\Common.php(1250): CodeIgniter\View\View->render('magasinier/categories_content', [], true)
 5 APPPATH\Views\admin\categories.php(21): view('magasinier/categories_content')
 6 SYSTEMPATH\View\View.php(240): include('C:\\Users\\Honore\\Documents\\GitHub\\ecopanier-S4-Mme-Baovola\\app\\Views\\admin\\categories.php')
 7 SYSTEMPATH\View\View.php(243): CodeIgniter\View\View->{closure:CodeIgniter\View\View::render():237}()
 8 SYSTEMPATH\Common.php(1250): CodeIgniter\View\View->render('admin/categories', [], true)
 9 APPPATH\Controllers\AdminController.php(335): view('admin/categories', [...])
10 SYSTEMPATH\CodeIgniter.php(951): App\Controllers\AdminController->categories()
11 SYSTEMPATH\CodeIgniter.php(497): CodeIgniter\CodeIgniter->runController(Object(App\Controllers\AdminController))
12 SYSTEMPATH\CodeIgniter.php(340): CodeIgniter\CodeIgniter->handleRequest(null, Object(Config\Cache), false)
13 SYSTEMPATH\Boot.php(417): CodeIgniter\CodeIgniter->run()
14 SYSTEMPATH\Boot.php(68): CodeIgniter\Boot::runCodeIgniter(Object(CodeIgniter\CodeIgniter))
15 FCPATH\index.php(59): CodeIgniter\Boot::bootWeb(Object(Config\Paths))
16 SYSTEMPATH\rewrite.php(44): require_once('C:\\Users\\Honore\\Documents\\GitHub\\ecopanier-S4-Mme-Baovola\\public\\index.php')
WARNING - 2026-07-12 19:48:37 --> [DEPRECATED] strtotime(): Passing null to parameter #1 ($datetime) of type string is deprecated in APPPATH\Views\magasinier\categories_content.php on line 120.
 1 APPPATH\Views\magasinier\categories_content.php(120): strtotime(null)
 2 SYSTEMPATH\View\View.php(240): include('C:\\Users\\Honore\\Documents\\GitHub\\ecopanier-S4-Mme-Baovola\\app\\Views\\magasinier\\categories_content.php')
 3 SYSTEMPATH\View\View.php(243): CodeIgniter\View\View->{closure:CodeIgniter\View\View::render():237}()
 4 SYSTEMPATH\Common.php(1250): CodeIgniter\View\View->render('magasinier/categories_content', [], true)
 5 APPPATH\Views\admin\categories.php(21): view('magasinier/categories_content')
 6 SYSTEMPATH\View\View.php(240): include('C:\\Users\\Honore\\Documents\\GitHub\\ecopanier-S4-Mme-Baovola\\app\\Views\\admin\\categories.php')
 7 SYSTEMPATH\View\View.php(243): CodeIgniter\View\View->{closure:CodeIgniter\View\View::render():237}()
 8 SYSTEMPATH\Common.php(1250): CodeIgniter\View\View->render('admin/categories', [], true)
 9 APPPATH\Controllers\AdminController.php(335): view('admin/categories', [...])
10 SYSTEMPATH\CodeIgniter.php(951): App\Controllers\AdminController->categories()
11 SYSTEMPATH\CodeIgniter.php(497): CodeIgniter\CodeIgniter->runController(Object(App\Controllers\AdminController))
12 SYSTEMPATH\CodeIgniter.php(340): CodeIgniter\CodeIgniter->handleRequest(null, Object(Config\Cache), false)
13 SYSTEMPATH\Boot.php(417): CodeIgniter\CodeIgniter->run()
14 SYSTEMPATH\Boot.php(68): CodeIgniter\Boot::runCodeIgniter(Object(CodeIgniter\CodeIgniter))
15 FCPATH\index.php(59): CodeIgniter\Boot::bootWeb(Object(Config\Paths))
16 SYSTEMPATH\rewrite.php(44): require_once('C:\\Users\\Honore\\Documents\\GitHub\\ecopanier-S4-Mme-Baovola\\public\\index.php')
WARNING - 2026-07-12 19:48:37 --> [DEPRECATED] strtotime(): Passing null to parameter #1 ($datetime) of type string is deprecated in APPPATH\Views\magasinier\categories_content.php on line 120.
 1 APPPATH\Views\magasinier\categories_content.php(120): strtotime(null)
 2 SYSTEMPATH\View\View.php(240): include('C:\\Users\\Honore\\Documents\\GitHub\\ecopanier-S4-Mme-Baovola\\app\\Views\\magasinier\\categories_content.php')
 3 SYSTEMPATH\View\View.php(243): CodeIgniter\View\View->{closure:CodeIgniter\View\View::render():237}()
 4 SYSTEMPATH\Common.php(1250): CodeIgniter\View\View->render('magasinier/categories_content', [], true)
 5 APPPATH\Views\admin\categories.php(21): view('magasinier/categories_content')
 6 SYSTEMPATH\View\View.php(240): include('C:\\Users\\Honore\\Documents\\GitHub\\ecopanier-S4-Mme-Baovola\\app\\Views\\admin\\categories.php')
 7 SYSTEMPATH\View\View.php(243): CodeIgniter\View\View->{closure:CodeIgniter\View\View::render():237}()
 8 SYSTEMPATH\Common.php(1250): CodeIgniter\View\View->render('admin/categories', [], true)
 9 APPPATH\Controllers\AdminController.php(335): view('admin/categories', [...])
10 SYSTEMPATH\CodeIgniter.php(951): App\Controllers\AdminController->categories()
11 SYSTEMPATH\CodeIgniter.php(497): CodeIgniter\CodeIgniter->runController(Object(App\Controllers\AdminController))
12 SYSTEMPATH\CodeIgniter.php(340): CodeIgniter\CodeIgniter->handleRequest(null, Object(Config\Cache), false)
13 SYSTEMPATH\Boot.php(417): CodeIgniter\CodeIgniter->run()
14 SYSTEMPATH\Boot.php(68): CodeIgniter\Boot::runCodeIgniter(Object(CodeIgniter\CodeIgniter))
15 FCPATH\index.php(59): CodeIgniter\Boot::bootWeb(Object(Config\Paths))
16 SYSTEMPATH\rewrite.php(44): require_once('C:\\Users\\Honore\\Documents\\GitHub\\ecopanier-S4-Mme-Baovola\\public\\index.php')
WARNING - 2026-07-12 19:48:37 --> [DEPRECATED] strtotime(): Passing null to parameter #1 ($datetime) of type string is deprecated in APPPATH\Views\magasinier\categories_content.php on line 120.
 1 APPPATH\Views\magasinier\categories_content.php(120): strtotime(null)
 2 SYSTEMPATH\View\View.php(240): include('C:\\Users\\Honore\\Documents\\GitHub\\ecopanier-S4-Mme-Baovola\\app\\Views\\magasinier\\categories_content.php')
 3 SYSTEMPATH\View\View.php(243): CodeIgniter\View\View->{closure:CodeIgniter\View\View::render():237}()
 4 SYSTEMPATH\Common.php(1250): CodeIgniter\View\View->render('magasinier/categories_content', [], true)
 5 APPPATH\Views\admin\categories.php(21): view('magasinier/categories_content')
 6 SYSTEMPATH\View\View.php(240): include('C:\\Users\\Honore\\Documents\\GitHub\\ecopanier-S4-Mme-Baovola\\app\\Views\\admin\\categories.php')
 7 SYSTEMPATH\View\View.php(243): CodeIgniter\View\View->{closure:CodeIgniter\View\View::render():237}()
 8 SYSTEMPATH\Common.php(1250): CodeIgniter\View\View->render('admin/categories', [], true)
 9 APPPATH\Controllers\AdminController.php(335): view('admin/categories', [...])
10 SYSTEMPATH\CodeIgniter.php(951): App\Controllers\AdminController->categories()
11 SYSTEMPATH\CodeIgniter.php(497): CodeIgniter\CodeIgniter->runController(Object(App\Controllers\AdminController))
12 SYSTEMPATH\CodeIgniter.php(340): CodeIgniter\CodeIgniter->handleRequest(null, Object(Config\Cache), false)
13 SYSTEMPATH\Boot.php(417): CodeIgniter\CodeIgniter->run()
14 SYSTEMPATH\Boot.php(68): CodeIgniter\Boot::runCodeIgniter(Object(CodeIgniter\CodeIgniter))
15 FCPATH\index.php(59): CodeIgniter\Boot::bootWeb(Object(Config\Paths))
16 SYSTEMPATH\rewrite.php(44): require_once('C:\\Users\\Honore\\Documents\\GitHub\\ecopanier-S4-Mme-Baovola\\public\\index.php')
DEBUG - 2026-07-12 19:48:40 --> Session: Class initialized using 'CodeIgniter\Session\Handlers\FileHandler' driver.
DEBUG - 2026-07-12 19:50:21 --> Session: Class initialized using 'CodeIgniter\Session\Handlers\FileHandler' driver.
WARNING - 2026-07-12 19:50:21 --> [DEPRECATED] strtotime(): Passing null to parameter #1 ($datetime) of type string is deprecated in APPPATH\Views\magasinier\categories_content.php on line 120.
 1 APPPATH\Views\magasinier\categories_content.php(120): strtotime(null)
 2 SYSTEMPATH\View\View.php(240): include('C:\\Users\\Honore\\Documents\\GitHub\\ecopanier-S4-Mme-Baovola\\app\\Views\\magasinier\\categories_content.php')
 3 SYSTEMPATH\View\View.php(243): CodeIgniter\View\View->{closure:CodeIgniter\View\View::render():237}()
 4 SYSTEMPATH\Common.php(1250): CodeIgniter\View\View->render('magasinier/categories_content', [], true)
 5 APPPATH\Views\admin\categories.php(21): view('magasinier/categories_content')
 6 SYSTEMPATH\View\View.php(240): include('C:\\Users\\Honore\\Documents\\GitHub\\ecopanier-S4-Mme-Baovola\\app\\Views\\admin\\categories.php')
 7 SYSTEMPATH\View\View.php(243): CodeIgniter\View\View->{closure:CodeIgniter\View\View::render():237}()
 8 SYSTEMPATH\Common.php(1250): CodeIgniter\View\View->render('admin/categories', [], true)
 9 APPPATH\Controllers\AdminController.php(335): view('admin/categories', [...])
10 SYSTEMPATH\CodeIgniter.php(951): App\Controllers\AdminController->categories()
11 SYSTEMPATH\CodeIgniter.php(497): CodeIgniter\CodeIgniter->runController(Object(App\Controllers\AdminController))
12 SYSTEMPATH\CodeIgniter.php(340): CodeIgniter\CodeIgniter->handleRequest(null, Object(Config\Cache), false)
13 SYSTEMPATH\Boot.php(417): CodeIgniter\CodeIgniter->run()
14 SYSTEMPATH\Boot.php(68): CodeIgniter\Boot::runCodeIgniter(Object(CodeIgniter\CodeIgniter))
15 FCPATH\index.php(59): CodeIgniter\Boot::bootWeb(Object(Config\Paths))
16 SYSTEMPATH\rewrite.php(44): require_once('C:\\Users\\Honore\\Documents\\GitHub\\ecopanier-S4-Mme-Baovola\\public\\index.php')
WARNING - 2026-07-12 19:50:21 --> [DEPRECATED] strtotime(): Passing null to parameter #1 ($datetime) of type string is deprecated in APPPATH\Views\magasinier\categories_content.php on line 120.
 1 APPPATH\Views\magasinier\categories_content.php(120): strtotime(null)
 2 SYSTEMPATH\View\View.php(240): include('C:\\Users\\Honore\\Documents\\GitHub\\ecopanier-S4-Mme-Baovola\\app\\Views\\magasinier\\categories_content.php')
 3 SYSTEMPATH\View\View.php(243): CodeIgniter\View\View->{closure:CodeIgniter\View\View::render():237}()
 4 SYSTEMPATH\Common.php(1250): CodeIgniter\View\View->render('magasinier/categories_content', [], true)
 5 APPPATH\Views\admin\categories.php(21): view('magasinier/categories_content')
 6 SYSTEMPATH\View\View.php(240): include('C:\\Users\\Honore\\Documents\\GitHub\\ecopanier-S4-Mme-Baovola\\app\\Views\\admin\\categories.php')
 7 SYSTEMPATH\View\View.php(243): CodeIgniter\View\View->{closure:CodeIgniter\View\View::render():237}()
 8 SYSTEMPATH\Common.php(1250): CodeIgniter\View\View->render('admin/categories', [], true)
 9 APPPATH\Controllers\AdminController.php(335): view('admin/categories', [...])
10 SYSTEMPATH\CodeIgniter.php(951): App\Controllers\AdminController->categories()
11 SYSTEMPATH\CodeIgniter.php(497): CodeIgniter\CodeIgniter->runController(Object(App\Controllers\AdminController))
12 SYSTEMPATH\CodeIgniter.php(340): CodeIgniter\CodeIgniter->handleRequest(null, Object(Config\Cache), false)
13 SYSTEMPATH\Boot.php(417): CodeIgniter\CodeIgniter->run()
14 SYSTEMPATH\Boot.php(68): CodeIgniter\Boot::runCodeIgniter(Object(CodeIgniter\CodeIgniter))
15 FCPATH\index.php(59): CodeIgniter\Boot::bootWeb(Object(Config\Paths))
16 SYSTEMPATH\rewrite.php(44): require_once('C:\\Users\\Honore\\Documents\\GitHub\\ecopanier-S4-Mme-Baovola\\public\\index.php')
WARNING - 2026-07-12 19:50:21 --> [DEPRECATED] strtotime(): Passing null to parameter #1 ($datetime) of type string is deprecated in APPPATH\Views\magasinier\categories_content.php on line 120.
 1 APPPATH\Views\magasinier\categories_content.php(120): strtotime(null)
 2 SYSTEMPATH\View\View.php(240): include('C:\\Users\\Honore\\Documents\\GitHub\\ecopanier-S4-Mme-Baovola\\app\\Views\\magasinier\\categories_content.php')
 3 SYSTEMPATH\View\View.php(243): CodeIgniter\View\View->{closure:CodeIgniter\View\View::render():237}()
 4 SYSTEMPATH\Common.php(1250): CodeIgniter\View\View->render('magasinier/categories_content', [], true)
 5 APPPATH\Views\admin\categories.php(21): view('magasinier/categories_content')
 6 SYSTEMPATH\View\View.php(240): include('C:\\Users\\Honore\\Documents\\GitHub\\ecopanier-S4-Mme-Baovola\\app\\Views\\admin\\categories.php')
 7 SYSTEMPATH\View\View.php(243): CodeIgniter\View\View->{closure:CodeIgniter\View\View::render():237}()
 8 SYSTEMPATH\Common.php(1250): CodeIgniter\View\View->render('admin/categories', [], true)
 9 APPPATH\Controllers\AdminController.php(335): view('admin/categories', [...])
10 SYSTEMPATH\CodeIgniter.php(951): App\Controllers\AdminController->categories()
11 SYSTEMPATH\CodeIgniter.php(497): CodeIgniter\CodeIgniter->runController(Object(App\Controllers\AdminController))
12 SYSTEMPATH\CodeIgniter.php(340): CodeIgniter\CodeIgniter->handleRequest(null, Object(Config\Cache), false)
13 SYSTEMPATH\Boot.php(417): CodeIgniter\CodeIgniter->run()
14 SYSTEMPATH\Boot.php(68): CodeIgniter\Boot::runCodeIgniter(Object(CodeIgniter\CodeIgniter))
15 FCPATH\index.php(59): CodeIgniter\Boot::bootWeb(Object(Config\Paths))
16 SYSTEMPATH\rewrite.php(44): require_once('C:\\Users\\Honore\\Documents\\GitHub\\ecopanier-S4-Mme-Baovola\\public\\index.php')
WARNING - 2026-07-12 19:50:21 --> [DEPRECATED] strtotime(): Passing null to parameter #1 ($datetime) of type string is deprecated in APPPATH\Views\magasinier\categories_content.php on line 120.
 1 APPPATH\Views\magasinier\categories_content.php(120): strtotime(null)
 2 SYSTEMPATH\View\View.php(240): include('C:\\Users\\Honore\\Documents\\GitHub\\ecopanier-S4-Mme-Baovola\\app\\Views\\magasinier\\categories_content.php')
 3 SYSTEMPATH\View\View.php(243): CodeIgniter\View\View->{closure:CodeIgniter\View\View::render():237}()
 4 SYSTEMPATH\Common.php(1250): CodeIgniter\View\View->render('magasinier/categories_content', [], true)
 5 APPPATH\Views\admin\categories.php(21): view('magasinier/categories_content')
 6 SYSTEMPATH\View\View.php(240): include('C:\\Users\\Honore\\Documents\\GitHub\\ecopanier-S4-Mme-Baovola\\app\\Views\\admin\\categories.php')
 7 SYSTEMPATH\View\View.php(243): CodeIgniter\View\View->{closure:CodeIgniter\View\View::render():237}()
 8 SYSTEMPATH\Common.php(1250): CodeIgniter\View\View->render('admin/categories', [], true)
 9 APPPATH\Controllers\AdminController.php(335): view('admin/categories', [...])
10 SYSTEMPATH\CodeIgniter.php(951): App\Controllers\AdminController->categories()
11 SYSTEMPATH\CodeIgniter.php(497): CodeIgniter\CodeIgniter->runController(Object(App\Controllers\AdminController))
12 SYSTEMPATH\CodeIgniter.php(340): CodeIgniter\CodeIgniter->handleRequest(null, Object(Config\Cache), false)
13 SYSTEMPATH\Boot.php(417): CodeIgniter\CodeIgniter->run()
14 SYSTEMPATH\Boot.php(68): CodeIgniter\Boot::runCodeIgniter(Object(CodeIgniter\CodeIgniter))
15 FCPATH\index.php(59): CodeIgniter\Boot::bootWeb(Object(Config\Paths))
16 SYSTEMPATH\rewrite.php(44): require_once('C:\\Users\\Honore\\Documents\\GitHub\\ecopanier-S4-Mme-Baovola\\public\\index.php')
DEBUG - 2026-07-12 19:50:32 --> Session: Class initialized using 'CodeIgniter\Session\Handlers\FileHandler' driver.
DEBUG - 2026-07-12 19:50:33 --> Session: Class initialized using 'CodeIgniter\Session\Handlers\FileHandler' driver.
DEBUG - 2026-07-12 19:50:33 --> Session: Class initialized using 'CodeIgniter\Session\Handlers\FileHandler' driver.
DEBUG - 2026-07-12 19:50:35 --> Session: Class initialized using 'CodeIgniter\Session\Handlers\FileHandler' driver.
WARNING - 2026-07-12 19:50:35 --> [DEPRECATED] strtotime(): Passing null to parameter #1 ($datetime) of type string is deprecated in APPPATH\Views\magasinier\produits_content.php on line 103.
 1 APPPATH\Views\magasinier\produits_content.php(103): strtotime(null)
 2 SYSTEMPATH\View\View.php(240): include('C:\\Users\\Honore\\Documents\\GitHub\\ecopanier-S4-Mme-Baovola\\app\\Views\\magasinier\\produits_content.php')
 3 SYSTEMPATH\View\View.php(243): CodeIgniter\View\View->{closure:CodeIgniter\View\View::render():237}()
 4 SYSTEMPATH\Common.php(1250): CodeIgniter\View\View->render('magasinier/produits_content', [], true)
 5 APPPATH\Views\admin\produits.php(21): view('magasinier/produits_content')
 6 SYSTEMPATH\View\View.php(240): include('C:\\Users\\Honore\\Documents\\GitHub\\ecopanier-S4-Mme-Baovola\\app\\Views\\admin\\produits.php')
 7 SYSTEMPATH\View\View.php(243): CodeIgniter\View\View->{closure:CodeIgniter\View\View::render():237}()
 8 SYSTEMPATH\Common.php(1250): CodeIgniter\View\View->render('admin/produits', [], true)
 9 APPPATH\Controllers\AdminController.php(367): view('admin/produits', [...])
10 SYSTEMPATH\CodeIgniter.php(951): App\Controllers\AdminController->produits()
11 SYSTEMPATH\CodeIgniter.php(497): CodeIgniter\CodeIgniter->runController(Object(App\Controllers\AdminController))
12 SYSTEMPATH\CodeIgniter.php(340): CodeIgniter\CodeIgniter->handleRequest(null, Object(Config\Cache), false)
13 SYSTEMPATH\Boot.php(417): CodeIgniter\CodeIgniter->run()
14 SYSTEMPATH\Boot.php(68): CodeIgniter\Boot::runCodeIgniter(Object(CodeIgniter\CodeIgniter))
15 FCPATH\index.php(59): CodeIgniter\Boot::bootWeb(Object(Config\Paths))
16 SYSTEMPATH\rewrite.php(44): require_once('C:\\Users\\Honore\\Documents\\GitHub\\ecopanier-S4-Mme-Baovola\\public\\index.php')
WARNING - 2026-07-12 19:50:35 --> [DEPRECATED] strtotime(): Passing null to parameter #1 ($datetime) of type string is deprecated in APPPATH\Views\magasinier\produits_content.php on line 103.
 1 APPPATH\Views\magasinier\produits_content.php(103): strtotime(null)
 2 SYSTEMPATH\View\View.php(240): include('C:\\Users\\Honore\\Documents\\GitHub\\ecopanier-S4-Mme-Baovola\\app\\Views\\magasinier\\produits_content.php')
 3 SYSTEMPATH\View\View.php(243): CodeIgniter\View\View->{closure:CodeIgniter\View\View::render():237}()
 4 SYSTEMPATH\Common.php(1250): CodeIgniter\View\View->render('magasinier/produits_content', [], true)
 5 APPPATH\Views\admin\produits.php(21): view('magasinier/produits_content')
 6 SYSTEMPATH\View\View.php(240): include('C:\\Users\\Honore\\Documents\\GitHub\\ecopanier-S4-Mme-Baovola\\app\\Views\\admin\\produits.php')
 7 SYSTEMPATH\View\View.php(243): CodeIgniter\View\View->{closure:CodeIgniter\View\View::render():237}()
 8 SYSTEMPATH\Common.php(1250): CodeIgniter\View\View->render('admin/produits', [], true)
 9 APPPATH\Controllers\AdminController.php(367): view('admin/produits', [...])
10 SYSTEMPATH\CodeIgniter.php(951): App\Controllers\AdminController->produits()
11 SYSTEMPATH\CodeIgniter.php(497): CodeIgniter\CodeIgniter->runController(Object(App\Controllers\AdminController))
12 SYSTEMPATH\CodeIgniter.php(340): CodeIgniter\CodeIgniter->handleRequest(null, Object(Config\Cache), false)
13 SYSTEMPATH\Boot.php(417): CodeIgniter\CodeIgniter->run()
14 SYSTEMPATH\Boot.php(68): CodeIgniter\Boot::runCodeIgniter(Object(CodeIgniter\CodeIgniter))
15 FCPATH\index.php(59): CodeIgniter\Boot::bootWeb(Object(Config\Paths))
16 SYSTEMPATH\rewrite.php(44): require_once('C:\\Users\\Honore\\Documents\\GitHub\\ecopanier-S4-Mme-Baovola\\public\\index.php')
WARNING - 2026-07-12 19:50:35 --> [DEPRECATED] strtotime(): Passing null to parameter #1 ($datetime) of type string is deprecated in APPPATH\Views\magasinier\produits_content.php on line 103.
 1 APPPATH\Views\magasinier\produits_content.php(103): strtotime(null)
 2 SYSTEMPATH\View\View.php(240): include('C:\\Users\\Honore\\Documents\\GitHub\\ecopanier-S4-Mme-Baovola\\app\\Views\\magasinier\\produits_content.php')
 3 SYSTEMPATH\View\View.php(243): CodeIgniter\View\View->{closure:CodeIgniter\View\View::render():237}()
 4 SYSTEMPATH\Common.php(1250): CodeIgniter\View\View->render('magasinier/produits_content', [], true)
 5 APPPATH\Views\admin\produits.php(21): view('magasinier/produits_content')
 6 SYSTEMPATH\View\View.php(240): include('C:\\Users\\Honore\\Documents\\GitHub\\ecopanier-S4-Mme-Baovola\\app\\Views\\admin\\produits.php')
 7 SYSTEMPATH\View\View.php(243): CodeIgniter\View\View->{closure:CodeIgniter\View\View::render():237}()
 8 SYSTEMPATH\Common.php(1250): CodeIgniter\View\View->render('admin/produits', [], true)
 9 APPPATH\Controllers\AdminController.php(367): view('admin/produits', [...])
10 SYSTEMPATH\CodeIgniter.php(951): App\Controllers\AdminController->produits()
11 SYSTEMPATH\CodeIgniter.php(497): CodeIgniter\CodeIgniter->runController(Object(App\Controllers\AdminController))
12 SYSTEMPATH\CodeIgniter.php(340): CodeIgniter\CodeIgniter->handleRequest(null, Object(Config\Cache), false)
13 SYSTEMPATH\Boot.php(417): CodeIgniter\CodeIgniter->run()
14 SYSTEMPATH\Boot.php(68): CodeIgniter\Boot::runCodeIgniter(Object(CodeIgniter\CodeIgniter))
15 FCPATH\index.php(59): CodeIgniter\Boot::bootWeb(Object(Config\Paths))
16 SYSTEMPATH\rewrite.php(44): require_once('C:\\Users\\Honore\\Documents\\GitHub\\ecopanier-S4-Mme-Baovola\\public\\index.php')
WARNING - 2026-07-12 19:50:35 --> [DEPRECATED] strtotime(): Passing null to parameter #1 ($datetime) of type string is deprecated in APPPATH\Views\magasinier\produits_content.php on line 103.
 1 APPPATH\Views\magasinier\produits_content.php(103): strtotime(null)
 2 SYSTEMPATH\View\View.php(240): include('C:\\Users\\Honore\\Documents\\GitHub\\ecopanier-S4-Mme-Baovola\\app\\Views\\magasinier\\produits_content.php')
 3 SYSTEMPATH\View\View.php(243): CodeIgniter\View\View->{closure:CodeIgniter\View\View::render():237}()
 4 SYSTEMPATH\Common.php(1250): CodeIgniter\View\View->render('magasinier/produits_content', [], true)
 5 APPPATH\Views\admin\produits.php(21): view('magasinier/produits_content')
 6 SYSTEMPATH\View\View.php(240): include('C:\\Users\\Honore\\Documents\\GitHub\\ecopanier-S4-Mme-Baovola\\app\\Views\\admin\\produits.php')
 7 SYSTEMPATH\View\View.php(243): CodeIgniter\View\View->{closure:CodeIgniter\View\View::render():237}()
 8 SYSTEMPATH\Common.php(1250): CodeIgniter\View\View->render('admin/produits', [], true)
 9 APPPATH\Controllers\AdminController.php(367): view('admin/produits', [...])
10 SYSTEMPATH\CodeIgniter.php(951): App\Controllers\AdminController->produits()
11 SYSTEMPATH\CodeIgniter.php(497): CodeIgniter\CodeIgniter->runController(Object(App\Controllers\AdminController))
12 SYSTEMPATH\CodeIgniter.php(340): CodeIgniter\CodeIgniter->handleRequest(null, Object(Config\Cache), false)
13 SYSTEMPATH\Boot.php(417): CodeIgniter\CodeIgniter->run()
14 SYSTEMPATH\Boot.php(68): CodeIgniter\Boot::runCodeIgniter(Object(CodeIgniter\CodeIgniter))
15 FCPATH\index.php(59): CodeIgniter\Boot::bootWeb(Object(Config\Paths))
16 SYSTEMPATH\rewrite.php(44): require_once('C:\\Users\\Honore\\Documents\\GitHub\\ecopanier-S4-Mme-Baovola\\public\\index.php')
WARNING - 2026-07-12 19:50:35 --> [DEPRECATED] strtotime(): Passing null to parameter #1 ($datetime) of type string is deprecated in APPPATH\Views\magasinier\produits_content.php on line 103.
 1 APPPATH\Views\magasinier\produits_content.php(103): strtotime(null)
 2 SYSTEMPATH\View\View.php(240): include('C:\\Users\\Honore\\Documents\\GitHub\\ecopanier-S4-Mme-Baovola\\app\\Views\\magasinier\\produits_content.php')
 3 SYSTEMPATH\View\View.php(243): CodeIgniter\View\View->{closure:CodeIgniter\View\View::render():237}()
 4 SYSTEMPATH\Common.php(1250): CodeIgniter\View\View->render('magasinier/produits_content', [], true)
 5 APPPATH\Views\admin\produits.php(21): view('magasinier/produits_content')
 6 SYSTEMPATH\View\View.php(240): include('C:\\Users\\Honore\\Documents\\GitHub\\ecopanier-S4-Mme-Baovola\\app\\Views\\admin\\produits.php')
 7 SYSTEMPATH\View\View.php(243): CodeIgniter\View\View->{closure:CodeIgniter\View\View::render():237}()
 8 SYSTEMPATH\Common.php(1250): CodeIgniter\View\View->render('admin/produits', [], true)
 9 APPPATH\Controllers\AdminController.php(367): view('admin/produits', [...])
10 SYSTEMPATH\CodeIgniter.php(951): App\Controllers\AdminController->produits()
11 SYSTEMPATH\CodeIgniter.php(497): CodeIgniter\CodeIgniter->runController(Object(App\Controllers\AdminController))
12 SYSTEMPATH\CodeIgniter.php(340): CodeIgniter\CodeIgniter->handleRequest(null, Object(Config\Cache), false)
13 SYSTEMPATH\Boot.php(417): CodeIgniter\CodeIgniter->run()
14 SYSTEMPATH\Boot.php(68): CodeIgniter\Boot::runCodeIgniter(Object(CodeIgniter\CodeIgniter))
15 FCPATH\index.php(59): CodeIgniter\Boot::bootWeb(Object(Config\Paths))
16 SYSTEMPATH\rewrite.php(44): require_once('C:\\Users\\Honore\\Documents\\GitHub\\ecopanier-S4-Mme-Baovola\\public\\index.php')
WARNING - 2026-07-12 19:50:35 --> [DEPRECATED] strtotime(): Passing null to parameter #1 ($datetime) of type string is deprecated in APPPATH\Views\magasinier\produits_content.php on line 103.
 1 APPPATH\Views\magasinier\produits_content.php(103): strtotime(null)
 2 SYSTEMPATH\View\View.php(240): include('C:\\Users\\Honore\\Documents\\GitHub\\ecopanier-S4-Mme-Baovola\\app\\Views\\magasinier\\produits_content.php')
 3 SYSTEMPATH\View\View.php(243): CodeIgniter\View\View->{closure:CodeIgniter\View\View::render():237}()
 4 SYSTEMPATH\Common.php(1250): CodeIgniter\View\View->render('magasinier/produits_content', [], true)
 5 APPPATH\Views\admin\produits.php(21): view('magasinier/produits_content')
 6 SYSTEMPATH\View\View.php(240): include('C:\\Users\\Honore\\Documents\\GitHub\\ecopanier-S4-Mme-Baovola\\app\\Views\\admin\\produits.php')
 7 SYSTEMPATH\View\View.php(243): CodeIgniter\View\View->{closure:CodeIgniter\View\View::render():237}()
 8 SYSTEMPATH\Common.php(1250): CodeIgniter\View\View->render('admin/produits', [], true)
 9 APPPATH\Controllers\AdminController.php(367): view('admin/produits', [...])
10 SYSTEMPATH\CodeIgniter.php(951): App\Controllers\AdminController->produits()
11 SYSTEMPATH\CodeIgniter.php(497): CodeIgniter\CodeIgniter->runController(Object(App\Controllers\AdminController))
12 SYSTEMPATH\CodeIgniter.php(340): CodeIgniter\CodeIgniter->handleRequest(null, Object(Config\Cache), false)
13 SYSTEMPATH\Boot.php(417): CodeIgniter\CodeIgniter->run()
14 SYSTEMPATH\Boot.php(68): CodeIgniter\Boot::runCodeIgniter(Object(CodeIgniter\CodeIgniter))
15 FCPATH\index.php(59): CodeIgniter\Boot::bootWeb(Object(Config\Paths))
16 SYSTEMPATH\rewrite.php(44): require_once('C:\\Users\\Honore\\Documents\\GitHub\\ecopanier-S4-Mme-Baovola\\public\\index.php')
WARNING - 2026-07-12 19:50:35 --> [DEPRECATED] strtotime(): Passing null to parameter #1 ($datetime) of type string is deprecated in APPPATH\Views\magasinier\produits_content.php on line 103.
 1 APPPATH\Views\magasinier\produits_content.php(103): strtotime(null)
 2 SYSTEMPATH\View\View.php(240): include('C:\\Users\\Honore\\Documents\\GitHub\\ecopanier-S4-Mme-Baovola\\app\\Views\\magasinier\\produits_content.php')
 3 SYSTEMPATH\View\View.php(243): CodeIgniter\View\View->{closure:CodeIgniter\View\View::render():237}()
 4 SYSTEMPATH\Common.php(1250): CodeIgniter\View\View->render('magasinier/produits_content', [], true)
 5 APPPATH\Views\admin\produits.php(21): view('magasinier/produits_content')
 6 SYSTEMPATH\View\View.php(240): include('C:\\Users\\Honore\\Documents\\GitHub\\ecopanier-S4-Mme-Baovola\\app\\Views\\admin\\produits.php')
 7 SYSTEMPATH\View\View.php(243): CodeIgniter\View\View->{closure:CodeIgniter\View\View::render():237}()
 8 SYSTEMPATH\Common.php(1250): CodeIgniter\View\View->render('admin/produits', [], true)
 9 APPPATH\Controllers\AdminController.php(367): view('admin/produits', [...])
10 SYSTEMPATH\CodeIgniter.php(951): App\Controllers\AdminController->produits()
11 SYSTEMPATH\CodeIgniter.php(497): CodeIgniter\CodeIgniter->runController(Object(App\Controllers\AdminController))
12 SYSTEMPATH\CodeIgniter.php(340): CodeIgniter\CodeIgniter->handleRequest(null, Object(Config\Cache), false)
13 SYSTEMPATH\Boot.php(417): CodeIgniter\CodeIgniter->run()
14 SYSTEMPATH\Boot.php(68): CodeIgniter\Boot::runCodeIgniter(Object(CodeIgniter\CodeIgniter))
15 FCPATH\index.php(59): CodeIgniter\Boot::bootWeb(Object(Config\Paths))
16 SYSTEMPATH\rewrite.php(44): require_once('C:\\Users\\Honore\\Documents\\GitHub\\ecopanier-S4-Mme-Baovola\\public\\index.php')
WARNING - 2026-07-12 19:50:35 --> [DEPRECATED] strtotime(): Passing null to parameter #1 ($datetime) of type string is deprecated in APPPATH\Views\magasinier\produits_content.php on line 103.
 1 APPPATH\Views\magasinier\produits_content.php(103): strtotime(null)
 2 SYSTEMPATH\View\View.php(240): include('C:\\Users\\Honore\\Documents\\GitHub\\ecopanier-S4-Mme-Baovola\\app\\Views\\magasinier\\produits_content.php')
 3 SYSTEMPATH\View\View.php(243): CodeIgniter\View\View->{closure:CodeIgniter\View\View::render():237}()
 4 SYSTEMPATH\Common.php(1250): CodeIgniter\View\View->render('magasinier/produits_content', [], true)
 5 APPPATH\Views\admin\produits.php(21): view('magasinier/produits_content')
 6 SYSTEMPATH\View\View.php(240): include('C:\\Users\\Honore\\Documents\\GitHub\\ecopanier-S4-Mme-Baovola\\app\\Views\\admin\\produits.php')
 7 SYSTEMPATH\View\View.php(243): CodeIgniter\View\View->{closure:CodeIgniter\View\View::render():237}()
 8 SYSTEMPATH\Common.php(1250): CodeIgniter\View\View->render('admin/produits', [], true)
 9 APPPATH\Controllers\AdminController.php(367): view('admin/produits', [...])
10 SYSTEMPATH\CodeIgniter.php(951): App\Controllers\AdminController->produits()
11 SYSTEMPATH\CodeIgniter.php(497): CodeIgniter\CodeIgniter->runController(Object(App\Controllers\AdminController))
12 SYSTEMPATH\CodeIgniter.php(340): CodeIgniter\CodeIgniter->handleRequest(null, Object(Config\Cache), false)
13 SYSTEMPATH\Boot.php(417): CodeIgniter\CodeIgniter->run()
14 SYSTEMPATH\Boot.php(68): CodeIgniter\Boot::runCodeIgniter(Object(CodeIgniter\CodeIgniter))
15 FCPATH\index.php(59): CodeIgniter\Boot::bootWeb(Object(Config\Paths))
16 SYSTEMPATH\rewrite.php(44): require_once('C:\\Users\\Honore\\Documents\\GitHub\\ecopanier-S4-Mme-Baovola\\public\\index.php')
DEBUG - 2026-07-12 19:50:35 --> Session: Class initialized using 'CodeIgniter\Session\Handlers\FileHandler' driver.
WARNING - 2026-07-12 19:50:35 --> [DEPRECATED] strtotime(): Passing null to parameter #1 ($datetime) of type string is deprecated in APPPATH\Views\magasinier\categories_content.php on line 120.
 1 APPPATH\Views\magasinier\categories_content.php(120): strtotime(null)
 2 SYSTEMPATH\View\View.php(240): include('C:\\Users\\Honore\\Documents\\GitHub\\ecopanier-S4-Mme-Baovola\\app\\Views\\magasinier\\categories_content.php')
 3 SYSTEMPATH\View\View.php(243): CodeIgniter\View\View->{closure:CodeIgniter\View\View::render():237}()
 4 SYSTEMPATH\Common.php(1250): CodeIgniter\View\View->render('magasinier/categories_content', [], true)
 5 APPPATH\Views\admin\categories.php(21): view('magasinier/categories_content')
 6 SYSTEMPATH\View\View.php(240): include('C:\\Users\\Honore\\Documents\\GitHub\\ecopanier-S4-Mme-Baovola\\app\\Views\\admin\\categories.php')
 7 SYSTEMPATH\View\View.php(243): CodeIgniter\View\View->{closure:CodeIgniter\View\View::render():237}()
 8 SYSTEMPATH\Common.php(1250): CodeIgniter\View\View->render('admin/categories', [], true)
 9 APPPATH\Controllers\AdminController.php(335): view('admin/categories', [...])
10 SYSTEMPATH\CodeIgniter.php(951): App\Controllers\AdminController->categories()
11 SYSTEMPATH\CodeIgniter.php(497): CodeIgniter\CodeIgniter->runController(Object(App\Controllers\AdminController))
12 SYSTEMPATH\CodeIgniter.php(340): CodeIgniter\CodeIgniter->handleRequest(null, Object(Config\Cache), false)
13 SYSTEMPATH\Boot.php(417): CodeIgniter\CodeIgniter->run()
14 SYSTEMPATH\Boot.php(68): CodeIgniter\Boot::runCodeIgniter(Object(CodeIgniter\CodeIgniter))
15 FCPATH\index.php(59): CodeIgniter\Boot::bootWeb(Object(Config\Paths))
16 SYSTEMPATH\rewrite.php(44): require_once('C:\\Users\\Honore\\Documents\\GitHub\\ecopanier-S4-Mme-Baovola\\public\\index.php')
WARNING - 2026-07-12 19:50:35 --> [DEPRECATED] strtotime(): Passing null to parameter #1 ($datetime) of type string is deprecated in APPPATH\Views\magasinier\categories_content.php on line 120.
 1 APPPATH\Views\magasinier\categories_content.php(120): strtotime(null)
 2 SYSTEMPATH\View\View.php(240): include('C:\\Users\\Honore\\Documents\\GitHub\\ecopanier-S4-Mme-Baovola\\app\\Views\\magasinier\\categories_content.php')
 3 SYSTEMPATH\View\View.php(243): CodeIgniter\View\View->{closure:CodeIgniter\View\View::render():237}()
 4 SYSTEMPATH\Common.php(1250): CodeIgniter\View\View->render('magasinier/categories_content', [], true)
 5 APPPATH\Views\admin\categories.php(21): view('magasinier/categories_content')
 6 SYSTEMPATH\View\View.php(240): include('C:\\Users\\Honore\\Documents\\GitHub\\ecopanier-S4-Mme-Baovola\\app\\Views\\admin\\categories.php')
 7 SYSTEMPATH\View\View.php(243): CodeIgniter\View\View->{closure:CodeIgniter\View\View::render():237}()
 8 SYSTEMPATH\Common.php(1250): CodeIgniter\View\View->render('admin/categories', [], true)
 9 APPPATH\Controllers\AdminController.php(335): view('admin/categories', [...])
10 SYSTEMPATH\CodeIgniter.php(951): App\Controllers\AdminController->categories()
11 SYSTEMPATH\CodeIgniter.php(497): CodeIgniter\CodeIgniter->runController(Object(App\Controllers\AdminController))
12 SYSTEMPATH\CodeIgniter.php(340): CodeIgniter\CodeIgniter->handleRequest(null, Object(Config\Cache), false)
13 SYSTEMPATH\Boot.php(417): CodeIgniter\CodeIgniter->run()
14 SYSTEMPATH\Boot.php(68): CodeIgniter\Boot::runCodeIgniter(Object(CodeIgniter\CodeIgniter))
15 FCPATH\index.php(59): CodeIgniter\Boot::bootWeb(Object(Config\Paths))
16 SYSTEMPATH\rewrite.php(44): require_once('C:\\Users\\Honore\\Documents\\GitHub\\ecopanier-S4-Mme-Baovola\\public\\index.php')
WARNING - 2026-07-12 19:50:35 --> [DEPRECATED] strtotime(): Passing null to parameter #1 ($datetime) of type string is deprecated in APPPATH\Views\magasinier\categories_content.php on line 120.
 1 APPPATH\Views\magasinier\categories_content.php(120): strtotime(null)
 2 SYSTEMPATH\View\View.php(240): include('C:\\Users\\Honore\\Documents\\GitHub\\ecopanier-S4-Mme-Baovola\\app\\Views\\magasinier\\categories_content.php')
 3 SYSTEMPATH\View\View.php(243): CodeIgniter\View\View->{closure:CodeIgniter\View\View::render():237}()
 4 SYSTEMPATH\Common.php(1250): CodeIgniter\View\View->render('magasinier/categories_content', [], true)
 5 APPPATH\Views\admin\categories.php(21): view('magasinier/categories_content')
 6 SYSTEMPATH\View\View.php(240): include('C:\\Users\\Honore\\Documents\\GitHub\\ecopanier-S4-Mme-Baovola\\app\\Views\\admin\\categories.php')
 7 SYSTEMPATH\View\View.php(243): CodeIgniter\View\View->{closure:CodeIgniter\View\View::render():237}()
 8 SYSTEMPATH\Common.php(1250): CodeIgniter\View\View->render('admin/categories', [], true)
 9 APPPATH\Controllers\AdminController.php(335): view('admin/categories', [...])
10 SYSTEMPATH\CodeIgniter.php(951): App\Controllers\AdminController->categories()
11 SYSTEMPATH\CodeIgniter.php(497): CodeIgniter\CodeIgniter->runController(Object(App\Controllers\AdminController))
12 SYSTEMPATH\CodeIgniter.php(340): CodeIgniter\CodeIgniter->handleRequest(null, Object(Config\Cache), false)
13 SYSTEMPATH\Boot.php(417): CodeIgniter\CodeIgniter->run()
14 SYSTEMPATH\Boot.php(68): CodeIgniter\Boot::runCodeIgniter(Object(CodeIgniter\CodeIgniter))
15 FCPATH\index.php(59): CodeIgniter\Boot::bootWeb(Object(Config\Paths))
16 SYSTEMPATH\rewrite.php(44): require_once('C:\\Users\\Honore\\Documents\\GitHub\\ecopanier-S4-Mme-Baovola\\public\\index.php')
WARNING - 2026-07-12 19:50:35 --> [DEPRECATED] strtotime(): Passing null to parameter #1 ($datetime) of type string is deprecated in APPPATH\Views\magasinier\categories_content.php on line 120.
 1 APPPATH\Views\magasinier\categories_content.php(120): strtotime(null)
 2 SYSTEMPATH\View\View.php(240): include('C:\\Users\\Honore\\Documents\\GitHub\\ecopanier-S4-Mme-Baovola\\app\\Views\\magasinier\\categories_content.php')
 3 SYSTEMPATH\View\View.php(243): CodeIgniter\View\View->{closure:CodeIgniter\View\View::render():237}()
 4 SYSTEMPATH\Common.php(1250): CodeIgniter\View\View->render('magasinier/categories_content', [], true)
 5 APPPATH\Views\admin\categories.php(21): view('magasinier/categories_content')
 6 SYSTEMPATH\View\View.php(240): include('C:\\Users\\Honore\\Documents\\GitHub\\ecopanier-S4-Mme-Baovola\\app\\Views\\admin\\categories.php')
 7 SYSTEMPATH\View\View.php(243): CodeIgniter\View\View->{closure:CodeIgniter\View\View::render():237}()
 8 SYSTEMPATH\Common.php(1250): CodeIgniter\View\View->render('admin/categories', [], true)
 9 APPPATH\Controllers\AdminController.php(335): view('admin/categories', [...])
10 SYSTEMPATH\CodeIgniter.php(951): App\Controllers\AdminController->categories()
11 SYSTEMPATH\CodeIgniter.php(497): CodeIgniter\CodeIgniter->runController(Object(App\Controllers\AdminController))
12 SYSTEMPATH\CodeIgniter.php(340): CodeIgniter\CodeIgniter->handleRequest(null, Object(Config\Cache), false)
13 SYSTEMPATH\Boot.php(417): CodeIgniter\CodeIgniter->run()
14 SYSTEMPATH\Boot.php(68): CodeIgniter\Boot::runCodeIgniter(Object(CodeIgniter\CodeIgniter))
15 FCPATH\index.php(59): CodeIgniter\Boot::bootWeb(Object(Config\Paths))
16 SYSTEMPATH\rewrite.php(44): require_once('C:\\Users\\Honore\\Documents\\GitHub\\ecopanier-S4-Mme-Baovola\\public\\index.php')
DEBUG - 2026-07-12 19:50:36 --> Session: Class initialized using 'CodeIgniter\Session\Handlers\FileHandler' driver.
DEBUG - 2026-07-12 19:50:37 --> Session: Class initialized using 'CodeIgniter\Session\Handlers\FileHandler' driver.
DEBUG - 2026-07-12 19:50:37 --> Session: Class initialized using 'CodeIgniter\Session\Handlers\FileHandler' driver.
WARNING - 2026-07-12 19:50:37 --> [DEPRECATED] strtotime(): Passing null to parameter #1 ($datetime) of type string is deprecated in APPPATH\Views\magasinier\produits_content.php on line 103.
 1 APPPATH\Views\magasinier\produits_content.php(103): strtotime(null)
 2 SYSTEMPATH\View\View.php(240): include('C:\\Users\\Honore\\Documents\\GitHub\\ecopanier-S4-Mme-Baovola\\app\\Views\\magasinier\\produits_content.php')
 3 SYSTEMPATH\View\View.php(243): CodeIgniter\View\View->{closure:CodeIgniter\View\View::render():237}()
 4 SYSTEMPATH\Common.php(1250): CodeIgniter\View\View->render('magasinier/produits_content', [], true)
 5 APPPATH\Views\admin\produits.php(21): view('magasinier/produits_content')
 6 SYSTEMPATH\View\View.php(240): include('C:\\Users\\Honore\\Documents\\GitHub\\ecopanier-S4-Mme-Baovola\\app\\Views\\admin\\produits.php')
 7 SYSTEMPATH\View\View.php(243): CodeIgniter\View\View->{closure:CodeIgniter\View\View::render():237}()
 8 SYSTEMPATH\Common.php(1250): CodeIgniter\View\View->render('admin/produits', [], true)
 9 APPPATH\Controllers\AdminController.php(367): view('admin/produits', [...])
10 SYSTEMPATH\CodeIgniter.php(951): App\Controllers\AdminController->produits()
11 SYSTEMPATH\CodeIgniter.php(497): CodeIgniter\CodeIgniter->runController(Object(App\Controllers\AdminController))
12 SYSTEMPATH\CodeIgniter.php(340): CodeIgniter\CodeIgniter->handleRequest(null, Object(Config\Cache), false)
13 SYSTEMPATH\Boot.php(417): CodeIgniter\CodeIgniter->run()
14 SYSTEMPATH\Boot.php(68): CodeIgniter\Boot::runCodeIgniter(Object(CodeIgniter\CodeIgniter))
15 FCPATH\index.php(59): CodeIgniter\Boot::bootWeb(Object(Config\Paths))
16 SYSTEMPATH\rewrite.php(44): require_once('C:\\Users\\Honore\\Documents\\GitHub\\ecopanier-S4-Mme-Baovola\\public\\index.php')
WARNING - 2026-07-12 19:50:37 --> [DEPRECATED] strtotime(): Passing null to parameter #1 ($datetime) of type string is deprecated in APPPATH\Views\magasinier\produits_content.php on line 103.
 1 APPPATH\Views\magasinier\produits_content.php(103): strtotime(null)
 2 SYSTEMPATH\View\View.php(240): include('C:\\Users\\Honore\\Documents\\GitHub\\ecopanier-S4-Mme-Baovola\\app\\Views\\magasinier\\produits_content.php')
 3 SYSTEMPATH\View\View.php(243): CodeIgniter\View\View->{closure:CodeIgniter\View\View::render():237}()
 4 SYSTEMPATH\Common.php(1250): CodeIgniter\View\View->render('magasinier/produits_content', [], true)
 5 APPPATH\Views\admin\produits.php(21): view('magasinier/produits_content')
 6 SYSTEMPATH\View\View.php(240): include('C:\\Users\\Honore\\Documents\\GitHub\\ecopanier-S4-Mme-Baovola\\app\\Views\\admin\\produits.php')
 7 SYSTEMPATH\View\View.php(243): CodeIgniter\View\View->{closure:CodeIgniter\View\View::render():237}()
 8 SYSTEMPATH\Common.php(1250): CodeIgniter\View\View->render('admin/produits', [], true)
 9 APPPATH\Controllers\AdminController.php(367): view('admin/produits', [...])
10 SYSTEMPATH\CodeIgniter.php(951): App\Controllers\AdminController->produits()
11 SYSTEMPATH\CodeIgniter.php(497): CodeIgniter\CodeIgniter->runController(Object(App\Controllers\AdminController))
12 SYSTEMPATH\CodeIgniter.php(340): CodeIgniter\CodeIgniter->handleRequest(null, Object(Config\Cache), false)
13 SYSTEMPATH\Boot.php(417): CodeIgniter\CodeIgniter->run()
14 SYSTEMPATH\Boot.php(68): CodeIgniter\Boot::runCodeIgniter(Object(CodeIgniter\CodeIgniter))
15 FCPATH\index.php(59): CodeIgniter\Boot::bootWeb(Object(Config\Paths))
16 SYSTEMPATH\rewrite.php(44): require_once('C:\\Users\\Honore\\Documents\\GitHub\\ecopanier-S4-Mme-Baovola\\public\\index.php')
WARNING - 2026-07-12 19:50:37 --> [DEPRECATED] strtotime(): Passing null to parameter #1 ($datetime) of type string is deprecated in APPPATH\Views\magasinier\produits_content.php on line 103.
 1 APPPATH\Views\magasinier\produits_content.php(103): strtotime(null)
 2 SYSTEMPATH\View\View.php(240): include('C:\\Users\\Honore\\Documents\\GitHub\\ecopanier-S4-Mme-Baovola\\app\\Views\\magasinier\\produits_content.php')
 3 SYSTEMPATH\View\View.php(243): CodeIgniter\View\View->{closure:CodeIgniter\View\View::render():237}()
 4 SYSTEMPATH\Common.php(1250): CodeIgniter\View\View->render('magasinier/produits_content', [], true)
 5 APPPATH\Views\admin\produits.php(21): view('magasinier/produits_content')
 6 SYSTEMPATH\View\View.php(240): include('C:\\Users\\Honore\\Documents\\GitHub\\ecopanier-S4-Mme-Baovola\\app\\Views\\admin\\produits.php')
 7 SYSTEMPATH\View\View.php(243): CodeIgniter\View\View->{closure:CodeIgniter\View\View::render():237}()
 8 SYSTEMPATH\Common.php(1250): CodeIgniter\View\View->render('admin/produits', [], true)
 9 APPPATH\Controllers\AdminController.php(367): view('admin/produits', [...])
10 SYSTEMPATH\CodeIgniter.php(951): App\Controllers\AdminController->produits()
11 SYSTEMPATH\CodeIgniter.php(497): CodeIgniter\CodeIgniter->runController(Object(App\Controllers\AdminController))
12 SYSTEMPATH\CodeIgniter.php(340): CodeIgniter\CodeIgniter->handleRequest(null, Object(Config\Cache), false)
13 SYSTEMPATH\Boot.php(417): CodeIgniter\CodeIgniter->run()
14 SYSTEMPATH\Boot.php(68): CodeIgniter\Boot::runCodeIgniter(Object(CodeIgniter\CodeIgniter))
15 FCPATH\index.php(59): CodeIgniter\Boot::bootWeb(Object(Config\Paths))
16 SYSTEMPATH\rewrite.php(44): require_once('C:\\Users\\Honore\\Documents\\GitHub\\ecopanier-S4-Mme-Baovola\\public\\index.php')
WARNING - 2026-07-12 19:50:37 --> [DEPRECATED] strtotime(): Passing null to parameter #1 ($datetime) of type string is deprecated in APPPATH\Views\magasinier\produits_content.php on line 103.
 1 APPPATH\Views\magasinier\produits_content.php(103): strtotime(null)
 2 SYSTEMPATH\View\View.php(240): include('C:\\Users\\Honore\\Documents\\GitHub\\ecopanier-S4-Mme-Baovola\\app\\Views\\magasinier\\produits_content.php')
 3 SYSTEMPATH\View\View.php(243): CodeIgniter\View\View->{closure:CodeIgniter\View\View::render():237}()
 4 SYSTEMPATH\Common.php(1250): CodeIgniter\View\View->render('magasinier/produits_content', [], true)
 5 APPPATH\Views\admin\produits.php(21): view('magasinier/produits_content')
 6 SYSTEMPATH\View\View.php(240): include('C:\\Users\\Honore\\Documents\\GitHub\\ecopanier-S4-Mme-Baovola\\app\\Views\\admin\\produits.php')
 7 SYSTEMPATH\View\View.php(243): CodeIgniter\View\View->{closure:CodeIgniter\View\View::render():237}()
 8 SYSTEMPATH\Common.php(1250): CodeIgniter\View\View->render('admin/produits', [], true)
 9 APPPATH\Controllers\AdminController.php(367): view('admin/produits', [...])
10 SYSTEMPATH\CodeIgniter.php(951): App\Controllers\AdminController->produits()
11 SYSTEMPATH\CodeIgniter.php(497): CodeIgniter\CodeIgniter->runController(Object(App\Controllers\AdminController))
12 SYSTEMPATH\CodeIgniter.php(340): CodeIgniter\CodeIgniter->handleRequest(null, Object(Config\Cache), false)
13 SYSTEMPATH\Boot.php(417): CodeIgniter\CodeIgniter->run()
14 SYSTEMPATH\Boot.php(68): CodeIgniter\Boot::runCodeIgniter(Object(CodeIgniter\CodeIgniter))
15 FCPATH\index.php(59): CodeIgniter\Boot::bootWeb(Object(Config\Paths))
16 SYSTEMPATH\rewrite.php(44): require_once('C:\\Users\\Honore\\Documents\\GitHub\\ecopanier-S4-Mme-Baovola\\public\\index.php')
WARNING - 2026-07-12 19:50:37 --> [DEPRECATED] strtotime(): Passing null to parameter #1 ($datetime) of type string is deprecated in APPPATH\Views\magasinier\produits_content.php on line 103.
 1 APPPATH\Views\magasinier\produits_content.php(103): strtotime(null)
 2 SYSTEMPATH\View\View.php(240): include('C:\\Users\\Honore\\Documents\\GitHub\\ecopanier-S4-Mme-Baovola\\app\\Views\\magasinier\\produits_content.php')
 3 SYSTEMPATH\View\View.php(243): CodeIgniter\View\View->{closure:CodeIgniter\View\View::render():237}()
 4 SYSTEMPATH\Common.php(1250): CodeIgniter\View\View->render('magasinier/produits_content', [], true)
 5 APPPATH\Views\admin\produits.php(21): view('magasinier/produits_content')
 6 SYSTEMPATH\View\View.php(240): include('C:\\Users\\Honore\\Documents\\GitHub\\ecopanier-S4-Mme-Baovola\\app\\Views\\admin\\produits.php')
 7 SYSTEMPATH\View\View.php(243): CodeIgniter\View\View->{closure:CodeIgniter\View\View::render():237}()
 8 SYSTEMPATH\Common.php(1250): CodeIgniter\View\View->render('admin/produits', [], true)
 9 APPPATH\Controllers\AdminController.php(367): view('admin/produits', [...])
10 SYSTEMPATH\CodeIgniter.php(951): App\Controllers\AdminController->produits()
11 SYSTEMPATH\CodeIgniter.php(497): CodeIgniter\CodeIgniter->runController(Object(App\Controllers\AdminController))
12 SYSTEMPATH\CodeIgniter.php(340): CodeIgniter\CodeIgniter->handleRequest(null, Object(Config\Cache), false)
13 SYSTEMPATH\Boot.php(417): CodeIgniter\CodeIgniter->run()
14 SYSTEMPATH\Boot.php(68): CodeIgniter\Boot::runCodeIgniter(Object(CodeIgniter\CodeIgniter))
15 FCPATH\index.php(59): CodeIgniter\Boot::bootWeb(Object(Config\Paths))
16 SYSTEMPATH\rewrite.php(44): require_once('C:\\Users\\Honore\\Documents\\GitHub\\ecopanier-S4-Mme-Baovola\\public\\index.php')
WARNING - 2026-07-12 19:50:37 --> [DEPRECATED] strtotime(): Passing null to parameter #1 ($datetime) of type string is deprecated in APPPATH\Views\magasinier\produits_content.php on line 103.
 1 APPPATH\Views\magasinier\produits_content.php(103): strtotime(null)
 2 SYSTEMPATH\View\View.php(240): include('C:\\Users\\Honore\\Documents\\GitHub\\ecopanier-S4-Mme-Baovola\\app\\Views\\magasinier\\produits_content.php')
 3 SYSTEMPATH\View\View.php(243): CodeIgniter\View\View->{closure:CodeIgniter\View\View::render():237}()
 4 SYSTEMPATH\Common.php(1250): CodeIgniter\View\View->render('magasinier/produits_content', [], true)
 5 APPPATH\Views\admin\produits.php(21): view('magasinier/produits_content')
 6 SYSTEMPATH\View\View.php(240): include('C:\\Users\\Honore\\Documents\\GitHub\\ecopanier-S4-Mme-Baovola\\app\\Views\\admin\\produits.php')
 7 SYSTEMPATH\View\View.php(243): CodeIgniter\View\View->{closure:CodeIgniter\View\View::render():237}()
 8 SYSTEMPATH\Common.php(1250): CodeIgniter\View\View->render('admin/produits', [], true)
 9 APPPATH\Controllers\AdminController.php(367): view('admin/produits', [...])
10 SYSTEMPATH\CodeIgniter.php(951): App\Controllers\AdminController->produits()
11 SYSTEMPATH\CodeIgniter.php(497): CodeIgniter\CodeIgniter->runController(Object(App\Controllers\AdminController))
12 SYSTEMPATH\CodeIgniter.php(340): CodeIgniter\CodeIgniter->handleRequest(null, Object(Config\Cache), false)
13 SYSTEMPATH\Boot.php(417): CodeIgniter\CodeIgniter->run()
14 SYSTEMPATH\Boot.php(68): CodeIgniter\Boot::runCodeIgniter(Object(CodeIgniter\CodeIgniter))
15 FCPATH\index.php(59): CodeIgniter\Boot::bootWeb(Object(Config\Paths))
16 SYSTEMPATH\rewrite.php(44): require_once('C:\\Users\\Honore\\Documents\\GitHub\\ecopanier-S4-Mme-Baovola\\public\\index.php')
WARNING - 2026-07-12 19:50:37 --> [DEPRECATED] strtotime(): Passing null to parameter #1 ($datetime) of type string is deprecated in APPPATH\Views\magasinier\produits_content.php on line 103.
 1 APPPATH\Views\magasinier\produits_content.php(103): strtotime(null)
 2 SYSTEMPATH\View\View.php(240): include('C:\\Users\\Honore\\Documents\\GitHub\\ecopanier-S4-Mme-Baovola\\app\\Views\\magasinier\\produits_content.php')
 3 SYSTEMPATH\View\View.php(243): CodeIgniter\View\View->{closure:CodeIgniter\View\View::render():237}()
 4 SYSTEMPATH\Common.php(1250): CodeIgniter\View\View->render('magasinier/produits_content', [], true)
 5 APPPATH\Views\admin\produits.php(21): view('magasinier/produits_content')
 6 SYSTEMPATH\View\View.php(240): include('C:\\Users\\Honore\\Documents\\GitHub\\ecopanier-S4-Mme-Baovola\\app\\Views\\admin\\produits.php')
 7 SYSTEMPATH\View\View.php(243): CodeIgniter\View\View->{closure:CodeIgniter\View\View::render():237}()
 8 SYSTEMPATH\Common.php(1250): CodeIgniter\View\View->render('admin/produits', [], true)
 9 APPPATH\Controllers\AdminController.php(367): view('admin/produits', [...])
10 SYSTEMPATH\CodeIgniter.php(951): App\Controllers\AdminController->produits()
11 SYSTEMPATH\CodeIgniter.php(497): CodeIgniter\CodeIgniter->runController(Object(App\Controllers\AdminController))
12 SYSTEMPATH\CodeIgniter.php(340): CodeIgniter\CodeIgniter->handleRequest(null, Object(Config\Cache), false)
13 SYSTEMPATH\Boot.php(417): CodeIgniter\CodeIgniter->run()
14 SYSTEMPATH\Boot.php(68): CodeIgniter\Boot::runCodeIgniter(Object(CodeIgniter\CodeIgniter))
15 FCPATH\index.php(59): CodeIgniter\Boot::bootWeb(Object(Config\Paths))
16 SYSTEMPATH\rewrite.php(44): require_once('C:\\Users\\Honore\\Documents\\GitHub\\ecopanier-S4-Mme-Baovola\\public\\index.php')
WARNING - 2026-07-12 19:50:37 --> [DEPRECATED] strtotime(): Passing null to parameter #1 ($datetime) of type string is deprecated in APPPATH\Views\magasinier\produits_content.php on line 103.
 1 APPPATH\Views\magasinier\produits_content.php(103): strtotime(null)
 2 SYSTEMPATH\View\View.php(240): include('C:\\Users\\Honore\\Documents\\GitHub\\ecopanier-S4-Mme-Baovola\\app\\Views\\magasinier\\produits_content.php')
 3 SYSTEMPATH\View\View.php(243): CodeIgniter\View\View->{closure:CodeIgniter\View\View::render():237}()
 4 SYSTEMPATH\Common.php(1250): CodeIgniter\View\View->render('magasinier/produits_content', [], true)
 5 APPPATH\Views\admin\produits.php(21): view('magasinier/produits_content')
 6 SYSTEMPATH\View\View.php(240): include('C:\\Users\\Honore\\Documents\\GitHub\\ecopanier-S4-Mme-Baovola\\app\\Views\\admin\\produits.php')
 7 SYSTEMPATH\View\View.php(243): CodeIgniter\View\View->{closure:CodeIgniter\View\View::render():237}()
 8 SYSTEMPATH\Common.php(1250): CodeIgniter\View\View->render('admin/produits', [], true)
 9 APPPATH\Controllers\AdminController.php(367): view('admin/produits', [...])
10 SYSTEMPATH\CodeIgniter.php(951): App\Controllers\AdminController->produits()
11 SYSTEMPATH\CodeIgniter.php(497): CodeIgniter\CodeIgniter->runController(Object(App\Controllers\AdminController))
12 SYSTEMPATH\CodeIgniter.php(340): CodeIgniter\CodeIgniter->handleRequest(null, Object(Config\Cache), false)
13 SYSTEMPATH\Boot.php(417): CodeIgniter\CodeIgniter->run()
14 SYSTEMPATH\Boot.php(68): CodeIgniter\Boot::runCodeIgniter(Object(CodeIgniter\CodeIgniter))
15 FCPATH\index.php(59): CodeIgniter\Boot::bootWeb(Object(Config\Paths))
16 SYSTEMPATH\rewrite.php(44): require_once('C:\\Users\\Honore\\Documents\\GitHub\\ecopanier-S4-Mme-Baovola\\public\\index.php')
DEBUG - 2026-07-12 19:50:38 --> Session: Class initialized using 'CodeIgniter\Session\Handlers\FileHandler' driver.
DEBUG - 2026-07-12 19:50:38 --> Session: Class initialized using 'CodeIgniter\Session\Handlers\FileHandler' driver.
WARNING - 2026-07-12 19:50:38 --> [DEPRECATED] strtotime(): Passing null to parameter #1 ($datetime) of type string is deprecated in APPPATH\Views\magasinier\produits_content.php on line 103.
 1 APPPATH\Views\magasinier\produits_content.php(103): strtotime(null)
 2 SYSTEMPATH\View\View.php(240): include('C:\\Users\\Honore\\Documents\\GitHub\\ecopanier-S4-Mme-Baovola\\app\\Views\\magasinier\\produits_content.php')
 3 SYSTEMPATH\View\View.php(243): CodeIgniter\View\View->{closure:CodeIgniter\View\View::render():237}()
 4 SYSTEMPATH\Common.php(1250): CodeIgniter\View\View->render('magasinier/produits_content', [], true)
 5 APPPATH\Views\admin\produits.php(21): view('magasinier/produits_content')
 6 SYSTEMPATH\View\View.php(240): include('C:\\Users\\Honore\\Documents\\GitHub\\ecopanier-S4-Mme-Baovola\\app\\Views\\admin\\produits.php')
 7 SYSTEMPATH\View\View.php(243): CodeIgniter\View\View->{closure:CodeIgniter\View\View::render():237}()
 8 SYSTEMPATH\Common.php(1250): CodeIgniter\View\View->render('admin/produits', [], true)
 9 APPPATH\Controllers\AdminController.php(367): view('admin/produits', [...])
10 SYSTEMPATH\CodeIgniter.php(951): App\Controllers\AdminController->produits()
11 SYSTEMPATH\CodeIgniter.php(497): CodeIgniter\CodeIgniter->runController(Object(App\Controllers\AdminController))
12 SYSTEMPATH\CodeIgniter.php(340): CodeIgniter\CodeIgniter->handleRequest(null, Object(Config\Cache), false)
13 SYSTEMPATH\Boot.php(417): CodeIgniter\CodeIgniter->run()
14 SYSTEMPATH\Boot.php(68): CodeIgniter\Boot::runCodeIgniter(Object(CodeIgniter\CodeIgniter))
15 FCPATH\index.php(59): CodeIgniter\Boot::bootWeb(Object(Config\Paths))
16 SYSTEMPATH\rewrite.php(44): require_once('C:\\Users\\Honore\\Documents\\GitHub\\ecopanier-S4-Mme-Baovola\\public\\index.php')
WARNING - 2026-07-12 19:50:38 --> [DEPRECATED] strtotime(): Passing null to parameter #1 ($datetime) of type string is deprecated in APPPATH\Views\magasinier\produits_content.php on line 103.
 1 APPPATH\Views\magasinier\produits_content.php(103): strtotime(null)
 2 SYSTEMPATH\View\View.php(240): include('C:\\Users\\Honore\\Documents\\GitHub\\ecopanier-S4-Mme-Baovola\\app\\Views\\magasinier\\produits_content.php')
 3 SYSTEMPATH\View\View.php(243): CodeIgniter\View\View->{closure:CodeIgniter\View\View::render():237}()
 4 SYSTEMPATH\Common.php(1250): CodeIgniter\View\View->render('magasinier/produits_content', [], true)
 5 APPPATH\Views\admin\produits.php(21): view('magasinier/produits_content')
 6 SYSTEMPATH\View\View.php(240): include('C:\\Users\\Honore\\Documents\\GitHub\\ecopanier-S4-Mme-Baovola\\app\\Views\\admin\\produits.php')
 7 SYSTEMPATH\View\View.php(243): CodeIgniter\View\View->{closure:CodeIgniter\View\View::render():237}()
 8 SYSTEMPATH\Common.php(1250): CodeIgniter\View\View->render('admin/produits', [], true)
 9 APPPATH\Controllers\AdminController.php(367): view('admin/produits', [...])
10 SYSTEMPATH\CodeIgniter.php(951): App\Controllers\AdminController->produits()
11 SYSTEMPATH\CodeIgniter.php(497): CodeIgniter\CodeIgniter->runController(Object(App\Controllers\AdminController))
12 SYSTEMPATH\CodeIgniter.php(340): CodeIgniter\CodeIgniter->handleRequest(null, Object(Config\Cache), false)
13 SYSTEMPATH\Boot.php(417): CodeIgniter\CodeIgniter->run()
14 SYSTEMPATH\Boot.php(68): CodeIgniter\Boot::runCodeIgniter(Object(CodeIgniter\CodeIgniter))
15 FCPATH\index.php(59): CodeIgniter\Boot::bootWeb(Object(Config\Paths))
16 SYSTEMPATH\rewrite.php(44): require_once('C:\\Users\\Honore\\Documents\\GitHub\\ecopanier-S4-Mme-Baovola\\public\\index.php')
WARNING - 2026-07-12 19:50:38 --> [DEPRECATED] strtotime(): Passing null to parameter #1 ($datetime) of type string is deprecated in APPPATH\Views\magasinier\produits_content.php on line 103.
 1 APPPATH\Views\magasinier\produits_content.php(103): strtotime(null)
 2 SYSTEMPATH\View\View.php(240): include('C:\\Users\\Honore\\Documents\\GitHub\\ecopanier-S4-Mme-Baovola\\app\\Views\\magasinier\\produits_content.php')
 3 SYSTEMPATH\View\View.php(243): CodeIgniter\View\View->{closure:CodeIgniter\View\View::render():237}()
 4 SYSTEMPATH\Common.php(1250): CodeIgniter\View\View->render('magasinier/produits_content', [], true)
 5 APPPATH\Views\admin\produits.php(21): view('magasinier/produits_content')
 6 SYSTEMPATH\View\View.php(240): include('C:\\Users\\Honore\\Documents\\GitHub\\ecopanier-S4-Mme-Baovola\\app\\Views\\admin\\produits.php')
 7 SYSTEMPATH\View\View.php(243): CodeIgniter\View\View->{closure:CodeIgniter\View\View::render():237}()
 8 SYSTEMPATH\Common.php(1250): CodeIgniter\View\View->render('admin/produits', [], true)
 9 APPPATH\Controllers\AdminController.php(367): view('admin/produits', [...])
10 SYSTEMPATH\CodeIgniter.php(951): App\Controllers\AdminController->produits()
11 SYSTEMPATH\CodeIgniter.php(497): CodeIgniter\CodeIgniter->runController(Object(App\Controllers\AdminController))
12 SYSTEMPATH\CodeIgniter.php(340): CodeIgniter\CodeIgniter->handleRequest(null, Object(Config\Cache), false)
13 SYSTEMPATH\Boot.php(417): CodeIgniter\CodeIgniter->run()
14 SYSTEMPATH\Boot.php(68): CodeIgniter\Boot::runCodeIgniter(Object(CodeIgniter\CodeIgniter))
15 FCPATH\index.php(59): CodeIgniter\Boot::bootWeb(Object(Config\Paths))
16 SYSTEMPATH\rewrite.php(44): require_once('C:\\Users\\Honore\\Documents\\GitHub\\ecopanier-S4-Mme-Baovola\\public\\index.php')
WARNING - 2026-07-12 19:50:38 --> [DEPRECATED] strtotime(): Passing null to parameter #1 ($datetime) of type string is deprecated in APPPATH\Views\magasinier\produits_content.php on line 103.
 1 APPPATH\Views\magasinier\produits_content.php(103): strtotime(null)
 2 SYSTEMPATH\View\View.php(240): include('C:\\Users\\Honore\\Documents\\GitHub\\ecopanier-S4-Mme-Baovola\\app\\Views\\magasinier\\produits_content.php')
 3 SYSTEMPATH\View\View.php(243): CodeIgniter\View\View->{closure:CodeIgniter\View\View::render():237}()
 4 SYSTEMPATH\Common.php(1250): CodeIgniter\View\View->render('magasinier/produits_content', [], true)
 5 APPPATH\Views\admin\produits.php(21): view('magasinier/produits_content')
 6 SYSTEMPATH\View\View.php(240): include('C:\\Users\\Honore\\Documents\\GitHub\\ecopanier-S4-Mme-Baovola\\app\\Views\\admin\\produits.php')
 7 SYSTEMPATH\View\View.php(243): CodeIgniter\View\View->{closure:CodeIgniter\View\View::render():237}()
 8 SYSTEMPATH\Common.php(1250): CodeIgniter\View\View->render('admin/produits', [], true)
 9 APPPATH\Controllers\AdminController.php(367): view('admin/produits', [...])
10 SYSTEMPATH\CodeIgniter.php(951): App\Controllers\AdminController->produits()
11 SYSTEMPATH\CodeIgniter.php(497): CodeIgniter\CodeIgniter->runController(Object(App\Controllers\AdminController))
12 SYSTEMPATH\CodeIgniter.php(340): CodeIgniter\CodeIgniter->handleRequest(null, Object(Config\Cache), false)
13 SYSTEMPATH\Boot.php(417): CodeIgniter\CodeIgniter->run()
14 SYSTEMPATH\Boot.php(68): CodeIgniter\Boot::runCodeIgniter(Object(CodeIgniter\CodeIgniter))
15 FCPATH\index.php(59): CodeIgniter\Boot::bootWeb(Object(Config\Paths))
16 SYSTEMPATH\rewrite.php(44): require_once('C:\\Users\\Honore\\Documents\\GitHub\\ecopanier-S4-Mme-Baovola\\public\\index.php')
WARNING - 2026-07-12 19:50:38 --> [DEPRECATED] strtotime(): Passing null to parameter #1 ($datetime) of type string is deprecated in APPPATH\Views\magasinier\produits_content.php on line 103.
 1 APPPATH\Views\magasinier\produits_content.php(103): strtotime(null)
 2 SYSTEMPATH\View\View.php(240): include('C:\\Users\\Honore\\Documents\\GitHub\\ecopanier-S4-Mme-Baovola\\app\\Views\\magasinier\\produits_content.php')
 3 SYSTEMPATH\View\View.php(243): CodeIgniter\View\View->{closure:CodeIgniter\View\View::render():237}()
 4 SYSTEMPATH\Common.php(1250): CodeIgniter\View\View->render('magasinier/produits_content', [], true)
 5 APPPATH\Views\admin\produits.php(21): view('magasinier/produits_content')
 6 SYSTEMPATH\View\View.php(240): include('C:\\Users\\Honore\\Documents\\GitHub\\ecopanier-S4-Mme-Baovola\\app\\Views\\admin\\produits.php')
 7 SYSTEMPATH\View\View.php(243): CodeIgniter\View\View->{closure:CodeIgniter\View\View::render():237}()
 8 SYSTEMPATH\Common.php(1250): CodeIgniter\View\View->render('admin/produits', [], true)
 9 APPPATH\Controllers\AdminController.php(367): view('admin/produits', [...])
10 SYSTEMPATH\CodeIgniter.php(951): App\Controllers\AdminController->produits()
11 SYSTEMPATH\CodeIgniter.php(497): CodeIgniter\CodeIgniter->runController(Object(App\Controllers\AdminController))
12 SYSTEMPATH\CodeIgniter.php(340): CodeIgniter\CodeIgniter->handleRequest(null, Object(Config\Cache), false)
13 SYSTEMPATH\Boot.php(417): CodeIgniter\CodeIgniter->run()
14 SYSTEMPATH\Boot.php(68): CodeIgniter\Boot::runCodeIgniter(Object(CodeIgniter\CodeIgniter))
15 FCPATH\index.php(59): CodeIgniter\Boot::bootWeb(Object(Config\Paths))
16 SYSTEMPATH\rewrite.php(44): require_once('C:\\Users\\Honore\\Documents\\GitHub\\ecopanier-S4-Mme-Baovola\\public\\index.php')
WARNING - 2026-07-12 19:50:38 --> [DEPRECATED] strtotime(): Passing null to parameter #1 ($datetime) of type string is deprecated in APPPATH\Views\magasinier\produits_content.php on line 103.
 1 APPPATH\Views\magasinier\produits_content.php(103): strtotime(null)
 2 SYSTEMPATH\View\View.php(240): include('C:\\Users\\Honore\\Documents\\GitHub\\ecopanier-S4-Mme-Baovola\\app\\Views\\magasinier\\produits_content.php')
 3 SYSTEMPATH\View\View.php(243): CodeIgniter\View\View->{closure:CodeIgniter\View\View::render():237}()
 4 SYSTEMPATH\Common.php(1250): CodeIgniter\View\View->render('magasinier/produits_content', [], true)
 5 APPPATH\Views\admin\produits.php(21): view('magasinier/produits_content')
 6 SYSTEMPATH\View\View.php(240): include('C:\\Users\\Honore\\Documents\\GitHub\\ecopanier-S4-Mme-Baovola\\app\\Views\\admin\\produits.php')
 7 SYSTEMPATH\View\View.php(243): CodeIgniter\View\View->{closure:CodeIgniter\View\View::render():237}()
 8 SYSTEMPATH\Common.php(1250): CodeIgniter\View\View->render('admin/produits', [], true)
 9 APPPATH\Controllers\AdminController.php(367): view('admin/produits', [...])
10 SYSTEMPATH\CodeIgniter.php(951): App\Controllers\AdminController->produits()
11 SYSTEMPATH\CodeIgniter.php(497): CodeIgniter\CodeIgniter->runController(Object(App\Controllers\AdminController))
12 SYSTEMPATH\CodeIgniter.php(340): CodeIgniter\CodeIgniter->handleRequest(null, Object(Config\Cache), false)
13 SYSTEMPATH\Boot.php(417): CodeIgniter\CodeIgniter->run()
14 SYSTEMPATH\Boot.php(68): CodeIgniter\Boot::runCodeIgniter(Object(CodeIgniter\CodeIgniter))
15 FCPATH\index.php(59): CodeIgniter\Boot::bootWeb(Object(Config\Paths))
16 SYSTEMPATH\rewrite.php(44): require_once('C:\\Users\\Honore\\Documents\\GitHub\\ecopanier-S4-Mme-Baovola\\public\\index.php')
WARNING - 2026-07-12 19:50:38 --> [DEPRECATED] strtotime(): Passing null to parameter #1 ($datetime) of type string is deprecated in APPPATH\Views\magasinier\produits_content.php on line 103.
 1 APPPATH\Views\magasinier\produits_content.php(103): strtotime(null)
 2 SYSTEMPATH\View\View.php(240): include('C:\\Users\\Honore\\Documents\\GitHub\\ecopanier-S4-Mme-Baovola\\app\\Views\\magasinier\\produits_content.php')
 3 SYSTEMPATH\View\View.php(243): CodeIgniter\View\View->{closure:CodeIgniter\View\View::render():237}()
 4 SYSTEMPATH\Common.php(1250): CodeIgniter\View\View->render('magasinier/produits_content', [], true)
 5 APPPATH\Views\admin\produits.php(21): view('magasinier/produits_content')
 6 SYSTEMPATH\View\View.php(240): include('C:\\Users\\Honore\\Documents\\GitHub\\ecopanier-S4-Mme-Baovola\\app\\Views\\admin\\produits.php')
 7 SYSTEMPATH\View\View.php(243): CodeIgniter\View\View->{closure:CodeIgniter\View\View::render():237}()
 8 SYSTEMPATH\Common.php(1250): CodeIgniter\View\View->render('admin/produits', [], true)
 9 APPPATH\Controllers\AdminController.php(367): view('admin/produits', [...])
10 SYSTEMPATH\CodeIgniter.php(951): App\Controllers\AdminController->produits()
11 SYSTEMPATH\CodeIgniter.php(497): CodeIgniter\CodeIgniter->runController(Object(App\Controllers\AdminController))
12 SYSTEMPATH\CodeIgniter.php(340): CodeIgniter\CodeIgniter->handleRequest(null, Object(Config\Cache), false)
13 SYSTEMPATH\Boot.php(417): CodeIgniter\CodeIgniter->run()
14 SYSTEMPATH\Boot.php(68): CodeIgniter\Boot::runCodeIgniter(Object(CodeIgniter\CodeIgniter))
15 FCPATH\index.php(59): CodeIgniter\Boot::bootWeb(Object(Config\Paths))
16 SYSTEMPATH\rewrite.php(44): require_once('C:\\Users\\Honore\\Documents\\GitHub\\ecopanier-S4-Mme-Baovola\\public\\index.php')
WARNING - 2026-07-12 19:50:38 --> [DEPRECATED] strtotime(): Passing null to parameter #1 ($datetime) of type string is deprecated in APPPATH\Views\magasinier\produits_content.php on line 103.
 1 APPPATH\Views\magasinier\produits_content.php(103): strtotime(null)
 2 SYSTEMPATH\View\View.php(240): include('C:\\Users\\Honore\\Documents\\GitHub\\ecopanier-S4-Mme-Baovola\\app\\Views\\magasinier\\produits_content.php')
 3 SYSTEMPATH\View\View.php(243): CodeIgniter\View\View->{closure:CodeIgniter\View\View::render():237}()
 4 SYSTEMPATH\Common.php(1250): CodeIgniter\View\View->render('magasinier/produits_content', [], true)
 5 APPPATH\Views\admin\produits.php(21): view('magasinier/produits_content')
 6 SYSTEMPATH\View\View.php(240): include('C:\\Users\\Honore\\Documents\\GitHub\\ecopanier-S4-Mme-Baovola\\app\\Views\\admin\\produits.php')
 7 SYSTEMPATH\View\View.php(243): CodeIgniter\View\View->{closure:CodeIgniter\View\View::render():237}()
 8 SYSTEMPATH\Common.php(1250): CodeIgniter\View\View->render('admin/produits', [], true)
 9 APPPATH\Controllers\AdminController.php(367): view('admin/produits', [...])
10 SYSTEMPATH\CodeIgniter.php(951): App\Controllers\AdminController->produits()
11 SYSTEMPATH\CodeIgniter.php(497): CodeIgniter\CodeIgniter->runController(Object(App\Controllers\AdminController))
12 SYSTEMPATH\CodeIgniter.php(340): CodeIgniter\CodeIgniter->handleRequest(null, Object(Config\Cache), false)
13 SYSTEMPATH\Boot.php(417): CodeIgniter\CodeIgniter->run()
14 SYSTEMPATH\Boot.php(68): CodeIgniter\Boot::runCodeIgniter(Object(CodeIgniter\CodeIgniter))
15 FCPATH\index.php(59): CodeIgniter\Boot::bootWeb(Object(Config\Paths))
16 SYSTEMPATH\rewrite.php(44): require_once('C:\\Users\\Honore\\Documents\\GitHub\\ecopanier-S4-Mme-Baovola\\public\\index.php')
DEBUG - 2026-07-12 19:50:40 --> Session: Class initialized using 'CodeIgniter\Session\Handlers\FileHandler' driver.
WARNING - 2026-07-12 19:50:40 --> [DEPRECATED] strtotime(): Passing null to parameter #1 ($datetime) of type string is deprecated in APPPATH\Views\magasinier\categories_content.php on line 120.
 1 APPPATH\Views\magasinier\categories_content.php(120): strtotime(null)
 2 SYSTEMPATH\View\View.php(240): include('C:\\Users\\Honore\\Documents\\GitHub\\ecopanier-S4-Mme-Baovola\\app\\Views\\magasinier\\categories_content.php')
 3 SYSTEMPATH\View\View.php(243): CodeIgniter\View\View->{closure:CodeIgniter\View\View::render():237}()
 4 SYSTEMPATH\Common.php(1250): CodeIgniter\View\View->render('magasinier/categories_content', [], true)
 5 APPPATH\Views\admin\categories.php(21): view('magasinier/categories_content')
 6 SYSTEMPATH\View\View.php(240): include('C:\\Users\\Honore\\Documents\\GitHub\\ecopanier-S4-Mme-Baovola\\app\\Views\\admin\\categories.php')
 7 SYSTEMPATH\View\View.php(243): CodeIgniter\View\View->{closure:CodeIgniter\View\View::render():237}()
 8 SYSTEMPATH\Common.php(1250): CodeIgniter\View\View->render('admin/categories', [], true)
 9 APPPATH\Controllers\AdminController.php(335): view('admin/categories', [...])
10 SYSTEMPATH\CodeIgniter.php(951): App\Controllers\AdminController->categories()
11 SYSTEMPATH\CodeIgniter.php(497): CodeIgniter\CodeIgniter->runController(Object(App\Controllers\AdminController))
12 SYSTEMPATH\CodeIgniter.php(340): CodeIgniter\CodeIgniter->handleRequest(null, Object(Config\Cache), false)
13 SYSTEMPATH\Boot.php(417): CodeIgniter\CodeIgniter->run()
14 SYSTEMPATH\Boot.php(68): CodeIgniter\Boot::runCodeIgniter(Object(CodeIgniter\CodeIgniter))
15 FCPATH\index.php(59): CodeIgniter\Boot::bootWeb(Object(Config\Paths))
16 SYSTEMPATH\rewrite.php(44): require_once('C:\\Users\\Honore\\Documents\\GitHub\\ecopanier-S4-Mme-Baovola\\public\\index.php')
WARNING - 2026-07-12 19:50:40 --> [DEPRECATED] strtotime(): Passing null to parameter #1 ($datetime) of type string is deprecated in APPPATH\Views\magasinier\categories_content.php on line 120.
 1 APPPATH\Views\magasinier\categories_content.php(120): strtotime(null)
 2 SYSTEMPATH\View\View.php(240): include('C:\\Users\\Honore\\Documents\\GitHub\\ecopanier-S4-Mme-Baovola\\app\\Views\\magasinier\\categories_content.php')
 3 SYSTEMPATH\View\View.php(243): CodeIgniter\View\View->{closure:CodeIgniter\View\View::render():237}()
 4 SYSTEMPATH\Common.php(1250): CodeIgniter\View\View->render('magasinier/categories_content', [], true)
 5 APPPATH\Views\admin\categories.php(21): view('magasinier/categories_content')
 6 SYSTEMPATH\View\View.php(240): include('C:\\Users\\Honore\\Documents\\GitHub\\ecopanier-S4-Mme-Baovola\\app\\Views\\admin\\categories.php')
 7 SYSTEMPATH\View\View.php(243): CodeIgniter\View\View->{closure:CodeIgniter\View\View::render():237}()
 8 SYSTEMPATH\Common.php(1250): CodeIgniter\View\View->render('admin/categories', [], true)
 9 APPPATH\Controllers\AdminController.php(335): view('admin/categories', [...])
10 SYSTEMPATH\CodeIgniter.php(951): App\Controllers\AdminController->categories()
11 SYSTEMPATH\CodeIgniter.php(497): CodeIgniter\CodeIgniter->runController(Object(App\Controllers\AdminController))
12 SYSTEMPATH\CodeIgniter.php(340): CodeIgniter\CodeIgniter->handleRequest(null, Object(Config\Cache), false)
13 SYSTEMPATH\Boot.php(417): CodeIgniter\CodeIgniter->run()
14 SYSTEMPATH\Boot.php(68): CodeIgniter\Boot::runCodeIgniter(Object(CodeIgniter\CodeIgniter))
15 FCPATH\index.php(59): CodeIgniter\Boot::bootWeb(Object(Config\Paths))
16 SYSTEMPATH\rewrite.php(44): require_once('C:\\Users\\Honore\\Documents\\GitHub\\ecopanier-S4-Mme-Baovola\\public\\index.php')
WARNING - 2026-07-12 19:50:40 --> [DEPRECATED] strtotime(): Passing null to parameter #1 ($datetime) of type string is deprecated in APPPATH\Views\magasinier\categories_content.php on line 120.
 1 APPPATH\Views\magasinier\categories_content.php(120): strtotime(null)
 2 SYSTEMPATH\View\View.php(240): include('C:\\Users\\Honore\\Documents\\GitHub\\ecopanier-S4-Mme-Baovola\\app\\Views\\magasinier\\categories_content.php')
 3 SYSTEMPATH\View\View.php(243): CodeIgniter\View\View->{closure:CodeIgniter\View\View::render():237}()
 4 SYSTEMPATH\Common.php(1250): CodeIgniter\View\View->render('magasinier/categories_content', [], true)
 5 APPPATH\Views\admin\categories.php(21): view('magasinier/categories_content')
 6 SYSTEMPATH\View\View.php(240): include('C:\\Users\\Honore\\Documents\\GitHub\\ecopanier-S4-Mme-Baovola\\app\\Views\\admin\\categories.php')
 7 SYSTEMPATH\View\View.php(243): CodeIgniter\View\View->{closure:CodeIgniter\View\View::render():237}()
 8 SYSTEMPATH\Common.php(1250): CodeIgniter\View\View->render('admin/categories', [], true)
 9 APPPATH\Controllers\AdminController.php(335): view('admin/categories', [...])
10 SYSTEMPATH\CodeIgniter.php(951): App\Controllers\AdminController->categories()
11 SYSTEMPATH\CodeIgniter.php(497): CodeIgniter\CodeIgniter->runController(Object(App\Controllers\AdminController))
12 SYSTEMPATH\CodeIgniter.php(340): CodeIgniter\CodeIgniter->handleRequest(null, Object(Config\Cache), false)
13 SYSTEMPATH\Boot.php(417): CodeIgniter\CodeIgniter->run()
14 SYSTEMPATH\Boot.php(68): CodeIgniter\Boot::runCodeIgniter(Object(CodeIgniter\CodeIgniter))
15 FCPATH\index.php(59): CodeIgniter\Boot::bootWeb(Object(Config\Paths))
16 SYSTEMPATH\rewrite.php(44): require_once('C:\\Users\\Honore\\Documents\\GitHub\\ecopanier-S4-Mme-Baovola\\public\\index.php')
WARNING - 2026-07-12 19:50:40 --> [DEPRECATED] strtotime(): Passing null to parameter #1 ($datetime) of type string is deprecated in APPPATH\Views\magasinier\categories_content.php on line 120.
 1 APPPATH\Views\magasinier\categories_content.php(120): strtotime(null)
 2 SYSTEMPATH\View\View.php(240): include('C:\\Users\\Honore\\Documents\\GitHub\\ecopanier-S4-Mme-Baovola\\app\\Views\\magasinier\\categories_content.php')
 3 SYSTEMPATH\View\View.php(243): CodeIgniter\View\View->{closure:CodeIgniter\View\View::render():237}()
 4 SYSTEMPATH\Common.php(1250): CodeIgniter\View\View->render('magasinier/categories_content', [], true)
 5 APPPATH\Views\admin\categories.php(21): view('magasinier/categories_content')
 6 SYSTEMPATH\View\View.php(240): include('C:\\Users\\Honore\\Documents\\GitHub\\ecopanier-S4-Mme-Baovola\\app\\Views\\admin\\categories.php')
 7 SYSTEMPATH\View\View.php(243): CodeIgniter\View\View->{closure:CodeIgniter\View\View::render():237}()
 8 SYSTEMPATH\Common.php(1250): CodeIgniter\View\View->render('admin/categories', [], true)
 9 APPPATH\Controllers\AdminController.php(335): view('admin/categories', [...])
10 SYSTEMPATH\CodeIgniter.php(951): App\Controllers\AdminController->categories()
11 SYSTEMPATH\CodeIgniter.php(497): CodeIgniter\CodeIgniter->runController(Object(App\Controllers\AdminController))
12 SYSTEMPATH\CodeIgniter.php(340): CodeIgniter\CodeIgniter->handleRequest(null, Object(Config\Cache), false)
13 SYSTEMPATH\Boot.php(417): CodeIgniter\CodeIgniter->run()
14 SYSTEMPATH\Boot.php(68): CodeIgniter\Boot::runCodeIgniter(Object(CodeIgniter\CodeIgniter))
15 FCPATH\index.php(59): CodeIgniter\Boot::bootWeb(Object(Config\Paths))
16 SYSTEMPATH\rewrite.php(44): require_once('C:\\Users\\Honore\\Documents\\GitHub\\ecopanier-S4-Mme-Baovola\\public\\index.php')
DEBUG - 2026-07-12 19:50:43 --> Session: Class initialized using 'CodeIgniter\Session\Handlers\FileHandler' driver.
DEBUG - 2026-07-12 19:50:45 --> Session: Class initialized using 'CodeIgniter\Session\Handlers\FileHandler' driver.
DEBUG - 2026-07-12 19:53:14 --> Session: Class initialized using 'CodeIgniter\Session\Handlers\FileHandler' driver.
DEBUG - 2026-07-12 19:53:16 --> Session: Class initialized using 'CodeIgniter\Session\Handlers\FileHandler' driver.
DEBUG - 2026-07-12 19:53:17 --> Session: Class initialized using 'CodeIgniter\Session\Handlers\FileHandler' driver.
DEBUG - 2026-07-12 19:53:20 --> Session: Class initialized using 'CodeIgniter\Session\Handlers\FileHandler' driver.
DEBUG - 2026-07-12 19:53:29 --> Session: Class initialized using 'CodeIgniter\Session\Handlers\FileHandler' driver.
DEBUG - 2026-07-12 19:53:30 --> Session: Class initialized using 'CodeIgniter\Session\Handlers\FileHandler' driver.
DEBUG - 2026-07-12 19:53:35 --> Session: Class initialized using 'CodeIgniter\Session\Handlers\FileHandler' driver.
DEBUG - 2026-07-12 19:53:37 --> Session: Class initialized using 'CodeIgniter\Session\Handlers\FileHandler' driver.
DEBUG - 2026-07-12 19:53:39 --> Session: Class initialized using 'CodeIgniter\Session\Handlers\FileHandler' driver.
DEBUG - 2026-07-12 19:53:40 --> Session: Class initialized using 'CodeIgniter\Session\Handlers\FileHandler' driver.
DEBUG - 2026-07-12 19:53:44 --> Session: Class initialized using 'CodeIgniter\Session\Handlers\FileHandler' driver.
DEBUG - 2026-07-12 19:53:49 --> Session: Class initialized using 'CodeIgniter\Session\Handlers\FileHandler' driver.
DEBUG - 2026-07-12 19:54:03 --> Session: Class initialized using 'CodeIgniter\Session\Handlers\FileHandler' driver.
DEBUG - 2026-07-12 19:54:05 --> Session: Class initialized using 'CodeIgniter\Session\Handlers\FileHandler' driver.
DEBUG - 2026-07-12 19:54:10 --> Session: Class initialized using 'CodeIgniter\Session\Handlers\FileHandler' driver.
DEBUG - 2026-07-12 19:54:11 --> Session: Class initialized using 'CodeIgniter\Session\Handlers\FileHandler' driver.
DEBUG - 2026-07-12 19:54:12 --> Session: Class initialized using 'CodeIgniter\Session\Handlers\FileHandler' driver.
DEBUG - 2026-07-12 19:54:13 --> Session: Class initialized using 'CodeIgniter\Session\Handlers\FileHandler' driver.
DEBUG - 2026-07-12 19:54:14 --> Session: Class initialized using 'CodeIgniter\Session\Handlers\FileHandler' driver.
DEBUG - 2026-07-12 19:54:15 --> Session: Class initialized using 'CodeIgniter\Session\Handlers\FileHandler' driver.
DEBUG - 2026-07-12 19:54:15 --> Session: Class initialized using 'CodeIgniter\Session\Handlers\FileHandler' driver.
DEBUG - 2026-07-12 19:54:16 --> Session: Class initialized using 'CodeIgniter\Session\Handlers\FileHandler' driver.
DEBUG - 2026-07-12 19:54:16 --> Session: Class initialized using 'CodeIgniter\Session\Handlers\FileHandler' driver.
DEBUG - 2026-07-12 19:54:17 --> Session: Class initialized using 'CodeIgniter\Session\Handlers\FileHandler' driver.
DEBUG - 2026-07-12 20:01:44 --> Session: Class initialized using 'CodeIgniter\Session\Handlers\FileHandler' driver.
DEBUG - 2026-07-12 20:02:30 --> Session: Class initialized using 'CodeIgniter\Session\Handlers\FileHandler' driver.
DEBUG - 2026-07-12 20:02:34 --> Session: Class initialized using 'CodeIgniter\Session\Handlers\FileHandler' driver.
DEBUG - 2026-07-12 20:02:43 --> Session: Class initialized using 'CodeIgniter\Session\Handlers\FileHandler' driver.
DEBUG - 2026-07-12 20:03:06 --> Session: Class initialized using 'CodeIgniter\Session\Handlers\FileHandler' driver.
DEBUG - 2026-07-12 20:03:25 --> Session: Class initialized using 'CodeIgniter\Session\Handlers\FileHandler' driver.
DEBUG - 2026-07-12 20:03:26 --> Session: Class initialized using 'CodeIgniter\Session\Handlers\FileHandler' driver.
DEBUG - 2026-07-12 20:07:40 --> Session: Class initialized using 'CodeIgniter\Session\Handlers\FileHandler' driver.
DEBUG - 2026-07-12 20:07:41 --> Session: Class initialized using 'CodeIgniter\Session\Handlers\FileHandler' driver.
DEBUG - 2026-07-12 20:29:09 --> Session: Class initialized using 'CodeIgniter\Session\Handlers\FileHandler' driver.
DEBUG - 2026-07-12 20:29:09 --> Session: Class initialized using 'CodeIgniter\Session\Handlers\FileHandler' driver.
DEBUG - 2026-07-12 20:29:11 --> Session: Class initialized using 'CodeIgniter\Session\Handlers\FileHandler' driver.
DEBUG - 2026-07-12 20:29:20 --> Session: Class initialized using 'CodeIgniter\Session\Handlers\FileHandler' driver.
DEBUG - 2026-07-12 20:29:20 --> Session: Class initialized using 'CodeIgniter\Session\Handlers\FileHandler' driver.
DEBUG - 2026-07-12 20:29:22 --> Session: Class initialized using 'CodeIgniter\Session\Handlers\FileHandler' driver.
DEBUG - 2026-07-12 20:29:49 --> Session: Class initialized using 'CodeIgniter\Session\Handlers\FileHandler' driver.
DEBUG - 2026-07-12 20:29:49 --> Session: Class initialized using 'CodeIgniter\Session\Handlers\FileHandler' driver.
DEBUG - 2026-07-12 20:30:05 --> Session: Class initialized using 'CodeIgniter\Session\Handlers\FileHandler' driver.
DEBUG - 2026-07-12 20:30:05 --> Session: Class initialized using 'CodeIgniter\Session\Handlers\FileHandler' driver.
DEBUG - 2026-07-12 20:30:09 --> Session: Class initialized using 'CodeIgniter\Session\Handlers\FileHandler' driver.
DEBUG - 2026-07-12 20:30:10 --> Session: Class initialized using 'CodeIgniter\Session\Handlers\FileHandler' driver.
DEBUG - 2026-07-12 20:30:10 --> Session: Class initialized using 'CodeIgniter\Session\Handlers\FileHandler' driver.
DEBUG - 2026-07-12 20:30:20 --> Session: Class initialized using 'CodeIgniter\Session\Handlers\FileHandler' driver.
DEBUG - 2026-07-12 20:30:20 --> Session: Class initialized using 'CodeIgniter\Session\Handlers\FileHandler' driver.
DEBUG - 2026-07-12 20:30:21 --> Session: Class initialized using 'CodeIgniter\Session\Handlers\FileHandler' driver.
DEBUG - 2026-07-12 20:33:15 --> Session: Class initialized using 'CodeIgniter\Session\Handlers\FileHandler' driver.
CRITICAL - 2026-07-12 20:33:15 --> ErrorException: Undefined variable $isAdmin
[Method: GET, Route: agent/ajout_reservation/ajout]
in APPPATH\Views\agent\reservations.php on line 434.
 1 APPPATH\Views\agent\reservations.php(434): CodeIgniter\Debug\Exceptions->errorHandler(2, 'Undefined variable $isAdmin', 'C:\\Users\\Honore\\Documents\\GitHub\\ecopanier-S4-Mme-Baovola\\app\\Views\\agent\\reservations.php', 434)
 2 SYSTEMPATH\View\View.php(240): include('C:\\Users\\Honore\\Documents\\GitHub\\ecopanier-S4-Mme-Baovola\\app\\Views\\agent\\reservations.php')
 3 SYSTEMPATH\View\View.php(243): CodeIgniter\View\View->{closure:CodeIgniter\View\View::render():237}()
 4 SYSTEMPATH\Common.php(1250): CodeIgniter\View\View->render('agent/reservations', [], true)
 5 APPPATH\Controllers\ReservationController.php(173): view('agent/reservations', [...])
 6 SYSTEMPATH\CodeIgniter.php(951): App\Controllers\ReservationController->ajout()
 7 SYSTEMPATH\CodeIgniter.php(497): CodeIgniter\CodeIgniter->runController(Object(App\Controllers\ReservationController))
 8 SYSTEMPATH\CodeIgniter.php(340): CodeIgniter\CodeIgniter->handleRequest(null, Object(Config\Cache), false)
 9 SYSTEMPATH\Boot.php(417): CodeIgniter\CodeIgniter->run()
10 SYSTEMPATH\Boot.php(68): CodeIgniter\Boot::runCodeIgniter(Object(CodeIgniter\CodeIgniter))
11 FCPATH\index.php(59): CodeIgniter\Boot::bootWeb(Object(Config\Paths))
12 SYSTEMPATH\rewrite.php(44): require_once('C:\\Users\\Honore\\Documents\\GitHub\\ecopanier-S4-Mme-Baovola\\public\\index.php')
DEBUG - 2026-07-12 20:33:42 --> Session: Class initialized using 'CodeIgniter\Session\Handlers\FileHandler' driver.
DEBUG - 2026-07-12 20:39:28 --> Session: Class initialized using 'CodeIgniter\Session\Handlers\FileHandler' driver.
DEBUG - 2026-07-12 20:39:32 --> Session: Class initialized using 'CodeIgniter\Session\Handlers\FileHandler' driver.
DEBUG - 2026-07-12 20:44:28 --> Session: Class initialized using 'CodeIgniter\Session\Handlers\FileHandler' driver.
DEBUG - 2026-07-12 20:44:37 --> Session: Class initialized using 'CodeIgniter\Session\Handlers\FileHandler' driver.
DEBUG - 2026-07-12 20:45:34 --> Session: Class initialized using 'CodeIgniter\Session\Handlers\FileHandler' driver.
DEBUG - 2026-07-12 20:45:36 --> Session: Class initialized using 'CodeIgniter\Session\Handlers\FileHandler' driver.
DEBUG - 2026-07-12 20:45:39 --> Session: Class initialized using 'CodeIgniter\Session\Handlers\FileHandler' driver.
DEBUG - 2026-07-12 20:45:53 --> Session: Class initialized using 'CodeIgniter\Session\Handlers\FileHandler' driver.
DEBUG - 2026-07-12 20:46:39 --> Session: Class initialized using 'CodeIgniter\Session\Handlers\FileHandler' driver.
DEBUG - 2026-07-12 20:46:59 --> Session: Class initialized using 'CodeIgniter\Session\Handlers\FileHandler' driver.
DEBUG - 2026-07-12 20:46:59 --> Session: Class initialized using 'CodeIgniter\Session\Handlers\FileHandler' driver.
DEBUG - 2026-07-12 20:47:10 --> Session: Class initialized using 'CodeIgniter\Session\Handlers\FileHandler' driver.
CRITICAL - 2026-07-12 20:47:10 --> Exception: Unable to generate image: please check if the GD extension is enabled and configured correctly
[Method: POST, Route: agent/paiements/valider]
in VENDORPATH\endroid\qr-code\src\Writer\AbstractGdWriter.php on line 33.
 1 VENDORPATH\endroid\qr-code\src\Writer\PngWriter.php(34): Endroid\QrCode\Writer\AbstractGdWriter->write(Object(Endroid\QrCode\QrCode), null, null, [...])
 2 APPPATH\Services\TicketService.php(22): Endroid\QrCode\Writer\PngWriter->write(Object(Endroid\QrCode\QrCode))
 3 APPPATH\Controllers\PaiementController.php(327): App\Services\TicketService->genererQrCode(1, 'ecopanier-20260712-paiement1-trdt')
 4 APPPATH\Controllers\PaiementController.php(169): App\Controllers\PaiementController->buildTicketData(1)
 5 SYSTEMPATH\CodeIgniter.php(951): App\Controllers\PaiementController->valider()
 6 SYSTEMPATH\CodeIgniter.php(497): CodeIgniter\CodeIgniter->runController(Object(App\Controllers\PaiementController))
 7 SYSTEMPATH\CodeIgniter.php(340): CodeIgniter\CodeIgniter->handleRequest(null, Object(Config\Cache), false)
 8 SYSTEMPATH\Boot.php(417): CodeIgniter\CodeIgniter->run()
 9 SYSTEMPATH\Boot.php(68): CodeIgniter\Boot::runCodeIgniter(Object(CodeIgniter\CodeIgniter))
10 FCPATH\index.php(59): CodeIgniter\Boot::bootWeb(Object(Config\Paths))
11 SYSTEMPATH\rewrite.php(44): require_once('C:\\Users\\Honore\\Documents\\GitHub\\ecopanier-S4-Mme-Baovola\\public\\index.php')
DEBUG - 2026-07-12 20:47:38 --> Session: Class initialized using 'CodeIgniter\Session\Handlers\FileHandler' driver.
DEBUG - 2026-07-12 20:47:53 --> Session: Class initialized using 'CodeIgniter\Session\Handlers\FileHandler' driver.
DEBUG - 2026-07-12 20:47:54 --> Session: Class initialized using 'CodeIgniter\Session\Handlers\FileHandler' driver.
DEBUG - 2026-07-12 20:47:56 --> Session: Class initialized using 'CodeIgniter\Session\Handlers\FileHandler' driver.
DEBUG - 2026-07-12 20:47:57 --> Session: Class initialized using 'CodeIgniter\Session\Handlers\FileHandler' driver.
DEBUG - 2026-07-12 20:48:30 --> Session: Class initialized using 'CodeIgniter\Session\Handlers\FileHandler' driver.
DEBUG - 2026-07-12 20:48:31 --> Session: Class initialized using 'CodeIgniter\Session\Handlers\FileHandler' driver.
DEBUG - 2026-07-12 20:48:32 --> Session: Class initialized using 'CodeIgniter\Session\Handlers\FileHandler' driver.
DEBUG - 2026-07-12 20:48:35 --> Session: Class initialized using 'CodeIgniter\Session\Handlers\FileHandler' driver.
DEBUG - 2026-07-12 20:48:36 --> Session: Class initialized using 'CodeIgniter\Session\Handlers\FileHandler' driver.
DEBUG - 2026-07-12 20:48:37 --> Session: Class initialized using 'CodeIgniter\Session\Handlers\FileHandler' driver.
DEBUG - 2026-07-12 20:48:43 --> Session: Class initialized using 'CodeIgniter\Session\Handlers\FileHandler' driver.
DEBUG - 2026-07-12 20:48:45 --> Session: Class initialized using 'CodeIgniter\Session\Handlers\FileHandler' driver.
DEBUG - 2026-07-12 20:48:47 --> Session: Class initialized using 'CodeIgniter\Session\Handlers\FileHandler' driver.
DEBUG - 2026-07-12 20:48:48 --> Session: Class initialized using 'CodeIgniter\Session\Handlers\FileHandler' driver.
DEBUG - 2026-07-12 20:48:49 --> Session: Class initialized using 'CodeIgniter\Session\Handlers\FileHandler' driver.
DEBUG - 2026-07-12 20:48:50 --> Session: Class initialized using 'CodeIgniter\Session\Handlers\FileHandler' driver.
DEBUG - 2026-07-12 20:48:51 --> Session: Class initialized using 'CodeIgniter\Session\Handlers\FileHandler' driver.
DEBUG - 2026-07-12 20:51:00 --> Session: Class initialized using 'CodeIgniter\Session\Handlers\FileHandler' driver.
DEBUG - 2026-07-12 20:54:01 --> Session: Class initialized using 'CodeIgniter\Session\Handlers\FileHandler' driver.
DEBUG - 2026-07-12 20:54:04 --> Session: Class initialized using 'CodeIgniter\Session\Handlers\FileHandler' driver.
DEBUG - 2026-07-12 20:54:06 --> Session: Class initialized using 'CodeIgniter\Session\Handlers\FileHandler' driver.
DEBUG - 2026-07-12 20:54:07 --> Session: Class initialized using 'CodeIgniter\Session\Handlers\FileHandler' driver.
DEBUG - 2026-07-12 20:54:08 --> Session: Class initialized using 'CodeIgniter\Session\Handlers\FileHandler' driver.
DEBUG - 2026-07-12 20:54:09 --> Session: Class initialized using 'CodeIgniter\Session\Handlers\FileHandler' driver.
DEBUG - 2026-07-12 20:54:15 --> Session: Class initialized using 'CodeIgniter\Session\Handlers\FileHandler' driver.
DEBUG - 2026-07-12 20:54:17 --> Session: Class initialized using 'CodeIgniter\Session\Handlers\FileHandler' driver.
DEBUG - 2026-07-12 20:54:18 --> Session: Class initialized using 'CodeIgniter\Session\Handlers\FileHandler' driver.
DEBUG - 2026-07-12 20:54:19 --> Session: Class initialized using 'CodeIgniter\Session\Handlers\FileHandler' driver.
DEBUG - 2026-07-12 20:54:20 --> Session: Class initialized using 'CodeIgniter\Session\Handlers\FileHandler' driver.
DEBUG - 2026-07-12 20:54:21 --> Session: Class initialized using 'CodeIgniter\Session\Handlers\FileHandler' driver.
DEBUG - 2026-07-12 20:54:21 --> Session: Class initialized using 'CodeIgniter\Session\Handlers\FileHandler' driver.
DEBUG - 2026-07-12 20:54:21 --> Session: Class initialized using 'CodeIgniter\Session\Handlers\FileHandler' driver.
DEBUG - 2026-07-12 20:54:22 --> Session: Class initialized using 'CodeIgniter\Session\Handlers\FileHandler' driver.
DEBUG - 2026-07-12 20:54:23 --> Session: Class initialized using 'CodeIgniter\Session\Handlers\FileHandler' driver.
DEBUG - 2026-07-12 20:54:24 --> Session: Class initialized using 'CodeIgniter\Session\Handlers\FileHandler' driver.
DEBUG - 2026-07-12 20:54:24 --> Session: Class initialized using 'CodeIgniter\Session\Handlers\FileHandler' driver.
DEBUG - 2026-07-12 20:54:25 --> Session: Class initialized using 'CodeIgniter\Session\Handlers\FileHandler' driver.
DEBUG - 2026-07-12 20:54:25 --> Session: Class initialized using 'CodeIgniter\Session\Handlers\FileHandler' driver.
DEBUG - 2026-07-12 20:54:26 --> Session: Class initialized using 'CodeIgniter\Session\Handlers\FileHandler' driver.
DEBUG - 2026-07-12 20:54:26 --> Session: Class initialized using 'CodeIgniter\Session\Handlers\FileHandler' driver.
DEBUG - 2026-07-12 20:54:30 --> Session: Class initialized using 'CodeIgniter\Session\Handlers\FileHandler' driver.
DEBUG - 2026-07-12 20:54:32 --> Session: Class initialized using 'CodeIgniter\Session\Handlers\FileHandler' driver.
DEBUG - 2026-07-12 20:54:34 --> Session: Class initialized using 'CodeIgniter\Session\Handlers\FileHandler' driver.
DEBUG - 2026-07-12 20:54:38 --> Session: Class initialized using 'CodeIgniter\Session\Handlers\FileHandler' driver.
DEBUG - 2026-07-12 20:54:39 --> Session: Class initialized using 'CodeIgniter\Session\Handlers\FileHandler' driver.
DEBUG - 2026-07-12 20:54:39 --> Session: Class initialized using 'CodeIgniter\Session\Handlers\FileHandler' driver.
DEBUG - 2026-07-12 20:54:40 --> Session: Class initialized using 'CodeIgniter\Session\Handlers\FileHandler' driver.
DEBUG - 2026-07-12 20:54:40 --> Session: Class initialized using 'CodeIgniter\Session\Handlers\FileHandler' driver.
DEBUG - 2026-07-12 20:54:41 --> Session: Class initialized using 'CodeIgniter\Session\Handlers\FileHandler' driver.
DEBUG - 2026-07-12 20:54:47 --> Session: Class initialized using 'CodeIgniter\Session\Handlers\FileHandler' driver.
DEBUG - 2026-07-12 20:54:47 --> Session: Class initialized using 'CodeIgniter\Session\Handlers\FileHandler' driver.
DEBUG - 2026-07-12 20:54:49 --> Session: Class initialized using 'CodeIgniter\Session\Handlers\FileHandler' driver.
DEBUG - 2026-07-12 20:54:50 --> Session: Class initialized using 'CodeIgniter\Session\Handlers\FileHandler' driver.
DEBUG - 2026-07-12 20:54:50 --> Session: Class initialized using 'CodeIgniter\Session\Handlers\FileHandler' driver.
DEBUG - 2026-07-12 20:54:50 --> Session: Class initialized using 'CodeIgniter\Session\Handlers\FileHandler' driver.
DEBUG - 2026-07-12 20:54:51 --> Session: Class initialized using 'CodeIgniter\Session\Handlers\FileHandler' driver.
DEBUG - 2026-07-12 20:54:51 --> Session: Class initialized using 'CodeIgniter\Session\Handlers\FileHandler' driver.
DEBUG - 2026-07-12 20:54:52 --> Session: Class initialized using 'CodeIgniter\Session\Handlers\FileHandler' driver.
DEBUG - 2026-07-12 20:54:52 --> Session: Class initialized using 'CodeIgniter\Session\Handlers\FileHandler' driver.
DEBUG - 2026-07-12 20:54:52 --> Session: Class initialized using 'CodeIgniter\Session\Handlers\FileHandler' driver.
DEBUG - 2026-07-12 20:54:53 --> Session: Class initialized using 'CodeIgniter\Session\Handlers\FileHandler' driver.
DEBUG - 2026-07-12 20:54:54 --> Session: Class initialized using 'CodeIgniter\Session\Handlers\FileHandler' driver.
DEBUG - 2026-07-12 20:54:54 --> Session: Class initialized using 'CodeIgniter\Session\Handlers\FileHandler' driver.
DEBUG - 2026-07-12 20:54:55 --> Session: Class initialized using 'CodeIgniter\Session\Handlers\FileHandler' driver.
DEBUG - 2026-07-12 20:54:56 --> Session: Class initialized using 'CodeIgniter\Session\Handlers\FileHandler' driver.
DEBUG - 2026-07-12 20:54:56 --> Session: Class initialized using 'CodeIgniter\Session\Handlers\FileHandler' driver.
DEBUG - 2026-07-12 20:54:57 --> Session: Class initialized using 'CodeIgniter\Session\Handlers\FileHandler' driver.
DEBUG - 2026-07-12 20:54:57 --> Session: Class initialized using 'CodeIgniter\Session\Handlers\FileHandler' driver.
DEBUG - 2026-07-12 20:54:58 --> Session: Class initialized using 'CodeIgniter\Session\Handlers\FileHandler' driver.
DEBUG - 2026-07-12 20:54:58 --> Session: Class initialized using 'CodeIgniter\Session\Handlers\FileHandler' driver.
DEBUG - 2026-07-12 20:56:15 --> Session: Class initialized using 'CodeIgniter\Session\Handlers\FileHandler' driver.
DEBUG - 2026-07-12 20:56:15 --> Session: Class initialized using 'CodeIgniter\Session\Handlers\FileHandler' driver.
DEBUG - 2026-07-12 20:56:18 --> Session: Class initialized using 'CodeIgniter\Session\Handlers\FileHandler' driver.
DEBUG - 2026-07-12 20:56:48 --> Session: Class initialized using 'CodeIgniter\Session\Handlers\FileHandler' driver.
DEBUG - 2026-07-12 20:56:50 --> Session: Class initialized using 'CodeIgniter\Session\Handlers\FileHandler' driver.
DEBUG - 2026-07-12 20:57:00 --> Session: Class initialized using 'CodeIgniter\Session\Handlers\FileHandler' driver.
DEBUG - 2026-07-12 20:57:01 --> Session: Class initialized using 'CodeIgniter\Session\Handlers\FileHandler' driver.
DEBUG - 2026-07-12 21:14:44 --> Session: Class initialized using 'CodeIgniter\Session\Handlers\FileHandler' driver.
DEBUG - 2026-07-12 21:14:45 --> Session: Class initialized using 'CodeIgniter\Session\Handlers\FileHandler' driver.
DEBUG - 2026-07-12 21:14:47 --> Session: Class initialized using 'CodeIgniter\Session\Handlers\FileHandler' driver.
DEBUG - 2026-07-12 21:14:49 --> Session: Class initialized using 'CodeIgniter\Session\Handlers\FileHandler' driver.
DEBUG - 2026-07-12 21:14:50 --> Session: Class initialized using 'CodeIgniter\Session\Handlers\FileHandler' driver.
DEBUG - 2026-07-12 21:15:40 --> Session: Class initialized using 'CodeIgniter\Session\Handlers\FileHandler' driver.
DEBUG - 2026-07-12 21:15:41 --> Session: Class initialized using 'CodeIgniter\Session\Handlers\FileHandler' driver.
DEBUG - 2026-07-12 21:15:43 --> Session: Class initialized using 'CodeIgniter\Session\Handlers\FileHandler' driver.
DEBUG - 2026-07-12 21:15:43 --> Session: Class initialized using 'CodeIgniter\Session\Handlers\FileHandler' driver.
DEBUG - 2026-07-12 21:15:44 --> Session: Class initialized using 'CodeIgniter\Session\Handlers\FileHandler' driver.
DEBUG - 2026-07-12 21:15:44 --> Session: Class initialized using 'CodeIgniter\Session\Handlers\FileHandler' driver.
DEBUG - 2026-07-12 21:15:53 --> Session: Class initialized using 'CodeIgniter\Session\Handlers\FileHandler' driver.
DEBUG - 2026-07-12 21:15:55 --> Session: Class initialized using 'CodeIgniter\Session\Handlers\FileHandler' driver.
DEBUG - 2026-07-12 21:15:57 --> Session: Class initialized using 'CodeIgniter\Session\Handlers\FileHandler' driver.
DEBUG - 2026-07-12 21:16:01 --> Session: Class initialized using 'CodeIgniter\Session\Handlers\FileHandler' driver.
DEBUG - 2026-07-12 21:16:02 --> Session: Class initialized using 'CodeIgniter\Session\Handlers\FileHandler' driver.
DEBUG - 2026-07-12 21:16:03 --> Session: Class initialized using 'CodeIgniter\Session\Handlers\FileHandler' driver.
DEBUG - 2026-07-12 21:20:33 --> Session: Class initialized using 'CodeIgniter\Session\Handlers\FileHandler' driver.
DEBUG - 2026-07-12 21:20:34 --> Session: Class initialized using 'CodeIgniter\Session\Handlers\FileHandler' driver.
DEBUG - 2026-07-12 21:20:35 --> Session: Class initialized using 'CodeIgniter\Session\Handlers\FileHandler' driver.
DEBUG - 2026-07-12 21:20:36 --> Session: Class initialized using 'CodeIgniter\Session\Handlers\FileHandler' driver.
DEBUG - 2026-07-12 21:20:38 --> Session: Class initialized using 'CodeIgniter\Session\Handlers\FileHandler' driver.
DEBUG - 2026-07-12 21:20:41 --> Session: Class initialized using 'CodeIgniter\Session\Handlers\FileHandler' driver.
DEBUG - 2026-07-12 21:20:43 --> Session: Class initialized using 'CodeIgniter\Session\Handlers\FileHandler' driver.
DEBUG - 2026-07-12 21:20:46 --> Session: Class initialized using 'CodeIgniter\Session\Handlers\FileHandler' driver.
DEBUG - 2026-07-12 21:20:46 --> Session: Class initialized using 'CodeIgniter\Session\Handlers\FileHandler' driver.
DEBUG - 2026-07-12 21:20:56 --> Session: Class initialized using 'CodeIgniter\Session\Handlers\FileHandler' driver.
DEBUG - 2026-07-12 21:20:56 --> Session: Class initialized using 'CodeIgniter\Session\Handlers\FileHandler' driver.
DEBUG - 2026-07-12 21:20:59 --> Session: Class initialized using 'CodeIgniter\Session\Handlers\FileHandler' driver.
CRITICAL - 2026-07-12 21:20:59 --> CodeIgniter\View\Exceptions\ViewException: Invalid file: "agent/clients.php"
[Method: GET, Route: agent/clients]
in SYSTEMPATH\Exceptions\FrameworkException.php on line 39.
 1 SYSTEMPATH\View\View.php(228): CodeIgniter\Exceptions\FrameworkException::forInvalidFile('agent/clients.php')
 2 SYSTEMPATH\Common.php(1250): CodeIgniter\View\View->render('agent/clients', [], true)
 3 APPPATH\Controllers\AgentController.php(21): view('agent/clients')
 4 SYSTEMPATH\CodeIgniter.php(951): App\Controllers\AgentController->clients()
 5 SYSTEMPATH\CodeIgniter.php(497): CodeIgniter\CodeIgniter->runController(Object(App\Controllers\AgentController))
 6 SYSTEMPATH\CodeIgniter.php(340): CodeIgniter\CodeIgniter->handleRequest(null, Object(Config\Cache), false)
 7 SYSTEMPATH\Boot.php(417): CodeIgniter\CodeIgniter->run()
 8 SYSTEMPATH\Boot.php(68): CodeIgniter\Boot::runCodeIgniter(Object(CodeIgniter\CodeIgniter))
 9 FCPATH\index.php(59): CodeIgniter\Boot::bootWeb(Object(Config\Paths))
10 SYSTEMPATH\rewrite.php(44): require_once('C:\\Users\\Honore\\Documents\\GitHub\\ecopanier-S4-Mme-Baovola\\public\\index.php')
DEBUG - 2026-07-12 21:20:59 --> Session: Class initialized using 'CodeIgniter\Session\Handlers\FileHandler' driver.
DEBUG - 2026-07-12 21:21:00 --> Session: Class initialized using 'CodeIgniter\Session\Handlers\FileHandler' driver.
DEBUG - 2026-07-12 21:21:02 --> Session: Class initialized using 'CodeIgniter\Session\Handlers\FileHandler' driver.
DEBUG - 2026-07-12 21:21:02 --> Session: Class initialized using 'CodeIgniter\Session\Handlers\FileHandler' driver.
DEBUG - 2026-07-12 21:21:03 --> Session: Class initialized using 'CodeIgniter\Session\Handlers\FileHandler' driver.
DEBUG - 2026-07-12 21:21:04 --> Session: Class initialized using 'CodeIgniter\Session\Handlers\FileHandler' driver.
DEBUG - 2026-07-12 21:21:05 --> Session: Class initialized using 'CodeIgniter\Session\Handlers\FileHandler' driver.
DEBUG - 2026-07-12 21:21:06 --> Session: Class initialized using 'CodeIgniter\Session\Handlers\FileHandler' driver.
DEBUG - 2026-07-12 21:21:08 --> Session: Class initialized using 'CodeIgniter\Session\Handlers\FileHandler' driver.
DEBUG - 2026-07-12 21:21:09 --> Session: Class initialized using 'CodeIgniter\Session\Handlers\FileHandler' driver.
DEBUG - 2026-07-12 21:21:09 --> Session: Class initialized using 'CodeIgniter\Session\Handlers\FileHandler' driver.
DEBUG - 2026-07-12 21:21:10 --> Session: Class initialized using 'CodeIgniter\Session\Handlers\FileHandler' driver.
DEBUG - 2026-07-12 21:21:10 --> Session: Class initialized using 'CodeIgniter\Session\Handlers\FileHandler' driver.
DEBUG - 2026-07-12 21:21:14 --> Session: Class initialized using 'CodeIgniter\Session\Handlers\FileHandler' driver.
DEBUG - 2026-07-12 21:21:15 --> Session: Class initialized using 'CodeIgniter\Session\Handlers\FileHandler' driver.
DEBUG - 2026-07-12 21:21:15 --> Session: Class initialized using 'CodeIgniter\Session\Handlers\FileHandler' driver.
DEBUG - 2026-07-12 21:21:15 --> Session: Class initialized using 'CodeIgniter\Session\Handlers\FileHandler' driver.
DEBUG - 2026-07-12 21:21:16 --> Session: Class initialized using 'CodeIgniter\Session\Handlers\FileHandler' driver.
DEBUG - 2026-07-12 21:21:16 --> Session: Class initialized using 'CodeIgniter\Session\Handlers\FileHandler' driver.
DEBUG - 2026-07-12 21:21:17 --> Session: Class initialized using 'CodeIgniter\Session\Handlers\FileHandler' driver.
DEBUG - 2026-07-12 21:21:20 --> Session: Class initialized using 'CodeIgniter\Session\Handlers\FileHandler' driver.
DEBUG - 2026-07-12 21:21:20 --> Session: Class initialized using 'CodeIgniter\Session\Handlers\FileHandler' driver.
DEBUG - 2026-07-12 21:21:36 --> Session: Class initialized using 'CodeIgniter\Session\Handlers\FileHandler' driver.
DEBUG - 2026-07-12 21:21:36 --> Session: Class initialized using 'CodeIgniter\Session\Handlers\FileHandler' driver.
DEBUG - 2026-07-12 21:21:39 --> Session: Class initialized using 'CodeIgniter\Session\Handlers\FileHandler' driver.
DEBUG - 2026-07-12 21:21:50 --> Session: Class initialized using 'CodeIgniter\Session\Handlers\FileHandler' driver.
DEBUG - 2026-07-12 21:21:50 --> Session: Class initialized using 'CodeIgniter\Session\Handlers\FileHandler' driver.
DEBUG - 2026-07-12 21:21:51 --> Session: Class initialized using 'CodeIgniter\Session\Handlers\FileHandler' driver.
DEBUG - 2026-07-12 21:21:53 --> Session: Class initialized using 'CodeIgniter\Session\Handlers\FileHandler' driver.
DEBUG - 2026-07-12 21:21:55 --> Session: Class initialized using 'CodeIgniter\Session\Handlers\FileHandler' driver.
DEBUG - 2026-07-12 21:21:56 --> Session: Class initialized using 'CodeIgniter\Session\Handlers\FileHandler' driver.
DEBUG - 2026-07-12 21:21:58 --> Session: Class initialized using 'CodeIgniter\Session\Handlers\FileHandler' driver.
DEBUG - 2026-07-12 21:21:59 --> Session: Class initialized using 'CodeIgniter\Session\Handlers\FileHandler' driver.
DEBUG - 2026-07-12 21:22:00 --> Session: Class initialized using 'CodeIgniter\Session\Handlers\FileHandler' driver.
DEBUG - 2026-07-12 21:22:00 --> Session: Class initialized using 'CodeIgniter\Session\Handlers\FileHandler' driver.
DEBUG - 2026-07-12 21:23:15 --> Session: Class initialized using 'CodeIgniter\Session\Handlers\FileHandler' driver.
DEBUG - 2026-07-12 21:23:17 --> Session: Class initialized using 'CodeIgniter\Session\Handlers\FileHandler' driver.
DEBUG - 2026-07-12 21:23:17 --> Session: Class initialized using 'CodeIgniter\Session\Handlers\FileHandler' driver.
DEBUG - 2026-07-12 21:23:18 --> Session: Class initialized using 'CodeIgniter\Session\Handlers\FileHandler' driver.
DEBUG - 2026-07-12 21:23:18 --> Session: Class initialized using 'CodeIgniter\Session\Handlers\FileHandler' driver.
DEBUG - 2026-07-12 21:23:18 --> Session: Class initialized using 'CodeIgniter\Session\Handlers\FileHandler' driver.
DEBUG - 2026-07-12 21:23:19 --> Session: Class initialized using 'CodeIgniter\Session\Handlers\FileHandler' driver.
DEBUG - 2026-07-12 21:23:19 --> Session: Class initialized using 'CodeIgniter\Session\Handlers\FileHandler' driver.
DEBUG - 2026-07-12 21:23:20 --> Session: Class initialized using 'CodeIgniter\Session\Handlers\FileHandler' driver.
DEBUG - 2026-07-12 21:23:20 --> Session: Class initialized using 'CodeIgniter\Session\Handlers\FileHandler' driver.
DEBUG - 2026-07-12 21:23:21 --> Session: Class initialized using 'CodeIgniter\Session\Handlers\FileHandler' driver.
DEBUG - 2026-07-12 21:23:21 --> Session: Class initialized using 'CodeIgniter\Session\Handlers\FileHandler' driver.
ERROR - 2026-07-12 22:12:23 --> Subquery returns more than 1 row
in SYSTEMPATH\Database\MySQLi\Connection.php on line 300.
 1 SYSTEMPATH\Database\MySQLi\Connection.php(300): mysqli->query('INSERT INTO `paiements` (`created_at`, `deleted_at`, `mode`, `montant`, `reference`, `reservation_id`, `statut`, `type`, `updated_at`)
VALUES (\'2026-03-28 12:33:23\',NULL,\'airtel_money\',5740,\'PAY-321C1F3741\',\'34\',\'refuse\',\'complet\',\'2026-05-16 22:33:23\'), (\'2026-04-22 21:08:23\',NULL,\'orange_money\',46885,\'PAY-D22A23E75B\',\'48\',\'valide\',\'solde\',\'2026-02-23 05:21:23\'), (\'2025-11-14 18:23:23\',NULL,\'mvola\',39739,\'PAY-3814A6BC41\',\'45\',\'en_attente\',\'solde\',\'2026-05-02 05:46:23\'), (\'2026-03-24 08:06:23\',NULL,\'airtel_money\',40168,\'PAY-10B1AE8D70\',\'18\',\'refuse\',\'solde\',\'2026-06-29 07:41:23\'), (\'2025-08-10 08:55:23\',NULL,\'orange_money\',35621,\'PAY-AB3D331089\',\'2\',\'en_attente\',\'solde\',\'2026-06-04 06:00:23\'), (\'2025-08-18 02:18:23\',NULL,\'mvola\',22571,\'PAY-7C73F6E9E8\',\'26\',\'valide\',\'solde\',\'2026-04-06 21:19:23\'), (\'2025-10-18 01:28:23\',NULL,\'orange_money\',7722,\'PAY-1204ADAD75\',\'20\',\'valide\',\'solde\',\'2026-04-02 11:25:23\'), (\'2026-01-18 08:08:23\',NULL,\'mvola\',20585,\'PAY-A5944A7E93\',\'7\',\'refuse\',\'acompte\',\'2026-04-15 07:34:23\'), (\'2026-04-13 23:13:23\',NULL,\'mvola\',30523,\'PAY-6C165D0338\',\'22\',\'valide\',\'acompte\',\'2026-03-30 10:55:23\'), (\'2026-02-09 01:27:23\',NULL,\'orange_money\',21263,\'PAY-023C399E5D\',\'5\',\'valide\',\'acompte\',\'2026-04-12 23:45:23\'), (\'2026-02-07 17:00:23\',NULL,\'orange_money\',2827,\'PAY-0CEA8093DA\',\'55\',\'valide\',\'complet\',\'2026-06-18 08:51:23\'), (\'2025-07-23 05:44:23\',NULL,\'airtel_money\',53223,\'PAY-C26A76141D\',\'49\',\'valide\',\'acompte\',\'2026-07-08 02:52:23\'), (\'2026-05-10 00:58:23\',NULL,\'mvola\',24082,\'PAY-F5F05E039E\',\'1\',\'valide\',\'acompte\',\'2026-05-17 21:17:23\'), (\'2026-03-09 22:09:23\',NULL,\'orange_money\',9614,\'PAY-752B0CEDEB\',\'42\',\'en_attente\',\'acompte\',\'2026-06-26 11:05:23\'), (\'2026-02-01 10:51:23\',NULL,\'airtel_money\',21235,\'PAY-EEEA662A18\',\'2\',\'valide\',\'solde\',\'2026-04-18 15:37:23\'), (\'2025-11-16 14:55:23\',NULL,\'orange_money\',28738,\'PAY-67BE17FA61\',\'15\',\'en_attente\',\'acompte\',\'2026-05-08 18:32:23\'), (\'2025-09-11 20:17:23\',NULL,\'orange_money\',57921,\'PAY-713E128742\',\'48\',\'valide\',\'solde\',\'2026-06-08 13:16:23\'), (\'2026-07-09 08:06:23\',NULL,\'mvola\',40949,\'PAY-6EA36DE28D\',\'14\',\'valide\',\'complet\',\'2026-04-05 20:23:23\'), (\'2026-06-11 04:10:23\',NULL,\'orange_money\',10743,\'PAY-2102C3FC9D\',\'34\',\'en_attente\',\'solde\',\'2026-04-05 23:28:23\'), (\'2026-06-16 21:39:23\',NULL,\'mvola\',59703,\'PAY-1F0D53B26C\',\'46\',\'refuse\',\'solde\',\'2026-06-20 21:41:23\'), (\'2025-12-26 02:44:23\',NULL,\'orange_money\',45594,\'PAY-0D9C0F0A42\',\'65\',\'refuse\',\'solde\',\'2026-05-23 11:45:23\'), (\'2026-05-19 22:03:23\',NULL,\'mvola\',40152,\'PAY-6EABA4524C\',\'28\',\'valide\',\'acompte\',\'2026-02-21 06:21:23\'), (\'2025-12-15 10:47:23\',NULL,\'airtel_money\',59324,\'PAY-4E4D5B5756\',\'44\',\'en_attente\',\'acompte\',\'2026-07-12 15:12:23\'), (\'2026-07-10 04:10:23\',NULL,\'mvola\',19124,\'PAY-4272B6738F\',\'39\',\'valide\',\'acompte\',\'2026-07-12 13:45:23\'), (\'2026-03-09 22:21:23\',NULL,\'airtel_money\',15695,\'PAY-0BEE296C02\',\'60\',\'valide\',\'acompte\',\'2026-04-07 06:34:23\'), (\'2025-12-03 22:01:23\',NULL,\'mvola\',25625,\'PAY-D014ADFB71\',\'27\',\'valide\',\'solde\',\'2026-03-03 04:22:23\'), (\'2026-04-21 17:46:23\',NULL,\'orange_money\',28340,\'PAY-FF26200783\',\'27\',\'refuse\',\'acompte\',\'2026-03-20 06:36:23\'), (\'2025-11-15 11:05:23\',NULL,\'orange_money\',28004,\'PAY-34F59CEC61\',\'20\',\'en_attente\',\'acompte\',\'2026-02-24 18:35:23\'), (\'2026-05-12 01:48:23\',NULL,\'mvola\',19093,\'PAY-DBC92F1CF8\',\'53\',\'valide\',\'solde\',\'2026-03-04 02:36:23\'), (\'2026-03-22 08:40:23\',NULL,\'mvola\',9926,\'PAY-CCB3D4C5A7\',\'41\',\'en_attente\',\'complet\',\'2026-03-03 23:27:23\'), (\'2026-03-25 09:34:23\',NULL,\'mvola\',11269,\'PAY-7C5E248B58\',\'32\',\'valide\',\'complet\',\'2026-04-04 16:25:23\'), (\'2025-07-12 22:01:23\',NULL,\'airtel_money\',47666,\'PAY-1B6848B565\',\'29\',\'refuse\',\'complet\',\'2026-03-15 06:32:23\'), (\'2025-12-15 08:14:23\',NULL,\'mvola\',6019,\'PAY-D3005D3A3E\',\'53\',\'valide\',\'acompte\',\'2026-06-03 20:41:23\'), (\'2026-03-25 15:50:23\',NULL,\'airtel_money\',43301,\'PAY-D16690E449\',\'35\',\'refuse\',\'solde\',\'2026-04-15 14:20:23\'), (\'2025-12-14 09:43:23\',NULL,\'airtel_money\',21960,\'PAY-9A6BA1DB65\',\'18\',\'refuse\',\'complet\',\'2026-06-04 15:57:23\'), (\'2025-12-22 03:23:23\',NULL,\'orange_money\',40050,\'PAY-5B65130AF4\',\'62\',\'en_attente\',\'complet\',\'2026-03-07 00:44:23\'), (\'2026-03-31 13:17:23\',NULL,\'mvola\',37900,\'PAY-8036B2A716\',\'11\',\'en_attente\',\'complet\',\'2026-03-22 03:04:23\'), (\'2026-07-05 10:10:23\',NULL,\'mvola\',53891,\'PAY-3CD96933C9\',\'52\',\'en_attente\',\'solde\',\'2026-03-31 20:06:23\'), (\'2026-01-05 01:06:23\',NULL,\'airtel_money\',30185,\'PAY-791BD2BCA4\',\'55\',\'valide\',\'solde\',\'2026-04-09 09:32:23\'), (\'2026-06-30 01:39:23\',NULL,\'orange_money\',32454,\'PAY-A4591582FC\',\'10\',\'valide\',\'acompte\',\'2026-03-28 07:51:23\'), (\'2026-02-24 05:02:23\',NULL,\'airtel_money\',22167,\'PAY-733C1F80B2\',\'56\',\'en_attente\',\'complet\',\'2026-06-10 06:00:23\'), (\'2026-06-14 22:10:23\',NULL,\'mvola\',45052,\'PAY-15B108EC2C\',\'21\',\'valide\',\'acompte\',\'2026-06-20 05:50:23\'), (\'2026-04-09 02:11:23\',NULL,\'orange_money\',8106,\'PAY-B68D073010\',\'65\',\'valide\',\'solde\',\'2026-04-17 04:48:23\'), (\'2026-03-30 09:00:23\',NULL,\'airtel_money\',52603,\'PAY-50191B3008\',\'31\',\'en_attente\',\'acompte\',\'2026-04-18 17:30:23\'), (\'2025-09-02 12:39:23\',NULL,\'orange_money\',29359,\'PAY-94ADFB9F15\',\'52\',\'refuse\',\'acompte\',\'2026-02-19 23:41:23\'), (\'2026-04-14 02:00:23\',NULL,\'mvola\',21809,\'PAY-195BE857E3\',\'45\',\'valide\',\'acompte\',\'2026-05-30 19:53:23\'), (\'2026-06-16 19:47:23\',NULL,\'orange_money\',37765,\'PAY-4CE7B29AFA\',\'37\',\'refuse\',\'solde\',\'2026-06-01 11:58:23\'), (\'2026-03-16 07:29:23\',NULL,\'airtel_money\',53062,\'PAY-5F39AD27CD\',\'6\',\'valide\',\'complet\',\'2026-04-20 17:55:23\'), (\'2025-11-11 21:24:23\',NULL,\'orange_money\',56286,\'PAY-4EBCF26ED3\',\'55\',\'refuse\',\'complet\',\'2026-02-17 07:25:23\'), (\'2025-11-06 16:04:23\',NULL,\'orange_money\',41272,\'PAY-BCD65D4424\',\'39\',\'valide\',\'solde\',\'2026-07-06 01:54:23\'), (\'2025-11-01 18:06:23\',NULL,\'airtel_money\',32400,\'PAY-128DE7BD9B\',\'56\',\'valide\',\'complet\',\'2026-07-06 07:46:23\'), (\'2025-06-24 05:09:23\',NULL,\'airtel_money\',58065,\'PAY-CDE69FC75C\',\'53\',\'valide\',\'solde\',\'2026-02-16 08:43:23\'), (\'2025-10-29 17:01:23\',NULL,\'mvola\',13676,\'PAY-DCBD589E5F\',\'9\',\'valide\',\'solde\',\'2026-06-06 04:54:23\'), (\'2025-07-25 18:59:23\',NULL,\'orange_money\',56540,\'PAY-12A2E1417D\',\'54\',\'en_attente\',\'acompte\',\'2026-04-29 00:50:23\'), (\'2025-12-17 01:40:23\',NULL,\'airtel_money\',48441,\'PAY-1E3E7F9930\',\'9\',\'refuse\',\'solde\',\'2026-03-05 01:42:23\')', 0)
 2 SYSTEMPATH\Database\BaseConnection.php(910): CodeIgniter\Database\MySQLi\Connection->execute('INSERT INTO `paiements` (`created_at`, `deleted_at`, `mode`, `montant`, `reference`, `reservation_id`, `statut`, `type`, `updated_at`)
VALUES (\'2026-03-28 12:33:23\',NULL,\'airtel_money\',5740,\'PAY-321C1F3741\',\'34\',\'refuse\',\'complet\',\'2026-05-16 22:33:23\'), (\'2026-04-22 21:08:23\',NULL,\'orange_money\',46885,\'PAY-D22A23E75B\',\'48\',\'valide\',\'solde\',\'2026-02-23 05:21:23\'), (\'2025-11-14 18:23:23\',NULL,\'mvola\',39739,\'PAY-3814A6BC41\',\'45\',\'en_attente\',\'solde\',\'2026-05-02 05:46:23\'), (\'2026-03-24 08:06:23\',NULL,\'airtel_money\',40168,\'PAY-10B1AE8D70\',\'18\',\'refuse\',\'solde\',\'2026-06-29 07:41:23\'), (\'2025-08-10 08:55:23\',NULL,\'orange_money\',35621,\'PAY-AB3D331089\',\'2\',\'en_attente\',\'solde\',\'2026-06-04 06:00:23\'), (\'2025-08-18 02:18:23\',NULL,\'mvola\',22571,\'PAY-7C73F6E9E8\',\'26\',\'valide\',\'solde\',\'2026-04-06 21:19:23\'), (\'2025-10-18 01:28:23\',NULL,\'orange_money\',7722,\'PAY-1204ADAD75\',\'20\',\'valide\',\'solde\',\'2026-04-02 11:25:23\'), (\'2026-01-18 08:08:23\',NULL,\'mvola\',20585,\'PAY-A5944A7E93\',\'7\',\'refuse\',\'acompte\',\'2026-04-15 07:34:23\'), (\'2026-04-13 23:13:23\',NULL,\'mvola\',30523,\'PAY-6C165D0338\',\'22\',\'valide\',\'acompte\',\'2026-03-30 10:55:23\'), (\'2026-02-09 01:27:23\',NULL,\'orange_money\',21263,\'PAY-023C399E5D\',\'5\',\'valide\',\'acompte\',\'2026-04-12 23:45:23\'), (\'2026-02-07 17:00:23\',NULL,\'orange_money\',2827,\'PAY-0CEA8093DA\',\'55\',\'valide\',\'complet\',\'2026-06-18 08:51:23\'), (\'2025-07-23 05:44:23\',NULL,\'airtel_money\',53223,\'PAY-C26A76141D\',\'49\',\'valide\',\'acompte\',\'2026-07-08 02:52:23\'), (\'2026-05-10 00:58:23\',NULL,\'mvola\',24082,\'PAY-F5F05E039E\',\'1\',\'valide\',\'acompte\',\'2026-05-17 21:17:23\'), (\'2026-03-09 22:09:23\',NULL,\'orange_money\',9614,\'PAY-752B0CEDEB\',\'42\',\'en_attente\',\'acompte\',\'2026-06-26 11:05:23\'), (\'2026-02-01 10:51:23\',NULL,\'airtel_money\',21235,\'PAY-EEEA662A18\',\'2\',\'valide\',\'solde\',\'2026-04-18 15:37:23\'), (\'2025-11-16 14:55:23\',NULL,\'orange_money\',28738,\'PAY-67BE17FA61\',\'15\',\'en_attente\',\'acompte\',\'2026-05-08 18:32:23\'), (\'2025-09-11 20:17:23\',NULL,\'orange_money\',57921,\'PAY-713E128742\',\'48\',\'valide\',\'solde\',\'2026-06-08 13:16:23\'), (\'2026-07-09 08:06:23\',NULL,\'mvola\',40949,\'PAY-6EA36DE28D\',\'14\',\'valide\',\'complet\',\'2026-04-05 20:23:23\'), (\'2026-06-11 04:10:23\',NULL,\'orange_money\',10743,\'PAY-2102C3FC9D\',\'34\',\'en_attente\',\'solde\',\'2026-04-05 23:28:23\'), (\'2026-06-16 21:39:23\',NULL,\'mvola\',59703,\'PAY-1F0D53B26C\',\'46\',\'refuse\',\'solde\',\'2026-06-20 21:41:23\'), (\'2025-12-26 02:44:23\',NULL,\'orange_money\',45594,\'PAY-0D9C0F0A42\',\'65\',\'refuse\',\'solde\',\'2026-05-23 11:45:23\'), (\'2026-05-19 22:03:23\',NULL,\'mvola\',40152,\'PAY-6EABA4524C\',\'28\',\'valide\',\'acompte\',\'2026-02-21 06:21:23\'), (\'2025-12-15 10:47:23\',NULL,\'airtel_money\',59324,\'PAY-4E4D5B5756\',\'44\',\'en_attente\',\'acompte\',\'2026-07-12 15:12:23\'), (\'2026-07-10 04:10:23\',NULL,\'mvola\',19124,\'PAY-4272B6738F\',\'39\',\'valide\',\'acompte\',\'2026-07-12 13:45:23\'), (\'2026-03-09 22:21:23\',NULL,\'airtel_money\',15695,\'PAY-0BEE296C02\',\'60\',\'valide\',\'acompte\',\'2026-04-07 06:34:23\'), (\'2025-12-03 22:01:23\',NULL,\'mvola\',25625,\'PAY-D014ADFB71\',\'27\',\'valide\',\'solde\',\'2026-03-03 04:22:23\'), (\'2026-04-21 17:46:23\',NULL,\'orange_money\',28340,\'PAY-FF26200783\',\'27\',\'refuse\',\'acompte\',\'2026-03-20 06:36:23\'), (\'2025-11-15 11:05:23\',NULL,\'orange_money\',28004,\'PAY-34F59CEC61\',\'20\',\'en_attente\',\'acompte\',\'2026-02-24 18:35:23\'), (\'2026-05-12 01:48:23\',NULL,\'mvola\',19093,\'PAY-DBC92F1CF8\',\'53\',\'valide\',\'solde\',\'2026-03-04 02:36:23\'), (\'2026-03-22 08:40:23\',NULL,\'mvola\',9926,\'PAY-CCB3D4C5A7\',\'41\',\'en_attente\',\'complet\',\'2026-03-03 23:27:23\'), (\'2026-03-25 09:34:23\',NULL,\'mvola\',11269,\'PAY-7C5E248B58\',\'32\',\'valide\',\'complet\',\'2026-04-04 16:25:23\'), (\'2025-07-12 22:01:23\',NULL,\'airtel_money\',47666,\'PAY-1B6848B565\',\'29\',\'refuse\',\'complet\',\'2026-03-15 06:32:23\'), (\'2025-12-15 08:14:23\',NULL,\'mvola\',6019,\'PAY-D3005D3A3E\',\'53\',\'valide\',\'acompte\',\'2026-06-03 20:41:23\'), (\'2026-03-25 15:50:23\',NULL,\'airtel_money\',43301,\'PAY-D16690E449\',\'35\',\'refuse\',\'solde\',\'2026-04-15 14:20:23\'), (\'2025-12-14 09:43:23\',NULL,\'airtel_money\',21960,\'PAY-9A6BA1DB65\',\'18\',\'refuse\',\'complet\',\'2026-06-04 15:57:23\'), (\'2025-12-22 03:23:23\',NULL,\'orange_money\',40050,\'PAY-5B65130AF4\',\'62\',\'en_attente\',\'complet\',\'2026-03-07 00:44:23\'), (\'2026-03-31 13:17:23\',NULL,\'mvola\',37900,\'PAY-8036B2A716\',\'11\',\'en_attente\',\'complet\',\'2026-03-22 03:04:23\'), (\'2026-07-05 10:10:23\',NULL,\'mvola\',53891,\'PAY-3CD96933C9\',\'52\',\'en_attente\',\'solde\',\'2026-03-31 20:06:23\'), (\'2026-01-05 01:06:23\',NULL,\'airtel_money\',30185,\'PAY-791BD2BCA4\',\'55\',\'valide\',\'solde\',\'2026-04-09 09:32:23\'), (\'2026-06-30 01:39:23\',NULL,\'orange_money\',32454,\'PAY-A4591582FC\',\'10\',\'valide\',\'acompte\',\'2026-03-28 07:51:23\'), (\'2026-02-24 05:02:23\',NULL,\'airtel_money\',22167,\'PAY-733C1F80B2\',\'56\',\'en_attente\',\'complet\',\'2026-06-10 06:00:23\'), (\'2026-06-14 22:10:23\',NULL,\'mvola\',45052,\'PAY-15B108EC2C\',\'21\',\'valide\',\'acompte\',\'2026-06-20 05:50:23\'), (\'2026-04-09 02:11:23\',NULL,\'orange_money\',8106,\'PAY-B68D073010\',\'65\',\'valide\',\'solde\',\'2026-04-17 04:48:23\'), (\'2026-03-30 09:00:23\',NULL,\'airtel_money\',52603,\'PAY-50191B3008\',\'31\',\'en_attente\',\'acompte\',\'2026-04-18 17:30:23\'), (\'2025-09-02 12:39:23\',NULL,\'orange_money\',29359,\'PAY-94ADFB9F15\',\'52\',\'refuse\',\'acompte\',\'2026-02-19 23:41:23\'), (\'2026-04-14 02:00:23\',NULL,\'mvola\',21809,\'PAY-195BE857E3\',\'45\',\'valide\',\'acompte\',\'2026-05-30 19:53:23\'), (\'2026-06-16 19:47:23\',NULL,\'orange_money\',37765,\'PAY-4CE7B29AFA\',\'37\',\'refuse\',\'solde\',\'2026-06-01 11:58:23\'), (\'2026-03-16 07:29:23\',NULL,\'airtel_money\',53062,\'PAY-5F39AD27CD\',\'6\',\'valide\',\'complet\',\'2026-04-20 17:55:23\'), (\'2025-11-11 21:24:23\',NULL,\'orange_money\',56286,\'PAY-4EBCF26ED3\',\'55\',\'refuse\',\'complet\',\'2026-02-17 07:25:23\'), (\'2025-11-06 16:04:23\',NULL,\'orange_money\',41272,\'PAY-BCD65D4424\',\'39\',\'valide\',\'solde\',\'2026-07-06 01:54:23\'), (\'2025-11-01 18:06:23\',NULL,\'airtel_money\',32400,\'PAY-128DE7BD9B\',\'56\',\'valide\',\'complet\',\'2026-07-06 07:46:23\'), (\'2025-06-24 05:09:23\',NULL,\'airtel_money\',58065,\'PAY-CDE69FC75C\',\'53\',\'valide\',\'solde\',\'2026-02-16 08:43:23\'), (\'2025-10-29 17:01:23\',NULL,\'mvola\',13676,\'PAY-DCBD589E5F\',\'9\',\'valide\',\'solde\',\'2026-06-06 04:54:23\'), (\'2025-07-25 18:59:23\',NULL,\'orange_money\',56540,\'PAY-12A2E1417D\',\'54\',\'en_attente\',\'acompte\',\'2026-04-29 00:50:23\'), (\'2025-12-17 01:40:23\',NULL,\'airtel_money\',48441,\'PAY-1E3E7F9930\',\'9\',\'refuse\',\'solde\',\'2026-03-05 01:42:23\')')
 3 SYSTEMPATH\Database\BaseConnection.php(827): CodeIgniter\Database\BaseConnection->simpleQuery('INSERT INTO `paiements` (`created_at`, `deleted_at`, `mode`, `montant`, `reference`, `reservation_id`, `statut`, `type`, `updated_at`)
VALUES (\'2026-03-28 12:33:23\',NULL,\'airtel_money\',5740,\'PAY-321C1F3741\',\'34\',\'refuse\',\'complet\',\'2026-05-16 22:33:23\'), (\'2026-04-22 21:08:23\',NULL,\'orange_money\',46885,\'PAY-D22A23E75B\',\'48\',\'valide\',\'solde\',\'2026-02-23 05:21:23\'), (\'2025-11-14 18:23:23\',NULL,\'mvola\',39739,\'PAY-3814A6BC41\',\'45\',\'en_attente\',\'solde\',\'2026-05-02 05:46:23\'), (\'2026-03-24 08:06:23\',NULL,\'airtel_money\',40168,\'PAY-10B1AE8D70\',\'18\',\'refuse\',\'solde\',\'2026-06-29 07:41:23\'), (\'2025-08-10 08:55:23\',NULL,\'orange_money\',35621,\'PAY-AB3D331089\',\'2\',\'en_attente\',\'solde\',\'2026-06-04 06:00:23\'), (\'2025-08-18 02:18:23\',NULL,\'mvola\',22571,\'PAY-7C73F6E9E8\',\'26\',\'valide\',\'solde\',\'2026-04-06 21:19:23\'), (\'2025-10-18 01:28:23\',NULL,\'orange_money\',7722,\'PAY-1204ADAD75\',\'20\',\'valide\',\'solde\',\'2026-04-02 11:25:23\'), (\'2026-01-18 08:08:23\',NULL,\'mvola\',20585,\'PAY-A5944A7E93\',\'7\',\'refuse\',\'acompte\',\'2026-04-15 07:34:23\'), (\'2026-04-13 23:13:23\',NULL,\'mvola\',30523,\'PAY-6C165D0338\',\'22\',\'valide\',\'acompte\',\'2026-03-30 10:55:23\'), (\'2026-02-09 01:27:23\',NULL,\'orange_money\',21263,\'PAY-023C399E5D\',\'5\',\'valide\',\'acompte\',\'2026-04-12 23:45:23\'), (\'2026-02-07 17:00:23\',NULL,\'orange_money\',2827,\'PAY-0CEA8093DA\',\'55\',\'valide\',\'complet\',\'2026-06-18 08:51:23\'), (\'2025-07-23 05:44:23\',NULL,\'airtel_money\',53223,\'PAY-C26A76141D\',\'49\',\'valide\',\'acompte\',\'2026-07-08 02:52:23\'), (\'2026-05-10 00:58:23\',NULL,\'mvola\',24082,\'PAY-F5F05E039E\',\'1\',\'valide\',\'acompte\',\'2026-05-17 21:17:23\'), (\'2026-03-09 22:09:23\',NULL,\'orange_money\',9614,\'PAY-752B0CEDEB\',\'42\',\'en_attente\',\'acompte\',\'2026-06-26 11:05:23\'), (\'2026-02-01 10:51:23\',NULL,\'airtel_money\',21235,\'PAY-EEEA662A18\',\'2\',\'valide\',\'solde\',\'2026-04-18 15:37:23\'), (\'2025-11-16 14:55:23\',NULL,\'orange_money\',28738,\'PAY-67BE17FA61\',\'15\',\'en_attente\',\'acompte\',\'2026-05-08 18:32:23\'), (\'2025-09-11 20:17:23\',NULL,\'orange_money\',57921,\'PAY-713E128742\',\'48\',\'valide\',\'solde\',\'2026-06-08 13:16:23\'), (\'2026-07-09 08:06:23\',NULL,\'mvola\',40949,\'PAY-6EA36DE28D\',\'14\',\'valide\',\'complet\',\'2026-04-05 20:23:23\'), (\'2026-06-11 04:10:23\',NULL,\'orange_money\',10743,\'PAY-2102C3FC9D\',\'34\',\'en_attente\',\'solde\',\'2026-04-05 23:28:23\'), (\'2026-06-16 21:39:23\',NULL,\'mvola\',59703,\'PAY-1F0D53B26C\',\'46\',\'refuse\',\'solde\',\'2026-06-20 21:41:23\'), (\'2025-12-26 02:44:23\',NULL,\'orange_money\',45594,\'PAY-0D9C0F0A42\',\'65\',\'refuse\',\'solde\',\'2026-05-23 11:45:23\'), (\'2026-05-19 22:03:23\',NULL,\'mvola\',40152,\'PAY-6EABA4524C\',\'28\',\'valide\',\'acompte\',\'2026-02-21 06:21:23\'), (\'2025-12-15 10:47:23\',NULL,\'airtel_money\',59324,\'PAY-4E4D5B5756\',\'44\',\'en_attente\',\'acompte\',\'2026-07-12 15:12:23\'), (\'2026-07-10 04:10:23\',NULL,\'mvola\',19124,\'PAY-4272B6738F\',\'39\',\'valide\',\'acompte\',\'2026-07-12 13:45:23\'), (\'2026-03-09 22:21:23\',NULL,\'airtel_money\',15695,\'PAY-0BEE296C02\',\'60\',\'valide\',\'acompte\',\'2026-04-07 06:34:23\'), (\'2025-12-03 22:01:23\',NULL,\'mvola\',25625,\'PAY-D014ADFB71\',\'27\',\'valide\',\'solde\',\'2026-03-03 04:22:23\'), (\'2026-04-21 17:46:23\',NULL,\'orange_money\',28340,\'PAY-FF26200783\',\'27\',\'refuse\',\'acompte\',\'2026-03-20 06:36:23\'), (\'2025-11-15 11:05:23\',NULL,\'orange_money\',28004,\'PAY-34F59CEC61\',\'20\',\'en_attente\',\'acompte\',\'2026-02-24 18:35:23\'), (\'2026-05-12 01:48:23\',NULL,\'mvola\',19093,\'PAY-DBC92F1CF8\',\'53\',\'valide\',\'solde\',\'2026-03-04 02:36:23\'), (\'2026-03-22 08:40:23\',NULL,\'mvola\',9926,\'PAY-CCB3D4C5A7\',\'41\',\'en_attente\',\'complet\',\'2026-03-03 23:27:23\'), (\'2026-03-25 09:34:23\',NULL,\'mvola\',11269,\'PAY-7C5E248B58\',\'32\',\'valide\',\'complet\',\'2026-04-04 16:25:23\'), (\'2025-07-12 22:01:23\',NULL,\'airtel_money\',47666,\'PAY-1B6848B565\',\'29\',\'refuse\',\'complet\',\'2026-03-15 06:32:23\'), (\'2025-12-15 08:14:23\',NULL,\'mvola\',6019,\'PAY-D3005D3A3E\',\'53\',\'valide\',\'acompte\',\'2026-06-03 20:41:23\'), (\'2026-03-25 15:50:23\',NULL,\'airtel_money\',43301,\'PAY-D16690E449\',\'35\',\'refuse\',\'solde\',\'2026-04-15 14:20:23\'), (\'2025-12-14 09:43:23\',NULL,\'airtel_money\',21960,\'PAY-9A6BA1DB65\',\'18\',\'refuse\',\'complet\',\'2026-06-04 15:57:23\'), (\'2025-12-22 03:23:23\',NULL,\'orange_money\',40050,\'PAY-5B65130AF4\',\'62\',\'en_attente\',\'complet\',\'2026-03-07 00:44:23\'), (\'2026-03-31 13:17:23\',NULL,\'mvola\',37900,\'PAY-8036B2A716\',\'11\',\'en_attente\',\'complet\',\'2026-03-22 03:04:23\'), (\'2026-07-05 10:10:23\',NULL,\'mvola\',53891,\'PAY-3CD96933C9\',\'52\',\'en_attente\',\'solde\',\'2026-03-31 20:06:23\'), (\'2026-01-05 01:06:23\',NULL,\'airtel_money\',30185,\'PAY-791BD2BCA4\',\'55\',\'valide\',\'solde\',\'2026-04-09 09:32:23\'), (\'2026-06-30 01:39:23\',NULL,\'orange_money\',32454,\'PAY-A4591582FC\',\'10\',\'valide\',\'acompte\',\'2026-03-28 07:51:23\'), (\'2026-02-24 05:02:23\',NULL,\'airtel_money\',22167,\'PAY-733C1F80B2\',\'56\',\'en_attente\',\'complet\',\'2026-06-10 06:00:23\'), (\'2026-06-14 22:10:23\',NULL,\'mvola\',45052,\'PAY-15B108EC2C\',\'21\',\'valide\',\'acompte\',\'2026-06-20 05:50:23\'), (\'2026-04-09 02:11:23\',NULL,\'orange_money\',8106,\'PAY-B68D073010\',\'65\',\'valide\',\'solde\',\'2026-04-17 04:48:23\'), (\'2026-03-30 09:00:23\',NULL,\'airtel_money\',52603,\'PAY-50191B3008\',\'31\',\'en_attente\',\'acompte\',\'2026-04-18 17:30:23\'), (\'2025-09-02 12:39:23\',NULL,\'orange_money\',29359,\'PAY-94ADFB9F15\',\'52\',\'refuse\',\'acompte\',\'2026-02-19 23:41:23\'), (\'2026-04-14 02:00:23\',NULL,\'mvola\',21809,\'PAY-195BE857E3\',\'45\',\'valide\',\'acompte\',\'2026-05-30 19:53:23\'), (\'2026-06-16 19:47:23\',NULL,\'orange_money\',37765,\'PAY-4CE7B29AFA\',\'37\',\'refuse\',\'solde\',\'2026-06-01 11:58:23\'), (\'2026-03-16 07:29:23\',NULL,\'airtel_money\',53062,\'PAY-5F39AD27CD\',\'6\',\'valide\',\'complet\',\'2026-04-20 17:55:23\'), (\'2025-11-11 21:24:23\',NULL,\'orange_money\',56286,\'PAY-4EBCF26ED3\',\'55\',\'refuse\',\'complet\',\'2026-02-17 07:25:23\'), (\'2025-11-06 16:04:23\',NULL,\'orange_money\',41272,\'PAY-BCD65D4424\',\'39\',\'valide\',\'solde\',\'2026-07-06 01:54:23\'), (\'2025-11-01 18:06:23\',NULL,\'airtel_money\',32400,\'PAY-128DE7BD9B\',\'56\',\'valide\',\'complet\',\'2026-07-06 07:46:23\'), (\'2025-06-24 05:09:23\',NULL,\'airtel_money\',58065,\'PAY-CDE69FC75C\',\'53\',\'valide\',\'solde\',\'2026-02-16 08:43:23\'), (\'2025-10-29 17:01:23\',NULL,\'mvola\',13676,\'PAY-DCBD589E5F\',\'9\',\'valide\',\'solde\',\'2026-06-06 04:54:23\'), (\'2025-07-25 18:59:23\',NULL,\'orange_money\',56540,\'PAY-12A2E1417D\',\'54\',\'en_attente\',\'acompte\',\'2026-04-29 00:50:23\'), (\'2025-12-17 01:40:23\',NULL,\'airtel_money\',48441,\'PAY-1E3E7F9930\',\'9\',\'refuse\',\'solde\',\'2026-03-05 01:42:23\')')
 4 SYSTEMPATH\Database\BaseBuilder.php(1841): CodeIgniter\Database\BaseConnection->query('INSERT INTO `paiements` (`created_at`, `deleted_at`, `mode`, `montant`, `reference`, `reservation_id`, `statut`, `type`, `updated_at`)
VALUES (\'2026-03-28 12:33:23\',NULL,\'airtel_money\',5740,\'PAY-321C1F3741\',\'34\',\'refuse\',\'complet\',\'2026-05-16 22:33:23\'), (\'2026-04-22 21:08:23\',NULL,\'orange_money\',46885,\'PAY-D22A23E75B\',\'48\',\'valide\',\'solde\',\'2026-02-23 05:21:23\'), (\'2025-11-14 18:23:23\',NULL,\'mvola\',39739,\'PAY-3814A6BC41\',\'45\',\'en_attente\',\'solde\',\'2026-05-02 05:46:23\'), (\'2026-03-24 08:06:23\',NULL,\'airtel_money\',40168,\'PAY-10B1AE8D70\',\'18\',\'refuse\',\'solde\',\'2026-06-29 07:41:23\'), (\'2025-08-10 08:55:23\',NULL,\'orange_money\',35621,\'PAY-AB3D331089\',\'2\',\'en_attente\',\'solde\',\'2026-06-04 06:00:23\'), (\'2025-08-18 02:18:23\',NULL,\'mvola\',22571,\'PAY-7C73F6E9E8\',\'26\',\'valide\',\'solde\',\'2026-04-06 21:19:23\'), (\'2025-10-18 01:28:23\',NULL,\'orange_money\',7722,\'PAY-1204ADAD75\',\'20\',\'valide\',\'solde\',\'2026-04-02 11:25:23\'), (\'2026-01-18 08:08:23\',NULL,\'mvola\',20585,\'PAY-A5944A7E93\',\'7\',\'refuse\',\'acompte\',\'2026-04-15 07:34:23\'), (\'2026-04-13 23:13:23\',NULL,\'mvola\',30523,\'PAY-6C165D0338\',\'22\',\'valide\',\'acompte\',\'2026-03-30 10:55:23\'), (\'2026-02-09 01:27:23\',NULL,\'orange_money\',21263,\'PAY-023C399E5D\',\'5\',\'valide\',\'acompte\',\'2026-04-12 23:45:23\'), (\'2026-02-07 17:00:23\',NULL,\'orange_money\',2827,\'PAY-0CEA8093DA\',\'55\',\'valide\',\'complet\',\'2026-06-18 08:51:23\'), (\'2025-07-23 05:44:23\',NULL,\'airtel_money\',53223,\'PAY-C26A76141D\',\'49\',\'valide\',\'acompte\',\'2026-07-08 02:52:23\'), (\'2026-05-10 00:58:23\',NULL,\'mvola\',24082,\'PAY-F5F05E039E\',\'1\',\'valide\',\'acompte\',\'2026-05-17 21:17:23\'), (\'2026-03-09 22:09:23\',NULL,\'orange_money\',9614,\'PAY-752B0CEDEB\',\'42\',\'en_attente\',\'acompte\',\'2026-06-26 11:05:23\'), (\'2026-02-01 10:51:23\',NULL,\'airtel_money\',21235,\'PAY-EEEA662A18\',\'2\',\'valide\',\'solde\',\'2026-04-18 15:37:23\'), (\'2025-11-16 14:55:23\',NULL,\'orange_money\',28738,\'PAY-67BE17FA61\',\'15\',\'en_attente\',\'acompte\',\'2026-05-08 18:32:23\'), (\'2025-09-11 20:17:23\',NULL,\'orange_money\',57921,\'PAY-713E128742\',\'48\',\'valide\',\'solde\',\'2026-06-08 13:16:23\'), (\'2026-07-09 08:06:23\',NULL,\'mvola\',40949,\'PAY-6EA36DE28D\',\'14\',\'valide\',\'complet\',\'2026-04-05 20:23:23\'), (\'2026-06-11 04:10:23\',NULL,\'orange_money\',10743,\'PAY-2102C3FC9D\',\'34\',\'en_attente\',\'solde\',\'2026-04-05 23:28:23\'), (\'2026-06-16 21:39:23\',NULL,\'mvola\',59703,\'PAY-1F0D53B26C\',\'46\',\'refuse\',\'solde\',\'2026-06-20 21:41:23\'), (\'2025-12-26 02:44:23\',NULL,\'orange_money\',45594,\'PAY-0D9C0F0A42\',\'65\',\'refuse\',\'solde\',\'2026-05-23 11:45:23\'), (\'2026-05-19 22:03:23\',NULL,\'mvola\',40152,\'PAY-6EABA4524C\',\'28\',\'valide\',\'acompte\',\'2026-02-21 06:21:23\'), (\'2025-12-15 10:47:23\',NULL,\'airtel_money\',59324,\'PAY-4E4D5B5756\',\'44\',\'en_attente\',\'acompte\',\'2026-07-12 15:12:23\'), (\'2026-07-10 04:10:23\',NULL,\'mvola\',19124,\'PAY-4272B6738F\',\'39\',\'valide\',\'acompte\',\'2026-07-12 13:45:23\'), (\'2026-03-09 22:21:23\',NULL,\'airtel_money\',15695,\'PAY-0BEE296C02\',\'60\',\'valide\',\'acompte\',\'2026-04-07 06:34:23\'), (\'2025-12-03 22:01:23\',NULL,\'mvola\',25625,\'PAY-D014ADFB71\',\'27\',\'valide\',\'solde\',\'2026-03-03 04:22:23\'), (\'2026-04-21 17:46:23\',NULL,\'orange_money\',28340,\'PAY-FF26200783\',\'27\',\'refuse\',\'acompte\',\'2026-03-20 06:36:23\'), (\'2025-11-15 11:05:23\',NULL,\'orange_money\',28004,\'PAY-34F59CEC61\',\'20\',\'en_attente\',\'acompte\',\'2026-02-24 18:35:23\'), (\'2026-05-12 01:48:23\',NULL,\'mvola\',19093,\'PAY-DBC92F1CF8\',\'53\',\'valide\',\'solde\',\'2026-03-04 02:36:23\'), (\'2026-03-22 08:40:23\',NULL,\'mvola\',9926,\'PAY-CCB3D4C5A7\',\'41\',\'en_attente\',\'complet\',\'2026-03-03 23:27:23\'), (\'2026-03-25 09:34:23\',NULL,\'mvola\',11269,\'PAY-7C5E248B58\',\'32\',\'valide\',\'complet\',\'2026-04-04 16:25:23\'), (\'2025-07-12 22:01:23\',NULL,\'airtel_money\',47666,\'PAY-1B6848B565\',\'29\',\'refuse\',\'complet\',\'2026-03-15 06:32:23\'), (\'2025-12-15 08:14:23\',NULL,\'mvola\',6019,\'PAY-D3005D3A3E\',\'53\',\'valide\',\'acompte\',\'2026-06-03 20:41:23\'), (\'2026-03-25 15:50:23\',NULL,\'airtel_money\',43301,\'PAY-D16690E449\',\'35\',\'refuse\',\'solde\',\'2026-04-15 14:20:23\'), (\'2025-12-14 09:43:23\',NULL,\'airtel_money\',21960,\'PAY-9A6BA1DB65\',\'18\',\'refuse\',\'complet\',\'2026-06-04 15:57:23\'), (\'2025-12-22 03:23:23\',NULL,\'orange_money\',40050,\'PAY-5B65130AF4\',\'62\',\'en_attente\',\'complet\',\'2026-03-07 00:44:23\'), (\'2026-03-31 13:17:23\',NULL,\'mvola\',37900,\'PAY-8036B2A716\',\'11\',\'en_attente\',\'complet\',\'2026-03-22 03:04:23\'), (\'2026-07-05 10:10:23\',NULL,\'mvola\',53891,\'PAY-3CD96933C9\',\'52\',\'en_attente\',\'solde\',\'2026-03-31 20:06:23\'), (\'2026-01-05 01:06:23\',NULL,\'airtel_money\',30185,\'PAY-791BD2BCA4\',\'55\',\'valide\',\'solde\',\'2026-04-09 09:32:23\'), (\'2026-06-30 01:39:23\',NULL,\'orange_money\',32454,\'PAY-A4591582FC\',\'10\',\'valide\',\'acompte\',\'2026-03-28 07:51:23\'), (\'2026-02-24 05:02:23\',NULL,\'airtel_money\',22167,\'PAY-733C1F80B2\',\'56\',\'en_attente\',\'complet\',\'2026-06-10 06:00:23\'), (\'2026-06-14 22:10:23\',NULL,\'mvola\',45052,\'PAY-15B108EC2C\',\'21\',\'valide\',\'acompte\',\'2026-06-20 05:50:23\'), (\'2026-04-09 02:11:23\',NULL,\'orange_money\',8106,\'PAY-B68D073010\',\'65\',\'valide\',\'solde\',\'2026-04-17 04:48:23\'), (\'2026-03-30 09:00:23\',NULL,\'airtel_money\',52603,\'PAY-50191B3008\',\'31\',\'en_attente\',\'acompte\',\'2026-04-18 17:30:23\'), (\'2025-09-02 12:39:23\',NULL,\'orange_money\',29359,\'PAY-94ADFB9F15\',\'52\',\'refuse\',\'acompte\',\'2026-02-19 23:41:23\'), (\'2026-04-14 02:00:23\',NULL,\'mvola\',21809,\'PAY-195BE857E3\',\'45\',\'valide\',\'acompte\',\'2026-05-30 19:53:23\'), (\'2026-06-16 19:47:23\',NULL,\'orange_money\',37765,\'PAY-4CE7B29AFA\',\'37\',\'refuse\',\'solde\',\'2026-06-01 11:58:23\'), (\'2026-03-16 07:29:23\',NULL,\'airtel_money\',53062,\'PAY-5F39AD27CD\',\'6\',\'valide\',\'complet\',\'2026-04-20 17:55:23\'), (\'2025-11-11 21:24:23\',NULL,\'orange_money\',56286,\'PAY-4EBCF26ED3\',\'55\',\'refuse\',\'complet\',\'2026-02-17 07:25:23\'), (\'2025-11-06 16:04:23\',NULL,\'orange_money\',41272,\'PAY-BCD65D4424\',\'39\',\'valide\',\'solde\',\'2026-07-06 01:54:23\'), (\'2025-11-01 18:06:23\',NULL,\'airtel_money\',32400,\'PAY-128DE7BD9B\',\'56\',\'valide\',\'complet\',\'2026-07-06 07:46:23\'), (\'2025-06-24 05:09:23\',NULL,\'airtel_money\',58065,\'PAY-CDE69FC75C\',\'53\',\'valide\',\'solde\',\'2026-02-16 08:43:23\'), (\'2025-10-29 17:01:23\',NULL,\'mvola\',13676,\'PAY-DCBD589E5F\',\'9\',\'valide\',\'solde\',\'2026-06-06 04:54:23\'), (\'2025-07-25 18:59:23\',NULL,\'orange_money\',56540,\'PAY-12A2E1417D\',\'54\',\'en_attente\',\'acompte\',\'2026-04-29 00:50:23\'), (\'2025-12-17 01:40:23\',NULL,\'airtel_money\',48441,\'PAY-1E3E7F9930\',\'9\',\'refuse\',\'solde\',\'2026-03-05 01:42:23\')', null, false)
 5 SYSTEMPATH\Database\BaseBuilder.php(2230): CodeIgniter\Database\BaseBuilder->batchExecute('_insertBatch', 100)
 6 APPPATH\Database\Migrations\2026-07-12-220611_Donnee.php(466): CodeIgniter\Database\BaseBuilder->insertBatch([...])
 7 APPPATH\Database\Migrations\2026-07-12-220611_Donnee.php(56): App\Database\Migrations\SeedDataExceptUsers->seedPaiements()
 8 SYSTEMPATH\Database\MigrationRunner.php(1014): App\Database\Migrations\SeedDataExceptUsers->up()
 9 SYSTEMPATH\Database\MigrationRunner.php(202): CodeIgniter\Database\MigrationRunner->migrate('up', Object(stdClass))
10 SYSTEMPATH\Commands\Database\Migrate.php(89): CodeIgniter\Database\MigrationRunner->latest(null)
11 SYSTEMPATH\CLI\SignalTrait.php(245): CodeIgniter\Commands\Database\Migrate::{closure:CodeIgniter\Commands\Database\Migrate::run():88}()
12 SYSTEMPATH\Commands\Database\Migrate.php(88): CodeIgniter\Commands\Database\Migrate->withSignalsBlocked(Object(Closure))
13 SYSTEMPATH\CLI\Commands.php(74): CodeIgniter\Commands\Database\Migrate->run([])
14 SYSTEMPATH\CLI\Console.php(47): CodeIgniter\CLI\Commands->run('migrate', [])
15 SYSTEMPATH\Boot.php(442): CodeIgniter\CLI\Console->run()
16 SYSTEMPATH\Boot.php(166): CodeIgniter\Boot::runCommand(Object(CodeIgniter\CLI\Console))
17 ROOTPATH\spark(87): CodeIgniter\Boot::bootSpark(Object(Config\Paths))
ERROR - 2026-07-12 22:19:28 --> Subquery returns more than 1 row
in SYSTEMPATH\Database\MySQLi\Connection.php on line 300.
 1 SYSTEMPATH\Database\MySQLi\Connection.php(300): mysqli->query('INSERT INTO `paiements` (`created_at`, `date_archivage`, `deleted_at`, `mode`, `montant`, `reference`, `reservation_id`, `statut`, `type`, `updated_at`)
VALUES (\'2025-10-08 12:11:20\',\'2025-03-11 02:17:50\',NULL,\'mvola\',61621,\'PAY-000001\',83,\'valide\',\'solde\',\'2024-05-14 22:26:13\'), (\'2024-05-24 09:02:21\',\'2025-09-02 08:35:44\',NULL,\'orange_money\',475374,\'PAY-000002\',17,\'valide\',\'acompte\',\'2024-10-22 00:50:40\'), (\'2024-04-02 20:01:18\',\'2024-09-14 20:31:53\',NULL,\'mvola\',423511,\'PAY-000003\',79,\'refuse\',\'complet\',\'2023-02-02 08:32:33\'), (\'2026-04-13 07:12:11\',\'2023-10-31 03:21:13\',NULL,\'airtel_money\',240722,\'PAY-000004\',40,\'en_attente\',\'complet\',\'2023-02-25 09:16:58\'), (\'2025-08-19 17:11:12\',\'2025-06-01 16:07:54\',NULL,\'mvola\',86428,\'PAY-000005\',30,\'refuse\',\'acompte\',\'2023-04-27 05:43:05\'), (\'2025-09-14 05:03:46\',\'2025-02-12 21:18:23\',NULL,\'mvola\',421314,\'PAY-000006\',53,\'valide\',\'complet\',\'2025-10-08 01:17:17\'), (\'2025-06-18 08:51:21\',\'2025-10-16 23:57:11\',NULL,\'airtel_money\',21474,\'PAY-000007\',61,\'en_attente\',\'complet\',\'2025-04-13 07:12:37\'), (\'2026-03-03 03:58:27\',\'2024-08-09 19:21:16\',NULL,\'airtel_money\',10416,\'PAY-000008\',51,\'en_attente\',\'acompte\',\'2025-07-10 04:46:13\'), (\'2024-04-14 15:19:54\',\'2026-06-16 00:26:20\',NULL,\'orange_money\',61038,\'PAY-000009\',81,\'en_attente\',\'solde\',\'2025-02-24 07:08:28\'), (\'2026-06-20 10:22:34\',\'2023-08-10 21:02:43\',NULL,\'airtel_money\',452507,\'PAY-000010\',1,\'en_attente\',\'acompte\',\'2023-12-22 09:21:36\'), (\'2024-02-11 04:57:43\',\'2024-05-12 22:08:35\',NULL,\'airtel_money\',186544,\'PAY-000011\',56,\'en_attente\',\'solde\',\'2025-09-16 05:15:48\'), (\'2024-03-26 20:54:06\',\'2024-06-21 01:35:39\',NULL,\'mvola\',404980,\'PAY-000012\',19,\'refuse\',\'complet\',\'2023-04-27 03:21:00\'), (\'2024-03-21 15:08:18\',\'2024-05-05 12:35:06\',NULL,\'orange_money\',303628,\'PAY-000013\',16,\'refuse\',\'solde\',\'2025-07-23 13:01:14\'), (\'2024-02-08 08:00:57\',\'2023-03-24 13:54:13\',NULL,\'airtel_money\',206720,\'PAY-000014\',79,\'en_attente\',\'solde\',\'2023-02-22 18:45:19\'), (\'2026-06-07 05:54:23\',\'2024-02-29 19:12:42\',NULL,\'airtel_money\',480164,\'PAY-000015\',95,\'valide\',\'solde\',\'2024-03-28 04:32:22\'), (\'2024-06-27 06:48:52\',\'2023-06-02 04:30:24\',NULL,\'mvola\',169944,\'PAY-000016\',75,\'refuse\',\'solde\',\'2025-05-20 20:09:13\'), (\'2025-09-22 04:45:19\',\'2024-02-25 10:40:30\',NULL,\'mvola\',328983,\'PAY-000017\',100,\'valide\',\'solde\',\'2023-04-06 23:21:29\'), (\'2023-07-25 01:28:56\',\'2023-03-16 21:31:10\',NULL,\'mvola\',494822,\'PAY-000018\',2,\'en_attente\',\'acompte\',\'2024-05-22 10:42:13\'), (\'2023-10-04 05:07:09\',\'2025-10-09 04:20:20\',NULL,\'mvola\',111741,\'PAY-000019\',100,\'refuse\',\'acompte\',\'2023-02-23 13:47:37\'), (\'2023-08-27 13:50:05\',\'2024-09-29 02:54:39\',NULL,\'mvola\',268698,\'PAY-000020\',77,\'refuse\',\'solde\',\'2023-02-06 10:58:20\'), (\'2023-11-16 17:44:03\',\'2026-07-12 14:58:49\',NULL,\'airtel_money\',321987,\'PAY-000021\',13,\'en_attente\',\'acompte\',\'2023-05-04 13:56:00\'), (\'2023-03-03 20:26:59\',\'2025-01-22 21:28:41\',NULL,\'mvola\',243336,\'PAY-000022\',37,\'en_attente\',\'complet\',\'2024-12-25 02:15:55\'), (\'2023-10-09 12:00:54\',\'2026-04-17 06:14:24\',NULL,\'airtel_money\',408139,\'PAY-000023\',45,\'en_attente\',\'solde\',\'2025-10-06 12:56:36\'), (\'2026-03-02 04:35:41\',\'2024-10-22 16:17:33\',NULL,\'airtel_money\',440571,\'PAY-000024\',46,\'valide\',\'solde\',\'2025-10-08 19:31:38\'), (\'2025-02-15 05:17:22\',\'2023-03-14 04:08:25\',NULL,\'mvola\',72120,\'PAY-000025\',32,\'refuse\',\'acompte\',\'2026-05-13 06:18:23\'), (\'2024-03-26 19:37:48\',\'2023-02-03 09:27:59\',NULL,\'mvola\',332180,\'PAY-000026\',31,\'en_attente\',\'acompte\',\'2023-11-29 00:13:39\'), (\'2025-05-04 09:07:45\',\'2025-04-15 05:57:49\',NULL,\'orange_money\',164984,\'PAY-000027\',2,\'refuse\',\'complet\',\'2025-12-31 11:59:35\'), (\'2026-02-23 00:10:46\',\'2024-07-27 02:18:19\',NULL,\'orange_money\',195576,\'PAY-000028\',5,\'refuse\',\'complet\',\'2023-02-10 17:34:48\'), (\'2026-04-23 00:20:17\',\'2025-03-31 11:53:44\',NULL,\'mvola\',112974,\'PAY-000029\',59,\'valide\',\'solde\',\'2024-08-06 14:54:15\'), (\'2025-03-24 23:17:27\',\'2024-12-05 19:12:31\',NULL,\'airtel_money\',113595,\'PAY-000030\',17,\'en_attente\',\'solde\',\'2023-07-04 09:34:13\'), (\'2026-04-12 11:25:33\',\'2024-07-04 04:34:00\',NULL,\'airtel_money\',444254,\'PAY-000031\',36,\'en_attente\',\'solde\',\'2024-10-09 04:53:21\'), (\'2024-01-04 10:45:53\',\'2025-11-17 08:40:39\',NULL,\'orange_money\',133094,\'PAY-000032\',48,\'valide\',\'acompte\',\'2026-01-05 19:55:04\'), (\'2025-11-03 03:54:41\',\'2025-03-12 09:17:08\',NULL,\'orange_money\',336981,\'PAY-000033\',37,\'refuse\',\'solde\',\'2023-03-13 01:09:39\'), (\'2024-12-09 01:36:22\',\'2023-08-04 06:51:51\',NULL,\'airtel_money\',363440,\'PAY-000034\',15,\'en_attente\',\'complet\',\'2024-05-22 07:39:02\'), (\'2024-07-16 07:09:16\',\'2024-07-18 13:53:11\',NULL,\'orange_money\',178855,\'PAY-000035\',95,\'en_attente\',\'complet\',\'2024-11-13 09:00:49\'), (\'2023-01-11 23:45:26\',\'2026-05-02 21:19:21\',NULL,\'airtel_money\',101056,\'PAY-000036\',20,\'en_attente\',\'acompte\',\'2023-05-05 05:16:23\'), (\'2023-02-15 11:45:55\',\'2026-02-19 05:56:28\',NULL,\'orange_money\',256874,\'PAY-000037\',55,\'valide\',\'complet\',\'2025-08-20 04:35:01\'), (\'2023-12-20 17:09:26\',\'2024-11-13 01:00:52\',NULL,\'mvola\',287342,\'PAY-000038\',91,\'en_attente\',\'acompte\',\'2023-03-12 13:56:23\'), (\'2025-06-30 06:51:04\',\'2024-10-01 16:16:00\',NULL,\'orange_money\',56238,\'PAY-000039\',31,\'valide\',\'complet\',\'2026-03-16 01:32:10\'), (\'2026-02-20 16:01:39\',\'2024-06-26 11:11:45\',NULL,\'mvola\',335650,\'PAY-000040\',13,\'valide\',\'complet\',\'2024-11-06 03:52:23\'), (\'2024-08-17 19:27:53\',\'2025-05-03 16:21:29\',NULL,\'mvola\',33929,\'PAY-000041\',32,\'en_attente\',\'acompte\',\'2023-05-04 03:55:23\'), (\'2024-10-27 18:57:37\',\'2023-12-31 23:49:04\',NULL,\'airtel_money\',89026,\'PAY-000042\',66,\'valide\',\'solde\',\'2023-10-30 02:28:43\'), (\'2023-01-26 11:04:37\',\'2024-05-16 08:22:14\',NULL,\'orange_money\',354800,\'PAY-000043\',53,\'valide\',\'acompte\',\'2025-08-17 07:56:23\'), (\'2026-04-20 23:14:37\',\'2026-02-08 04:45:39\',NULL,\'orange_money\',106209,\'PAY-000044\',96,\'valide\',\'complet\',\'2023-01-11 20:41:15\'), (\'2023-04-04 15:34:18\',\'2024-10-30 08:53:54\',NULL,\'mvola\',294533,\'PAY-000045\',76,\'refuse\',\'acompte\',\'2024-11-18 20:50:52\'), (\'2024-10-30 07:49:20\',\'2026-05-16 17:01:33\',NULL,\'airtel_money\',458856,\'PAY-000046\',17,\'refuse\',\'acompte\',\'2024-11-23 08:29:36\'), (\'2023-03-31 17:00:02\',\'2023-05-26 04:03:31\',NULL,\'airtel_money\',36979,\'PAY-000047\',38,\'valide\',\'complet\',\'2023-08-16 13:57:05\'), (\'2025-12-03 12:23:50\',\'2024-11-15 12:26:43\',NULL,\'orange_money\',301533,\'PAY-000048\',65,\'refuse\',\'acompte\',\'2024-12-16 20:14:52\'), (\'2024-04-01 22:10:30\',\'2025-06-22 21:32:33\',NULL,\'airtel_money\',132899,\'PAY-000049\',26,\'valide\',\'acompte\',\'2026-01-13 14:11:26\'), (\'2025-10-06 15:56:22\',\'2025-10-11 21:52:36\',NULL,\'orange_money\',395512,\'PAY-000050\',95,\'valide\',\'complet\',\'2024-01-13 00:01:21\'), (\'2026-07-11 09:38:38\',\'2025-04-09 17:07:10\',NULL,\'orange_money\',489708,\'PAY-000051\',5,\'valide\',\'solde\',\'2024-10-24 00:42:54\'), (\'2024-05-29 19:00:36\',\'2024-02-29 09:06:40\',NULL,\'airtel_money\',388892,\'PAY-000052\',5,\'en_attente\',\'solde\',\'2023-08-17 20:12:16\'), (\'2026-01-16 09:04:14\',\'2023-07-24 23:34:03\',NULL,\'orange_money\',447503,\'PAY-000053\',94,\'en_attente\',\'acompte\',\'2025-07-01 00:14:43\'), (\'2023-06-14 08:36:16\',\'2024-06-02 19:40:36\',NULL,\'airtel_money\',455271,\'PAY-000054\',96,\'valide\',\'solde\',\'2024-09-01 09:35:04\'), (\'2024-06-19 06:02:10\',\'2023-10-03 11:27:49\',NULL,\'orange_money\',94505,\'PAY-000055\',73,\'valide\',\'acompte\',\'2023-12-08 21:33:15\'), (\'2023-10-02 05:06:53\',\'2025-09-08 16:06:46\',NULL,\'orange_money\',178772,\'PAY-000056\',72,\'valide\',\'acompte\',\'2024-05-07 14:30:18\'), (\'2025-07-25 03:59:37\',\'2026-04-03 23:13:23\',NULL,\'mvola\',154629,\'PAY-000057\',32,\'valide\',\'complet\',\'2026-02-12 10:25:19\'), (\'2023-07-23 21:29:07\',\'2025-10-20 04:41:46\',NULL,\'mvola\',354052,\'PAY-000058\',56,\'refuse\',\'solde\',\'2023-01-22 17:23:29\'), (\'2024-07-27 16:52:48\',\'2025-02-25 17:50:41\',NULL,\'mvola\',443334,\'PAY-000059\',15,\'refuse\',\'acompte\',\'2025-12-17 20:30:03\'), (\'2025-12-24 07:19:52\',\'2025-11-02 06:03:44\',NULL,\'orange_money\',445647,\'PAY-000060\',58,\'valide\',\'complet\',\'2026-03-25 19:38:21\'), (\'2025-11-29 05:58:40\',\'2023-09-17 17:28:14\',NULL,\'mvola\',54466,\'PAY-000061\',56,\'valide\',\'complet\',\'2023-09-29 12:46:29\'), (\'2026-05-06 00:33:53\',\'2025-04-28 10:57:26\',NULL,\'mvola\',184041,\'PAY-000062\',57,\'refuse\',\'acompte\',\'2024-10-16 03:24:13\'), (\'2024-05-21 02:01:59\',\'2025-02-28 11:26:59\',NULL,\'airtel_money\',219676,\'PAY-000063\',58,\'en_attente\',\'complet\',\'2025-01-14 08:34:41\'), (\'2023-07-20 20:14:38\',\'2025-08-04 03:14:01\',NULL,\'orange_money\',188775,\'PAY-000064\',12,\'valide\',\'complet\',\'2026-03-10 19:24:47\'), (\'2024-06-26 13:46:22\',\'2023-02-23 22:26:44\',NULL,\'orange_money\',476881,\'PAY-000065\',32,\'valide\',\'acompte\',\'2026-04-13 01:49:55\'), (\'2023-09-14 22:02:06\',\'2025-02-05 12:35:34\',NULL,\'mvola\',409812,\'PAY-000066\',56,\'valide\',\'solde\',\'2024-11-15 14:58:27\'), (\'2024-05-30 05:42:15\',\'2026-03-21 06:58:49\',NULL,\'orange_money\',463240,\'PAY-000067\',86,\'refuse\',\'complet\',\'2025-06-04 23:34:33\'), (\'2025-04-17 01:15:15\',\'2024-09-10 08:41:55\',NULL,\'orange_money\',378213,\'PAY-000068\',75,\'valide\',\'solde\',\'2025-06-25 21:45:42\'), (\'2025-11-02 00:38:54\',\'2023-10-21 19:57:42\',NULL,\'airtel_money\',457753,\'PAY-000069\',27,\'en_attente\',\'acompte\',\'2024-10-11 00:17:32\'), (\'2024-07-27 13:42:43\',\'2024-07-20 06:27:27\',NULL,\'airtel_money\',76527,\'PAY-000070\',32,\'valide\',\'solde\',\'2024-07-20 02:03:44\'), (\'2026-02-03 16:25:34\',\'2023-02-02 02:18:07\',NULL,\'mvola\',29743,\'PAY-000071\',59,\'refuse\',\'acompte\',\'2024-07-16 12:06:47\'), (\'2024-09-27 06:44:06\',\'2024-05-21 15:43:20\',NULL,\'orange_money\',64804,\'PAY-000072\',79,\'en_attente\',\'complet\',\'2023-01-21 19:19:38\'), (\'2024-07-10 21:44:15\',\'2026-01-02 21:21:08\',NULL,\'airtel_money\',126836,\'PAY-000073\',83,\'valide\',\'complet\',\'2026-04-05 05:42:14\'), (\'2023-06-27 11:49:04\',\'2023-09-08 08:30:12\',NULL,\'orange_money\',351324,\'PAY-000074\',55,\'refuse\',\'solde\',\'2025-09-27 11:53:07\'), (\'2024-07-01 15:51:29\',\'2024-08-30 18:08:07\',NULL,\'airtel_money\',145038,\'PAY-000075\',34,\'refuse\',\'solde\',\'2023-12-13 12:48:01\'), (\'2025-05-02 15:43:26\',\'2025-12-05 18:56:19\',NULL,\'airtel_money\',409825,\'PAY-000076\',14,\'en_attente\',\'solde\',\'2023-09-15 09:34:57\'), (\'2025-10-18 15:40:08\',\'2024-12-27 20:27:56\',NULL,\'mvola\',13442,\'PAY-000077\',66,\'en_attente\',\'acompte\',\'2023-01-01 09:54:48\'), (\'2024-04-26 11:11:05\',\'2026-03-27 17:38:36\',NULL,\'orange_money\',346072,\'PAY-000078\',59,\'valide\',\'acompte\',\'2023-09-16 21:48:00\'), (\'2026-06-18 01:04:39\',\'2025-02-10 11:47:06\',NULL,\'mvola\',251947,\'PAY-000079\',69,\'refuse\',\'complet\',\'2025-10-28 16:20:43\'), (\'2023-04-21 13:40:48\',\'2024-05-27 06:36:26\',NULL,\'airtel_money\',275682,\'PAY-000080\',26,\'en_attente\',\'solde\',\'2025-02-22 07:42:31\'), (\'2024-12-26 05:07:05\',\'2024-11-27 23:20:45\',NULL,\'airtel_money\',313459,\'PAY-000081\',2,\'valide\',\'solde\',\'2026-04-01 10:42:11\'), (\'2025-11-23 08:37:22\',\'2024-09-15 14:55:54\',NULL,\'airtel_money\',215045,\'PAY-000082\',50,\'refuse\',\'solde\',\'2024-01-14 03:07:09\'), (\'2023-12-27 14:42:44\',\'2025-04-29 01:00:11\',NULL,\'orange_money\',380834,\'PAY-000083\',53,\'refuse\',\'acompte\',\'2025-04-28 16:35:49\'), (\'2023-07-14 06:59:00\',\'2023-09-19 06:15:26\',NULL,\'mvola\',402115,\'PAY-000084\',15,\'valide\',\'acompte\',\'2024-05-12 02:54:15\'), (\'2024-04-02 07:01:33\',\'2025-11-04 07:30:19\',NULL,\'orange_money\',38525,\'PAY-000085\',1,\'en_attente\',\'solde\',\'2026-05-29 00:01:31\'), (\'2025-07-13 00:44:14\',\'2024-11-29 03:03:27\',NULL,\'mvola\',24859,\'PAY-000086\',64,\'en_attente\',\'complet\',\'2026-06-13 19:55:42\'), (\'2023-12-09 18:47:10\',\'2024-12-27 08:49:36\',NULL,\'airtel_money\',5404,\'PAY-000087\',81,\'valide\',\'solde\',\'2026-02-27 13:25:54\'), (\'2024-02-15 01:17:43\',\'2025-11-30 12:19:30\',NULL,\'orange_money\',43393,\'PAY-000088\',41,\'valide\',\'complet\',\'2024-10-29 18:34:43\'), (\'2025-11-05 23:33:52\',\'2023-12-21 09:44:43\',NULL,\'mvola\',171560,\'PAY-000089\',12,\'en_attente\',\'solde\',\'2024-04-01 01:55:02\'), (\'2024-09-03 06:54:46\',\'2024-04-05 08:09:11\',NULL,\'airtel_money\',340141,\'PAY-000090\',62,\'en_attente\',\'complet\',\'2025-01-24 09:43:50\'), (\'2025-10-30 08:12:59\',\'2024-03-13 02:56:17\',NULL,\'orange_money\',152896,\'PAY-000091\',19,\'en_attente\',\'solde\',\'2023-04-27 10:37:18\'), (\'2023-05-06 05:43:47\',\'2026-05-07 16:00:25\',NULL,\'airtel_money\',127529,\'PAY-000092\',85,\'valide\',\'acompte\',\'2025-12-08 03:12:36\'), (\'2023-05-23 01:16:26\',\'2023-07-04 08:59:47\',NULL,\'airtel_money\',275584,\'PAY-000093\',13,\'refuse\',\'complet\',\'2025-05-27 05:14:49\'), (\'2024-01-23 11:58:50\',\'2024-09-12 21:03:06\',NULL,\'airtel_money\',71906,\'PAY-000094\',78,\'refuse\',\'complet\',\'2023-06-29 07:35:23\'), (\'2023-02-01 21:45:49\',\'2023-11-06 06:50:05\',NULL,\'mvola\',256441,\'PAY-000095\',35,\'refuse\',\'complet\',\'2024-05-24 06:42:42\'), (\'2024-07-02 08:16:12\',\'2024-03-18 02:33:00\',NULL,\'airtel_money\',465170,\'PAY-000096\',38,\'refuse\',\'complet\',\'2023-01-15 13:26:24\'), (\'2026-03-21 09:15:01\',\'2025-09-19 20:57:40\',NULL,\'mvola\',176331,\'PAY-000097\',29,\'valide\',\'complet\',\'2025-12-29 12:44:31\'), (\'2026-02-16 05:50:13\',\'2026-04-01 07:08:20\',NULL,\'airtel_money\',192576,\'PAY-000098\',100,\'refuse\',\'complet\',\'2024-12-24 22:55:05\'), (\'2025-02-16 13:35:32\',\'2024-05-15 04:03:30\',NULL,\'mvola\',199293,\'PAY-000099\',7,\'refuse\',\'acompte\',\'2026-01-15 13:39:42\'), (\'2025-11-19 11:38:44\',\'2024-12-14 19:46:49\',NULL,\'orange_money\',440634,\'PAY-000100\',24,\'refuse\',\'solde\',\'2025-11-18 10:37:06\')', 0)
 2 SYSTEMPATH\Database\BaseConnection.php(910): CodeIgniter\Database\MySQLi\Connection->execute('INSERT INTO `paiements` (`created_at`, `date_archivage`, `deleted_at`, `mode`, `montant`, `reference`, `reservation_id`, `statut`, `type`, `updated_at`)
VALUES (\'2025-10-08 12:11:20\',\'2025-03-11 02:17:50\',NULL,\'mvola\',61621,\'PAY-000001\',83,\'valide\',\'solde\',\'2024-05-14 22:26:13\'), (\'2024-05-24 09:02:21\',\'2025-09-02 08:35:44\',NULL,\'orange_money\',475374,\'PAY-000002\',17,\'valide\',\'acompte\',\'2024-10-22 00:50:40\'), (\'2024-04-02 20:01:18\',\'2024-09-14 20:31:53\',NULL,\'mvola\',423511,\'PAY-000003\',79,\'refuse\',\'complet\',\'2023-02-02 08:32:33\'), (\'2026-04-13 07:12:11\',\'2023-10-31 03:21:13\',NULL,\'airtel_money\',240722,\'PAY-000004\',40,\'en_attente\',\'complet\',\'2023-02-25 09:16:58\'), (\'2025-08-19 17:11:12\',\'2025-06-01 16:07:54\',NULL,\'mvola\',86428,\'PAY-000005\',30,\'refuse\',\'acompte\',\'2023-04-27 05:43:05\'), (\'2025-09-14 05:03:46\',\'2025-02-12 21:18:23\',NULL,\'mvola\',421314,\'PAY-000006\',53,\'valide\',\'complet\',\'2025-10-08 01:17:17\'), (\'2025-06-18 08:51:21\',\'2025-10-16 23:57:11\',NULL,\'airtel_money\',21474,\'PAY-000007\',61,\'en_attente\',\'complet\',\'2025-04-13 07:12:37\'), (\'2026-03-03 03:58:27\',\'2024-08-09 19:21:16\',NULL,\'airtel_money\',10416,\'PAY-000008\',51,\'en_attente\',\'acompte\',\'2025-07-10 04:46:13\'), (\'2024-04-14 15:19:54\',\'2026-06-16 00:26:20\',NULL,\'orange_money\',61038,\'PAY-000009\',81,\'en_attente\',\'solde\',\'2025-02-24 07:08:28\'), (\'2026-06-20 10:22:34\',\'2023-08-10 21:02:43\',NULL,\'airtel_money\',452507,\'PAY-000010\',1,\'en_attente\',\'acompte\',\'2023-12-22 09:21:36\'), (\'2024-02-11 04:57:43\',\'2024-05-12 22:08:35\',NULL,\'airtel_money\',186544,\'PAY-000011\',56,\'en_attente\',\'solde\',\'2025-09-16 05:15:48\'), (\'2024-03-26 20:54:06\',\'2024-06-21 01:35:39\',NULL,\'mvola\',404980,\'PAY-000012\',19,\'refuse\',\'complet\',\'2023-04-27 03:21:00\'), (\'2024-03-21 15:08:18\',\'2024-05-05 12:35:06\',NULL,\'orange_money\',303628,\'PAY-000013\',16,\'refuse\',\'solde\',\'2025-07-23 13:01:14\'), (\'2024-02-08 08:00:57\',\'2023-03-24 13:54:13\',NULL,\'airtel_money\',206720,\'PAY-000014\',79,\'en_attente\',\'solde\',\'2023-02-22 18:45:19\'), (\'2026-06-07 05:54:23\',\'2024-02-29 19:12:42\',NULL,\'airtel_money\',480164,\'PAY-000015\',95,\'valide\',\'solde\',\'2024-03-28 04:32:22\'), (\'2024-06-27 06:48:52\',\'2023-06-02 04:30:24\',NULL,\'mvola\',169944,\'PAY-000016\',75,\'refuse\',\'solde\',\'2025-05-20 20:09:13\'), (\'2025-09-22 04:45:19\',\'2024-02-25 10:40:30\',NULL,\'mvola\',328983,\'PAY-000017\',100,\'valide\',\'solde\',\'2023-04-06 23:21:29\'), (\'2023-07-25 01:28:56\',\'2023-03-16 21:31:10\',NULL,\'mvola\',494822,\'PAY-000018\',2,\'en_attente\',\'acompte\',\'2024-05-22 10:42:13\'), (\'2023-10-04 05:07:09\',\'2025-10-09 04:20:20\',NULL,\'mvola\',111741,\'PAY-000019\',100,\'refuse\',\'acompte\',\'2023-02-23 13:47:37\'), (\'2023-08-27 13:50:05\',\'2024-09-29 02:54:39\',NULL,\'mvola\',268698,\'PAY-000020\',77,\'refuse\',\'solde\',\'2023-02-06 10:58:20\'), (\'2023-11-16 17:44:03\',\'2026-07-12 14:58:49\',NULL,\'airtel_money\',321987,\'PAY-000021\',13,\'en_attente\',\'acompte\',\'2023-05-04 13:56:00\'), (\'2023-03-03 20:26:59\',\'2025-01-22 21:28:41\',NULL,\'mvola\',243336,\'PAY-000022\',37,\'en_attente\',\'complet\',\'2024-12-25 02:15:55\'), (\'2023-10-09 12:00:54\',\'2026-04-17 06:14:24\',NULL,\'airtel_money\',408139,\'PAY-000023\',45,\'en_attente\',\'solde\',\'2025-10-06 12:56:36\'), (\'2026-03-02 04:35:41\',\'2024-10-22 16:17:33\',NULL,\'airtel_money\',440571,\'PAY-000024\',46,\'valide\',\'solde\',\'2025-10-08 19:31:38\'), (\'2025-02-15 05:17:22\',\'2023-03-14 04:08:25\',NULL,\'mvola\',72120,\'PAY-000025\',32,\'refuse\',\'acompte\',\'2026-05-13 06:18:23\'), (\'2024-03-26 19:37:48\',\'2023-02-03 09:27:59\',NULL,\'mvola\',332180,\'PAY-000026\',31,\'en_attente\',\'acompte\',\'2023-11-29 00:13:39\'), (\'2025-05-04 09:07:45\',\'2025-04-15 05:57:49\',NULL,\'orange_money\',164984,\'PAY-000027\',2,\'refuse\',\'complet\',\'2025-12-31 11:59:35\'), (\'2026-02-23 00:10:46\',\'2024-07-27 02:18:19\',NULL,\'orange_money\',195576,\'PAY-000028\',5,\'refuse\',\'complet\',\'2023-02-10 17:34:48\'), (\'2026-04-23 00:20:17\',\'2025-03-31 11:53:44\',NULL,\'mvola\',112974,\'PAY-000029\',59,\'valide\',\'solde\',\'2024-08-06 14:54:15\'), (\'2025-03-24 23:17:27\',\'2024-12-05 19:12:31\',NULL,\'airtel_money\',113595,\'PAY-000030\',17,\'en_attente\',\'solde\',\'2023-07-04 09:34:13\'), (\'2026-04-12 11:25:33\',\'2024-07-04 04:34:00\',NULL,\'airtel_money\',444254,\'PAY-000031\',36,\'en_attente\',\'solde\',\'2024-10-09 04:53:21\'), (\'2024-01-04 10:45:53\',\'2025-11-17 08:40:39\',NULL,\'orange_money\',133094,\'PAY-000032\',48,\'valide\',\'acompte\',\'2026-01-05 19:55:04\'), (\'2025-11-03 03:54:41\',\'2025-03-12 09:17:08\',NULL,\'orange_money\',336981,\'PAY-000033\',37,\'refuse\',\'solde\',\'2023-03-13 01:09:39\'), (\'2024-12-09 01:36:22\',\'2023-08-04 06:51:51\',NULL,\'airtel_money\',363440,\'PAY-000034\',15,\'en_attente\',\'complet\',\'2024-05-22 07:39:02\'), (\'2024-07-16 07:09:16\',\'2024-07-18 13:53:11\',NULL,\'orange_money\',178855,\'PAY-000035\',95,\'en_attente\',\'complet\',\'2024-11-13 09:00:49\'), (\'2023-01-11 23:45:26\',\'2026-05-02 21:19:21\',NULL,\'airtel_money\',101056,\'PAY-000036\',20,\'en_attente\',\'acompte\',\'2023-05-05 05:16:23\'), (\'2023-02-15 11:45:55\',\'2026-02-19 05:56:28\',NULL,\'orange_money\',256874,\'PAY-000037\',55,\'valide\',\'complet\',\'2025-08-20 04:35:01\'), (\'2023-12-20 17:09:26\',\'2024-11-13 01:00:52\',NULL,\'mvola\',287342,\'PAY-000038\',91,\'en_attente\',\'acompte\',\'2023-03-12 13:56:23\'), (\'2025-06-30 06:51:04\',\'2024-10-01 16:16:00\',NULL,\'orange_money\',56238,\'PAY-000039\',31,\'valide\',\'complet\',\'2026-03-16 01:32:10\'), (\'2026-02-20 16:01:39\',\'2024-06-26 11:11:45\',NULL,\'mvola\',335650,\'PAY-000040\',13,\'valide\',\'complet\',\'2024-11-06 03:52:23\'), (\'2024-08-17 19:27:53\',\'2025-05-03 16:21:29\',NULL,\'mvola\',33929,\'PAY-000041\',32,\'en_attente\',\'acompte\',\'2023-05-04 03:55:23\'), (\'2024-10-27 18:57:37\',\'2023-12-31 23:49:04\',NULL,\'airtel_money\',89026,\'PAY-000042\',66,\'valide\',\'solde\',\'2023-10-30 02:28:43\'), (\'2023-01-26 11:04:37\',\'2024-05-16 08:22:14\',NULL,\'orange_money\',354800,\'PAY-000043\',53,\'valide\',\'acompte\',\'2025-08-17 07:56:23\'), (\'2026-04-20 23:14:37\',\'2026-02-08 04:45:39\',NULL,\'orange_money\',106209,\'PAY-000044\',96,\'valide\',\'complet\',\'2023-01-11 20:41:15\'), (\'2023-04-04 15:34:18\',\'2024-10-30 08:53:54\',NULL,\'mvola\',294533,\'PAY-000045\',76,\'refuse\',\'acompte\',\'2024-11-18 20:50:52\'), (\'2024-10-30 07:49:20\',\'2026-05-16 17:01:33\',NULL,\'airtel_money\',458856,\'PAY-000046\',17,\'refuse\',\'acompte\',\'2024-11-23 08:29:36\'), (\'2023-03-31 17:00:02\',\'2023-05-26 04:03:31\',NULL,\'airtel_money\',36979,\'PAY-000047\',38,\'valide\',\'complet\',\'2023-08-16 13:57:05\'), (\'2025-12-03 12:23:50\',\'2024-11-15 12:26:43\',NULL,\'orange_money\',301533,\'PAY-000048\',65,\'refuse\',\'acompte\',\'2024-12-16 20:14:52\'), (\'2024-04-01 22:10:30\',\'2025-06-22 21:32:33\',NULL,\'airtel_money\',132899,\'PAY-000049\',26,\'valide\',\'acompte\',\'2026-01-13 14:11:26\'), (\'2025-10-06 15:56:22\',\'2025-10-11 21:52:36\',NULL,\'orange_money\',395512,\'PAY-000050\',95,\'valide\',\'complet\',\'2024-01-13 00:01:21\'), (\'2026-07-11 09:38:38\',\'2025-04-09 17:07:10\',NULL,\'orange_money\',489708,\'PAY-000051\',5,\'valide\',\'solde\',\'2024-10-24 00:42:54\'), (\'2024-05-29 19:00:36\',\'2024-02-29 09:06:40\',NULL,\'airtel_money\',388892,\'PAY-000052\',5,\'en_attente\',\'solde\',\'2023-08-17 20:12:16\'), (\'2026-01-16 09:04:14\',\'2023-07-24 23:34:03\',NULL,\'orange_money\',447503,\'PAY-000053\',94,\'en_attente\',\'acompte\',\'2025-07-01 00:14:43\'), (\'2023-06-14 08:36:16\',\'2024-06-02 19:40:36\',NULL,\'airtel_money\',455271,\'PAY-000054\',96,\'valide\',\'solde\',\'2024-09-01 09:35:04\'), (\'2024-06-19 06:02:10\',\'2023-10-03 11:27:49\',NULL,\'orange_money\',94505,\'PAY-000055\',73,\'valide\',\'acompte\',\'2023-12-08 21:33:15\'), (\'2023-10-02 05:06:53\',\'2025-09-08 16:06:46\',NULL,\'orange_money\',178772,\'PAY-000056\',72,\'valide\',\'acompte\',\'2024-05-07 14:30:18\'), (\'2025-07-25 03:59:37\',\'2026-04-03 23:13:23\',NULL,\'mvola\',154629,\'PAY-000057\',32,\'valide\',\'complet\',\'2026-02-12 10:25:19\'), (\'2023-07-23 21:29:07\',\'2025-10-20 04:41:46\',NULL,\'mvola\',354052,\'PAY-000058\',56,\'refuse\',\'solde\',\'2023-01-22 17:23:29\'), (\'2024-07-27 16:52:48\',\'2025-02-25 17:50:41\',NULL,\'mvola\',443334,\'PAY-000059\',15,\'refuse\',\'acompte\',\'2025-12-17 20:30:03\'), (\'2025-12-24 07:19:52\',\'2025-11-02 06:03:44\',NULL,\'orange_money\',445647,\'PAY-000060\',58,\'valide\',\'complet\',\'2026-03-25 19:38:21\'), (\'2025-11-29 05:58:40\',\'2023-09-17 17:28:14\',NULL,\'mvola\',54466,\'PAY-000061\',56,\'valide\',\'complet\',\'2023-09-29 12:46:29\'), (\'2026-05-06 00:33:53\',\'2025-04-28 10:57:26\',NULL,\'mvola\',184041,\'PAY-000062\',57,\'refuse\',\'acompte\',\'2024-10-16 03:24:13\'), (\'2024-05-21 02:01:59\',\'2025-02-28 11:26:59\',NULL,\'airtel_money\',219676,\'PAY-000063\',58,\'en_attente\',\'complet\',\'2025-01-14 08:34:41\'), (\'2023-07-20 20:14:38\',\'2025-08-04 03:14:01\',NULL,\'orange_money\',188775,\'PAY-000064\',12,\'valide\',\'complet\',\'2026-03-10 19:24:47\'), (\'2024-06-26 13:46:22\',\'2023-02-23 22:26:44\',NULL,\'orange_money\',476881,\'PAY-000065\',32,\'valide\',\'acompte\',\'2026-04-13 01:49:55\'), (\'2023-09-14 22:02:06\',\'2025-02-05 12:35:34\',NULL,\'mvola\',409812,\'PAY-000066\',56,\'valide\',\'solde\',\'2024-11-15 14:58:27\'), (\'2024-05-30 05:42:15\',\'2026-03-21 06:58:49\',NULL,\'orange_money\',463240,\'PAY-000067\',86,\'refuse\',\'complet\',\'2025-06-04 23:34:33\'), (\'2025-04-17 01:15:15\',\'2024-09-10 08:41:55\',NULL,\'orange_money\',378213,\'PAY-000068\',75,\'valide\',\'solde\',\'2025-06-25 21:45:42\'), (\'2025-11-02 00:38:54\',\'2023-10-21 19:57:42\',NULL,\'airtel_money\',457753,\'PAY-000069\',27,\'en_attente\',\'acompte\',\'2024-10-11 00:17:32\'), (\'2024-07-27 13:42:43\',\'2024-07-20 06:27:27\',NULL,\'airtel_money\',76527,\'PAY-000070\',32,\'valide\',\'solde\',\'2024-07-20 02:03:44\'), (\'2026-02-03 16:25:34\',\'2023-02-02 02:18:07\',NULL,\'mvola\',29743,\'PAY-000071\',59,\'refuse\',\'acompte\',\'2024-07-16 12:06:47\'), (\'2024-09-27 06:44:06\',\'2024-05-21 15:43:20\',NULL,\'orange_money\',64804,\'PAY-000072\',79,\'en_attente\',\'complet\',\'2023-01-21 19:19:38\'), (\'2024-07-10 21:44:15\',\'2026-01-02 21:21:08\',NULL,\'airtel_money\',126836,\'PAY-000073\',83,\'valide\',\'complet\',\'2026-04-05 05:42:14\'), (\'2023-06-27 11:49:04\',\'2023-09-08 08:30:12\',NULL,\'orange_money\',351324,\'PAY-000074\',55,\'refuse\',\'solde\',\'2025-09-27 11:53:07\'), (\'2024-07-01 15:51:29\',\'2024-08-30 18:08:07\',NULL,\'airtel_money\',145038,\'PAY-000075\',34,\'refuse\',\'solde\',\'2023-12-13 12:48:01\'), (\'2025-05-02 15:43:26\',\'2025-12-05 18:56:19\',NULL,\'airtel_money\',409825,\'PAY-000076\',14,\'en_attente\',\'solde\',\'2023-09-15 09:34:57\'), (\'2025-10-18 15:40:08\',\'2024-12-27 20:27:56\',NULL,\'mvola\',13442,\'PAY-000077\',66,\'en_attente\',\'acompte\',\'2023-01-01 09:54:48\'), (\'2024-04-26 11:11:05\',\'2026-03-27 17:38:36\',NULL,\'orange_money\',346072,\'PAY-000078\',59,\'valide\',\'acompte\',\'2023-09-16 21:48:00\'), (\'2026-06-18 01:04:39\',\'2025-02-10 11:47:06\',NULL,\'mvola\',251947,\'PAY-000079\',69,\'refuse\',\'complet\',\'2025-10-28 16:20:43\'), (\'2023-04-21 13:40:48\',\'2024-05-27 06:36:26\',NULL,\'airtel_money\',275682,\'PAY-000080\',26,\'en_attente\',\'solde\',\'2025-02-22 07:42:31\'), (\'2024-12-26 05:07:05\',\'2024-11-27 23:20:45\',NULL,\'airtel_money\',313459,\'PAY-000081\',2,\'valide\',\'solde\',\'2026-04-01 10:42:11\'), (\'2025-11-23 08:37:22\',\'2024-09-15 14:55:54\',NULL,\'airtel_money\',215045,\'PAY-000082\',50,\'refuse\',\'solde\',\'2024-01-14 03:07:09\'), (\'2023-12-27 14:42:44\',\'2025-04-29 01:00:11\',NULL,\'orange_money\',380834,\'PAY-000083\',53,\'refuse\',\'acompte\',\'2025-04-28 16:35:49\'), (\'2023-07-14 06:59:00\',\'2023-09-19 06:15:26\',NULL,\'mvola\',402115,\'PAY-000084\',15,\'valide\',\'acompte\',\'2024-05-12 02:54:15\'), (\'2024-04-02 07:01:33\',\'2025-11-04 07:30:19\',NULL,\'orange_money\',38525,\'PAY-000085\',1,\'en_attente\',\'solde\',\'2026-05-29 00:01:31\'), (\'2025-07-13 00:44:14\',\'2024-11-29 03:03:27\',NULL,\'mvola\',24859,\'PAY-000086\',64,\'en_attente\',\'complet\',\'2026-06-13 19:55:42\'), (\'2023-12-09 18:47:10\',\'2024-12-27 08:49:36\',NULL,\'airtel_money\',5404,\'PAY-000087\',81,\'valide\',\'solde\',\'2026-02-27 13:25:54\'), (\'2024-02-15 01:17:43\',\'2025-11-30 12:19:30\',NULL,\'orange_money\',43393,\'PAY-000088\',41,\'valide\',\'complet\',\'2024-10-29 18:34:43\'), (\'2025-11-05 23:33:52\',\'2023-12-21 09:44:43\',NULL,\'mvola\',171560,\'PAY-000089\',12,\'en_attente\',\'solde\',\'2024-04-01 01:55:02\'), (\'2024-09-03 06:54:46\',\'2024-04-05 08:09:11\',NULL,\'airtel_money\',340141,\'PAY-000090\',62,\'en_attente\',\'complet\',\'2025-01-24 09:43:50\'), (\'2025-10-30 08:12:59\',\'2024-03-13 02:56:17\',NULL,\'orange_money\',152896,\'PAY-000091\',19,\'en_attente\',\'solde\',\'2023-04-27 10:37:18\'), (\'2023-05-06 05:43:47\',\'2026-05-07 16:00:25\',NULL,\'airtel_money\',127529,\'PAY-000092\',85,\'valide\',\'acompte\',\'2025-12-08 03:12:36\'), (\'2023-05-23 01:16:26\',\'2023-07-04 08:59:47\',NULL,\'airtel_money\',275584,\'PAY-000093\',13,\'refuse\',\'complet\',\'2025-05-27 05:14:49\'), (\'2024-01-23 11:58:50\',\'2024-09-12 21:03:06\',NULL,\'airtel_money\',71906,\'PAY-000094\',78,\'refuse\',\'complet\',\'2023-06-29 07:35:23\'), (\'2023-02-01 21:45:49\',\'2023-11-06 06:50:05\',NULL,\'mvola\',256441,\'PAY-000095\',35,\'refuse\',\'complet\',\'2024-05-24 06:42:42\'), (\'2024-07-02 08:16:12\',\'2024-03-18 02:33:00\',NULL,\'airtel_money\',465170,\'PAY-000096\',38,\'refuse\',\'complet\',\'2023-01-15 13:26:24\'), (\'2026-03-21 09:15:01\',\'2025-09-19 20:57:40\',NULL,\'mvola\',176331,\'PAY-000097\',29,\'valide\',\'complet\',\'2025-12-29 12:44:31\'), (\'2026-02-16 05:50:13\',\'2026-04-01 07:08:20\',NULL,\'airtel_money\',192576,\'PAY-000098\',100,\'refuse\',\'complet\',\'2024-12-24 22:55:05\'), (\'2025-02-16 13:35:32\',\'2024-05-15 04:03:30\',NULL,\'mvola\',199293,\'PAY-000099\',7,\'refuse\',\'acompte\',\'2026-01-15 13:39:42\'), (\'2025-11-19 11:38:44\',\'2024-12-14 19:46:49\',NULL,\'orange_money\',440634,\'PAY-000100\',24,\'refuse\',\'solde\',\'2025-11-18 10:37:06\')')
 3 SYSTEMPATH\Database\BaseConnection.php(827): CodeIgniter\Database\BaseConnection->simpleQuery('INSERT INTO `paiements` (`created_at`, `date_archivage`, `deleted_at`, `mode`, `montant`, `reference`, `reservation_id`, `statut`, `type`, `updated_at`)
VALUES (\'2025-10-08 12:11:20\',\'2025-03-11 02:17:50\',NULL,\'mvola\',61621,\'PAY-000001\',83,\'valide\',\'solde\',\'2024-05-14 22:26:13\'), (\'2024-05-24 09:02:21\',\'2025-09-02 08:35:44\',NULL,\'orange_money\',475374,\'PAY-000002\',17,\'valide\',\'acompte\',\'2024-10-22 00:50:40\'), (\'2024-04-02 20:01:18\',\'2024-09-14 20:31:53\',NULL,\'mvola\',423511,\'PAY-000003\',79,\'refuse\',\'complet\',\'2023-02-02 08:32:33\'), (\'2026-04-13 07:12:11\',\'2023-10-31 03:21:13\',NULL,\'airtel_money\',240722,\'PAY-000004\',40,\'en_attente\',\'complet\',\'2023-02-25 09:16:58\'), (\'2025-08-19 17:11:12\',\'2025-06-01 16:07:54\',NULL,\'mvola\',86428,\'PAY-000005\',30,\'refuse\',\'acompte\',\'2023-04-27 05:43:05\'), (\'2025-09-14 05:03:46\',\'2025-02-12 21:18:23\',NULL,\'mvola\',421314,\'PAY-000006\',53,\'valide\',\'complet\',\'2025-10-08 01:17:17\'), (\'2025-06-18 08:51:21\',\'2025-10-16 23:57:11\',NULL,\'airtel_money\',21474,\'PAY-000007\',61,\'en_attente\',\'complet\',\'2025-04-13 07:12:37\'), (\'2026-03-03 03:58:27\',\'2024-08-09 19:21:16\',NULL,\'airtel_money\',10416,\'PAY-000008\',51,\'en_attente\',\'acompte\',\'2025-07-10 04:46:13\'), (\'2024-04-14 15:19:54\',\'2026-06-16 00:26:20\',NULL,\'orange_money\',61038,\'PAY-000009\',81,\'en_attente\',\'solde\',\'2025-02-24 07:08:28\'), (\'2026-06-20 10:22:34\',\'2023-08-10 21:02:43\',NULL,\'airtel_money\',452507,\'PAY-000010\',1,\'en_attente\',\'acompte\',\'2023-12-22 09:21:36\'), (\'2024-02-11 04:57:43\',\'2024-05-12 22:08:35\',NULL,\'airtel_money\',186544,\'PAY-000011\',56,\'en_attente\',\'solde\',\'2025-09-16 05:15:48\'), (\'2024-03-26 20:54:06\',\'2024-06-21 01:35:39\',NULL,\'mvola\',404980,\'PAY-000012\',19,\'refuse\',\'complet\',\'2023-04-27 03:21:00\'), (\'2024-03-21 15:08:18\',\'2024-05-05 12:35:06\',NULL,\'orange_money\',303628,\'PAY-000013\',16,\'refuse\',\'solde\',\'2025-07-23 13:01:14\'), (\'2024-02-08 08:00:57\',\'2023-03-24 13:54:13\',NULL,\'airtel_money\',206720,\'PAY-000014\',79,\'en_attente\',\'solde\',\'2023-02-22 18:45:19\'), (\'2026-06-07 05:54:23\',\'2024-02-29 19:12:42\',NULL,\'airtel_money\',480164,\'PAY-000015\',95,\'valide\',\'solde\',\'2024-03-28 04:32:22\'), (\'2024-06-27 06:48:52\',\'2023-06-02 04:30:24\',NULL,\'mvola\',169944,\'PAY-000016\',75,\'refuse\',\'solde\',\'2025-05-20 20:09:13\'), (\'2025-09-22 04:45:19\',\'2024-02-25 10:40:30\',NULL,\'mvola\',328983,\'PAY-000017\',100,\'valide\',\'solde\',\'2023-04-06 23:21:29\'), (\'2023-07-25 01:28:56\',\'2023-03-16 21:31:10\',NULL,\'mvola\',494822,\'PAY-000018\',2,\'en_attente\',\'acompte\',\'2024-05-22 10:42:13\'), (\'2023-10-04 05:07:09\',\'2025-10-09 04:20:20\',NULL,\'mvola\',111741,\'PAY-000019\',100,\'refuse\',\'acompte\',\'2023-02-23 13:47:37\'), (\'2023-08-27 13:50:05\',\'2024-09-29 02:54:39\',NULL,\'mvola\',268698,\'PAY-000020\',77,\'refuse\',\'solde\',\'2023-02-06 10:58:20\'), (\'2023-11-16 17:44:03\',\'2026-07-12 14:58:49\',NULL,\'airtel_money\',321987,\'PAY-000021\',13,\'en_attente\',\'acompte\',\'2023-05-04 13:56:00\'), (\'2023-03-03 20:26:59\',\'2025-01-22 21:28:41\',NULL,\'mvola\',243336,\'PAY-000022\',37,\'en_attente\',\'complet\',\'2024-12-25 02:15:55\'), (\'2023-10-09 12:00:54\',\'2026-04-17 06:14:24\',NULL,\'airtel_money\',408139,\'PAY-000023\',45,\'en_attente\',\'solde\',\'2025-10-06 12:56:36\'), (\'2026-03-02 04:35:41\',\'2024-10-22 16:17:33\',NULL,\'airtel_money\',440571,\'PAY-000024\',46,\'valide\',\'solde\',\'2025-10-08 19:31:38\'), (\'2025-02-15 05:17:22\',\'2023-03-14 04:08:25\',NULL,\'mvola\',72120,\'PAY-000025\',32,\'refuse\',\'acompte\',\'2026-05-13 06:18:23\'), (\'2024-03-26 19:37:48\',\'2023-02-03 09:27:59\',NULL,\'mvola\',332180,\'PAY-000026\',31,\'en_attente\',\'acompte\',\'2023-11-29 00:13:39\'), (\'2025-05-04 09:07:45\',\'2025-04-15 05:57:49\',NULL,\'orange_money\',164984,\'PAY-000027\',2,\'refuse\',\'complet\',\'2025-12-31 11:59:35\'), (\'2026-02-23 00:10:46\',\'2024-07-27 02:18:19\',NULL,\'orange_money\',195576,\'PAY-000028\',5,\'refuse\',\'complet\',\'2023-02-10 17:34:48\'), (\'2026-04-23 00:20:17\',\'2025-03-31 11:53:44\',NULL,\'mvola\',112974,\'PAY-000029\',59,\'valide\',\'solde\',\'2024-08-06 14:54:15\'), (\'2025-03-24 23:17:27\',\'2024-12-05 19:12:31\',NULL,\'airtel_money\',113595,\'PAY-000030\',17,\'en_attente\',\'solde\',\'2023-07-04 09:34:13\'), (\'2026-04-12 11:25:33\',\'2024-07-04 04:34:00\',NULL,\'airtel_money\',444254,\'PAY-000031\',36,\'en_attente\',\'solde\',\'2024-10-09 04:53:21\'), (\'2024-01-04 10:45:53\',\'2025-11-17 08:40:39\',NULL,\'orange_money\',133094,\'PAY-000032\',48,\'valide\',\'acompte\',\'2026-01-05 19:55:04\'), (\'2025-11-03 03:54:41\',\'2025-03-12 09:17:08\',NULL,\'orange_money\',336981,\'PAY-000033\',37,\'refuse\',\'solde\',\'2023-03-13 01:09:39\'), (\'2024-12-09 01:36:22\',\'2023-08-04 06:51:51\',NULL,\'airtel_money\',363440,\'PAY-000034\',15,\'en_attente\',\'complet\',\'2024-05-22 07:39:02\'), (\'2024-07-16 07:09:16\',\'2024-07-18 13:53:11\',NULL,\'orange_money\',178855,\'PAY-000035\',95,\'en_attente\',\'complet\',\'2024-11-13 09:00:49\'), (\'2023-01-11 23:45:26\',\'2026-05-02 21:19:21\',NULL,\'airtel_money\',101056,\'PAY-000036\',20,\'en_attente\',\'acompte\',\'2023-05-05 05:16:23\'), (\'2023-02-15 11:45:55\',\'2026-02-19 05:56:28\',NULL,\'orange_money\',256874,\'PAY-000037\',55,\'valide\',\'complet\',\'2025-08-20 04:35:01\'), (\'2023-12-20 17:09:26\',\'2024-11-13 01:00:52\',NULL,\'mvola\',287342,\'PAY-000038\',91,\'en_attente\',\'acompte\',\'2023-03-12 13:56:23\'), (\'2025-06-30 06:51:04\',\'2024-10-01 16:16:00\',NULL,\'orange_money\',56238,\'PAY-000039\',31,\'valide\',\'complet\',\'2026-03-16 01:32:10\'), (\'2026-02-20 16:01:39\',\'2024-06-26 11:11:45\',NULL,\'mvola\',335650,\'PAY-000040\',13,\'valide\',\'complet\',\'2024-11-06 03:52:23\'), (\'2024-08-17 19:27:53\',\'2025-05-03 16:21:29\',NULL,\'mvola\',33929,\'PAY-000041\',32,\'en_attente\',\'acompte\',\'2023-05-04 03:55:23\'), (\'2024-10-27 18:57:37\',\'2023-12-31 23:49:04\',NULL,\'airtel_money\',89026,\'PAY-000042\',66,\'valide\',\'solde\',\'2023-10-30 02:28:43\'), (\'2023-01-26 11:04:37\',\'2024-05-16 08:22:14\',NULL,\'orange_money\',354800,\'PAY-000043\',53,\'valide\',\'acompte\',\'2025-08-17 07:56:23\'), (\'2026-04-20 23:14:37\',\'2026-02-08 04:45:39\',NULL,\'orange_money\',106209,\'PAY-000044\',96,\'valide\',\'complet\',\'2023-01-11 20:41:15\'), (\'2023-04-04 15:34:18\',\'2024-10-30 08:53:54\',NULL,\'mvola\',294533,\'PAY-000045\',76,\'refuse\',\'acompte\',\'2024-11-18 20:50:52\'), (\'2024-10-30 07:49:20\',\'2026-05-16 17:01:33\',NULL,\'airtel_money\',458856,\'PAY-000046\',17,\'refuse\',\'acompte\',\'2024-11-23 08:29:36\'), (\'2023-03-31 17:00:02\',\'2023-05-26 04:03:31\',NULL,\'airtel_money\',36979,\'PAY-000047\',38,\'valide\',\'complet\',\'2023-08-16 13:57:05\'), (\'2025-12-03 12:23:50\',\'2024-11-15 12:26:43\',NULL,\'orange_money\',301533,\'PAY-000048\',65,\'refuse\',\'acompte\',\'2024-12-16 20:14:52\'), (\'2024-04-01 22:10:30\',\'2025-06-22 21:32:33\',NULL,\'airtel_money\',132899,\'PAY-000049\',26,\'valide\',\'acompte\',\'2026-01-13 14:11:26\'), (\'2025-10-06 15:56:22\',\'2025-10-11 21:52:36\',NULL,\'orange_money\',395512,\'PAY-000050\',95,\'valide\',\'complet\',\'2024-01-13 00:01:21\'), (\'2026-07-11 09:38:38\',\'2025-04-09 17:07:10\',NULL,\'orange_money\',489708,\'PAY-000051\',5,\'valide\',\'solde\',\'2024-10-24 00:42:54\'), (\'2024-05-29 19:00:36\',\'2024-02-29 09:06:40\',NULL,\'airtel_money\',388892,\'PAY-000052\',5,\'en_attente\',\'solde\',\'2023-08-17 20:12:16\'), (\'2026-01-16 09:04:14\',\'2023-07-24 23:34:03\',NULL,\'orange_money\',447503,\'PAY-000053\',94,\'en_attente\',\'acompte\',\'2025-07-01 00:14:43\'), (\'2023-06-14 08:36:16\',\'2024-06-02 19:40:36\',NULL,\'airtel_money\',455271,\'PAY-000054\',96,\'valide\',\'solde\',\'2024-09-01 09:35:04\'), (\'2024-06-19 06:02:10\',\'2023-10-03 11:27:49\',NULL,\'orange_money\',94505,\'PAY-000055\',73,\'valide\',\'acompte\',\'2023-12-08 21:33:15\'), (\'2023-10-02 05:06:53\',\'2025-09-08 16:06:46\',NULL,\'orange_money\',178772,\'PAY-000056\',72,\'valide\',\'acompte\',\'2024-05-07 14:30:18\'), (\'2025-07-25 03:59:37\',\'2026-04-03 23:13:23\',NULL,\'mvola\',154629,\'PAY-000057\',32,\'valide\',\'complet\',\'2026-02-12 10:25:19\'), (\'2023-07-23 21:29:07\',\'2025-10-20 04:41:46\',NULL,\'mvola\',354052,\'PAY-000058\',56,\'refuse\',\'solde\',\'2023-01-22 17:23:29\'), (\'2024-07-27 16:52:48\',\'2025-02-25 17:50:41\',NULL,\'mvola\',443334,\'PAY-000059\',15,\'refuse\',\'acompte\',\'2025-12-17 20:30:03\'), (\'2025-12-24 07:19:52\',\'2025-11-02 06:03:44\',NULL,\'orange_money\',445647,\'PAY-000060\',58,\'valide\',\'complet\',\'2026-03-25 19:38:21\'), (\'2025-11-29 05:58:40\',\'2023-09-17 17:28:14\',NULL,\'mvola\',54466,\'PAY-000061\',56,\'valide\',\'complet\',\'2023-09-29 12:46:29\'), (\'2026-05-06 00:33:53\',\'2025-04-28 10:57:26\',NULL,\'mvola\',184041,\'PAY-000062\',57,\'refuse\',\'acompte\',\'2024-10-16 03:24:13\'), (\'2024-05-21 02:01:59\',\'2025-02-28 11:26:59\',NULL,\'airtel_money\',219676,\'PAY-000063\',58,\'en_attente\',\'complet\',\'2025-01-14 08:34:41\'), (\'2023-07-20 20:14:38\',\'2025-08-04 03:14:01\',NULL,\'orange_money\',188775,\'PAY-000064\',12,\'valide\',\'complet\',\'2026-03-10 19:24:47\'), (\'2024-06-26 13:46:22\',\'2023-02-23 22:26:44\',NULL,\'orange_money\',476881,\'PAY-000065\',32,\'valide\',\'acompte\',\'2026-04-13 01:49:55\'), (\'2023-09-14 22:02:06\',\'2025-02-05 12:35:34\',NULL,\'mvola\',409812,\'PAY-000066\',56,\'valide\',\'solde\',\'2024-11-15 14:58:27\'), (\'2024-05-30 05:42:15\',\'2026-03-21 06:58:49\',NULL,\'orange_money\',463240,\'PAY-000067\',86,\'refuse\',\'complet\',\'2025-06-04 23:34:33\'), (\'2025-04-17 01:15:15\',\'2024-09-10 08:41:55\',NULL,\'orange_money\',378213,\'PAY-000068\',75,\'valide\',\'solde\',\'2025-06-25 21:45:42\'), (\'2025-11-02 00:38:54\',\'2023-10-21 19:57:42\',NULL,\'airtel_money\',457753,\'PAY-000069\',27,\'en_attente\',\'acompte\',\'2024-10-11 00:17:32\'), (\'2024-07-27 13:42:43\',\'2024-07-20 06:27:27\',NULL,\'airtel_money\',76527,\'PAY-000070\',32,\'valide\',\'solde\',\'2024-07-20 02:03:44\'), (\'2026-02-03 16:25:34\',\'2023-02-02 02:18:07\',NULL,\'mvola\',29743,\'PAY-000071\',59,\'refuse\',\'acompte\',\'2024-07-16 12:06:47\'), (\'2024-09-27 06:44:06\',\'2024-05-21 15:43:20\',NULL,\'orange_money\',64804,\'PAY-000072\',79,\'en_attente\',\'complet\',\'2023-01-21 19:19:38\'), (\'2024-07-10 21:44:15\',\'2026-01-02 21:21:08\',NULL,\'airtel_money\',126836,\'PAY-000073\',83,\'valide\',\'complet\',\'2026-04-05 05:42:14\'), (\'2023-06-27 11:49:04\',\'2023-09-08 08:30:12\',NULL,\'orange_money\',351324,\'PAY-000074\',55,\'refuse\',\'solde\',\'2025-09-27 11:53:07\'), (\'2024-07-01 15:51:29\',\'2024-08-30 18:08:07\',NULL,\'airtel_money\',145038,\'PAY-000075\',34,\'refuse\',\'solde\',\'2023-12-13 12:48:01\'), (\'2025-05-02 15:43:26\',\'2025-12-05 18:56:19\',NULL,\'airtel_money\',409825,\'PAY-000076\',14,\'en_attente\',\'solde\',\'2023-09-15 09:34:57\'), (\'2025-10-18 15:40:08\',\'2024-12-27 20:27:56\',NULL,\'mvola\',13442,\'PAY-000077\',66,\'en_attente\',\'acompte\',\'2023-01-01 09:54:48\'), (\'2024-04-26 11:11:05\',\'2026-03-27 17:38:36\',NULL,\'orange_money\',346072,\'PAY-000078\',59,\'valide\',\'acompte\',\'2023-09-16 21:48:00\'), (\'2026-06-18 01:04:39\',\'2025-02-10 11:47:06\',NULL,\'mvola\',251947,\'PAY-000079\',69,\'refuse\',\'complet\',\'2025-10-28 16:20:43\'), (\'2023-04-21 13:40:48\',\'2024-05-27 06:36:26\',NULL,\'airtel_money\',275682,\'PAY-000080\',26,\'en_attente\',\'solde\',\'2025-02-22 07:42:31\'), (\'2024-12-26 05:07:05\',\'2024-11-27 23:20:45\',NULL,\'airtel_money\',313459,\'PAY-000081\',2,\'valide\',\'solde\',\'2026-04-01 10:42:11\'), (\'2025-11-23 08:37:22\',\'2024-09-15 14:55:54\',NULL,\'airtel_money\',215045,\'PAY-000082\',50,\'refuse\',\'solde\',\'2024-01-14 03:07:09\'), (\'2023-12-27 14:42:44\',\'2025-04-29 01:00:11\',NULL,\'orange_money\',380834,\'PAY-000083\',53,\'refuse\',\'acompte\',\'2025-04-28 16:35:49\'), (\'2023-07-14 06:59:00\',\'2023-09-19 06:15:26\',NULL,\'mvola\',402115,\'PAY-000084\',15,\'valide\',\'acompte\',\'2024-05-12 02:54:15\'), (\'2024-04-02 07:01:33\',\'2025-11-04 07:30:19\',NULL,\'orange_money\',38525,\'PAY-000085\',1,\'en_attente\',\'solde\',\'2026-05-29 00:01:31\'), (\'2025-07-13 00:44:14\',\'2024-11-29 03:03:27\',NULL,\'mvola\',24859,\'PAY-000086\',64,\'en_attente\',\'complet\',\'2026-06-13 19:55:42\'), (\'2023-12-09 18:47:10\',\'2024-12-27 08:49:36\',NULL,\'airtel_money\',5404,\'PAY-000087\',81,\'valide\',\'solde\',\'2026-02-27 13:25:54\'), (\'2024-02-15 01:17:43\',\'2025-11-30 12:19:30\',NULL,\'orange_money\',43393,\'PAY-000088\',41,\'valide\',\'complet\',\'2024-10-29 18:34:43\'), (\'2025-11-05 23:33:52\',\'2023-12-21 09:44:43\',NULL,\'mvola\',171560,\'PAY-000089\',12,\'en_attente\',\'solde\',\'2024-04-01 01:55:02\'), (\'2024-09-03 06:54:46\',\'2024-04-05 08:09:11\',NULL,\'airtel_money\',340141,\'PAY-000090\',62,\'en_attente\',\'complet\',\'2025-01-24 09:43:50\'), (\'2025-10-30 08:12:59\',\'2024-03-13 02:56:17\',NULL,\'orange_money\',152896,\'PAY-000091\',19,\'en_attente\',\'solde\',\'2023-04-27 10:37:18\'), (\'2023-05-06 05:43:47\',\'2026-05-07 16:00:25\',NULL,\'airtel_money\',127529,\'PAY-000092\',85,\'valide\',\'acompte\',\'2025-12-08 03:12:36\'), (\'2023-05-23 01:16:26\',\'2023-07-04 08:59:47\',NULL,\'airtel_money\',275584,\'PAY-000093\',13,\'refuse\',\'complet\',\'2025-05-27 05:14:49\'), (\'2024-01-23 11:58:50\',\'2024-09-12 21:03:06\',NULL,\'airtel_money\',71906,\'PAY-000094\',78,\'refuse\',\'complet\',\'2023-06-29 07:35:23\'), (\'2023-02-01 21:45:49\',\'2023-11-06 06:50:05\',NULL,\'mvola\',256441,\'PAY-000095\',35,\'refuse\',\'complet\',\'2024-05-24 06:42:42\'), (\'2024-07-02 08:16:12\',\'2024-03-18 02:33:00\',NULL,\'airtel_money\',465170,\'PAY-000096\',38,\'refuse\',\'complet\',\'2023-01-15 13:26:24\'), (\'2026-03-21 09:15:01\',\'2025-09-19 20:57:40\',NULL,\'mvola\',176331,\'PAY-000097\',29,\'valide\',\'complet\',\'2025-12-29 12:44:31\'), (\'2026-02-16 05:50:13\',\'2026-04-01 07:08:20\',NULL,\'airtel_money\',192576,\'PAY-000098\',100,\'refuse\',\'complet\',\'2024-12-24 22:55:05\'), (\'2025-02-16 13:35:32\',\'2024-05-15 04:03:30\',NULL,\'mvola\',199293,\'PAY-000099\',7,\'refuse\',\'acompte\',\'2026-01-15 13:39:42\'), (\'2025-11-19 11:38:44\',\'2024-12-14 19:46:49\',NULL,\'orange_money\',440634,\'PAY-000100\',24,\'refuse\',\'solde\',\'2025-11-18 10:37:06\')')
 4 SYSTEMPATH\Database\BaseBuilder.php(1841): CodeIgniter\Database\BaseConnection->query('INSERT INTO `paiements` (`created_at`, `date_archivage`, `deleted_at`, `mode`, `montant`, `reference`, `reservation_id`, `statut`, `type`, `updated_at`)
VALUES (\'2025-10-08 12:11:20\',\'2025-03-11 02:17:50\',NULL,\'mvola\',61621,\'PAY-000001\',83,\'valide\',\'solde\',\'2024-05-14 22:26:13\'), (\'2024-05-24 09:02:21\',\'2025-09-02 08:35:44\',NULL,\'orange_money\',475374,\'PAY-000002\',17,\'valide\',\'acompte\',\'2024-10-22 00:50:40\'), (\'2024-04-02 20:01:18\',\'2024-09-14 20:31:53\',NULL,\'mvola\',423511,\'PAY-000003\',79,\'refuse\',\'complet\',\'2023-02-02 08:32:33\'), (\'2026-04-13 07:12:11\',\'2023-10-31 03:21:13\',NULL,\'airtel_money\',240722,\'PAY-000004\',40,\'en_attente\',\'complet\',\'2023-02-25 09:16:58\'), (\'2025-08-19 17:11:12\',\'2025-06-01 16:07:54\',NULL,\'mvola\',86428,\'PAY-000005\',30,\'refuse\',\'acompte\',\'2023-04-27 05:43:05\'), (\'2025-09-14 05:03:46\',\'2025-02-12 21:18:23\',NULL,\'mvola\',421314,\'PAY-000006\',53,\'valide\',\'complet\',\'2025-10-08 01:17:17\'), (\'2025-06-18 08:51:21\',\'2025-10-16 23:57:11\',NULL,\'airtel_money\',21474,\'PAY-000007\',61,\'en_attente\',\'complet\',\'2025-04-13 07:12:37\'), (\'2026-03-03 03:58:27\',\'2024-08-09 19:21:16\',NULL,\'airtel_money\',10416,\'PAY-000008\',51,\'en_attente\',\'acompte\',\'2025-07-10 04:46:13\'), (\'2024-04-14 15:19:54\',\'2026-06-16 00:26:20\',NULL,\'orange_money\',61038,\'PAY-000009\',81,\'en_attente\',\'solde\',\'2025-02-24 07:08:28\'), (\'2026-06-20 10:22:34\',\'2023-08-10 21:02:43\',NULL,\'airtel_money\',452507,\'PAY-000010\',1,\'en_attente\',\'acompte\',\'2023-12-22 09:21:36\'), (\'2024-02-11 04:57:43\',\'2024-05-12 22:08:35\',NULL,\'airtel_money\',186544,\'PAY-000011\',56,\'en_attente\',\'solde\',\'2025-09-16 05:15:48\'), (\'2024-03-26 20:54:06\',\'2024-06-21 01:35:39\',NULL,\'mvola\',404980,\'PAY-000012\',19,\'refuse\',\'complet\',\'2023-04-27 03:21:00\'), (\'2024-03-21 15:08:18\',\'2024-05-05 12:35:06\',NULL,\'orange_money\',303628,\'PAY-000013\',16,\'refuse\',\'solde\',\'2025-07-23 13:01:14\'), (\'2024-02-08 08:00:57\',\'2023-03-24 13:54:13\',NULL,\'airtel_money\',206720,\'PAY-000014\',79,\'en_attente\',\'solde\',\'2023-02-22 18:45:19\'), (\'2026-06-07 05:54:23\',\'2024-02-29 19:12:42\',NULL,\'airtel_money\',480164,\'PAY-000015\',95,\'valide\',\'solde\',\'2024-03-28 04:32:22\'), (\'2024-06-27 06:48:52\',\'2023-06-02 04:30:24\',NULL,\'mvola\',169944,\'PAY-000016\',75,\'refuse\',\'solde\',\'2025-05-20 20:09:13\'), (\'2025-09-22 04:45:19\',\'2024-02-25 10:40:30\',NULL,\'mvola\',328983,\'PAY-000017\',100,\'valide\',\'solde\',\'2023-04-06 23:21:29\'), (\'2023-07-25 01:28:56\',\'2023-03-16 21:31:10\',NULL,\'mvola\',494822,\'PAY-000018\',2,\'en_attente\',\'acompte\',\'2024-05-22 10:42:13\'), (\'2023-10-04 05:07:09\',\'2025-10-09 04:20:20\',NULL,\'mvola\',111741,\'PAY-000019\',100,\'refuse\',\'acompte\',\'2023-02-23 13:47:37\'), (\'2023-08-27 13:50:05\',\'2024-09-29 02:54:39\',NULL,\'mvola\',268698,\'PAY-000020\',77,\'refuse\',\'solde\',\'2023-02-06 10:58:20\'), (\'2023-11-16 17:44:03\',\'2026-07-12 14:58:49\',NULL,\'airtel_money\',321987,\'PAY-000021\',13,\'en_attente\',\'acompte\',\'2023-05-04 13:56:00\'), (\'2023-03-03 20:26:59\',\'2025-01-22 21:28:41\',NULL,\'mvola\',243336,\'PAY-000022\',37,\'en_attente\',\'complet\',\'2024-12-25 02:15:55\'), (\'2023-10-09 12:00:54\',\'2026-04-17 06:14:24\',NULL,\'airtel_money\',408139,\'PAY-000023\',45,\'en_attente\',\'solde\',\'2025-10-06 12:56:36\'), (\'2026-03-02 04:35:41\',\'2024-10-22 16:17:33\',NULL,\'airtel_money\',440571,\'PAY-000024\',46,\'valide\',\'solde\',\'2025-10-08 19:31:38\'), (\'2025-02-15 05:17:22\',\'2023-03-14 04:08:25\',NULL,\'mvola\',72120,\'PAY-000025\',32,\'refuse\',\'acompte\',\'2026-05-13 06:18:23\'), (\'2024-03-26 19:37:48\',\'2023-02-03 09:27:59\',NULL,\'mvola\',332180,\'PAY-000026\',31,\'en_attente\',\'acompte\',\'2023-11-29 00:13:39\'), (\'2025-05-04 09:07:45\',\'2025-04-15 05:57:49\',NULL,\'orange_money\',164984,\'PAY-000027\',2,\'refuse\',\'complet\',\'2025-12-31 11:59:35\'), (\'2026-02-23 00:10:46\',\'2024-07-27 02:18:19\',NULL,\'orange_money\',195576,\'PAY-000028\',5,\'refuse\',\'complet\',\'2023-02-10 17:34:48\'), (\'2026-04-23 00:20:17\',\'2025-03-31 11:53:44\',NULL,\'mvola\',112974,\'PAY-000029\',59,\'valide\',\'solde\',\'2024-08-06 14:54:15\'), (\'2025-03-24 23:17:27\',\'2024-12-05 19:12:31\',NULL,\'airtel_money\',113595,\'PAY-000030\',17,\'en_attente\',\'solde\',\'2023-07-04 09:34:13\'), (\'2026-04-12 11:25:33\',\'2024-07-04 04:34:00\',NULL,\'airtel_money\',444254,\'PAY-000031\',36,\'en_attente\',\'solde\',\'2024-10-09 04:53:21\'), (\'2024-01-04 10:45:53\',\'2025-11-17 08:40:39\',NULL,\'orange_money\',133094,\'PAY-000032\',48,\'valide\',\'acompte\',\'2026-01-05 19:55:04\'), (\'2025-11-03 03:54:41\',\'2025-03-12 09:17:08\',NULL,\'orange_money\',336981,\'PAY-000033\',37,\'refuse\',\'solde\',\'2023-03-13 01:09:39\'), (\'2024-12-09 01:36:22\',\'2023-08-04 06:51:51\',NULL,\'airtel_money\',363440,\'PAY-000034\',15,\'en_attente\',\'complet\',\'2024-05-22 07:39:02\'), (\'2024-07-16 07:09:16\',\'2024-07-18 13:53:11\',NULL,\'orange_money\',178855,\'PAY-000035\',95,\'en_attente\',\'complet\',\'2024-11-13 09:00:49\'), (\'2023-01-11 23:45:26\',\'2026-05-02 21:19:21\',NULL,\'airtel_money\',101056,\'PAY-000036\',20,\'en_attente\',\'acompte\',\'2023-05-05 05:16:23\'), (\'2023-02-15 11:45:55\',\'2026-02-19 05:56:28\',NULL,\'orange_money\',256874,\'PAY-000037\',55,\'valide\',\'complet\',\'2025-08-20 04:35:01\'), (\'2023-12-20 17:09:26\',\'2024-11-13 01:00:52\',NULL,\'mvola\',287342,\'PAY-000038\',91,\'en_attente\',\'acompte\',\'2023-03-12 13:56:23\'), (\'2025-06-30 06:51:04\',\'2024-10-01 16:16:00\',NULL,\'orange_money\',56238,\'PAY-000039\',31,\'valide\',\'complet\',\'2026-03-16 01:32:10\'), (\'2026-02-20 16:01:39\',\'2024-06-26 11:11:45\',NULL,\'mvola\',335650,\'PAY-000040\',13,\'valide\',\'complet\',\'2024-11-06 03:52:23\'), (\'2024-08-17 19:27:53\',\'2025-05-03 16:21:29\',NULL,\'mvola\',33929,\'PAY-000041\',32,\'en_attente\',\'acompte\',\'2023-05-04 03:55:23\'), (\'2024-10-27 18:57:37\',\'2023-12-31 23:49:04\',NULL,\'airtel_money\',89026,\'PAY-000042\',66,\'valide\',\'solde\',\'2023-10-30 02:28:43\'), (\'2023-01-26 11:04:37\',\'2024-05-16 08:22:14\',NULL,\'orange_money\',354800,\'PAY-000043\',53,\'valide\',\'acompte\',\'2025-08-17 07:56:23\'), (\'2026-04-20 23:14:37\',\'2026-02-08 04:45:39\',NULL,\'orange_money\',106209,\'PAY-000044\',96,\'valide\',\'complet\',\'2023-01-11 20:41:15\'), (\'2023-04-04 15:34:18\',\'2024-10-30 08:53:54\',NULL,\'mvola\',294533,\'PAY-000045\',76,\'refuse\',\'acompte\',\'2024-11-18 20:50:52\'), (\'2024-10-30 07:49:20\',\'2026-05-16 17:01:33\',NULL,\'airtel_money\',458856,\'PAY-000046\',17,\'refuse\',\'acompte\',\'2024-11-23 08:29:36\'), (\'2023-03-31 17:00:02\',\'2023-05-26 04:03:31\',NULL,\'airtel_money\',36979,\'PAY-000047\',38,\'valide\',\'complet\',\'2023-08-16 13:57:05\'), (\'2025-12-03 12:23:50\',\'2024-11-15 12:26:43\',NULL,\'orange_money\',301533,\'PAY-000048\',65,\'refuse\',\'acompte\',\'2024-12-16 20:14:52\'), (\'2024-04-01 22:10:30\',\'2025-06-22 21:32:33\',NULL,\'airtel_money\',132899,\'PAY-000049\',26,\'valide\',\'acompte\',\'2026-01-13 14:11:26\'), (\'2025-10-06 15:56:22\',\'2025-10-11 21:52:36\',NULL,\'orange_money\',395512,\'PAY-000050\',95,\'valide\',\'complet\',\'2024-01-13 00:01:21\'), (\'2026-07-11 09:38:38\',\'2025-04-09 17:07:10\',NULL,\'orange_money\',489708,\'PAY-000051\',5,\'valide\',\'solde\',\'2024-10-24 00:42:54\'), (\'2024-05-29 19:00:36\',\'2024-02-29 09:06:40\',NULL,\'airtel_money\',388892,\'PAY-000052\',5,\'en_attente\',\'solde\',\'2023-08-17 20:12:16\'), (\'2026-01-16 09:04:14\',\'2023-07-24 23:34:03\',NULL,\'orange_money\',447503,\'PAY-000053\',94,\'en_attente\',\'acompte\',\'2025-07-01 00:14:43\'), (\'2023-06-14 08:36:16\',\'2024-06-02 19:40:36\',NULL,\'airtel_money\',455271,\'PAY-000054\',96,\'valide\',\'solde\',\'2024-09-01 09:35:04\'), (\'2024-06-19 06:02:10\',\'2023-10-03 11:27:49\',NULL,\'orange_money\',94505,\'PAY-000055\',73,\'valide\',\'acompte\',\'2023-12-08 21:33:15\'), (\'2023-10-02 05:06:53\',\'2025-09-08 16:06:46\',NULL,\'orange_money\',178772,\'PAY-000056\',72,\'valide\',\'acompte\',\'2024-05-07 14:30:18\'), (\'2025-07-25 03:59:37\',\'2026-04-03 23:13:23\',NULL,\'mvola\',154629,\'PAY-000057\',32,\'valide\',\'complet\',\'2026-02-12 10:25:19\'), (\'2023-07-23 21:29:07\',\'2025-10-20 04:41:46\',NULL,\'mvola\',354052,\'PAY-000058\',56,\'refuse\',\'solde\',\'2023-01-22 17:23:29\'), (\'2024-07-27 16:52:48\',\'2025-02-25 17:50:41\',NULL,\'mvola\',443334,\'PAY-000059\',15,\'refuse\',\'acompte\',\'2025-12-17 20:30:03\'), (\'2025-12-24 07:19:52\',\'2025-11-02 06:03:44\',NULL,\'orange_money\',445647,\'PAY-000060\',58,\'valide\',\'complet\',\'2026-03-25 19:38:21\'), (\'2025-11-29 05:58:40\',\'2023-09-17 17:28:14\',NULL,\'mvola\',54466,\'PAY-000061\',56,\'valide\',\'complet\',\'2023-09-29 12:46:29\'), (\'2026-05-06 00:33:53\',\'2025-04-28 10:57:26\',NULL,\'mvola\',184041,\'PAY-000062\',57,\'refuse\',\'acompte\',\'2024-10-16 03:24:13\'), (\'2024-05-21 02:01:59\',\'2025-02-28 11:26:59\',NULL,\'airtel_money\',219676,\'PAY-000063\',58,\'en_attente\',\'complet\',\'2025-01-14 08:34:41\'), (\'2023-07-20 20:14:38\',\'2025-08-04 03:14:01\',NULL,\'orange_money\',188775,\'PAY-000064\',12,\'valide\',\'complet\',\'2026-03-10 19:24:47\'), (\'2024-06-26 13:46:22\',\'2023-02-23 22:26:44\',NULL,\'orange_money\',476881,\'PAY-000065\',32,\'valide\',\'acompte\',\'2026-04-13 01:49:55\'), (\'2023-09-14 22:02:06\',\'2025-02-05 12:35:34\',NULL,\'mvola\',409812,\'PAY-000066\',56,\'valide\',\'solde\',\'2024-11-15 14:58:27\'), (\'2024-05-30 05:42:15\',\'2026-03-21 06:58:49\',NULL,\'orange_money\',463240,\'PAY-000067\',86,\'refuse\',\'complet\',\'2025-06-04 23:34:33\'), (\'2025-04-17 01:15:15\',\'2024-09-10 08:41:55\',NULL,\'orange_money\',378213,\'PAY-000068\',75,\'valide\',\'solde\',\'2025-06-25 21:45:42\'), (\'2025-11-02 00:38:54\',\'2023-10-21 19:57:42\',NULL,\'airtel_money\',457753,\'PAY-000069\',27,\'en_attente\',\'acompte\',\'2024-10-11 00:17:32\'), (\'2024-07-27 13:42:43\',\'2024-07-20 06:27:27\',NULL,\'airtel_money\',76527,\'PAY-000070\',32,\'valide\',\'solde\',\'2024-07-20 02:03:44\'), (\'2026-02-03 16:25:34\',\'2023-02-02 02:18:07\',NULL,\'mvola\',29743,\'PAY-000071\',59,\'refuse\',\'acompte\',\'2024-07-16 12:06:47\'), (\'2024-09-27 06:44:06\',\'2024-05-21 15:43:20\',NULL,\'orange_money\',64804,\'PAY-000072\',79,\'en_attente\',\'complet\',\'2023-01-21 19:19:38\'), (\'2024-07-10 21:44:15\',\'2026-01-02 21:21:08\',NULL,\'airtel_money\',126836,\'PAY-000073\',83,\'valide\',\'complet\',\'2026-04-05 05:42:14\'), (\'2023-06-27 11:49:04\',\'2023-09-08 08:30:12\',NULL,\'orange_money\',351324,\'PAY-000074\',55,\'refuse\',\'solde\',\'2025-09-27 11:53:07\'), (\'2024-07-01 15:51:29\',\'2024-08-30 18:08:07\',NULL,\'airtel_money\',145038,\'PAY-000075\',34,\'refuse\',\'solde\',\'2023-12-13 12:48:01\'), (\'2025-05-02 15:43:26\',\'2025-12-05 18:56:19\',NULL,\'airtel_money\',409825,\'PAY-000076\',14,\'en_attente\',\'solde\',\'2023-09-15 09:34:57\'), (\'2025-10-18 15:40:08\',\'2024-12-27 20:27:56\',NULL,\'mvola\',13442,\'PAY-000077\',66,\'en_attente\',\'acompte\',\'2023-01-01 09:54:48\'), (\'2024-04-26 11:11:05\',\'2026-03-27 17:38:36\',NULL,\'orange_money\',346072,\'PAY-000078\',59,\'valide\',\'acompte\',\'2023-09-16 21:48:00\'), (\'2026-06-18 01:04:39\',\'2025-02-10 11:47:06\',NULL,\'mvola\',251947,\'PAY-000079\',69,\'refuse\',\'complet\',\'2025-10-28 16:20:43\'), (\'2023-04-21 13:40:48\',\'2024-05-27 06:36:26\',NULL,\'airtel_money\',275682,\'PAY-000080\',26,\'en_attente\',\'solde\',\'2025-02-22 07:42:31\'), (\'2024-12-26 05:07:05\',\'2024-11-27 23:20:45\',NULL,\'airtel_money\',313459,\'PAY-000081\',2,\'valide\',\'solde\',\'2026-04-01 10:42:11\'), (\'2025-11-23 08:37:22\',\'2024-09-15 14:55:54\',NULL,\'airtel_money\',215045,\'PAY-000082\',50,\'refuse\',\'solde\',\'2024-01-14 03:07:09\'), (\'2023-12-27 14:42:44\',\'2025-04-29 01:00:11\',NULL,\'orange_money\',380834,\'PAY-000083\',53,\'refuse\',\'acompte\',\'2025-04-28 16:35:49\'), (\'2023-07-14 06:59:00\',\'2023-09-19 06:15:26\',NULL,\'mvola\',402115,\'PAY-000084\',15,\'valide\',\'acompte\',\'2024-05-12 02:54:15\'), (\'2024-04-02 07:01:33\',\'2025-11-04 07:30:19\',NULL,\'orange_money\',38525,\'PAY-000085\',1,\'en_attente\',\'solde\',\'2026-05-29 00:01:31\'), (\'2025-07-13 00:44:14\',\'2024-11-29 03:03:27\',NULL,\'mvola\',24859,\'PAY-000086\',64,\'en_attente\',\'complet\',\'2026-06-13 19:55:42\'), (\'2023-12-09 18:47:10\',\'2024-12-27 08:49:36\',NULL,\'airtel_money\',5404,\'PAY-000087\',81,\'valide\',\'solde\',\'2026-02-27 13:25:54\'), (\'2024-02-15 01:17:43\',\'2025-11-30 12:19:30\',NULL,\'orange_money\',43393,\'PAY-000088\',41,\'valide\',\'complet\',\'2024-10-29 18:34:43\'), (\'2025-11-05 23:33:52\',\'2023-12-21 09:44:43\',NULL,\'mvola\',171560,\'PAY-000089\',12,\'en_attente\',\'solde\',\'2024-04-01 01:55:02\'), (\'2024-09-03 06:54:46\',\'2024-04-05 08:09:11\',NULL,\'airtel_money\',340141,\'PAY-000090\',62,\'en_attente\',\'complet\',\'2025-01-24 09:43:50\'), (\'2025-10-30 08:12:59\',\'2024-03-13 02:56:17\',NULL,\'orange_money\',152896,\'PAY-000091\',19,\'en_attente\',\'solde\',\'2023-04-27 10:37:18\'), (\'2023-05-06 05:43:47\',\'2026-05-07 16:00:25\',NULL,\'airtel_money\',127529,\'PAY-000092\',85,\'valide\',\'acompte\',\'2025-12-08 03:12:36\'), (\'2023-05-23 01:16:26\',\'2023-07-04 08:59:47\',NULL,\'airtel_money\',275584,\'PAY-000093\',13,\'refuse\',\'complet\',\'2025-05-27 05:14:49\'), (\'2024-01-23 11:58:50\',\'2024-09-12 21:03:06\',NULL,\'airtel_money\',71906,\'PAY-000094\',78,\'refuse\',\'complet\',\'2023-06-29 07:35:23\'), (\'2023-02-01 21:45:49\',\'2023-11-06 06:50:05\',NULL,\'mvola\',256441,\'PAY-000095\',35,\'refuse\',\'complet\',\'2024-05-24 06:42:42\'), (\'2024-07-02 08:16:12\',\'2024-03-18 02:33:00\',NULL,\'airtel_money\',465170,\'PAY-000096\',38,\'refuse\',\'complet\',\'2023-01-15 13:26:24\'), (\'2026-03-21 09:15:01\',\'2025-09-19 20:57:40\',NULL,\'mvola\',176331,\'PAY-000097\',29,\'valide\',\'complet\',\'2025-12-29 12:44:31\'), (\'2026-02-16 05:50:13\',\'2026-04-01 07:08:20\',NULL,\'airtel_money\',192576,\'PAY-000098\',100,\'refuse\',\'complet\',\'2024-12-24 22:55:05\'), (\'2025-02-16 13:35:32\',\'2024-05-15 04:03:30\',NULL,\'mvola\',199293,\'PAY-000099\',7,\'refuse\',\'acompte\',\'2026-01-15 13:39:42\'), (\'2025-11-19 11:38:44\',\'2024-12-14 19:46:49\',NULL,\'orange_money\',440634,\'PAY-000100\',24,\'refuse\',\'solde\',\'2025-11-18 10:37:06\')', null, false)
 5 SYSTEMPATH\Database\BaseBuilder.php(2230): CodeIgniter\Database\BaseBuilder->batchExecute('_insertBatch', 100)
 6 APPPATH\Database\Seeds\DonneeSeeder.php(278): CodeIgniter\Database\BaseBuilder->insertBatch([...])
 7 SYSTEMPATH\Database\Seeder.php(155): App\Database\Seeds\DonneeSeeder->run()
 8 SYSTEMPATH\Commands\Database\Seed.php(79): CodeIgniter\Database\Seeder->call('App\\Database\\Seeds\\DonneeSeeder')
 9 SYSTEMPATH\CLI\Commands.php(74): CodeIgniter\Commands\Database\Seed->run([])
10 SYSTEMPATH\CLI\Console.php(47): CodeIgniter\CLI\Commands->run('db:seed', [...])
11 SYSTEMPATH\Boot.php(442): CodeIgniter\CLI\Console->run()
12 SYSTEMPATH\Boot.php(166): CodeIgniter\Boot::runCommand(Object(CodeIgniter\CLI\Console))
13 ROOTPATH\spark(87): CodeIgniter\Boot::bootSpark(Object(Config\Paths))
DEBUG - 2026-07-12 22:20:11 --> Session: Class initialized using 'CodeIgniter\Session\Handlers\FileHandler' driver.
DEBUG - 2026-07-12 22:20:11 --> Session: Class initialized using 'CodeIgniter\Session\Handlers\FileHandler' driver.
DEBUG - 2026-07-12 22:20:32 --> Session: Class initialized using 'CodeIgniter\Session\Handlers\FileHandler' driver.
DEBUG - 2026-07-12 22:20:32 --> Session: Class initialized using 'CodeIgniter\Session\Handlers\FileHandler' driver.
DEBUG - 2026-07-12 22:20:36 --> Session: Class initialized using 'CodeIgniter\Session\Handlers\FileHandler' driver.
DEBUG - 2026-07-12 22:20:37 --> Session: Class initialized using 'CodeIgniter\Session\Handlers\FileHandler' driver.
DEBUG - 2026-07-12 22:20:46 --> Session: Class initialized using 'CodeIgniter\Session\Handlers\FileHandler' driver.
DEBUG - 2026-07-12 22:20:47 --> Session: Class initialized using 'CodeIgniter\Session\Handlers\FileHandler' driver.
CRITICAL - 2026-07-12 22:20:47 --> CodeIgniter\View\Exceptions\ViewException: Invalid file: "agent/clients.php"
[Method: GET, Route: agent/clients]
in SYSTEMPATH\Exceptions\FrameworkException.php on line 39.
 1 SYSTEMPATH\View\View.php(228): CodeIgniter\Exceptions\FrameworkException::forInvalidFile('agent/clients.php')
 2 SYSTEMPATH\Common.php(1250): CodeIgniter\View\View->render('agent/clients', [], true)
 3 APPPATH\Controllers\AgentController.php(21): view('agent/clients')
 4 SYSTEMPATH\CodeIgniter.php(951): App\Controllers\AgentController->clients()
 5 SYSTEMPATH\CodeIgniter.php(497): CodeIgniter\CodeIgniter->runController(Object(App\Controllers\AgentController))
 6 SYSTEMPATH\CodeIgniter.php(340): CodeIgniter\CodeIgniter->handleRequest(null, Object(Config\Cache), false)
 7 SYSTEMPATH\Boot.php(417): CodeIgniter\CodeIgniter->run()
 8 SYSTEMPATH\Boot.php(68): CodeIgniter\Boot::runCodeIgniter(Object(CodeIgniter\CodeIgniter))
 9 FCPATH\index.php(59): CodeIgniter\Boot::bootWeb(Object(Config\Paths))
10 SYSTEMPATH\rewrite.php(44): require_once('C:\\Users\\Honore\\Documents\\GitHub\\ecopanier-S4-Mme-Baovola\\public\\index.php')
DEBUG - 2026-07-12 22:20:49 --> Session: Class initialized using 'CodeIgniter\Session\Handlers\FileHandler' driver.
DEBUG - 2026-07-12 22:20:50 --> Session: Class initialized using 'CodeIgniter\Session\Handlers\FileHandler' driver.
DEBUG - 2026-07-12 22:20:51 --> Session: Class initialized using 'CodeIgniter\Session\Handlers\FileHandler' driver.
DEBUG - 2026-07-12 22:20:52 --> Session: Class initialized using 'CodeIgniter\Session\Handlers\FileHandler' driver.
DEBUG - 2026-07-12 22:21:06 --> Session: Class initialized using 'CodeIgniter\Session\Handlers\FileHandler' driver.
DEBUG - 2026-07-12 22:21:13 --> Session: Class initialized using 'CodeIgniter\Session\Handlers\FileHandler' driver.
DEBUG - 2026-07-12 22:21:13 --> Session: Class initialized using 'CodeIgniter\Session\Handlers\FileHandler' driver.
DEBUG - 2026-07-12 22:21:33 --> Session: Class initialized using 'CodeIgniter\Session\Handlers\FileHandler' driver.
DEBUG - 2026-07-12 22:21:33 --> Session: Class initialized using 'CodeIgniter\Session\Handlers\FileHandler' driver.
DEBUG - 2026-07-12 22:21:41 --> Session: Class initialized using 'CodeIgniter\Session\Handlers\FileHandler' driver.
DEBUG - 2026-07-12 22:21:44 --> Session: Class initialized using 'CodeIgniter\Session\Handlers\FileHandler' driver.
DEBUG - 2026-07-12 22:21:45 --> Session: Class initialized using 'CodeIgniter\Session\Handlers\FileHandler' driver.
DEBUG - 2026-07-12 22:21:47 --> Session: Class initialized using 'CodeIgniter\Session\Handlers\FileHandler' driver.
DEBUG - 2026-07-12 22:21:51 --> Session: Class initialized using 'CodeIgniter\Session\Handlers\FileHandler' driver.
DEBUG - 2026-07-12 22:21:53 --> Session: Class initialized using 'CodeIgniter\Session\Handlers\FileHandler' driver.
DEBUG - 2026-07-12 22:22:03 --> Session: Class initialized using 'CodeIgniter\Session\Handlers\FileHandler' driver.
DEBUG - 2026-07-12 22:22:03 --> Session: Class initialized using 'CodeIgniter\Session\Handlers\FileHandler' driver.
DEBUG - 2026-07-12 22:23:47 --> Session: Class initialized using 'CodeIgniter\Session\Handlers\FileHandler' driver.
DEBUG - 2026-07-12 22:23:47 --> Session: Class initialized using 'CodeIgniter\Session\Handlers\FileHandler' driver.
DEBUG - 2026-07-12 22:23:59 --> Session: Class initialized using 'CodeIgniter\Session\Handlers\FileHandler' driver.
DEBUG - 2026-07-12 22:23:59 --> Session: Class initialized using 'CodeIgniter\Session\Handlers\FileHandler' driver.
DEBUG - 2026-07-12 22:24:02 --> Session: Class initialized using 'CodeIgniter\Session\Handlers\FileHandler' driver.
DEBUG - 2026-07-12 22:24:05 --> Session: Class initialized using 'CodeIgniter\Session\Handlers\FileHandler' driver.
DEBUG - 2026-07-12 22:24:06 --> Session: Class initialized using 'CodeIgniter\Session\Handlers\FileHandler' driver.
DEBUG - 2026-07-12 22:24:07 --> Session: Class initialized using 'CodeIgniter\Session\Handlers\FileHandler' driver.
DEBUG - 2026-07-12 22:24:14 --> Session: Class initialized using 'CodeIgniter\Session\Handlers\FileHandler' driver.
DEBUG - 2026-07-12 22:24:16 --> Session: Class initialized using 'CodeIgniter\Session\Handlers\FileHandler' driver.
DEBUG - 2026-07-12 22:24:17 --> Session: Class initialized using 'CodeIgniter\Session\Handlers\FileHandler' driver.
DEBUG - 2026-07-12 22:24:18 --> Session: Class initialized using 'CodeIgniter\Session\Handlers\FileHandler' driver.
DEBUG - 2026-07-12 22:24:19 --> Session: Class initialized using 'CodeIgniter\Session\Handlers\FileHandler' driver.
DEBUG - 2026-07-12 22:24:22 --> Session: Class initialized using 'CodeIgniter\Session\Handlers\FileHandler' driver.
DEBUG - 2026-07-12 22:24:22 --> Session: Class initialized using 'CodeIgniter\Session\Handlers\FileHandler' driver.
DEBUG - 2026-07-12 22:24:30 --> Session: Class initialized using 'CodeIgniter\Session\Handlers\FileHandler' driver.
DEBUG - 2026-07-12 22:24:41 --> Session: Class initialized using 'CodeIgniter\Session\Handlers\FileHandler' driver.
DEBUG - 2026-07-12 22:24:50 --> Session: Class initialized using 'CodeIgniter\Session\Handlers\FileHandler' driver.
DEBUG - 2026-07-12 22:24:53 --> Session: Class initialized using 'CodeIgniter\Session\Handlers\FileHandler' driver.
DEBUG - 2026-07-12 22:24:55 --> Session: Class initialized using 'CodeIgniter\Session\Handlers\FileHandler' driver.
DEBUG - 2026-07-12 22:25:15 --> Session: Class initialized using 'CodeIgniter\Session\Handlers\FileHandler' driver.
DEBUG - 2026-07-12 22:25:17 --> Session: Class initialized using 'CodeIgniter\Session\Handlers\FileHandler' driver.
DEBUG - 2026-07-12 22:25:18 --> Session: Class initialized using 'CodeIgniter\Session\Handlers\FileHandler' driver.
DEBUG - 2026-07-12 22:25:21 --> Session: Class initialized using 'CodeIgniter\Session\Handlers\FileHandler' driver.
DEBUG - 2026-07-12 22:25:23 --> Session: Class initialized using 'CodeIgniter\Session\Handlers\FileHandler' driver.
DEBUG - 2026-07-12 22:25:23 --> Session: Class initialized using 'CodeIgniter\Session\Handlers\FileHandler' driver.
DEBUG - 2026-07-12 22:25:26 --> Session: Class initialized using 'CodeIgniter\Session\Handlers\FileHandler' driver.
DEBUG - 2026-07-12 22:25:34 --> Session: Class initialized using 'CodeIgniter\Session\Handlers\FileHandler' driver.
DEBUG - 2026-07-12 22:25:35 --> Session: Class initialized using 'CodeIgniter\Session\Handlers\FileHandler' driver.
DEBUG - 2026-07-12 22:25:36 --> Session: Class initialized using 'CodeIgniter\Session\Handlers\FileHandler' driver.
DEBUG - 2026-07-12 22:25:36 --> Session: Class initialized using 'CodeIgniter\Session\Handlers\FileHandler' driver.
ERROR - 2026-07-12 22:29:53 --> Subquery returns more than 1 row
in SYSTEMPATH\Database\MySQLi\Connection.php on line 300.
 1 SYSTEMPATH\Database\MySQLi\Connection.php(300): mysqli->query('INSERT INTO `paiements` (`created_at`, `date_archivage`, `deleted_at`, `mode`, `montant`, `reference`, `reservation_id`, `statut`, `type`, `updated_at`)
VALUES (\'2025-07-07 19:49:00\',\'2025-12-18 15:06:42\',NULL,\'mvola\',228613,\'PAY-000001\',52,\'refuse\',\'acompte\',\'2024-06-24 14:47:49\'), (\'2024-02-01 11:06:04\',\'2024-07-31 05:38:44\',NULL,\'orange_money\',317554,\'PAY-000002\',96,\'refuse\',\'acompte\',\'2024-10-30 13:16:59\'), (\'2025-11-06 06:30:05\',\'2023-06-21 06:04:36\',NULL,\'airtel_money\',337609,\'PAY-000003\',68,\'en_attente\',\'acompte\',\'2025-09-02 02:33:43\'), (\'2023-01-02 15:55:09\',\'2024-08-18 22:07:33\',NULL,\'mvola\',407472,\'PAY-000004\',44,\'valide\',\'complet\',\'2024-12-10 18:21:27\'), (\'2024-12-08 06:31:44\',\'2024-09-11 17:51:03\',NULL,\'mvola\',406806,\'PAY-000005\',2,\'en_attente\',\'complet\',\'2023-06-09 21:52:58\'), (\'2025-08-20 05:52:58\',\'2024-12-26 12:58:08\',NULL,\'airtel_money\',355150,\'PAY-000006\',18,\'refuse\',\'complet\',\'2023-08-17 05:21:52\'), (\'2024-11-02 15:14:15\',\'2023-03-09 06:20:28\',NULL,\'mvola\',298007,\'PAY-000007\',92,\'valide\',\'acompte\',\'2025-01-13 15:10:27\'), (\'2023-11-05 23:35:36\',\'2025-04-15 06:40:05\',NULL,\'airtel_money\',307964,\'PAY-000008\',97,\'refuse\',\'solde\',\'2025-05-16 16:25:17\'), (\'2024-07-11 12:11:43\',\'2026-02-03 05:52:05\',NULL,\'mvola\',190617,\'PAY-000009\',86,\'valide\',\'solde\',\'2025-09-10 12:52:07\'), (\'2025-08-01 17:13:16\',\'2025-05-04 13:02:44\',NULL,\'mvola\',104098,\'PAY-000010\',25,\'en_attente\',\'solde\',\'2024-09-19 11:10:41\'), (\'2025-11-10 10:24:11\',\'2025-11-27 05:33:28\',NULL,\'airtel_money\',370727,\'PAY-000011\',29,\'en_attente\',\'acompte\',\'2023-02-18 08:02:04\'), (\'2024-02-02 07:09:27\',\'2024-07-31 15:11:44\',NULL,\'mvola\',369589,\'PAY-000012\',69,\'refuse\',\'solde\',\'2025-12-14 13:19:37\'), (\'2023-11-01 17:48:44\',\'2023-09-04 16:14:07\',NULL,\'airtel_money\',353465,\'PAY-000013\',60,\'refuse\',\'solde\',\'2024-10-03 04:32:32\'), (\'2023-03-31 12:17:12\',\'2025-08-03 20:24:02\',NULL,\'orange_money\',250210,\'PAY-000014\',66,\'valide\',\'complet\',\'2024-11-03 21:12:15\'), (\'2025-10-27 04:36:21\',\'2023-09-06 10:14:48\',NULL,\'orange_money\',212592,\'PAY-000015\',58,\'en_attente\',\'complet\',\'2023-08-24 20:41:16\'), (\'2024-09-28 14:06:18\',\'2024-12-11 02:45:12\',NULL,\'mvola\',16777,\'PAY-000016\',54,\'refuse\',\'solde\',\'2023-11-02 07:03:38\'), (\'2026-04-09 14:16:24\',\'2023-02-22 21:43:44\',NULL,\'airtel_money\',490456,\'PAY-000017\',63,\'en_attente\',\'acompte\',\'2025-09-16 22:12:03\'), (\'2026-05-06 17:04:59\',\'2026-06-22 10:40:52\',NULL,\'orange_money\',287610,\'PAY-000018\',67,\'en_attente\',\'acompte\',\'2025-04-08 15:11:31\'), (\'2026-05-02 10:54:08\',\'2025-07-15 05:55:11\',NULL,\'mvola\',235672,\'PAY-000019\',85,\'valide\',\'solde\',\'2026-06-09 14:44:37\'), (\'2024-12-12 22:58:26\',\'2024-01-15 12:40:14\',NULL,\'mvola\',32977,\'PAY-000020\',20,\'valide\',\'complet\',\'2025-07-17 17:31:46\'), (\'2025-03-29 02:21:46\',\'2023-12-20 18:23:43\',NULL,\'orange_money\',305984,\'PAY-000021\',33,\'en_attente\',\'complet\',\'2023-07-03 15:59:45\'), (\'2024-09-24 11:00:59\',\'2023-12-29 01:58:28\',NULL,\'airtel_money\',401094,\'PAY-000022\',10,\'en_attente\',\'solde\',\'2026-04-30 14:47:21\'), (\'2023-03-01 20:45:52\',\'2026-05-17 13:39:13\',NULL,\'airtel_money\',48197,\'PAY-000023\',72,\'refuse\',\'acompte\',\'2025-01-16 13:09:28\'), (\'2023-04-27 16:36:31\',\'2025-08-02 19:21:22\',NULL,\'mvola\',341486,\'PAY-000024\',71,\'en_attente\',\'acompte\',\'2023-01-12 15:46:46\'), (\'2026-01-01 15:54:05\',\'2025-09-22 12:46:57\',NULL,\'orange_money\',148036,\'PAY-000025\',24,\'refuse\',\'solde\',\'2026-04-19 02:58:39\'), (\'2025-06-11 23:00:39\',\'2023-01-31 12:50:19\',NULL,\'orange_money\',412711,\'PAY-000026\',62,\'en_attente\',\'complet\',\'2025-01-26 00:28:40\'), (\'2025-01-28 17:37:10\',\'2023-07-16 15:30:12\',NULL,\'airtel_money\',376591,\'PAY-000027\',37,\'refuse\',\'solde\',\'2023-06-23 06:54:25\'), (\'2026-02-21 17:23:02\',\'2025-01-21 17:02:02\',NULL,\'mvola\',434045,\'PAY-000028\',84,\'refuse\',\'solde\',\'2026-06-15 06:04:20\'), (\'2023-03-30 12:32:54\',\'2025-12-25 04:06:30\',NULL,\'orange_money\',112342,\'PAY-000029\',93,\'en_attente\',\'acompte\',\'2024-02-17 03:36:20\'), (\'2023-08-06 19:44:12\',\'2025-05-15 10:15:55\',NULL,\'orange_money\',34867,\'PAY-000030\',58,\'valide\',\'solde\',\'2024-12-12 23:04:58\'), (\'2023-09-08 21:37:24\',\'2026-05-08 09:14:13\',NULL,\'airtel_money\',143687,\'PAY-000031\',38,\'refuse\',\'complet\',\'2024-11-26 22:14:19\'), (\'2023-12-10 05:14:39\',\'2026-01-05 20:00:18\',NULL,\'mvola\',232125,\'PAY-000032\',31,\'valide\',\'complet\',\'2026-04-17 08:30:27\'), (\'2024-11-18 00:56:52\',\'2026-04-09 12:54:47\',NULL,\'mvola\',225059,\'PAY-000033\',59,\'refuse\',\'acompte\',\'2023-01-03 22:44:54\'), (\'2025-10-14 02:32:39\',\'2024-03-07 04:35:06\',NULL,\'orange_money\',129975,\'PAY-000034\',63,\'refuse\',\'acompte\',\'2023-09-13 08:37:26\'), (\'2026-02-21 02:45:51\',\'2026-06-19 06:18:23\',NULL,\'airtel_money\',448645,\'PAY-000035\',99,\'valide\',\'acompte\',\'2025-04-20 16:38:09\'), (\'2025-06-03 03:09:26\',\'2025-08-28 03:18:00\',NULL,\'mvola\',315377,\'PAY-000036\',81,\'valide\',\'acompte\',\'2024-12-07 08:15:43\'), (\'2023-01-31 15:28:16\',\'2024-01-06 20:41:48\',NULL,\'airtel_money\',250216,\'PAY-000037\',80,\'en_attente\',\'acompte\',\'2024-10-15 14:03:16\'), (\'2025-06-29 13:53:05\',\'2024-12-05 16:23:48\',NULL,\'mvola\',50136,\'PAY-000038\',1,\'valide\',\'acompte\',\'2024-09-23 10:51:20\'), (\'2024-01-17 20:33:04\',\'2025-07-07 16:19:14\',NULL,\'airtel_money\',314234,\'PAY-000039\',15,\'refuse\',\'solde\',\'2023-03-18 09:08:24\'), (\'2025-05-24 20:52:17\',\'2026-03-08 11:43:14\',NULL,\'mvola\',134048,\'PAY-000040\',73,\'refuse\',\'complet\',\'2023-10-15 14:28:54\'), (\'2024-01-19 23:38:10\',\'2026-03-02 11:44:39\',NULL,\'mvola\',28285,\'PAY-000041\',30,\'valide\',\'solde\',\'2026-06-02 02:28:09\'), (\'2024-10-22 10:42:15\',\'2024-03-05 06:24:59\',NULL,\'mvola\',373886,\'PAY-000042\',50,\'refuse\',\'solde\',\'2025-12-27 08:27:30\'), (\'2023-06-22 19:03:13\',\'2024-08-31 10:48:18\',NULL,\'orange_money\',329364,\'PAY-000043\',78,\'valide\',\'solde\',\'2024-11-03 21:46:16\'), (\'2023-08-20 19:52:25\',\'2023-05-01 19:25:34\',NULL,\'orange_money\',376259,\'PAY-000044\',77,\'valide\',\'complet\',\'2025-08-01 14:05:13\'), (\'2026-03-26 11:48:21\',\'2024-03-15 15:04:14\',NULL,\'mvola\',489817,\'PAY-000045\',36,\'en_attente\',\'solde\',\'2023-06-13 12:49:40\'), (\'2025-09-12 05:43:45\',\'2024-08-16 03:30:43\',NULL,\'mvola\',173603,\'PAY-000046\',30,\'refuse\',\'complet\',\'2025-07-23 18:09:40\'), (\'2023-05-21 04:47:16\',\'2024-05-07 21:12:08\',NULL,\'airtel_money\',249839,\'PAY-000047\',72,\'en_attente\',\'solde\',\'2025-11-01 11:07:43\'), (\'2025-10-04 21:28:52\',\'2026-02-19 21:46:30\',NULL,\'airtel_money\',244952,\'PAY-000048\',87,\'en_attente\',\'acompte\',\'2024-05-16 09:26:19\'), (\'2023-02-05 00:48:02\',\'2026-06-15 10:42:32\',NULL,\'mvola\',23744,\'PAY-000049\',36,\'valide\',\'complet\',\'2025-06-13 18:30:35\'), (\'2024-03-01 14:10:08\',\'2023-09-29 00:14:10\',NULL,\'airtel_money\',136468,\'PAY-000050\',35,\'valide\',\'acompte\',\'2023-05-26 10:18:00\'), (\'2024-04-24 10:23:59\',\'2024-01-04 02:11:13\',NULL,\'orange_money\',161918,\'PAY-000051\',5,\'refuse\',\'acompte\',\'2025-04-05 12:05:50\'), (\'2023-01-28 15:43:14\',\'2025-09-23 14:06:19\',NULL,\'airtel_money\',312414,\'PAY-000052\',34,\'en_attente\',\'acompte\',\'2026-02-26 17:54:16\'), (\'2024-07-30 15:39:19\',\'2023-01-24 04:32:26\',NULL,\'mvola\',240569,\'PAY-000053\',10,\'en_attente\',\'solde\',\'2023-12-07 04:58:43\'), (\'2023-12-11 07:27:17\',\'2024-10-18 13:04:38\',NULL,\'airtel_money\',314631,\'PAY-000054\',51,\'refuse\',\'acompte\',\'2024-08-21 04:46:24\'), (\'2025-07-02 04:43:53\',\'2023-06-28 07:53:15\',NULL,\'airtel_money\',328817,\'PAY-000055\',71,\'en_attente\',\'solde\',\'2023-02-17 09:01:23\'), (\'2025-08-11 00:36:09\',\'2024-03-13 16:16:59\',NULL,\'airtel_money\',182617,\'PAY-000056\',57,\'en_attente\',\'acompte\',\'2025-02-17 21:57:52\'), (\'2024-04-26 22:53:47\',\'2024-06-28 23:50:42\',NULL,\'mvola\',143796,\'PAY-000057\',32,\'valide\',\'complet\',\'2025-08-21 11:51:30\'), (\'2024-07-04 00:05:59\',\'2024-12-02 17:34:45\',NULL,\'airtel_money\',185553,\'PAY-000058\',28,\'refuse\',\'solde\',\'2023-08-23 19:44:43\'), (\'2023-08-30 07:34:57\',\'2023-10-25 12:20:28\',NULL,\'airtel_money\',266083,\'PAY-000059\',10,\'en_attente\',\'solde\',\'2025-03-22 08:16:08\'), (\'2025-01-05 11:15:44\',\'2026-03-23 05:04:28\',NULL,\'airtel_money\',266979,\'PAY-000060\',12,\'refuse\',\'solde\',\'2025-01-20 11:58:21\'), (\'2025-10-12 06:01:01\',\'2024-10-12 08:27:59\',NULL,\'airtel_money\',438557,\'PAY-000061\',95,\'refuse\',\'solde\',\'2024-11-08 06:42:49\'), (\'2025-08-13 18:53:43\',\'2025-08-12 00:19:07\',NULL,\'mvola\',442911,\'PAY-000062\',10,\'en_attente\',\'complet\',\'2023-06-11 09:10:23\'), (\'2023-05-12 09:05:31\',\'2023-02-04 14:02:16\',NULL,\'orange_money\',126314,\'PAY-000063\',27,\'en_attente\',\'complet\',\'2024-04-08 01:01:14\'), (\'2023-02-01 05:25:56\',\'2023-03-06 12:14:03\',NULL,\'orange_money\',491275,\'PAY-000064\',92,\'valide\',\'acompte\',\'2023-01-30 20:07:26\'), (\'2023-04-17 18:32:53\',\'2025-04-10 17:18:05\',NULL,\'airtel_money\',161213,\'PAY-000065\',84,\'valide\',\'acompte\',\'2023-06-10 23:43:52\'), (\'2025-02-12 21:38:10\',\'2023-11-15 02:05:14\',NULL,\'orange_money\',240459,\'PAY-000066\',93,\'valide\',\'solde\',\'2023-02-19 01:13:45\'), (\'2024-06-20 16:48:40\',\'2024-08-06 19:11:18\',NULL,\'orange_money\',87601,\'PAY-000067\',92,\'en_attente\',\'solde\',\'2024-08-03 09:25:41\'), (\'2023-12-14 23:14:53\',\'2023-01-14 01:46:36\',NULL,\'airtel_money\',227255,\'PAY-000068\',93,\'en_attente\',\'complet\',\'2025-11-23 21:47:42\'), (\'2025-10-27 03:58:51\',\'2023-09-14 06:11:30\',NULL,\'airtel_money\',321486,\'PAY-000069\',64,\'refuse\',\'complet\',\'2023-03-02 18:27:02\'), (\'2026-05-18 20:46:25\',\'2025-04-15 21:15:14\',NULL,\'orange_money\',319573,\'PAY-000070\',23,\'valide\',\'complet\',\'2025-05-23 07:51:42\'), (\'2024-02-13 16:44:28\',\'2023-07-22 17:18:07\',NULL,\'mvola\',438290,\'PAY-000071\',40,\'refuse\',\'complet\',\'2023-02-08 23:41:42\'), (\'2025-07-25 16:44:58\',\'2026-04-19 14:24:48\',NULL,\'mvola\',391970,\'PAY-000072\',21,\'en_attente\',\'complet\',\'2026-06-25 16:42:09\'), (\'2025-11-08 10:23:45\',\'2023-03-22 06:55:10\',NULL,\'mvola\',83833,\'PAY-000073\',78,\'en_attente\',\'solde\',\'2026-05-16 19:17:37\'), (\'2025-11-17 22:23:06\',\'2026-07-13 02:02:49\',NULL,\'airtel_money\',465541,\'PAY-000074\',60,\'refuse\',\'complet\',\'2025-07-02 21:27:50\'), (\'2025-04-19 07:49:13\',\'2025-06-05 16:52:56\',NULL,\'airtel_money\',350105,\'PAY-000075\',20,\'valide\',\'complet\',\'2024-06-22 10:46:39\'), (\'2026-05-05 06:56:37\',\'2024-08-10 22:10:37\',NULL,\'airtel_money\',430843,\'PAY-000076\',25,\'en_attente\',\'complet\',\'2025-10-23 18:50:38\'), (\'2026-01-26 03:19:03\',\'2023-12-05 07:36:44\',NULL,\'orange_money\',166778,\'PAY-000077\',76,\'valide\',\'solde\',\'2025-02-12 08:29:35\'), (\'2025-08-05 10:26:45\',\'2025-12-14 16:11:19\',NULL,\'mvola\',324003,\'PAY-000078\',6,\'refuse\',\'complet\',\'2023-09-23 09:56:59\'), (\'2023-03-04 13:40:57\',\'2024-10-15 07:38:13\',NULL,\'mvola\',403003,\'PAY-000079\',68,\'valide\',\'complet\',\'2024-12-15 19:50:07\'), (\'2024-10-30 11:12:20\',\'2023-11-23 12:37:08\',NULL,\'airtel_money\',294898,\'PAY-000080\',40,\'valide\',\'acompte\',\'2023-12-04 09:33:27\'), (\'2023-02-16 18:26:15\',\'2024-04-02 15:35:00\',NULL,\'mvola\',447116,\'PAY-000081\',77,\'refuse\',\'acompte\',\'2025-03-20 05:10:08\'), (\'2025-11-01 01:16:35\',\'2023-10-10 19:19:58\',NULL,\'orange_money\',93318,\'PAY-000082\',61,\'refuse\',\'acompte\',\'2024-07-31 12:58:08\'), (\'2025-08-05 20:14:15\',\'2024-07-18 03:13:54\',NULL,\'mvola\',87643,\'PAY-000083\',79,\'valide\',\'complet\',\'2024-09-05 18:31:04\'), (\'2023-08-06 08:47:27\',\'2023-06-22 16:29:03\',NULL,\'airtel_money\',282185,\'PAY-000084\',41,\'refuse\',\'complet\',\'2025-05-10 06:36:51\'), (\'2025-07-26 01:27:59\',\'2024-12-06 10:13:32\',NULL,\'orange_money\',56161,\'PAY-000085\',78,\'en_attente\',\'solde\',\'2025-01-21 12:26:00\'), (\'2023-12-02 10:50:42\',\'2024-02-08 21:12:15\',NULL,\'orange_money\',333270,\'PAY-000086\',64,\'en_attente\',\'complet\',\'2023-02-26 18:01:44\'), (\'2026-01-13 12:11:47\',\'2024-04-25 15:53:05\',NULL,\'orange_money\',87537,\'PAY-000087\',91,\'valide\',\'complet\',\'2023-05-03 16:21:14\'), (\'2025-04-06 19:12:34\',\'2025-05-05 07:03:47\',NULL,\'airtel_money\',409030,\'PAY-000088\',24,\'refuse\',\'acompte\',\'2023-09-22 22:19:29\'), (\'2023-11-08 00:29:10\',\'2024-01-17 12:23:30\',NULL,\'airtel_money\',459228,\'PAY-000089\',29,\'valide\',\'solde\',\'2024-11-19 23:14:52\'), (\'2023-06-23 11:23:53\',\'2023-04-03 02:44:25\',NULL,\'orange_money\',275286,\'PAY-000090\',25,\'refuse\',\'acompte\',\'2024-12-18 21:04:38\'), (\'2026-05-18 00:17:50\',\'2026-04-16 05:51:19\',NULL,\'airtel_money\',499803,\'PAY-000091\',72,\'en_attente\',\'acompte\',\'2026-06-19 12:57:20\'), (\'2024-05-28 09:33:02\',\'2024-10-20 05:51:21\',NULL,\'orange_money\',303593,\'PAY-000092\',55,\'valide\',\'solde\',\'2025-01-31 13:52:10\'), (\'2026-03-04 22:42:54\',\'2023-01-07 18:18:16\',NULL,\'orange_money\',182444,\'PAY-000093\',16,\'en_attente\',\'solde\',\'2023-09-21 06:22:21\'), (\'2023-05-30 22:37:38\',\'2026-06-28 03:33:26\',NULL,\'airtel_money\',486567,\'PAY-000094\',66,\'valide\',\'acompte\',\'2023-01-22 11:38:35\'), (\'2025-06-08 12:07:36\',\'2024-10-20 14:00:51\',NULL,\'airtel_money\',288229,\'PAY-000095\',24,\'en_attente\',\'solde\',\'2026-01-10 16:56:20\'), (\'2025-03-22 13:17:25\',\'2024-08-19 01:53:58\',NULL,\'mvola\',301440,\'PAY-000096\',57,\'refuse\',\'acompte\',\'2025-12-12 10:19:01\'), (\'2025-10-13 05:19:54\',\'2025-05-21 08:06:52\',NULL,\'mvola\',82887,\'PAY-000097\',79,\'en_attente\',\'complet\',\'2025-04-01 10:39:47\'), (\'2024-11-04 08:57:52\',\'2025-12-24 01:29:02\',NULL,\'mvola\',90153,\'PAY-000098\',57,\'valide\',\'acompte\',\'2024-11-18 21:38:18\'), (\'2023-08-23 10:34:55\',\'2025-03-12 06:49:35\',NULL,\'mvola\',475232,\'PAY-000099\',44,\'refuse\',\'complet\',\'2024-10-06 17:57:59\'), (\'2024-04-18 13:34:37\',\'2023-05-26 15:57:40\',NULL,\'airtel_money\',347670,\'PAY-000100\',22,\'valide\',\'complet\',\'2026-02-20 08:06:49\')', 0)
 2 SYSTEMPATH\Database\BaseConnection.php(910): CodeIgniter\Database\MySQLi\Connection->execute('INSERT INTO `paiements` (`created_at`, `date_archivage`, `deleted_at`, `mode`, `montant`, `reference`, `reservation_id`, `statut`, `type`, `updated_at`)
VALUES (\'2025-07-07 19:49:00\',\'2025-12-18 15:06:42\',NULL,\'mvola\',228613,\'PAY-000001\',52,\'refuse\',\'acompte\',\'2024-06-24 14:47:49\'), (\'2024-02-01 11:06:04\',\'2024-07-31 05:38:44\',NULL,\'orange_money\',317554,\'PAY-000002\',96,\'refuse\',\'acompte\',\'2024-10-30 13:16:59\'), (\'2025-11-06 06:30:05\',\'2023-06-21 06:04:36\',NULL,\'airtel_money\',337609,\'PAY-000003\',68,\'en_attente\',\'acompte\',\'2025-09-02 02:33:43\'), (\'2023-01-02 15:55:09\',\'2024-08-18 22:07:33\',NULL,\'mvola\',407472,\'PAY-000004\',44,\'valide\',\'complet\',\'2024-12-10 18:21:27\'), (\'2024-12-08 06:31:44\',\'2024-09-11 17:51:03\',NULL,\'mvola\',406806,\'PAY-000005\',2,\'en_attente\',\'complet\',\'2023-06-09 21:52:58\'), (\'2025-08-20 05:52:58\',\'2024-12-26 12:58:08\',NULL,\'airtel_money\',355150,\'PAY-000006\',18,\'refuse\',\'complet\',\'2023-08-17 05:21:52\'), (\'2024-11-02 15:14:15\',\'2023-03-09 06:20:28\',NULL,\'mvola\',298007,\'PAY-000007\',92,\'valide\',\'acompte\',\'2025-01-13 15:10:27\'), (\'2023-11-05 23:35:36\',\'2025-04-15 06:40:05\',NULL,\'airtel_money\',307964,\'PAY-000008\',97,\'refuse\',\'solde\',\'2025-05-16 16:25:17\'), (\'2024-07-11 12:11:43\',\'2026-02-03 05:52:05\',NULL,\'mvola\',190617,\'PAY-000009\',86,\'valide\',\'solde\',\'2025-09-10 12:52:07\'), (\'2025-08-01 17:13:16\',\'2025-05-04 13:02:44\',NULL,\'mvola\',104098,\'PAY-000010\',25,\'en_attente\',\'solde\',\'2024-09-19 11:10:41\'), (\'2025-11-10 10:24:11\',\'2025-11-27 05:33:28\',NULL,\'airtel_money\',370727,\'PAY-000011\',29,\'en_attente\',\'acompte\',\'2023-02-18 08:02:04\'), (\'2024-02-02 07:09:27\',\'2024-07-31 15:11:44\',NULL,\'mvola\',369589,\'PAY-000012\',69,\'refuse\',\'solde\',\'2025-12-14 13:19:37\'), (\'2023-11-01 17:48:44\',\'2023-09-04 16:14:07\',NULL,\'airtel_money\',353465,\'PAY-000013\',60,\'refuse\',\'solde\',\'2024-10-03 04:32:32\'), (\'2023-03-31 12:17:12\',\'2025-08-03 20:24:02\',NULL,\'orange_money\',250210,\'PAY-000014\',66,\'valide\',\'complet\',\'2024-11-03 21:12:15\'), (\'2025-10-27 04:36:21\',\'2023-09-06 10:14:48\',NULL,\'orange_money\',212592,\'PAY-000015\',58,\'en_attente\',\'complet\',\'2023-08-24 20:41:16\'), (\'2024-09-28 14:06:18\',\'2024-12-11 02:45:12\',NULL,\'mvola\',16777,\'PAY-000016\',54,\'refuse\',\'solde\',\'2023-11-02 07:03:38\'), (\'2026-04-09 14:16:24\',\'2023-02-22 21:43:44\',NULL,\'airtel_money\',490456,\'PAY-000017\',63,\'en_attente\',\'acompte\',\'2025-09-16 22:12:03\'), (\'2026-05-06 17:04:59\',\'2026-06-22 10:40:52\',NULL,\'orange_money\',287610,\'PAY-000018\',67,\'en_attente\',\'acompte\',\'2025-04-08 15:11:31\'), (\'2026-05-02 10:54:08\',\'2025-07-15 05:55:11\',NULL,\'mvola\',235672,\'PAY-000019\',85,\'valide\',\'solde\',\'2026-06-09 14:44:37\'), (\'2024-12-12 22:58:26\',\'2024-01-15 12:40:14\',NULL,\'mvola\',32977,\'PAY-000020\',20,\'valide\',\'complet\',\'2025-07-17 17:31:46\'), (\'2025-03-29 02:21:46\',\'2023-12-20 18:23:43\',NULL,\'orange_money\',305984,\'PAY-000021\',33,\'en_attente\',\'complet\',\'2023-07-03 15:59:45\'), (\'2024-09-24 11:00:59\',\'2023-12-29 01:58:28\',NULL,\'airtel_money\',401094,\'PAY-000022\',10,\'en_attente\',\'solde\',\'2026-04-30 14:47:21\'), (\'2023-03-01 20:45:52\',\'2026-05-17 13:39:13\',NULL,\'airtel_money\',48197,\'PAY-000023\',72,\'refuse\',\'acompte\',\'2025-01-16 13:09:28\'), (\'2023-04-27 16:36:31\',\'2025-08-02 19:21:22\',NULL,\'mvola\',341486,\'PAY-000024\',71,\'en_attente\',\'acompte\',\'2023-01-12 15:46:46\'), (\'2026-01-01 15:54:05\',\'2025-09-22 12:46:57\',NULL,\'orange_money\',148036,\'PAY-000025\',24,\'refuse\',\'solde\',\'2026-04-19 02:58:39\'), (\'2025-06-11 23:00:39\',\'2023-01-31 12:50:19\',NULL,\'orange_money\',412711,\'PAY-000026\',62,\'en_attente\',\'complet\',\'2025-01-26 00:28:40\'), (\'2025-01-28 17:37:10\',\'2023-07-16 15:30:12\',NULL,\'airtel_money\',376591,\'PAY-000027\',37,\'refuse\',\'solde\',\'2023-06-23 06:54:25\'), (\'2026-02-21 17:23:02\',\'2025-01-21 17:02:02\',NULL,\'mvola\',434045,\'PAY-000028\',84,\'refuse\',\'solde\',\'2026-06-15 06:04:20\'), (\'2023-03-30 12:32:54\',\'2025-12-25 04:06:30\',NULL,\'orange_money\',112342,\'PAY-000029\',93,\'en_attente\',\'acompte\',\'2024-02-17 03:36:20\'), (\'2023-08-06 19:44:12\',\'2025-05-15 10:15:55\',NULL,\'orange_money\',34867,\'PAY-000030\',58,\'valide\',\'solde\',\'2024-12-12 23:04:58\'), (\'2023-09-08 21:37:24\',\'2026-05-08 09:14:13\',NULL,\'airtel_money\',143687,\'PAY-000031\',38,\'refuse\',\'complet\',\'2024-11-26 22:14:19\'), (\'2023-12-10 05:14:39\',\'2026-01-05 20:00:18\',NULL,\'mvola\',232125,\'PAY-000032\',31,\'valide\',\'complet\',\'2026-04-17 08:30:27\'), (\'2024-11-18 00:56:52\',\'2026-04-09 12:54:47\',NULL,\'mvola\',225059,\'PAY-000033\',59,\'refuse\',\'acompte\',\'2023-01-03 22:44:54\'), (\'2025-10-14 02:32:39\',\'2024-03-07 04:35:06\',NULL,\'orange_money\',129975,\'PAY-000034\',63,\'refuse\',\'acompte\',\'2023-09-13 08:37:26\'), (\'2026-02-21 02:45:51\',\'2026-06-19 06:18:23\',NULL,\'airtel_money\',448645,\'PAY-000035\',99,\'valide\',\'acompte\',\'2025-04-20 16:38:09\'), (\'2025-06-03 03:09:26\',\'2025-08-28 03:18:00\',NULL,\'mvola\',315377,\'PAY-000036\',81,\'valide\',\'acompte\',\'2024-12-07 08:15:43\'), (\'2023-01-31 15:28:16\',\'2024-01-06 20:41:48\',NULL,\'airtel_money\',250216,\'PAY-000037\',80,\'en_attente\',\'acompte\',\'2024-10-15 14:03:16\'), (\'2025-06-29 13:53:05\',\'2024-12-05 16:23:48\',NULL,\'mvola\',50136,\'PAY-000038\',1,\'valide\',\'acompte\',\'2024-09-23 10:51:20\'), (\'2024-01-17 20:33:04\',\'2025-07-07 16:19:14\',NULL,\'airtel_money\',314234,\'PAY-000039\',15,\'refuse\',\'solde\',\'2023-03-18 09:08:24\'), (\'2025-05-24 20:52:17\',\'2026-03-08 11:43:14\',NULL,\'mvola\',134048,\'PAY-000040\',73,\'refuse\',\'complet\',\'2023-10-15 14:28:54\'), (\'2024-01-19 23:38:10\',\'2026-03-02 11:44:39\',NULL,\'mvola\',28285,\'PAY-000041\',30,\'valide\',\'solde\',\'2026-06-02 02:28:09\'), (\'2024-10-22 10:42:15\',\'2024-03-05 06:24:59\',NULL,\'mvola\',373886,\'PAY-000042\',50,\'refuse\',\'solde\',\'2025-12-27 08:27:30\'), (\'2023-06-22 19:03:13\',\'2024-08-31 10:48:18\',NULL,\'orange_money\',329364,\'PAY-000043\',78,\'valide\',\'solde\',\'2024-11-03 21:46:16\'), (\'2023-08-20 19:52:25\',\'2023-05-01 19:25:34\',NULL,\'orange_money\',376259,\'PAY-000044\',77,\'valide\',\'complet\',\'2025-08-01 14:05:13\'), (\'2026-03-26 11:48:21\',\'2024-03-15 15:04:14\',NULL,\'mvola\',489817,\'PAY-000045\',36,\'en_attente\',\'solde\',\'2023-06-13 12:49:40\'), (\'2025-09-12 05:43:45\',\'2024-08-16 03:30:43\',NULL,\'mvola\',173603,\'PAY-000046\',30,\'refuse\',\'complet\',\'2025-07-23 18:09:40\'), (\'2023-05-21 04:47:16\',\'2024-05-07 21:12:08\',NULL,\'airtel_money\',249839,\'PAY-000047\',72,\'en_attente\',\'solde\',\'2025-11-01 11:07:43\'), (\'2025-10-04 21:28:52\',\'2026-02-19 21:46:30\',NULL,\'airtel_money\',244952,\'PAY-000048\',87,\'en_attente\',\'acompte\',\'2024-05-16 09:26:19\'), (\'2023-02-05 00:48:02\',\'2026-06-15 10:42:32\',NULL,\'mvola\',23744,\'PAY-000049\',36,\'valide\',\'complet\',\'2025-06-13 18:30:35\'), (\'2024-03-01 14:10:08\',\'2023-09-29 00:14:10\',NULL,\'airtel_money\',136468,\'PAY-000050\',35,\'valide\',\'acompte\',\'2023-05-26 10:18:00\'), (\'2024-04-24 10:23:59\',\'2024-01-04 02:11:13\',NULL,\'orange_money\',161918,\'PAY-000051\',5,\'refuse\',\'acompte\',\'2025-04-05 12:05:50\'), (\'2023-01-28 15:43:14\',\'2025-09-23 14:06:19\',NULL,\'airtel_money\',312414,\'PAY-000052\',34,\'en_attente\',\'acompte\',\'2026-02-26 17:54:16\'), (\'2024-07-30 15:39:19\',\'2023-01-24 04:32:26\',NULL,\'mvola\',240569,\'PAY-000053\',10,\'en_attente\',\'solde\',\'2023-12-07 04:58:43\'), (\'2023-12-11 07:27:17\',\'2024-10-18 13:04:38\',NULL,\'airtel_money\',314631,\'PAY-000054\',51,\'refuse\',\'acompte\',\'2024-08-21 04:46:24\'), (\'2025-07-02 04:43:53\',\'2023-06-28 07:53:15\',NULL,\'airtel_money\',328817,\'PAY-000055\',71,\'en_attente\',\'solde\',\'2023-02-17 09:01:23\'), (\'2025-08-11 00:36:09\',\'2024-03-13 16:16:59\',NULL,\'airtel_money\',182617,\'PAY-000056\',57,\'en_attente\',\'acompte\',\'2025-02-17 21:57:52\'), (\'2024-04-26 22:53:47\',\'2024-06-28 23:50:42\',NULL,\'mvola\',143796,\'PAY-000057\',32,\'valide\',\'complet\',\'2025-08-21 11:51:30\'), (\'2024-07-04 00:05:59\',\'2024-12-02 17:34:45\',NULL,\'airtel_money\',185553,\'PAY-000058\',28,\'refuse\',\'solde\',\'2023-08-23 19:44:43\'), (\'2023-08-30 07:34:57\',\'2023-10-25 12:20:28\',NULL,\'airtel_money\',266083,\'PAY-000059\',10,\'en_attente\',\'solde\',\'2025-03-22 08:16:08\'), (\'2025-01-05 11:15:44\',\'2026-03-23 05:04:28\',NULL,\'airtel_money\',266979,\'PAY-000060\',12,\'refuse\',\'solde\',\'2025-01-20 11:58:21\'), (\'2025-10-12 06:01:01\',\'2024-10-12 08:27:59\',NULL,\'airtel_money\',438557,\'PAY-000061\',95,\'refuse\',\'solde\',\'2024-11-08 06:42:49\'), (\'2025-08-13 18:53:43\',\'2025-08-12 00:19:07\',NULL,\'mvola\',442911,\'PAY-000062\',10,\'en_attente\',\'complet\',\'2023-06-11 09:10:23\'), (\'2023-05-12 09:05:31\',\'2023-02-04 14:02:16\',NULL,\'orange_money\',126314,\'PAY-000063\',27,\'en_attente\',\'complet\',\'2024-04-08 01:01:14\'), (\'2023-02-01 05:25:56\',\'2023-03-06 12:14:03\',NULL,\'orange_money\',491275,\'PAY-000064\',92,\'valide\',\'acompte\',\'2023-01-30 20:07:26\'), (\'2023-04-17 18:32:53\',\'2025-04-10 17:18:05\',NULL,\'airtel_money\',161213,\'PAY-000065\',84,\'valide\',\'acompte\',\'2023-06-10 23:43:52\'), (\'2025-02-12 21:38:10\',\'2023-11-15 02:05:14\',NULL,\'orange_money\',240459,\'PAY-000066\',93,\'valide\',\'solde\',\'2023-02-19 01:13:45\'), (\'2024-06-20 16:48:40\',\'2024-08-06 19:11:18\',NULL,\'orange_money\',87601,\'PAY-000067\',92,\'en_attente\',\'solde\',\'2024-08-03 09:25:41\'), (\'2023-12-14 23:14:53\',\'2023-01-14 01:46:36\',NULL,\'airtel_money\',227255,\'PAY-000068\',93,\'en_attente\',\'complet\',\'2025-11-23 21:47:42\'), (\'2025-10-27 03:58:51\',\'2023-09-14 06:11:30\',NULL,\'airtel_money\',321486,\'PAY-000069\',64,\'refuse\',\'complet\',\'2023-03-02 18:27:02\'), (\'2026-05-18 20:46:25\',\'2025-04-15 21:15:14\',NULL,\'orange_money\',319573,\'PAY-000070\',23,\'valide\',\'complet\',\'2025-05-23 07:51:42\'), (\'2024-02-13 16:44:28\',\'2023-07-22 17:18:07\',NULL,\'mvola\',438290,\'PAY-000071\',40,\'refuse\',\'complet\',\'2023-02-08 23:41:42\'), (\'2025-07-25 16:44:58\',\'2026-04-19 14:24:48\',NULL,\'mvola\',391970,\'PAY-000072\',21,\'en_attente\',\'complet\',\'2026-06-25 16:42:09\'), (\'2025-11-08 10:23:45\',\'2023-03-22 06:55:10\',NULL,\'mvola\',83833,\'PAY-000073\',78,\'en_attente\',\'solde\',\'2026-05-16 19:17:37\'), (\'2025-11-17 22:23:06\',\'2026-07-13 02:02:49\',NULL,\'airtel_money\',465541,\'PAY-000074\',60,\'refuse\',\'complet\',\'2025-07-02 21:27:50\'), (\'2025-04-19 07:49:13\',\'2025-06-05 16:52:56\',NULL,\'airtel_money\',350105,\'PAY-000075\',20,\'valide\',\'complet\',\'2024-06-22 10:46:39\'), (\'2026-05-05 06:56:37\',\'2024-08-10 22:10:37\',NULL,\'airtel_money\',430843,\'PAY-000076\',25,\'en_attente\',\'complet\',\'2025-10-23 18:50:38\'), (\'2026-01-26 03:19:03\',\'2023-12-05 07:36:44\',NULL,\'orange_money\',166778,\'PAY-000077\',76,\'valide\',\'solde\',\'2025-02-12 08:29:35\'), (\'2025-08-05 10:26:45\',\'2025-12-14 16:11:19\',NULL,\'mvola\',324003,\'PAY-000078\',6,\'refuse\',\'complet\',\'2023-09-23 09:56:59\'), (\'2023-03-04 13:40:57\',\'2024-10-15 07:38:13\',NULL,\'mvola\',403003,\'PAY-000079\',68,\'valide\',\'complet\',\'2024-12-15 19:50:07\'), (\'2024-10-30 11:12:20\',\'2023-11-23 12:37:08\',NULL,\'airtel_money\',294898,\'PAY-000080\',40,\'valide\',\'acompte\',\'2023-12-04 09:33:27\'), (\'2023-02-16 18:26:15\',\'2024-04-02 15:35:00\',NULL,\'mvola\',447116,\'PAY-000081\',77,\'refuse\',\'acompte\',\'2025-03-20 05:10:08\'), (\'2025-11-01 01:16:35\',\'2023-10-10 19:19:58\',NULL,\'orange_money\',93318,\'PAY-000082\',61,\'refuse\',\'acompte\',\'2024-07-31 12:58:08\'), (\'2025-08-05 20:14:15\',\'2024-07-18 03:13:54\',NULL,\'mvola\',87643,\'PAY-000083\',79,\'valide\',\'complet\',\'2024-09-05 18:31:04\'), (\'2023-08-06 08:47:27\',\'2023-06-22 16:29:03\',NULL,\'airtel_money\',282185,\'PAY-000084\',41,\'refuse\',\'complet\',\'2025-05-10 06:36:51\'), (\'2025-07-26 01:27:59\',\'2024-12-06 10:13:32\',NULL,\'orange_money\',56161,\'PAY-000085\',78,\'en_attente\',\'solde\',\'2025-01-21 12:26:00\'), (\'2023-12-02 10:50:42\',\'2024-02-08 21:12:15\',NULL,\'orange_money\',333270,\'PAY-000086\',64,\'en_attente\',\'complet\',\'2023-02-26 18:01:44\'), (\'2026-01-13 12:11:47\',\'2024-04-25 15:53:05\',NULL,\'orange_money\',87537,\'PAY-000087\',91,\'valide\',\'complet\',\'2023-05-03 16:21:14\'), (\'2025-04-06 19:12:34\',\'2025-05-05 07:03:47\',NULL,\'airtel_money\',409030,\'PAY-000088\',24,\'refuse\',\'acompte\',\'2023-09-22 22:19:29\'), (\'2023-11-08 00:29:10\',\'2024-01-17 12:23:30\',NULL,\'airtel_money\',459228,\'PAY-000089\',29,\'valide\',\'solde\',\'2024-11-19 23:14:52\'), (\'2023-06-23 11:23:53\',\'2023-04-03 02:44:25\',NULL,\'orange_money\',275286,\'PAY-000090\',25,\'refuse\',\'acompte\',\'2024-12-18 21:04:38\'), (\'2026-05-18 00:17:50\',\'2026-04-16 05:51:19\',NULL,\'airtel_money\',499803,\'PAY-000091\',72,\'en_attente\',\'acompte\',\'2026-06-19 12:57:20\'), (\'2024-05-28 09:33:02\',\'2024-10-20 05:51:21\',NULL,\'orange_money\',303593,\'PAY-000092\',55,\'valide\',\'solde\',\'2025-01-31 13:52:10\'), (\'2026-03-04 22:42:54\',\'2023-01-07 18:18:16\',NULL,\'orange_money\',182444,\'PAY-000093\',16,\'en_attente\',\'solde\',\'2023-09-21 06:22:21\'), (\'2023-05-30 22:37:38\',\'2026-06-28 03:33:26\',NULL,\'airtel_money\',486567,\'PAY-000094\',66,\'valide\',\'acompte\',\'2023-01-22 11:38:35\'), (\'2025-06-08 12:07:36\',\'2024-10-20 14:00:51\',NULL,\'airtel_money\',288229,\'PAY-000095\',24,\'en_attente\',\'solde\',\'2026-01-10 16:56:20\'), (\'2025-03-22 13:17:25\',\'2024-08-19 01:53:58\',NULL,\'mvola\',301440,\'PAY-000096\',57,\'refuse\',\'acompte\',\'2025-12-12 10:19:01\'), (\'2025-10-13 05:19:54\',\'2025-05-21 08:06:52\',NULL,\'mvola\',82887,\'PAY-000097\',79,\'en_attente\',\'complet\',\'2025-04-01 10:39:47\'), (\'2024-11-04 08:57:52\',\'2025-12-24 01:29:02\',NULL,\'mvola\',90153,\'PAY-000098\',57,\'valide\',\'acompte\',\'2024-11-18 21:38:18\'), (\'2023-08-23 10:34:55\',\'2025-03-12 06:49:35\',NULL,\'mvola\',475232,\'PAY-000099\',44,\'refuse\',\'complet\',\'2024-10-06 17:57:59\'), (\'2024-04-18 13:34:37\',\'2023-05-26 15:57:40\',NULL,\'airtel_money\',347670,\'PAY-000100\',22,\'valide\',\'complet\',\'2026-02-20 08:06:49\')')
 3 SYSTEMPATH\Database\BaseConnection.php(827): CodeIgniter\Database\BaseConnection->simpleQuery('INSERT INTO `paiements` (`created_at`, `date_archivage`, `deleted_at`, `mode`, `montant`, `reference`, `reservation_id`, `statut`, `type`, `updated_at`)
VALUES (\'2025-07-07 19:49:00\',\'2025-12-18 15:06:42\',NULL,\'mvola\',228613,\'PAY-000001\',52,\'refuse\',\'acompte\',\'2024-06-24 14:47:49\'), (\'2024-02-01 11:06:04\',\'2024-07-31 05:38:44\',NULL,\'orange_money\',317554,\'PAY-000002\',96,\'refuse\',\'acompte\',\'2024-10-30 13:16:59\'), (\'2025-11-06 06:30:05\',\'2023-06-21 06:04:36\',NULL,\'airtel_money\',337609,\'PAY-000003\',68,\'en_attente\',\'acompte\',\'2025-09-02 02:33:43\'), (\'2023-01-02 15:55:09\',\'2024-08-18 22:07:33\',NULL,\'mvola\',407472,\'PAY-000004\',44,\'valide\',\'complet\',\'2024-12-10 18:21:27\'), (\'2024-12-08 06:31:44\',\'2024-09-11 17:51:03\',NULL,\'mvola\',406806,\'PAY-000005\',2,\'en_attente\',\'complet\',\'2023-06-09 21:52:58\'), (\'2025-08-20 05:52:58\',\'2024-12-26 12:58:08\',NULL,\'airtel_money\',355150,\'PAY-000006\',18,\'refuse\',\'complet\',\'2023-08-17 05:21:52\'), (\'2024-11-02 15:14:15\',\'2023-03-09 06:20:28\',NULL,\'mvola\',298007,\'PAY-000007\',92,\'valide\',\'acompte\',\'2025-01-13 15:10:27\'), (\'2023-11-05 23:35:36\',\'2025-04-15 06:40:05\',NULL,\'airtel_money\',307964,\'PAY-000008\',97,\'refuse\',\'solde\',\'2025-05-16 16:25:17\'), (\'2024-07-11 12:11:43\',\'2026-02-03 05:52:05\',NULL,\'mvola\',190617,\'PAY-000009\',86,\'valide\',\'solde\',\'2025-09-10 12:52:07\'), (\'2025-08-01 17:13:16\',\'2025-05-04 13:02:44\',NULL,\'mvola\',104098,\'PAY-000010\',25,\'en_attente\',\'solde\',\'2024-09-19 11:10:41\'), (\'2025-11-10 10:24:11\',\'2025-11-27 05:33:28\',NULL,\'airtel_money\',370727,\'PAY-000011\',29,\'en_attente\',\'acompte\',\'2023-02-18 08:02:04\'), (\'2024-02-02 07:09:27\',\'2024-07-31 15:11:44\',NULL,\'mvola\',369589,\'PAY-000012\',69,\'refuse\',\'solde\',\'2025-12-14 13:19:37\'), (\'2023-11-01 17:48:44\',\'2023-09-04 16:14:07\',NULL,\'airtel_money\',353465,\'PAY-000013\',60,\'refuse\',\'solde\',\'2024-10-03 04:32:32\'), (\'2023-03-31 12:17:12\',\'2025-08-03 20:24:02\',NULL,\'orange_money\',250210,\'PAY-000014\',66,\'valide\',\'complet\',\'2024-11-03 21:12:15\'), (\'2025-10-27 04:36:21\',\'2023-09-06 10:14:48\',NULL,\'orange_money\',212592,\'PAY-000015\',58,\'en_attente\',\'complet\',\'2023-08-24 20:41:16\'), (\'2024-09-28 14:06:18\',\'2024-12-11 02:45:12\',NULL,\'mvola\',16777,\'PAY-000016\',54,\'refuse\',\'solde\',\'2023-11-02 07:03:38\'), (\'2026-04-09 14:16:24\',\'2023-02-22 21:43:44\',NULL,\'airtel_money\',490456,\'PAY-000017\',63,\'en_attente\',\'acompte\',\'2025-09-16 22:12:03\'), (\'2026-05-06 17:04:59\',\'2026-06-22 10:40:52\',NULL,\'orange_money\',287610,\'PAY-000018\',67,\'en_attente\',\'acompte\',\'2025-04-08 15:11:31\'), (\'2026-05-02 10:54:08\',\'2025-07-15 05:55:11\',NULL,\'mvola\',235672,\'PAY-000019\',85,\'valide\',\'solde\',\'2026-06-09 14:44:37\'), (\'2024-12-12 22:58:26\',\'2024-01-15 12:40:14\',NULL,\'mvola\',32977,\'PAY-000020\',20,\'valide\',\'complet\',\'2025-07-17 17:31:46\'), (\'2025-03-29 02:21:46\',\'2023-12-20 18:23:43\',NULL,\'orange_money\',305984,\'PAY-000021\',33,\'en_attente\',\'complet\',\'2023-07-03 15:59:45\'), (\'2024-09-24 11:00:59\',\'2023-12-29 01:58:28\',NULL,\'airtel_money\',401094,\'PAY-000022\',10,\'en_attente\',\'solde\',\'2026-04-30 14:47:21\'), (\'2023-03-01 20:45:52\',\'2026-05-17 13:39:13\',NULL,\'airtel_money\',48197,\'PAY-000023\',72,\'refuse\',\'acompte\',\'2025-01-16 13:09:28\'), (\'2023-04-27 16:36:31\',\'2025-08-02 19:21:22\',NULL,\'mvola\',341486,\'PAY-000024\',71,\'en_attente\',\'acompte\',\'2023-01-12 15:46:46\'), (\'2026-01-01 15:54:05\',\'2025-09-22 12:46:57\',NULL,\'orange_money\',148036,\'PAY-000025\',24,\'refuse\',\'solde\',\'2026-04-19 02:58:39\'), (\'2025-06-11 23:00:39\',\'2023-01-31 12:50:19\',NULL,\'orange_money\',412711,\'PAY-000026\',62,\'en_attente\',\'complet\',\'2025-01-26 00:28:40\'), (\'2025-01-28 17:37:10\',\'2023-07-16 15:30:12\',NULL,\'airtel_money\',376591,\'PAY-000027\',37,\'refuse\',\'solde\',\'2023-06-23 06:54:25\'), (\'2026-02-21 17:23:02\',\'2025-01-21 17:02:02\',NULL,\'mvola\',434045,\'PAY-000028\',84,\'refuse\',\'solde\',\'2026-06-15 06:04:20\'), (\'2023-03-30 12:32:54\',\'2025-12-25 04:06:30\',NULL,\'orange_money\',112342,\'PAY-000029\',93,\'en_attente\',\'acompte\',\'2024-02-17 03:36:20\'), (\'2023-08-06 19:44:12\',\'2025-05-15 10:15:55\',NULL,\'orange_money\',34867,\'PAY-000030\',58,\'valide\',\'solde\',\'2024-12-12 23:04:58\'), (\'2023-09-08 21:37:24\',\'2026-05-08 09:14:13\',NULL,\'airtel_money\',143687,\'PAY-000031\',38,\'refuse\',\'complet\',\'2024-11-26 22:14:19\'), (\'2023-12-10 05:14:39\',\'2026-01-05 20:00:18\',NULL,\'mvola\',232125,\'PAY-000032\',31,\'valide\',\'complet\',\'2026-04-17 08:30:27\'), (\'2024-11-18 00:56:52\',\'2026-04-09 12:54:47\',NULL,\'mvola\',225059,\'PAY-000033\',59,\'refuse\',\'acompte\',\'2023-01-03 22:44:54\'), (\'2025-10-14 02:32:39\',\'2024-03-07 04:35:06\',NULL,\'orange_money\',129975,\'PAY-000034\',63,\'refuse\',\'acompte\',\'2023-09-13 08:37:26\'), (\'2026-02-21 02:45:51\',\'2026-06-19 06:18:23\',NULL,\'airtel_money\',448645,\'PAY-000035\',99,\'valide\',\'acompte\',\'2025-04-20 16:38:09\'), (\'2025-06-03 03:09:26\',\'2025-08-28 03:18:00\',NULL,\'mvola\',315377,\'PAY-000036\',81,\'valide\',\'acompte\',\'2024-12-07 08:15:43\'), (\'2023-01-31 15:28:16\',\'2024-01-06 20:41:48\',NULL,\'airtel_money\',250216,\'PAY-000037\',80,\'en_attente\',\'acompte\',\'2024-10-15 14:03:16\'), (\'2025-06-29 13:53:05\',\'2024-12-05 16:23:48\',NULL,\'mvola\',50136,\'PAY-000038\',1,\'valide\',\'acompte\',\'2024-09-23 10:51:20\'), (\'2024-01-17 20:33:04\',\'2025-07-07 16:19:14\',NULL,\'airtel_money\',314234,\'PAY-000039\',15,\'refuse\',\'solde\',\'2023-03-18 09:08:24\'), (\'2025-05-24 20:52:17\',\'2026-03-08 11:43:14\',NULL,\'mvola\',134048,\'PAY-000040\',73,\'refuse\',\'complet\',\'2023-10-15 14:28:54\'), (\'2024-01-19 23:38:10\',\'2026-03-02 11:44:39\',NULL,\'mvola\',28285,\'PAY-000041\',30,\'valide\',\'solde\',\'2026-06-02 02:28:09\'), (\'2024-10-22 10:42:15\',\'2024-03-05 06:24:59\',NULL,\'mvola\',373886,\'PAY-000042\',50,\'refuse\',\'solde\',\'2025-12-27 08:27:30\'), (\'2023-06-22 19:03:13\',\'2024-08-31 10:48:18\',NULL,\'orange_money\',329364,\'PAY-000043\',78,\'valide\',\'solde\',\'2024-11-03 21:46:16\'), (\'2023-08-20 19:52:25\',\'2023-05-01 19:25:34\',NULL,\'orange_money\',376259,\'PAY-000044\',77,\'valide\',\'complet\',\'2025-08-01 14:05:13\'), (\'2026-03-26 11:48:21\',\'2024-03-15 15:04:14\',NULL,\'mvola\',489817,\'PAY-000045\',36,\'en_attente\',\'solde\',\'2023-06-13 12:49:40\'), (\'2025-09-12 05:43:45\',\'2024-08-16 03:30:43\',NULL,\'mvola\',173603,\'PAY-000046\',30,\'refuse\',\'complet\',\'2025-07-23 18:09:40\'), (\'2023-05-21 04:47:16\',\'2024-05-07 21:12:08\',NULL,\'airtel_money\',249839,\'PAY-000047\',72,\'en_attente\',\'solde\',\'2025-11-01 11:07:43\'), (\'2025-10-04 21:28:52\',\'2026-02-19 21:46:30\',NULL,\'airtel_money\',244952,\'PAY-000048\',87,\'en_attente\',\'acompte\',\'2024-05-16 09:26:19\'), (\'2023-02-05 00:48:02\',\'2026-06-15 10:42:32\',NULL,\'mvola\',23744,\'PAY-000049\',36,\'valide\',\'complet\',\'2025-06-13 18:30:35\'), (\'2024-03-01 14:10:08\',\'2023-09-29 00:14:10\',NULL,\'airtel_money\',136468,\'PAY-000050\',35,\'valide\',\'acompte\',\'2023-05-26 10:18:00\'), (\'2024-04-24 10:23:59\',\'2024-01-04 02:11:13\',NULL,\'orange_money\',161918,\'PAY-000051\',5,\'refuse\',\'acompte\',\'2025-04-05 12:05:50\'), (\'2023-01-28 15:43:14\',\'2025-09-23 14:06:19\',NULL,\'airtel_money\',312414,\'PAY-000052\',34,\'en_attente\',\'acompte\',\'2026-02-26 17:54:16\'), (\'2024-07-30 15:39:19\',\'2023-01-24 04:32:26\',NULL,\'mvola\',240569,\'PAY-000053\',10,\'en_attente\',\'solde\',\'2023-12-07 04:58:43\'), (\'2023-12-11 07:27:17\',\'2024-10-18 13:04:38\',NULL,\'airtel_money\',314631,\'PAY-000054\',51,\'refuse\',\'acompte\',\'2024-08-21 04:46:24\'), (\'2025-07-02 04:43:53\',\'2023-06-28 07:53:15\',NULL,\'airtel_money\',328817,\'PAY-000055\',71,\'en_attente\',\'solde\',\'2023-02-17 09:01:23\'), (\'2025-08-11 00:36:09\',\'2024-03-13 16:16:59\',NULL,\'airtel_money\',182617,\'PAY-000056\',57,\'en_attente\',\'acompte\',\'2025-02-17 21:57:52\'), (\'2024-04-26 22:53:47\',\'2024-06-28 23:50:42\',NULL,\'mvola\',143796,\'PAY-000057\',32,\'valide\',\'complet\',\'2025-08-21 11:51:30\'), (\'2024-07-04 00:05:59\',\'2024-12-02 17:34:45\',NULL,\'airtel_money\',185553,\'PAY-000058\',28,\'refuse\',\'solde\',\'2023-08-23 19:44:43\'), (\'2023-08-30 07:34:57\',\'2023-10-25 12:20:28\',NULL,\'airtel_money\',266083,\'PAY-000059\',10,\'en_attente\',\'solde\',\'2025-03-22 08:16:08\'), (\'2025-01-05 11:15:44\',\'2026-03-23 05:04:28\',NULL,\'airtel_money\',266979,\'PAY-000060\',12,\'refuse\',\'solde\',\'2025-01-20 11:58:21\'), (\'2025-10-12 06:01:01\',\'2024-10-12 08:27:59\',NULL,\'airtel_money\',438557,\'PAY-000061\',95,\'refuse\',\'solde\',\'2024-11-08 06:42:49\'), (\'2025-08-13 18:53:43\',\'2025-08-12 00:19:07\',NULL,\'mvola\',442911,\'PAY-000062\',10,\'en_attente\',\'complet\',\'2023-06-11 09:10:23\'), (\'2023-05-12 09:05:31\',\'2023-02-04 14:02:16\',NULL,\'orange_money\',126314,\'PAY-000063\',27,\'en_attente\',\'complet\',\'2024-04-08 01:01:14\'), (\'2023-02-01 05:25:56\',\'2023-03-06 12:14:03\',NULL,\'orange_money\',491275,\'PAY-000064\',92,\'valide\',\'acompte\',\'2023-01-30 20:07:26\'), (\'2023-04-17 18:32:53\',\'2025-04-10 17:18:05\',NULL,\'airtel_money\',161213,\'PAY-000065\',84,\'valide\',\'acompte\',\'2023-06-10 23:43:52\'), (\'2025-02-12 21:38:10\',\'2023-11-15 02:05:14\',NULL,\'orange_money\',240459,\'PAY-000066\',93,\'valide\',\'solde\',\'2023-02-19 01:13:45\'), (\'2024-06-20 16:48:40\',\'2024-08-06 19:11:18\',NULL,\'orange_money\',87601,\'PAY-000067\',92,\'en_attente\',\'solde\',\'2024-08-03 09:25:41\'), (\'2023-12-14 23:14:53\',\'2023-01-14 01:46:36\',NULL,\'airtel_money\',227255,\'PAY-000068\',93,\'en_attente\',\'complet\',\'2025-11-23 21:47:42\'), (\'2025-10-27 03:58:51\',\'2023-09-14 06:11:30\',NULL,\'airtel_money\',321486,\'PAY-000069\',64,\'refuse\',\'complet\',\'2023-03-02 18:27:02\'), (\'2026-05-18 20:46:25\',\'2025-04-15 21:15:14\',NULL,\'orange_money\',319573,\'PAY-000070\',23,\'valide\',\'complet\',\'2025-05-23 07:51:42\'), (\'2024-02-13 16:44:28\',\'2023-07-22 17:18:07\',NULL,\'mvola\',438290,\'PAY-000071\',40,\'refuse\',\'complet\',\'2023-02-08 23:41:42\'), (\'2025-07-25 16:44:58\',\'2026-04-19 14:24:48\',NULL,\'mvola\',391970,\'PAY-000072\',21,\'en_attente\',\'complet\',\'2026-06-25 16:42:09\'), (\'2025-11-08 10:23:45\',\'2023-03-22 06:55:10\',NULL,\'mvola\',83833,\'PAY-000073\',78,\'en_attente\',\'solde\',\'2026-05-16 19:17:37\'), (\'2025-11-17 22:23:06\',\'2026-07-13 02:02:49\',NULL,\'airtel_money\',465541,\'PAY-000074\',60,\'refuse\',\'complet\',\'2025-07-02 21:27:50\'), (\'2025-04-19 07:49:13\',\'2025-06-05 16:52:56\',NULL,\'airtel_money\',350105,\'PAY-000075\',20,\'valide\',\'complet\',\'2024-06-22 10:46:39\'), (\'2026-05-05 06:56:37\',\'2024-08-10 22:10:37\',NULL,\'airtel_money\',430843,\'PAY-000076\',25,\'en_attente\',\'complet\',\'2025-10-23 18:50:38\'), (\'2026-01-26 03:19:03\',\'2023-12-05 07:36:44\',NULL,\'orange_money\',166778,\'PAY-000077\',76,\'valide\',\'solde\',\'2025-02-12 08:29:35\'), (\'2025-08-05 10:26:45\',\'2025-12-14 16:11:19\',NULL,\'mvola\',324003,\'PAY-000078\',6,\'refuse\',\'complet\',\'2023-09-23 09:56:59\'), (\'2023-03-04 13:40:57\',\'2024-10-15 07:38:13\',NULL,\'mvola\',403003,\'PAY-000079\',68,\'valide\',\'complet\',\'2024-12-15 19:50:07\'), (\'2024-10-30 11:12:20\',\'2023-11-23 12:37:08\',NULL,\'airtel_money\',294898,\'PAY-000080\',40,\'valide\',\'acompte\',\'2023-12-04 09:33:27\'), (\'2023-02-16 18:26:15\',\'2024-04-02 15:35:00\',NULL,\'mvola\',447116,\'PAY-000081\',77,\'refuse\',\'acompte\',\'2025-03-20 05:10:08\'), (\'2025-11-01 01:16:35\',\'2023-10-10 19:19:58\',NULL,\'orange_money\',93318,\'PAY-000082\',61,\'refuse\',\'acompte\',\'2024-07-31 12:58:08\'), (\'2025-08-05 20:14:15\',\'2024-07-18 03:13:54\',NULL,\'mvola\',87643,\'PAY-000083\',79,\'valide\',\'complet\',\'2024-09-05 18:31:04\'), (\'2023-08-06 08:47:27\',\'2023-06-22 16:29:03\',NULL,\'airtel_money\',282185,\'PAY-000084\',41,\'refuse\',\'complet\',\'2025-05-10 06:36:51\'), (\'2025-07-26 01:27:59\',\'2024-12-06 10:13:32\',NULL,\'orange_money\',56161,\'PAY-000085\',78,\'en_attente\',\'solde\',\'2025-01-21 12:26:00\'), (\'2023-12-02 10:50:42\',\'2024-02-08 21:12:15\',NULL,\'orange_money\',333270,\'PAY-000086\',64,\'en_attente\',\'complet\',\'2023-02-26 18:01:44\'), (\'2026-01-13 12:11:47\',\'2024-04-25 15:53:05\',NULL,\'orange_money\',87537,\'PAY-000087\',91,\'valide\',\'complet\',\'2023-05-03 16:21:14\'), (\'2025-04-06 19:12:34\',\'2025-05-05 07:03:47\',NULL,\'airtel_money\',409030,\'PAY-000088\',24,\'refuse\',\'acompte\',\'2023-09-22 22:19:29\'), (\'2023-11-08 00:29:10\',\'2024-01-17 12:23:30\',NULL,\'airtel_money\',459228,\'PAY-000089\',29,\'valide\',\'solde\',\'2024-11-19 23:14:52\'), (\'2023-06-23 11:23:53\',\'2023-04-03 02:44:25\',NULL,\'orange_money\',275286,\'PAY-000090\',25,\'refuse\',\'acompte\',\'2024-12-18 21:04:38\'), (\'2026-05-18 00:17:50\',\'2026-04-16 05:51:19\',NULL,\'airtel_money\',499803,\'PAY-000091\',72,\'en_attente\',\'acompte\',\'2026-06-19 12:57:20\'), (\'2024-05-28 09:33:02\',\'2024-10-20 05:51:21\',NULL,\'orange_money\',303593,\'PAY-000092\',55,\'valide\',\'solde\',\'2025-01-31 13:52:10\'), (\'2026-03-04 22:42:54\',\'2023-01-07 18:18:16\',NULL,\'orange_money\',182444,\'PAY-000093\',16,\'en_attente\',\'solde\',\'2023-09-21 06:22:21\'), (\'2023-05-30 22:37:38\',\'2026-06-28 03:33:26\',NULL,\'airtel_money\',486567,\'PAY-000094\',66,\'valide\',\'acompte\',\'2023-01-22 11:38:35\'), (\'2025-06-08 12:07:36\',\'2024-10-20 14:00:51\',NULL,\'airtel_money\',288229,\'PAY-000095\',24,\'en_attente\',\'solde\',\'2026-01-10 16:56:20\'), (\'2025-03-22 13:17:25\',\'2024-08-19 01:53:58\',NULL,\'mvola\',301440,\'PAY-000096\',57,\'refuse\',\'acompte\',\'2025-12-12 10:19:01\'), (\'2025-10-13 05:19:54\',\'2025-05-21 08:06:52\',NULL,\'mvola\',82887,\'PAY-000097\',79,\'en_attente\',\'complet\',\'2025-04-01 10:39:47\'), (\'2024-11-04 08:57:52\',\'2025-12-24 01:29:02\',NULL,\'mvola\',90153,\'PAY-000098\',57,\'valide\',\'acompte\',\'2024-11-18 21:38:18\'), (\'2023-08-23 10:34:55\',\'2025-03-12 06:49:35\',NULL,\'mvola\',475232,\'PAY-000099\',44,\'refuse\',\'complet\',\'2024-10-06 17:57:59\'), (\'2024-04-18 13:34:37\',\'2023-05-26 15:57:40\',NULL,\'airtel_money\',347670,\'PAY-000100\',22,\'valide\',\'complet\',\'2026-02-20 08:06:49\')')
 4 SYSTEMPATH\Database\BaseBuilder.php(1841): CodeIgniter\Database\BaseConnection->query('INSERT INTO `paiements` (`created_at`, `date_archivage`, `deleted_at`, `mode`, `montant`, `reference`, `reservation_id`, `statut`, `type`, `updated_at`)
VALUES (\'2025-07-07 19:49:00\',\'2025-12-18 15:06:42\',NULL,\'mvola\',228613,\'PAY-000001\',52,\'refuse\',\'acompte\',\'2024-06-24 14:47:49\'), (\'2024-02-01 11:06:04\',\'2024-07-31 05:38:44\',NULL,\'orange_money\',317554,\'PAY-000002\',96,\'refuse\',\'acompte\',\'2024-10-30 13:16:59\'), (\'2025-11-06 06:30:05\',\'2023-06-21 06:04:36\',NULL,\'airtel_money\',337609,\'PAY-000003\',68,\'en_attente\',\'acompte\',\'2025-09-02 02:33:43\'), (\'2023-01-02 15:55:09\',\'2024-08-18 22:07:33\',NULL,\'mvola\',407472,\'PAY-000004\',44,\'valide\',\'complet\',\'2024-12-10 18:21:27\'), (\'2024-12-08 06:31:44\',\'2024-09-11 17:51:03\',NULL,\'mvola\',406806,\'PAY-000005\',2,\'en_attente\',\'complet\',\'2023-06-09 21:52:58\'), (\'2025-08-20 05:52:58\',\'2024-12-26 12:58:08\',NULL,\'airtel_money\',355150,\'PAY-000006\',18,\'refuse\',\'complet\',\'2023-08-17 05:21:52\'), (\'2024-11-02 15:14:15\',\'2023-03-09 06:20:28\',NULL,\'mvola\',298007,\'PAY-000007\',92,\'valide\',\'acompte\',\'2025-01-13 15:10:27\'), (\'2023-11-05 23:35:36\',\'2025-04-15 06:40:05\',NULL,\'airtel_money\',307964,\'PAY-000008\',97,\'refuse\',\'solde\',\'2025-05-16 16:25:17\'), (\'2024-07-11 12:11:43\',\'2026-02-03 05:52:05\',NULL,\'mvola\',190617,\'PAY-000009\',86,\'valide\',\'solde\',\'2025-09-10 12:52:07\'), (\'2025-08-01 17:13:16\',\'2025-05-04 13:02:44\',NULL,\'mvola\',104098,\'PAY-000010\',25,\'en_attente\',\'solde\',\'2024-09-19 11:10:41\'), (\'2025-11-10 10:24:11\',\'2025-11-27 05:33:28\',NULL,\'airtel_money\',370727,\'PAY-000011\',29,\'en_attente\',\'acompte\',\'2023-02-18 08:02:04\'), (\'2024-02-02 07:09:27\',\'2024-07-31 15:11:44\',NULL,\'mvola\',369589,\'PAY-000012\',69,\'refuse\',\'solde\',\'2025-12-14 13:19:37\'), (\'2023-11-01 17:48:44\',\'2023-09-04 16:14:07\',NULL,\'airtel_money\',353465,\'PAY-000013\',60,\'refuse\',\'solde\',\'2024-10-03 04:32:32\'), (\'2023-03-31 12:17:12\',\'2025-08-03 20:24:02\',NULL,\'orange_money\',250210,\'PAY-000014\',66,\'valide\',\'complet\',\'2024-11-03 21:12:15\'), (\'2025-10-27 04:36:21\',\'2023-09-06 10:14:48\',NULL,\'orange_money\',212592,\'PAY-000015\',58,\'en_attente\',\'complet\',\'2023-08-24 20:41:16\'), (\'2024-09-28 14:06:18\',\'2024-12-11 02:45:12\',NULL,\'mvola\',16777,\'PAY-000016\',54,\'refuse\',\'solde\',\'2023-11-02 07:03:38\'), (\'2026-04-09 14:16:24\',\'2023-02-22 21:43:44\',NULL,\'airtel_money\',490456,\'PAY-000017\',63,\'en_attente\',\'acompte\',\'2025-09-16 22:12:03\'), (\'2026-05-06 17:04:59\',\'2026-06-22 10:40:52\',NULL,\'orange_money\',287610,\'PAY-000018\',67,\'en_attente\',\'acompte\',\'2025-04-08 15:11:31\'), (\'2026-05-02 10:54:08\',\'2025-07-15 05:55:11\',NULL,\'mvola\',235672,\'PAY-000019\',85,\'valide\',\'solde\',\'2026-06-09 14:44:37\'), (\'2024-12-12 22:58:26\',\'2024-01-15 12:40:14\',NULL,\'mvola\',32977,\'PAY-000020\',20,\'valide\',\'complet\',\'2025-07-17 17:31:46\'), (\'2025-03-29 02:21:46\',\'2023-12-20 18:23:43\',NULL,\'orange_money\',305984,\'PAY-000021\',33,\'en_attente\',\'complet\',\'2023-07-03 15:59:45\'), (\'2024-09-24 11:00:59\',\'2023-12-29 01:58:28\',NULL,\'airtel_money\',401094,\'PAY-000022\',10,\'en_attente\',\'solde\',\'2026-04-30 14:47:21\'), (\'2023-03-01 20:45:52\',\'2026-05-17 13:39:13\',NULL,\'airtel_money\',48197,\'PAY-000023\',72,\'refuse\',\'acompte\',\'2025-01-16 13:09:28\'), (\'2023-04-27 16:36:31\',\'2025-08-02 19:21:22\',NULL,\'mvola\',341486,\'PAY-000024\',71,\'en_attente\',\'acompte\',\'2023-01-12 15:46:46\'), (\'2026-01-01 15:54:05\',\'2025-09-22 12:46:57\',NULL,\'orange_money\',148036,\'PAY-000025\',24,\'refuse\',\'solde\',\'2026-04-19 02:58:39\'), (\'2025-06-11 23:00:39\',\'2023-01-31 12:50:19\',NULL,\'orange_money\',412711,\'PAY-000026\',62,\'en_attente\',\'complet\',\'2025-01-26 00:28:40\'), (\'2025-01-28 17:37:10\',\'2023-07-16 15:30:12\',NULL,\'airtel_money\',376591,\'PAY-000027\',37,\'refuse\',\'solde\',\'2023-06-23 06:54:25\'), (\'2026-02-21 17:23:02\',\'2025-01-21 17:02:02\',NULL,\'mvola\',434045,\'PAY-000028\',84,\'refuse\',\'solde\',\'2026-06-15 06:04:20\'), (\'2023-03-30 12:32:54\',\'2025-12-25 04:06:30\',NULL,\'orange_money\',112342,\'PAY-000029\',93,\'en_attente\',\'acompte\',\'2024-02-17 03:36:20\'), (\'2023-08-06 19:44:12\',\'2025-05-15 10:15:55\',NULL,\'orange_money\',34867,\'PAY-000030\',58,\'valide\',\'solde\',\'2024-12-12 23:04:58\'), (\'2023-09-08 21:37:24\',\'2026-05-08 09:14:13\',NULL,\'airtel_money\',143687,\'PAY-000031\',38,\'refuse\',\'complet\',\'2024-11-26 22:14:19\'), (\'2023-12-10 05:14:39\',\'2026-01-05 20:00:18\',NULL,\'mvola\',232125,\'PAY-000032\',31,\'valide\',\'complet\',\'2026-04-17 08:30:27\'), (\'2024-11-18 00:56:52\',\'2026-04-09 12:54:47\',NULL,\'mvola\',225059,\'PAY-000033\',59,\'refuse\',\'acompte\',\'2023-01-03 22:44:54\'), (\'2025-10-14 02:32:39\',\'2024-03-07 04:35:06\',NULL,\'orange_money\',129975,\'PAY-000034\',63,\'refuse\',\'acompte\',\'2023-09-13 08:37:26\'), (\'2026-02-21 02:45:51\',\'2026-06-19 06:18:23\',NULL,\'airtel_money\',448645,\'PAY-000035\',99,\'valide\',\'acompte\',\'2025-04-20 16:38:09\'), (\'2025-06-03 03:09:26\',\'2025-08-28 03:18:00\',NULL,\'mvola\',315377,\'PAY-000036\',81,\'valide\',\'acompte\',\'2024-12-07 08:15:43\'), (\'2023-01-31 15:28:16\',\'2024-01-06 20:41:48\',NULL,\'airtel_money\',250216,\'PAY-000037\',80,\'en_attente\',\'acompte\',\'2024-10-15 14:03:16\'), (\'2025-06-29 13:53:05\',\'2024-12-05 16:23:48\',NULL,\'mvola\',50136,\'PAY-000038\',1,\'valide\',\'acompte\',\'2024-09-23 10:51:20\'), (\'2024-01-17 20:33:04\',\'2025-07-07 16:19:14\',NULL,\'airtel_money\',314234,\'PAY-000039\',15,\'refuse\',\'solde\',\'2023-03-18 09:08:24\'), (\'2025-05-24 20:52:17\',\'2026-03-08 11:43:14\',NULL,\'mvola\',134048,\'PAY-000040\',73,\'refuse\',\'complet\',\'2023-10-15 14:28:54\'), (\'2024-01-19 23:38:10\',\'2026-03-02 11:44:39\',NULL,\'mvola\',28285,\'PAY-000041\',30,\'valide\',\'solde\',\'2026-06-02 02:28:09\'), (\'2024-10-22 10:42:15\',\'2024-03-05 06:24:59\',NULL,\'mvola\',373886,\'PAY-000042\',50,\'refuse\',\'solde\',\'2025-12-27 08:27:30\'), (\'2023-06-22 19:03:13\',\'2024-08-31 10:48:18\',NULL,\'orange_money\',329364,\'PAY-000043\',78,\'valide\',\'solde\',\'2024-11-03 21:46:16\'), (\'2023-08-20 19:52:25\',\'2023-05-01 19:25:34\',NULL,\'orange_money\',376259,\'PAY-000044\',77,\'valide\',\'complet\',\'2025-08-01 14:05:13\'), (\'2026-03-26 11:48:21\',\'2024-03-15 15:04:14\',NULL,\'mvola\',489817,\'PAY-000045\',36,\'en_attente\',\'solde\',\'2023-06-13 12:49:40\'), (\'2025-09-12 05:43:45\',\'2024-08-16 03:30:43\',NULL,\'mvola\',173603,\'PAY-000046\',30,\'refuse\',\'complet\',\'2025-07-23 18:09:40\'), (\'2023-05-21 04:47:16\',\'2024-05-07 21:12:08\',NULL,\'airtel_money\',249839,\'PAY-000047\',72,\'en_attente\',\'solde\',\'2025-11-01 11:07:43\'), (\'2025-10-04 21:28:52\',\'2026-02-19 21:46:30\',NULL,\'airtel_money\',244952,\'PAY-000048\',87,\'en_attente\',\'acompte\',\'2024-05-16 09:26:19\'), (\'2023-02-05 00:48:02\',\'2026-06-15 10:42:32\',NULL,\'mvola\',23744,\'PAY-000049\',36,\'valide\',\'complet\',\'2025-06-13 18:30:35\'), (\'2024-03-01 14:10:08\',\'2023-09-29 00:14:10\',NULL,\'airtel_money\',136468,\'PAY-000050\',35,\'valide\',\'acompte\',\'2023-05-26 10:18:00\'), (\'2024-04-24 10:23:59\',\'2024-01-04 02:11:13\',NULL,\'orange_money\',161918,\'PAY-000051\',5,\'refuse\',\'acompte\',\'2025-04-05 12:05:50\'), (\'2023-01-28 15:43:14\',\'2025-09-23 14:06:19\',NULL,\'airtel_money\',312414,\'PAY-000052\',34,\'en_attente\',\'acompte\',\'2026-02-26 17:54:16\'), (\'2024-07-30 15:39:19\',\'2023-01-24 04:32:26\',NULL,\'mvola\',240569,\'PAY-000053\',10,\'en_attente\',\'solde\',\'2023-12-07 04:58:43\'), (\'2023-12-11 07:27:17\',\'2024-10-18 13:04:38\',NULL,\'airtel_money\',314631,\'PAY-000054\',51,\'refuse\',\'acompte\',\'2024-08-21 04:46:24\'), (\'2025-07-02 04:43:53\',\'2023-06-28 07:53:15\',NULL,\'airtel_money\',328817,\'PAY-000055\',71,\'en_attente\',\'solde\',\'2023-02-17 09:01:23\'), (\'2025-08-11 00:36:09\',\'2024-03-13 16:16:59\',NULL,\'airtel_money\',182617,\'PAY-000056\',57,\'en_attente\',\'acompte\',\'2025-02-17 21:57:52\'), (\'2024-04-26 22:53:47\',\'2024-06-28 23:50:42\',NULL,\'mvola\',143796,\'PAY-000057\',32,\'valide\',\'complet\',\'2025-08-21 11:51:30\'), (\'2024-07-04 00:05:59\',\'2024-12-02 17:34:45\',NULL,\'airtel_money\',185553,\'PAY-000058\',28,\'refuse\',\'solde\',\'2023-08-23 19:44:43\'), (\'2023-08-30 07:34:57\',\'2023-10-25 12:20:28\',NULL,\'airtel_money\',266083,\'PAY-000059\',10,\'en_attente\',\'solde\',\'2025-03-22 08:16:08\'), (\'2025-01-05 11:15:44\',\'2026-03-23 05:04:28\',NULL,\'airtel_money\',266979,\'PAY-000060\',12,\'refuse\',\'solde\',\'2025-01-20 11:58:21\'), (\'2025-10-12 06:01:01\',\'2024-10-12 08:27:59\',NULL,\'airtel_money\',438557,\'PAY-000061\',95,\'refuse\',\'solde\',\'2024-11-08 06:42:49\'), (\'2025-08-13 18:53:43\',\'2025-08-12 00:19:07\',NULL,\'mvola\',442911,\'PAY-000062\',10,\'en_attente\',\'complet\',\'2023-06-11 09:10:23\'), (\'2023-05-12 09:05:31\',\'2023-02-04 14:02:16\',NULL,\'orange_money\',126314,\'PAY-000063\',27,\'en_attente\',\'complet\',\'2024-04-08 01:01:14\'), (\'2023-02-01 05:25:56\',\'2023-03-06 12:14:03\',NULL,\'orange_money\',491275,\'PAY-000064\',92,\'valide\',\'acompte\',\'2023-01-30 20:07:26\'), (\'2023-04-17 18:32:53\',\'2025-04-10 17:18:05\',NULL,\'airtel_money\',161213,\'PAY-000065\',84,\'valide\',\'acompte\',\'2023-06-10 23:43:52\'), (\'2025-02-12 21:38:10\',\'2023-11-15 02:05:14\',NULL,\'orange_money\',240459,\'PAY-000066\',93,\'valide\',\'solde\',\'2023-02-19 01:13:45\'), (\'2024-06-20 16:48:40\',\'2024-08-06 19:11:18\',NULL,\'orange_money\',87601,\'PAY-000067\',92,\'en_attente\',\'solde\',\'2024-08-03 09:25:41\'), (\'2023-12-14 23:14:53\',\'2023-01-14 01:46:36\',NULL,\'airtel_money\',227255,\'PAY-000068\',93,\'en_attente\',\'complet\',\'2025-11-23 21:47:42\'), (\'2025-10-27 03:58:51\',\'2023-09-14 06:11:30\',NULL,\'airtel_money\',321486,\'PAY-000069\',64,\'refuse\',\'complet\',\'2023-03-02 18:27:02\'), (\'2026-05-18 20:46:25\',\'2025-04-15 21:15:14\',NULL,\'orange_money\',319573,\'PAY-000070\',23,\'valide\',\'complet\',\'2025-05-23 07:51:42\'), (\'2024-02-13 16:44:28\',\'2023-07-22 17:18:07\',NULL,\'mvola\',438290,\'PAY-000071\',40,\'refuse\',\'complet\',\'2023-02-08 23:41:42\'), (\'2025-07-25 16:44:58\',\'2026-04-19 14:24:48\',NULL,\'mvola\',391970,\'PAY-000072\',21,\'en_attente\',\'complet\',\'2026-06-25 16:42:09\'), (\'2025-11-08 10:23:45\',\'2023-03-22 06:55:10\',NULL,\'mvola\',83833,\'PAY-000073\',78,\'en_attente\',\'solde\',\'2026-05-16 19:17:37\'), (\'2025-11-17 22:23:06\',\'2026-07-13 02:02:49\',NULL,\'airtel_money\',465541,\'PAY-000074\',60,\'refuse\',\'complet\',\'2025-07-02 21:27:50\'), (\'2025-04-19 07:49:13\',\'2025-06-05 16:52:56\',NULL,\'airtel_money\',350105,\'PAY-000075\',20,\'valide\',\'complet\',\'2024-06-22 10:46:39\'), (\'2026-05-05 06:56:37\',\'2024-08-10 22:10:37\',NULL,\'airtel_money\',430843,\'PAY-000076\',25,\'en_attente\',\'complet\',\'2025-10-23 18:50:38\'), (\'2026-01-26 03:19:03\',\'2023-12-05 07:36:44\',NULL,\'orange_money\',166778,\'PAY-000077\',76,\'valide\',\'solde\',\'2025-02-12 08:29:35\'), (\'2025-08-05 10:26:45\',\'2025-12-14 16:11:19\',NULL,\'mvola\',324003,\'PAY-000078\',6,\'refuse\',\'complet\',\'2023-09-23 09:56:59\'), (\'2023-03-04 13:40:57\',\'2024-10-15 07:38:13\',NULL,\'mvola\',403003,\'PAY-000079\',68,\'valide\',\'complet\',\'2024-12-15 19:50:07\'), (\'2024-10-30 11:12:20\',\'2023-11-23 12:37:08\',NULL,\'airtel_money\',294898,\'PAY-000080\',40,\'valide\',\'acompte\',\'2023-12-04 09:33:27\'), (\'2023-02-16 18:26:15\',\'2024-04-02 15:35:00\',NULL,\'mvola\',447116,\'PAY-000081\',77,\'refuse\',\'acompte\',\'2025-03-20 05:10:08\'), (\'2025-11-01 01:16:35\',\'2023-10-10 19:19:58\',NULL,\'orange_money\',93318,\'PAY-000082\',61,\'refuse\',\'acompte\',\'2024-07-31 12:58:08\'), (\'2025-08-05 20:14:15\',\'2024-07-18 03:13:54\',NULL,\'mvola\',87643,\'PAY-000083\',79,\'valide\',\'complet\',\'2024-09-05 18:31:04\'), (\'2023-08-06 08:47:27\',\'2023-06-22 16:29:03\',NULL,\'airtel_money\',282185,\'PAY-000084\',41,\'refuse\',\'complet\',\'2025-05-10 06:36:51\'), (\'2025-07-26 01:27:59\',\'2024-12-06 10:13:32\',NULL,\'orange_money\',56161,\'PAY-000085\',78,\'en_attente\',\'solde\',\'2025-01-21 12:26:00\'), (\'2023-12-02 10:50:42\',\'2024-02-08 21:12:15\',NULL,\'orange_money\',333270,\'PAY-000086\',64,\'en_attente\',\'complet\',\'2023-02-26 18:01:44\'), (\'2026-01-13 12:11:47\',\'2024-04-25 15:53:05\',NULL,\'orange_money\',87537,\'PAY-000087\',91,\'valide\',\'complet\',\'2023-05-03 16:21:14\'), (\'2025-04-06 19:12:34\',\'2025-05-05 07:03:47\',NULL,\'airtel_money\',409030,\'PAY-000088\',24,\'refuse\',\'acompte\',\'2023-09-22 22:19:29\'), (\'2023-11-08 00:29:10\',\'2024-01-17 12:23:30\',NULL,\'airtel_money\',459228,\'PAY-000089\',29,\'valide\',\'solde\',\'2024-11-19 23:14:52\'), (\'2023-06-23 11:23:53\',\'2023-04-03 02:44:25\',NULL,\'orange_money\',275286,\'PAY-000090\',25,\'refuse\',\'acompte\',\'2024-12-18 21:04:38\'), (\'2026-05-18 00:17:50\',\'2026-04-16 05:51:19\',NULL,\'airtel_money\',499803,\'PAY-000091\',72,\'en_attente\',\'acompte\',\'2026-06-19 12:57:20\'), (\'2024-05-28 09:33:02\',\'2024-10-20 05:51:21\',NULL,\'orange_money\',303593,\'PAY-000092\',55,\'valide\',\'solde\',\'2025-01-31 13:52:10\'), (\'2026-03-04 22:42:54\',\'2023-01-07 18:18:16\',NULL,\'orange_money\',182444,\'PAY-000093\',16,\'en_attente\',\'solde\',\'2023-09-21 06:22:21\'), (\'2023-05-30 22:37:38\',\'2026-06-28 03:33:26\',NULL,\'airtel_money\',486567,\'PAY-000094\',66,\'valide\',\'acompte\',\'2023-01-22 11:38:35\'), (\'2025-06-08 12:07:36\',\'2024-10-20 14:00:51\',NULL,\'airtel_money\',288229,\'PAY-000095\',24,\'en_attente\',\'solde\',\'2026-01-10 16:56:20\'), (\'2025-03-22 13:17:25\',\'2024-08-19 01:53:58\',NULL,\'mvola\',301440,\'PAY-000096\',57,\'refuse\',\'acompte\',\'2025-12-12 10:19:01\'), (\'2025-10-13 05:19:54\',\'2025-05-21 08:06:52\',NULL,\'mvola\',82887,\'PAY-000097\',79,\'en_attente\',\'complet\',\'2025-04-01 10:39:47\'), (\'2024-11-04 08:57:52\',\'2025-12-24 01:29:02\',NULL,\'mvola\',90153,\'PAY-000098\',57,\'valide\',\'acompte\',\'2024-11-18 21:38:18\'), (\'2023-08-23 10:34:55\',\'2025-03-12 06:49:35\',NULL,\'mvola\',475232,\'PAY-000099\',44,\'refuse\',\'complet\',\'2024-10-06 17:57:59\'), (\'2024-04-18 13:34:37\',\'2023-05-26 15:57:40\',NULL,\'airtel_money\',347670,\'PAY-000100\',22,\'valide\',\'complet\',\'2026-02-20 08:06:49\')', null, false)
 5 SYSTEMPATH\Database\BaseBuilder.php(2230): CodeIgniter\Database\BaseBuilder->batchExecute('_insertBatch', 100)
 6 APPPATH\Database\Seeds\DonneeSeeder.php(278): CodeIgniter\Database\BaseBuilder->insertBatch([...])
 7 SYSTEMPATH\Database\Seeder.php(155): App\Database\Seeds\DonneeSeeder->run()
 8 SYSTEMPATH\Commands\Database\Seed.php(79): CodeIgniter\Database\Seeder->call('App\\Database\\Seeds\\DonneeSeeder')
 9 SYSTEMPATH\CLI\Commands.php(74): CodeIgniter\Commands\Database\Seed->run([])
10 SYSTEMPATH\CLI\Console.php(47): CodeIgniter\CLI\Commands->run('db:seed', [...])
11 SYSTEMPATH\Boot.php(442): CodeIgniter\CLI\Console->run()
12 SYSTEMPATH\Boot.php(166): CodeIgniter\Boot::runCommand(Object(CodeIgniter\CLI\Console))
13 ROOTPATH\spark(87): CodeIgniter\Boot::bootSpark(Object(Config\Paths))
ERROR - 2026-07-12 22:41:34 --> Cannot add or update a child row: a foreign key constraint fails (`eco_panier_s4_2026`.`detail_sortie`, CONSTRAINT `detail_sortie_id_sortie_foreign` FOREIGN KEY (`id_sortie`) REFERENCES `sortie_stock` (`id`) ON DELETE CASCADE ON UPDATE CASCADE)
in SYSTEMPATH\Database\MySQLi\Connection.php on line 300.
 1 SYSTEMPATH\Database\MySQLi\Connection.php(300): mysqli->query('INSERT INTO `detail_sortie` (`created_at`, `deleted_at`, `id_entree`, `id_sortie`, `montant`, `prix_unitaire`, `quantite_pris`, `updated_at`)
VALUES (\'2023-09-17 12:05:05\',NULL,58,5,78282.8,1701.8,46,\'2026-01-24 17:47:54\'), (\'2023-11-25 04:30:19\',NULL,73,49,22097.4,1699.8,13,\'2025-04-01 02:29:47\'), (\'2025-02-01 20:17:36\',NULL,98,17,91800,1912.5,48,\'2023-04-26 06:32:45\'), (\'2025-06-03 21:39:17\',NULL,74,73,63572,1589.3,40,\'2024-04-30 04:31:28\'), (\'2023-09-03 05:24:35\',NULL,96,81,25568,1504,17,\'2026-07-03 22:15:52\'), (\'2024-11-10 07:26:21\',NULL,94,84,44988,1124.7,40,\'2025-03-23 04:49:21\'), (\'2023-03-26 09:36:35\',NULL,32,45,11180.7,414.1,27,\'2026-05-19 00:39:03\'), (\'2025-02-13 16:55:57\',NULL,19,75,36218,1293.5,28,\'2023-02-07 01:44:14\'), (\'2023-02-21 09:11:02\',NULL,89,85,7738.5,515.9,15,\'2023-08-06 03:54:19\'), (\'2023-07-14 19:33:39\',NULL,90,86,32742.7,1723.3,19,\'2023-12-23 13:38:33\'), (\'2025-09-06 14:58:46\',NULL,48,4,3327.3,1109.1,3,\'2025-08-21 03:30:19\'), (\'2024-10-18 11:24:40\',NULL,99,90,47222,1349.2,35,\'2025-10-25 12:22:46\'), (\'2024-05-08 11:48:28\',NULL,80,85,6920,138.4,50,\'2024-07-19 17:12:31\'), (\'2023-04-09 11:45:53\',NULL,35,71,9149.4,538.2,17,\'2023-11-09 09:19:44\'), (\'2024-01-04 06:34:24\',NULL,5,4,5559.5,1111.9,5,\'2025-04-30 09:40:00\'), (\'2023-06-20 10:11:15\',NULL,84,65,23853,1590.2,15,\'2023-10-09 08:13:00\'), (\'2026-02-19 13:19:29\',NULL,40,81,19108.8,398.1,48,\'2026-01-09 01:40:31\'), (\'2025-08-11 00:43:08\',NULL,4,17,35081.6,1096.3,32,\'2024-03-10 17:08:44\'), (\'2023-06-16 02:03:55\',NULL,96,47,18245.4,388.2,47,\'2024-08-15 07:52:20\'), (\'2024-06-01 00:20:48\',NULL,11,47,76410.6,1819.3,42,\'2024-10-19 12:45:00\'), (\'2024-07-16 11:29:31\',NULL,96,39,6578.4,274.1,24,\'2024-10-10 10:03:10\'), (\'2023-05-14 00:30:25\',NULL,64,33,29491,1340.5,22,\'2023-12-18 11:30:38\'), (\'2023-05-20 19:07:35\',NULL,59,79,24998.4,595.2,42,\'2023-01-29 02:52:06\'), (\'2025-08-25 19:18:33\',NULL,63,12,79100,1977.5,40,\'2023-02-18 22:01:36\'), (\'2025-03-21 13:51:46\',NULL,4,2,29213.8,596.2,49,\'2025-11-25 09:43:26\'), (\'2024-01-03 20:33:46\',NULL,66,32,4352.7,1450.9,3,\'2024-06-20 14:26:46\'), (\'2025-08-25 14:07:59\',NULL,56,22,53195.3,1237.1,43,\'2025-08-25 02:23:00\'), (\'2024-02-04 18:00:22\',NULL,63,1,1126.8,375.6,3,\'2023-10-13 19:30:47\'), (\'2023-06-04 03:29:11\',NULL,73,12,38570,1377.5,28,\'2025-12-03 04:12:28\'), (\'2026-02-26 23:43:31\',NULL,27,4,96588.8,1971.2,49,\'2023-11-12 15:03:31\'), (\'2024-12-08 00:55:27\',NULL,89,9,45175.5,1003.9,45,\'2025-03-26 04:13:04\'), (\'2023-09-22 06:28:01\',NULL,62,65,15218.4,634.1,24,\'2023-08-12 22:50:08\'), (\'2023-02-04 18:19:28\',NULL,25,56,38173.5,848.3,45,\'2025-12-30 07:08:31\'), (\'2025-12-19 15:18:30\',NULL,44,91,76692,1826,42,\'2024-07-18 16:54:55\'), (\'2023-12-22 12:51:20\',NULL,98,22,5737.6,717.2,8,\'2023-01-20 12:58:06\'), (\'2023-01-10 23:01:46\',NULL,64,13,35904,1632,22,\'2025-04-11 21:05:27\'), (\'2023-07-27 04:32:43\',NULL,96,64,14301,1589,9,\'2025-05-19 08:01:43\'), (\'2024-06-10 17:17:45\',NULL,13,4,6114.9,185.3,33,\'2025-05-06 08:21:33\'), (\'2023-12-31 22:34:43\',NULL,84,57,23179.5,1545.3,15,\'2023-02-05 00:27:15\'), (\'2023-02-21 10:21:35\',NULL,91,58,45062.4,938.8,48,\'2025-10-17 20:52:25\'), (\'2023-05-13 18:43:28\',NULL,50,28,45402,1513.4,30,\'2024-10-01 17:46:49\'), (\'2025-02-05 19:38:14\',NULL,2,47,2508,83.6,30,\'2023-04-11 17:09:07\'), (\'2025-08-05 18:18:51\',NULL,84,89,16222.5,1802.5,9,\'2026-03-09 21:41:03\'), (\'2023-06-07 18:42:51\',NULL,8,22,17486.2,514.3,34,\'2025-08-13 12:23:17\'), (\'2025-05-07 22:46:17\',NULL,55,84,87726.6,1907.1,46,\'2024-10-09 00:24:38\'), (\'2025-08-16 01:22:56\',NULL,81,78,60700.5,1480.5,41,\'2023-02-05 03:56:45\'), (\'2025-03-07 10:26:33\',NULL,72,24,20374.2,1852.2,11,\'2024-01-30 15:10:48\'), (\'2025-08-12 14:53:38\',NULL,20,89,5059.6,180.7,28,\'2024-08-15 21:32:37\'), (\'2025-04-30 02:59:54\',NULL,31,78,15356,1919.5,8,\'2026-04-23 10:13:07\'), (\'2025-04-24 23:26:07\',NULL,18,96,4798.5,685.5,7,\'2025-07-05 12:01:46\'), (\'2023-11-17 16:07:02\',NULL,73,83,78711.5,1830.5,43,\'2025-06-23 00:35:20\'), (\'2025-03-06 08:36:17\',NULL,47,7,9248.4,660.6,14,\'2023-07-14 09:10:46\'), (\'2025-10-29 19:36:34\',NULL,97,77,1526.6,1526.6,1,\'2025-11-12 04:52:53\'), (\'2023-09-11 02:06:09\',NULL,58,21,8475.4,273.4,31,\'2023-09-17 07:50:49\'), (\'2024-07-08 19:32:53\',NULL,5,100,30499.7,1794.1,17,\'2023-06-17 14:16:53\'), (\'2023-02-18 19:30:34\',NULL,39,41,73267.7,1703.9,43,\'2023-10-21 20:11:09\'), (\'2025-06-07 07:04:02\',NULL,19,18,17262,1438.5,12,\'2023-03-02 16:40:01\'), (\'2026-01-13 21:35:19\',NULL,49,8,44435,888.7,50,\'2026-06-14 23:08:27\'), (\'2025-08-31 20:51:57\',NULL,29,29,342.2,171.1,2,\'2024-12-24 00:57:00\'), (\'2024-04-18 04:07:16\',NULL,13,72,8614.8,957.2,9,\'2026-03-11 04:01:36\'), (\'2026-01-25 16:56:56\',NULL,29,63,16221.6,450.6,36,\'2025-10-28 16:45:07\'), (\'2025-04-12 10:27:32\',NULL,84,5,30284.8,1164.8,26,\'2024-03-17 17:55:34\'), (\'2023-08-21 23:29:56\',NULL,39,60,16477.8,568.2,29,\'2025-10-25 00:07:03\'), (\'2026-03-11 23:58:10\',NULL,40,10,26154,1307.7,20,\'2025-07-12 12:44:37\'), (\'2023-04-20 13:44:54\',NULL,41,43,16495,1649.5,10,\'2024-02-12 13:04:15\'), (\'2023-09-23 03:53:03\',NULL,42,60,52992,1324.8,40,\'2026-02-10 09:33:09\'), (\'2026-07-10 14:46:26\',NULL,26,68,22901.4,848.2,27,\'2023-04-25 11:28:38\'), (\'2023-11-27 18:00:15\',NULL,50,7,45827.6,1636.7,28,\'2023-04-20 07:23:53\'), (\'2026-06-01 02:20:30\',NULL,36,58,33354.3,1588.3,21,\'2024-09-01 09:41:20\'), (\'2025-06-12 03:46:04\',NULL,75,44,24359.4,936.9,26,\'2023-06-22 08:03:04\'), (\'2025-02-14 13:52:13\',NULL,1,6,9163.7,1309.1,7,\'2023-01-12 01:17:38\'), (\'2026-02-04 21:50:28\',NULL,37,53,22719.2,1622.8,14,\'2026-04-17 06:49:45\'), (\'2026-04-08 07:37:22\',NULL,83,3,9486,790.5,12,\'2023-11-04 16:18:05\'), (\'2025-05-18 17:00:09\',NULL,2,91,29398.4,1837.4,16,\'2026-01-24 08:51:45\'), (\'2023-02-06 11:59:00\',NULL,74,83,23142.6,503.1,46,\'2025-10-31 06:25:14\'), (\'2025-12-12 10:23:13\',NULL,30,20,1049.6,524.8,2,\'2026-06-05 07:47:24\'), (\'2025-11-08 09:24:52\',NULL,93,57,36715.5,815.9,45,\'2024-12-19 19:47:01\'), (\'2023-08-02 06:10:24\',NULL,14,70,15531.9,675.3,23,\'2025-03-29 01:20:05\'), (\'2024-06-27 04:46:04\',NULL,50,85,41796,972,43,\'2023-01-02 17:20:36\'), (\'2024-06-06 17:15:11\',NULL,94,66,876.2,876.2,1,\'2023-06-26 14:47:04\'), (\'2023-12-21 01:06:22\',NULL,53,52,36911.7,1757.7,21,\'2023-12-24 23:11:26\'), (\'2026-01-16 10:33:29\',NULL,6,10,31766.1,1671.9,19,\'2024-12-27 21:39:39\'), (\'2025-05-01 18:14:12\',NULL,53,49,62515.2,1689.6,37,\'2023-11-29 18:46:51\'), (\'2023-04-04 15:43:37\',NULL,54,84,87509.1,1785.9,49,\'2025-12-13 13:28:18\'), (\'2025-02-20 16:50:42\',NULL,14,44,39932.5,1597.3,25,\'2023-06-21 18:32:52\'), (\'2024-12-08 20:19:25\',NULL,23,62,3682.8,136.4,27,\'2024-06-23 03:20:09\'), (\'2023-12-27 23:58:34\',NULL,5,55,2888.2,1444.1,2,\'2024-07-13 16:51:50\'), (\'2025-07-09 14:15:38\',NULL,59,24,10378.4,1297.3,8,\'2024-11-30 18:07:10\'), (\'2025-05-15 22:00:30\',NULL,90,79,14392.5,959.5,15,\'2025-07-20 18:58:48\'), (\'2023-02-23 19:10:22\',NULL,59,97,25454.3,1339.7,19,\'2024-12-14 03:05:48\'), (\'2025-04-13 04:22:36\',NULL,76,61,9752,424,23,\'2025-01-08 02:59:10\'), (\'2025-07-07 10:02:49\',NULL,77,51,3327.1,67.9,49,\'2025-03-20 08:27:43\'), (\'2025-11-09 21:13:21\',NULL,2,56,22963.5,850.5,27,\'2024-10-28 10:37:40\'), (\'2024-05-08 20:13:02\',NULL,43,79,52952.4,1961.2,27,\'2025-01-10 21:10:44\'), (\'2026-07-08 17:33:16\',NULL,18,5,74239.2,1767.6,42,\'2026-01-29 23:51:34\'), (\'2026-04-29 07:00:51\',NULL,30,62,1299.2,185.6,7,\'2024-01-28 18:57:34\'), (\'2023-04-30 11:35:06\',NULL,79,71,42049.7,977.9,43,\'2024-06-23 14:32:29\'), (\'2023-05-22 06:14:08\',NULL,34,6,2071.8,230.2,9,\'2025-07-01 06:25:11\'), (\'2024-04-17 02:39:56\',NULL,48,30,35712,992,36,\'2023-10-28 16:56:04\'), (\'2026-03-10 09:39:03\',NULL,18,82,74587.5,1657.5,45,\'2026-05-29 19:53:02\')', 0)
 2 SYSTEMPATH\Database\BaseConnection.php(910): CodeIgniter\Database\MySQLi\Connection->execute('INSERT INTO `detail_sortie` (`created_at`, `deleted_at`, `id_entree`, `id_sortie`, `montant`, `prix_unitaire`, `quantite_pris`, `updated_at`)
VALUES (\'2023-09-17 12:05:05\',NULL,58,5,78282.8,1701.8,46,\'2026-01-24 17:47:54\'), (\'2023-11-25 04:30:19\',NULL,73,49,22097.4,1699.8,13,\'2025-04-01 02:29:47\'), (\'2025-02-01 20:17:36\',NULL,98,17,91800,1912.5,48,\'2023-04-26 06:32:45\'), (\'2025-06-03 21:39:17\',NULL,74,73,63572,1589.3,40,\'2024-04-30 04:31:28\'), (\'2023-09-03 05:24:35\',NULL,96,81,25568,1504,17,\'2026-07-03 22:15:52\'), (\'2024-11-10 07:26:21\',NULL,94,84,44988,1124.7,40,\'2025-03-23 04:49:21\'), (\'2023-03-26 09:36:35\',NULL,32,45,11180.7,414.1,27,\'2026-05-19 00:39:03\'), (\'2025-02-13 16:55:57\',NULL,19,75,36218,1293.5,28,\'2023-02-07 01:44:14\'), (\'2023-02-21 09:11:02\',NULL,89,85,7738.5,515.9,15,\'2023-08-06 03:54:19\'), (\'2023-07-14 19:33:39\',NULL,90,86,32742.7,1723.3,19,\'2023-12-23 13:38:33\'), (\'2025-09-06 14:58:46\',NULL,48,4,3327.3,1109.1,3,\'2025-08-21 03:30:19\'), (\'2024-10-18 11:24:40\',NULL,99,90,47222,1349.2,35,\'2025-10-25 12:22:46\'), (\'2024-05-08 11:48:28\',NULL,80,85,6920,138.4,50,\'2024-07-19 17:12:31\'), (\'2023-04-09 11:45:53\',NULL,35,71,9149.4,538.2,17,\'2023-11-09 09:19:44\'), (\'2024-01-04 06:34:24\',NULL,5,4,5559.5,1111.9,5,\'2025-04-30 09:40:00\'), (\'2023-06-20 10:11:15\',NULL,84,65,23853,1590.2,15,\'2023-10-09 08:13:00\'), (\'2026-02-19 13:19:29\',NULL,40,81,19108.8,398.1,48,\'2026-01-09 01:40:31\'), (\'2025-08-11 00:43:08\',NULL,4,17,35081.6,1096.3,32,\'2024-03-10 17:08:44\'), (\'2023-06-16 02:03:55\',NULL,96,47,18245.4,388.2,47,\'2024-08-15 07:52:20\'), (\'2024-06-01 00:20:48\',NULL,11,47,76410.6,1819.3,42,\'2024-10-19 12:45:00\'), (\'2024-07-16 11:29:31\',NULL,96,39,6578.4,274.1,24,\'2024-10-10 10:03:10\'), (\'2023-05-14 00:30:25\',NULL,64,33,29491,1340.5,22,\'2023-12-18 11:30:38\'), (\'2023-05-20 19:07:35\',NULL,59,79,24998.4,595.2,42,\'2023-01-29 02:52:06\'), (\'2025-08-25 19:18:33\',NULL,63,12,79100,1977.5,40,\'2023-02-18 22:01:36\'), (\'2025-03-21 13:51:46\',NULL,4,2,29213.8,596.2,49,\'2025-11-25 09:43:26\'), (\'2024-01-03 20:33:46\',NULL,66,32,4352.7,1450.9,3,\'2024-06-20 14:26:46\'), (\'2025-08-25 14:07:59\',NULL,56,22,53195.3,1237.1,43,\'2025-08-25 02:23:00\'), (\'2024-02-04 18:00:22\',NULL,63,1,1126.8,375.6,3,\'2023-10-13 19:30:47\'), (\'2023-06-04 03:29:11\',NULL,73,12,38570,1377.5,28,\'2025-12-03 04:12:28\'), (\'2026-02-26 23:43:31\',NULL,27,4,96588.8,1971.2,49,\'2023-11-12 15:03:31\'), (\'2024-12-08 00:55:27\',NULL,89,9,45175.5,1003.9,45,\'2025-03-26 04:13:04\'), (\'2023-09-22 06:28:01\',NULL,62,65,15218.4,634.1,24,\'2023-08-12 22:50:08\'), (\'2023-02-04 18:19:28\',NULL,25,56,38173.5,848.3,45,\'2025-12-30 07:08:31\'), (\'2025-12-19 15:18:30\',NULL,44,91,76692,1826,42,\'2024-07-18 16:54:55\'), (\'2023-12-22 12:51:20\',NULL,98,22,5737.6,717.2,8,\'2023-01-20 12:58:06\'), (\'2023-01-10 23:01:46\',NULL,64,13,35904,1632,22,\'2025-04-11 21:05:27\'), (\'2023-07-27 04:32:43\',NULL,96,64,14301,1589,9,\'2025-05-19 08:01:43\'), (\'2024-06-10 17:17:45\',NULL,13,4,6114.9,185.3,33,\'2025-05-06 08:21:33\'), (\'2023-12-31 22:34:43\',NULL,84,57,23179.5,1545.3,15,\'2023-02-05 00:27:15\'), (\'2023-02-21 10:21:35\',NULL,91,58,45062.4,938.8,48,\'2025-10-17 20:52:25\'), (\'2023-05-13 18:43:28\',NULL,50,28,45402,1513.4,30,\'2024-10-01 17:46:49\'), (\'2025-02-05 19:38:14\',NULL,2,47,2508,83.6,30,\'2023-04-11 17:09:07\'), (\'2025-08-05 18:18:51\',NULL,84,89,16222.5,1802.5,9,\'2026-03-09 21:41:03\'), (\'2023-06-07 18:42:51\',NULL,8,22,17486.2,514.3,34,\'2025-08-13 12:23:17\'), (\'2025-05-07 22:46:17\',NULL,55,84,87726.6,1907.1,46,\'2024-10-09 00:24:38\'), (\'2025-08-16 01:22:56\',NULL,81,78,60700.5,1480.5,41,\'2023-02-05 03:56:45\'), (\'2025-03-07 10:26:33\',NULL,72,24,20374.2,1852.2,11,\'2024-01-30 15:10:48\'), (\'2025-08-12 14:53:38\',NULL,20,89,5059.6,180.7,28,\'2024-08-15 21:32:37\'), (\'2025-04-30 02:59:54\',NULL,31,78,15356,1919.5,8,\'2026-04-23 10:13:07\'), (\'2025-04-24 23:26:07\',NULL,18,96,4798.5,685.5,7,\'2025-07-05 12:01:46\'), (\'2023-11-17 16:07:02\',NULL,73,83,78711.5,1830.5,43,\'2025-06-23 00:35:20\'), (\'2025-03-06 08:36:17\',NULL,47,7,9248.4,660.6,14,\'2023-07-14 09:10:46\'), (\'2025-10-29 19:36:34\',NULL,97,77,1526.6,1526.6,1,\'2025-11-12 04:52:53\'), (\'2023-09-11 02:06:09\',NULL,58,21,8475.4,273.4,31,\'2023-09-17 07:50:49\'), (\'2024-07-08 19:32:53\',NULL,5,100,30499.7,1794.1,17,\'2023-06-17 14:16:53\'), (\'2023-02-18 19:30:34\',NULL,39,41,73267.7,1703.9,43,\'2023-10-21 20:11:09\'), (\'2025-06-07 07:04:02\',NULL,19,18,17262,1438.5,12,\'2023-03-02 16:40:01\'), (\'2026-01-13 21:35:19\',NULL,49,8,44435,888.7,50,\'2026-06-14 23:08:27\'), (\'2025-08-31 20:51:57\',NULL,29,29,342.2,171.1,2,\'2024-12-24 00:57:00\'), (\'2024-04-18 04:07:16\',NULL,13,72,8614.8,957.2,9,\'2026-03-11 04:01:36\'), (\'2026-01-25 16:56:56\',NULL,29,63,16221.6,450.6,36,\'2025-10-28 16:45:07\'), (\'2025-04-12 10:27:32\',NULL,84,5,30284.8,1164.8,26,\'2024-03-17 17:55:34\'), (\'2023-08-21 23:29:56\',NULL,39,60,16477.8,568.2,29,\'2025-10-25 00:07:03\'), (\'2026-03-11 23:58:10\',NULL,40,10,26154,1307.7,20,\'2025-07-12 12:44:37\'), (\'2023-04-20 13:44:54\',NULL,41,43,16495,1649.5,10,\'2024-02-12 13:04:15\'), (\'2023-09-23 03:53:03\',NULL,42,60,52992,1324.8,40,\'2026-02-10 09:33:09\'), (\'2026-07-10 14:46:26\',NULL,26,68,22901.4,848.2,27,\'2023-04-25 11:28:38\'), (\'2023-11-27 18:00:15\',NULL,50,7,45827.6,1636.7,28,\'2023-04-20 07:23:53\'), (\'2026-06-01 02:20:30\',NULL,36,58,33354.3,1588.3,21,\'2024-09-01 09:41:20\'), (\'2025-06-12 03:46:04\',NULL,75,44,24359.4,936.9,26,\'2023-06-22 08:03:04\'), (\'2025-02-14 13:52:13\',NULL,1,6,9163.7,1309.1,7,\'2023-01-12 01:17:38\'), (\'2026-02-04 21:50:28\',NULL,37,53,22719.2,1622.8,14,\'2026-04-17 06:49:45\'), (\'2026-04-08 07:37:22\',NULL,83,3,9486,790.5,12,\'2023-11-04 16:18:05\'), (\'2025-05-18 17:00:09\',NULL,2,91,29398.4,1837.4,16,\'2026-01-24 08:51:45\'), (\'2023-02-06 11:59:00\',NULL,74,83,23142.6,503.1,46,\'2025-10-31 06:25:14\'), (\'2025-12-12 10:23:13\',NULL,30,20,1049.6,524.8,2,\'2026-06-05 07:47:24\'), (\'2025-11-08 09:24:52\',NULL,93,57,36715.5,815.9,45,\'2024-12-19 19:47:01\'), (\'2023-08-02 06:10:24\',NULL,14,70,15531.9,675.3,23,\'2025-03-29 01:20:05\'), (\'2024-06-27 04:46:04\',NULL,50,85,41796,972,43,\'2023-01-02 17:20:36\'), (\'2024-06-06 17:15:11\',NULL,94,66,876.2,876.2,1,\'2023-06-26 14:47:04\'), (\'2023-12-21 01:06:22\',NULL,53,52,36911.7,1757.7,21,\'2023-12-24 23:11:26\'), (\'2026-01-16 10:33:29\',NULL,6,10,31766.1,1671.9,19,\'2024-12-27 21:39:39\'), (\'2025-05-01 18:14:12\',NULL,53,49,62515.2,1689.6,37,\'2023-11-29 18:46:51\'), (\'2023-04-04 15:43:37\',NULL,54,84,87509.1,1785.9,49,\'2025-12-13 13:28:18\'), (\'2025-02-20 16:50:42\',NULL,14,44,39932.5,1597.3,25,\'2023-06-21 18:32:52\'), (\'2024-12-08 20:19:25\',NULL,23,62,3682.8,136.4,27,\'2024-06-23 03:20:09\'), (\'2023-12-27 23:58:34\',NULL,5,55,2888.2,1444.1,2,\'2024-07-13 16:51:50\'), (\'2025-07-09 14:15:38\',NULL,59,24,10378.4,1297.3,8,\'2024-11-30 18:07:10\'), (\'2025-05-15 22:00:30\',NULL,90,79,14392.5,959.5,15,\'2025-07-20 18:58:48\'), (\'2023-02-23 19:10:22\',NULL,59,97,25454.3,1339.7,19,\'2024-12-14 03:05:48\'), (\'2025-04-13 04:22:36\',NULL,76,61,9752,424,23,\'2025-01-08 02:59:10\'), (\'2025-07-07 10:02:49\',NULL,77,51,3327.1,67.9,49,\'2025-03-20 08:27:43\'), (\'2025-11-09 21:13:21\',NULL,2,56,22963.5,850.5,27,\'2024-10-28 10:37:40\'), (\'2024-05-08 20:13:02\',NULL,43,79,52952.4,1961.2,27,\'2025-01-10 21:10:44\'), (\'2026-07-08 17:33:16\',NULL,18,5,74239.2,1767.6,42,\'2026-01-29 23:51:34\'), (\'2026-04-29 07:00:51\',NULL,30,62,1299.2,185.6,7,\'2024-01-28 18:57:34\'), (\'2023-04-30 11:35:06\',NULL,79,71,42049.7,977.9,43,\'2024-06-23 14:32:29\'), (\'2023-05-22 06:14:08\',NULL,34,6,2071.8,230.2,9,\'2025-07-01 06:25:11\'), (\'2024-04-17 02:39:56\',NULL,48,30,35712,992,36,\'2023-10-28 16:56:04\'), (\'2026-03-10 09:39:03\',NULL,18,82,74587.5,1657.5,45,\'2026-05-29 19:53:02\')')
 3 SYSTEMPATH\Database\BaseConnection.php(827): CodeIgniter\Database\BaseConnection->simpleQuery('INSERT INTO `detail_sortie` (`created_at`, `deleted_at`, `id_entree`, `id_sortie`, `montant`, `prix_unitaire`, `quantite_pris`, `updated_at`)
VALUES (\'2023-09-17 12:05:05\',NULL,58,5,78282.8,1701.8,46,\'2026-01-24 17:47:54\'), (\'2023-11-25 04:30:19\',NULL,73,49,22097.4,1699.8,13,\'2025-04-01 02:29:47\'), (\'2025-02-01 20:17:36\',NULL,98,17,91800,1912.5,48,\'2023-04-26 06:32:45\'), (\'2025-06-03 21:39:17\',NULL,74,73,63572,1589.3,40,\'2024-04-30 04:31:28\'), (\'2023-09-03 05:24:35\',NULL,96,81,25568,1504,17,\'2026-07-03 22:15:52\'), (\'2024-11-10 07:26:21\',NULL,94,84,44988,1124.7,40,\'2025-03-23 04:49:21\'), (\'2023-03-26 09:36:35\',NULL,32,45,11180.7,414.1,27,\'2026-05-19 00:39:03\'), (\'2025-02-13 16:55:57\',NULL,19,75,36218,1293.5,28,\'2023-02-07 01:44:14\'), (\'2023-02-21 09:11:02\',NULL,89,85,7738.5,515.9,15,\'2023-08-06 03:54:19\'), (\'2023-07-14 19:33:39\',NULL,90,86,32742.7,1723.3,19,\'2023-12-23 13:38:33\'), (\'2025-09-06 14:58:46\',NULL,48,4,3327.3,1109.1,3,\'2025-08-21 03:30:19\'), (\'2024-10-18 11:24:40\',NULL,99,90,47222,1349.2,35,\'2025-10-25 12:22:46\'), (\'2024-05-08 11:48:28\',NULL,80,85,6920,138.4,50,\'2024-07-19 17:12:31\'), (\'2023-04-09 11:45:53\',NULL,35,71,9149.4,538.2,17,\'2023-11-09 09:19:44\'), (\'2024-01-04 06:34:24\',NULL,5,4,5559.5,1111.9,5,\'2025-04-30 09:40:00\'), (\'2023-06-20 10:11:15\',NULL,84,65,23853,1590.2,15,\'2023-10-09 08:13:00\'), (\'2026-02-19 13:19:29\',NULL,40,81,19108.8,398.1,48,\'2026-01-09 01:40:31\'), (\'2025-08-11 00:43:08\',NULL,4,17,35081.6,1096.3,32,\'2024-03-10 17:08:44\'), (\'2023-06-16 02:03:55\',NULL,96,47,18245.4,388.2,47,\'2024-08-15 07:52:20\'), (\'2024-06-01 00:20:48\',NULL,11,47,76410.6,1819.3,42,\'2024-10-19 12:45:00\'), (\'2024-07-16 11:29:31\',NULL,96,39,6578.4,274.1,24,\'2024-10-10 10:03:10\'), (\'2023-05-14 00:30:25\',NULL,64,33,29491,1340.5,22,\'2023-12-18 11:30:38\'), (\'2023-05-20 19:07:35\',NULL,59,79,24998.4,595.2,42,\'2023-01-29 02:52:06\'), (\'2025-08-25 19:18:33\',NULL,63,12,79100,1977.5,40,\'2023-02-18 22:01:36\'), (\'2025-03-21 13:51:46\',NULL,4,2,29213.8,596.2,49,\'2025-11-25 09:43:26\'), (\'2024-01-03 20:33:46\',NULL,66,32,4352.7,1450.9,3,\'2024-06-20 14:26:46\'), (\'2025-08-25 14:07:59\',NULL,56,22,53195.3,1237.1,43,\'2025-08-25 02:23:00\'), (\'2024-02-04 18:00:22\',NULL,63,1,1126.8,375.6,3,\'2023-10-13 19:30:47\'), (\'2023-06-04 03:29:11\',NULL,73,12,38570,1377.5,28,\'2025-12-03 04:12:28\'), (\'2026-02-26 23:43:31\',NULL,27,4,96588.8,1971.2,49,\'2023-11-12 15:03:31\'), (\'2024-12-08 00:55:27\',NULL,89,9,45175.5,1003.9,45,\'2025-03-26 04:13:04\'), (\'2023-09-22 06:28:01\',NULL,62,65,15218.4,634.1,24,\'2023-08-12 22:50:08\'), (\'2023-02-04 18:19:28\',NULL,25,56,38173.5,848.3,45,\'2025-12-30 07:08:31\'), (\'2025-12-19 15:18:30\',NULL,44,91,76692,1826,42,\'2024-07-18 16:54:55\'), (\'2023-12-22 12:51:20\',NULL,98,22,5737.6,717.2,8,\'2023-01-20 12:58:06\'), (\'2023-01-10 23:01:46\',NULL,64,13,35904,1632,22,\'2025-04-11 21:05:27\'), (\'2023-07-27 04:32:43\',NULL,96,64,14301,1589,9,\'2025-05-19 08:01:43\'), (\'2024-06-10 17:17:45\',NULL,13,4,6114.9,185.3,33,\'2025-05-06 08:21:33\'), (\'2023-12-31 22:34:43\',NULL,84,57,23179.5,1545.3,15,\'2023-02-05 00:27:15\'), (\'2023-02-21 10:21:35\',NULL,91,58,45062.4,938.8,48,\'2025-10-17 20:52:25\'), (\'2023-05-13 18:43:28\',NULL,50,28,45402,1513.4,30,\'2024-10-01 17:46:49\'), (\'2025-02-05 19:38:14\',NULL,2,47,2508,83.6,30,\'2023-04-11 17:09:07\'), (\'2025-08-05 18:18:51\',NULL,84,89,16222.5,1802.5,9,\'2026-03-09 21:41:03\'), (\'2023-06-07 18:42:51\',NULL,8,22,17486.2,514.3,34,\'2025-08-13 12:23:17\'), (\'2025-05-07 22:46:17\',NULL,55,84,87726.6,1907.1,46,\'2024-10-09 00:24:38\'), (\'2025-08-16 01:22:56\',NULL,81,78,60700.5,1480.5,41,\'2023-02-05 03:56:45\'), (\'2025-03-07 10:26:33\',NULL,72,24,20374.2,1852.2,11,\'2024-01-30 15:10:48\'), (\'2025-08-12 14:53:38\',NULL,20,89,5059.6,180.7,28,\'2024-08-15 21:32:37\'), (\'2025-04-30 02:59:54\',NULL,31,78,15356,1919.5,8,\'2026-04-23 10:13:07\'), (\'2025-04-24 23:26:07\',NULL,18,96,4798.5,685.5,7,\'2025-07-05 12:01:46\'), (\'2023-11-17 16:07:02\',NULL,73,83,78711.5,1830.5,43,\'2025-06-23 00:35:20\'), (\'2025-03-06 08:36:17\',NULL,47,7,9248.4,660.6,14,\'2023-07-14 09:10:46\'), (\'2025-10-29 19:36:34\',NULL,97,77,1526.6,1526.6,1,\'2025-11-12 04:52:53\'), (\'2023-09-11 02:06:09\',NULL,58,21,8475.4,273.4,31,\'2023-09-17 07:50:49\'), (\'2024-07-08 19:32:53\',NULL,5,100,30499.7,1794.1,17,\'2023-06-17 14:16:53\'), (\'2023-02-18 19:30:34\',NULL,39,41,73267.7,1703.9,43,\'2023-10-21 20:11:09\'), (\'2025-06-07 07:04:02\',NULL,19,18,17262,1438.5,12,\'2023-03-02 16:40:01\'), (\'2026-01-13 21:35:19\',NULL,49,8,44435,888.7,50,\'2026-06-14 23:08:27\'), (\'2025-08-31 20:51:57\',NULL,29,29,342.2,171.1,2,\'2024-12-24 00:57:00\'), (\'2024-04-18 04:07:16\',NULL,13,72,8614.8,957.2,9,\'2026-03-11 04:01:36\'), (\'2026-01-25 16:56:56\',NULL,29,63,16221.6,450.6,36,\'2025-10-28 16:45:07\'), (\'2025-04-12 10:27:32\',NULL,84,5,30284.8,1164.8,26,\'2024-03-17 17:55:34\'), (\'2023-08-21 23:29:56\',NULL,39,60,16477.8,568.2,29,\'2025-10-25 00:07:03\'), (\'2026-03-11 23:58:10\',NULL,40,10,26154,1307.7,20,\'2025-07-12 12:44:37\'), (\'2023-04-20 13:44:54\',NULL,41,43,16495,1649.5,10,\'2024-02-12 13:04:15\'), (\'2023-09-23 03:53:03\',NULL,42,60,52992,1324.8,40,\'2026-02-10 09:33:09\'), (\'2026-07-10 14:46:26\',NULL,26,68,22901.4,848.2,27,\'2023-04-25 11:28:38\'), (\'2023-11-27 18:00:15\',NULL,50,7,45827.6,1636.7,28,\'2023-04-20 07:23:53\'), (\'2026-06-01 02:20:30\',NULL,36,58,33354.3,1588.3,21,\'2024-09-01 09:41:20\'), (\'2025-06-12 03:46:04\',NULL,75,44,24359.4,936.9,26,\'2023-06-22 08:03:04\'), (\'2025-02-14 13:52:13\',NULL,1,6,9163.7,1309.1,7,\'2023-01-12 01:17:38\'), (\'2026-02-04 21:50:28\',NULL,37,53,22719.2,1622.8,14,\'2026-04-17 06:49:45\'), (\'2026-04-08 07:37:22\',NULL,83,3,9486,790.5,12,\'2023-11-04 16:18:05\'), (\'2025-05-18 17:00:09\',NULL,2,91,29398.4,1837.4,16,\'2026-01-24 08:51:45\'), (\'2023-02-06 11:59:00\',NULL,74,83,23142.6,503.1,46,\'2025-10-31 06:25:14\'), (\'2025-12-12 10:23:13\',NULL,30,20,1049.6,524.8,2,\'2026-06-05 07:47:24\'), (\'2025-11-08 09:24:52\',NULL,93,57,36715.5,815.9,45,\'2024-12-19 19:47:01\'), (\'2023-08-02 06:10:24\',NULL,14,70,15531.9,675.3,23,\'2025-03-29 01:20:05\'), (\'2024-06-27 04:46:04\',NULL,50,85,41796,972,43,\'2023-01-02 17:20:36\'), (\'2024-06-06 17:15:11\',NULL,94,66,876.2,876.2,1,\'2023-06-26 14:47:04\'), (\'2023-12-21 01:06:22\',NULL,53,52,36911.7,1757.7,21,\'2023-12-24 23:11:26\'), (\'2026-01-16 10:33:29\',NULL,6,10,31766.1,1671.9,19,\'2024-12-27 21:39:39\'), (\'2025-05-01 18:14:12\',NULL,53,49,62515.2,1689.6,37,\'2023-11-29 18:46:51\'), (\'2023-04-04 15:43:37\',NULL,54,84,87509.1,1785.9,49,\'2025-12-13 13:28:18\'), (\'2025-02-20 16:50:42\',NULL,14,44,39932.5,1597.3,25,\'2023-06-21 18:32:52\'), (\'2024-12-08 20:19:25\',NULL,23,62,3682.8,136.4,27,\'2024-06-23 03:20:09\'), (\'2023-12-27 23:58:34\',NULL,5,55,2888.2,1444.1,2,\'2024-07-13 16:51:50\'), (\'2025-07-09 14:15:38\',NULL,59,24,10378.4,1297.3,8,\'2024-11-30 18:07:10\'), (\'2025-05-15 22:00:30\',NULL,90,79,14392.5,959.5,15,\'2025-07-20 18:58:48\'), (\'2023-02-23 19:10:22\',NULL,59,97,25454.3,1339.7,19,\'2024-12-14 03:05:48\'), (\'2025-04-13 04:22:36\',NULL,76,61,9752,424,23,\'2025-01-08 02:59:10\'), (\'2025-07-07 10:02:49\',NULL,77,51,3327.1,67.9,49,\'2025-03-20 08:27:43\'), (\'2025-11-09 21:13:21\',NULL,2,56,22963.5,850.5,27,\'2024-10-28 10:37:40\'), (\'2024-05-08 20:13:02\',NULL,43,79,52952.4,1961.2,27,\'2025-01-10 21:10:44\'), (\'2026-07-08 17:33:16\',NULL,18,5,74239.2,1767.6,42,\'2026-01-29 23:51:34\'), (\'2026-04-29 07:00:51\',NULL,30,62,1299.2,185.6,7,\'2024-01-28 18:57:34\'), (\'2023-04-30 11:35:06\',NULL,79,71,42049.7,977.9,43,\'2024-06-23 14:32:29\'), (\'2023-05-22 06:14:08\',NULL,34,6,2071.8,230.2,9,\'2025-07-01 06:25:11\'), (\'2024-04-17 02:39:56\',NULL,48,30,35712,992,36,\'2023-10-28 16:56:04\'), (\'2026-03-10 09:39:03\',NULL,18,82,74587.5,1657.5,45,\'2026-05-29 19:53:02\')')
 4 SYSTEMPATH\Database\BaseBuilder.php(1841): CodeIgniter\Database\BaseConnection->query('INSERT INTO `detail_sortie` (`created_at`, `deleted_at`, `id_entree`, `id_sortie`, `montant`, `prix_unitaire`, `quantite_pris`, `updated_at`)
VALUES (\'2023-09-17 12:05:05\',NULL,58,5,78282.8,1701.8,46,\'2026-01-24 17:47:54\'), (\'2023-11-25 04:30:19\',NULL,73,49,22097.4,1699.8,13,\'2025-04-01 02:29:47\'), (\'2025-02-01 20:17:36\',NULL,98,17,91800,1912.5,48,\'2023-04-26 06:32:45\'), (\'2025-06-03 21:39:17\',NULL,74,73,63572,1589.3,40,\'2024-04-30 04:31:28\'), (\'2023-09-03 05:24:35\',NULL,96,81,25568,1504,17,\'2026-07-03 22:15:52\'), (\'2024-11-10 07:26:21\',NULL,94,84,44988,1124.7,40,\'2025-03-23 04:49:21\'), (\'2023-03-26 09:36:35\',NULL,32,45,11180.7,414.1,27,\'2026-05-19 00:39:03\'), (\'2025-02-13 16:55:57\',NULL,19,75,36218,1293.5,28,\'2023-02-07 01:44:14\'), (\'2023-02-21 09:11:02\',NULL,89,85,7738.5,515.9,15,\'2023-08-06 03:54:19\'), (\'2023-07-14 19:33:39\',NULL,90,86,32742.7,1723.3,19,\'2023-12-23 13:38:33\'), (\'2025-09-06 14:58:46\',NULL,48,4,3327.3,1109.1,3,\'2025-08-21 03:30:19\'), (\'2024-10-18 11:24:40\',NULL,99,90,47222,1349.2,35,\'2025-10-25 12:22:46\'), (\'2024-05-08 11:48:28\',NULL,80,85,6920,138.4,50,\'2024-07-19 17:12:31\'), (\'2023-04-09 11:45:53\',NULL,35,71,9149.4,538.2,17,\'2023-11-09 09:19:44\'), (\'2024-01-04 06:34:24\',NULL,5,4,5559.5,1111.9,5,\'2025-04-30 09:40:00\'), (\'2023-06-20 10:11:15\',NULL,84,65,23853,1590.2,15,\'2023-10-09 08:13:00\'), (\'2026-02-19 13:19:29\',NULL,40,81,19108.8,398.1,48,\'2026-01-09 01:40:31\'), (\'2025-08-11 00:43:08\',NULL,4,17,35081.6,1096.3,32,\'2024-03-10 17:08:44\'), (\'2023-06-16 02:03:55\',NULL,96,47,18245.4,388.2,47,\'2024-08-15 07:52:20\'), (\'2024-06-01 00:20:48\',NULL,11,47,76410.6,1819.3,42,\'2024-10-19 12:45:00\'), (\'2024-07-16 11:29:31\',NULL,96,39,6578.4,274.1,24,\'2024-10-10 10:03:10\'), (\'2023-05-14 00:30:25\',NULL,64,33,29491,1340.5,22,\'2023-12-18 11:30:38\'), (\'2023-05-20 19:07:35\',NULL,59,79,24998.4,595.2,42,\'2023-01-29 02:52:06\'), (\'2025-08-25 19:18:33\',NULL,63,12,79100,1977.5,40,\'2023-02-18 22:01:36\'), (\'2025-03-21 13:51:46\',NULL,4,2,29213.8,596.2,49,\'2025-11-25 09:43:26\'), (\'2024-01-03 20:33:46\',NULL,66,32,4352.7,1450.9,3,\'2024-06-20 14:26:46\'), (\'2025-08-25 14:07:59\',NULL,56,22,53195.3,1237.1,43,\'2025-08-25 02:23:00\'), (\'2024-02-04 18:00:22\',NULL,63,1,1126.8,375.6,3,\'2023-10-13 19:30:47\'), (\'2023-06-04 03:29:11\',NULL,73,12,38570,1377.5,28,\'2025-12-03 04:12:28\'), (\'2026-02-26 23:43:31\',NULL,27,4,96588.8,1971.2,49,\'2023-11-12 15:03:31\'), (\'2024-12-08 00:55:27\',NULL,89,9,45175.5,1003.9,45,\'2025-03-26 04:13:04\'), (\'2023-09-22 06:28:01\',NULL,62,65,15218.4,634.1,24,\'2023-08-12 22:50:08\'), (\'2023-02-04 18:19:28\',NULL,25,56,38173.5,848.3,45,\'2025-12-30 07:08:31\'), (\'2025-12-19 15:18:30\',NULL,44,91,76692,1826,42,\'2024-07-18 16:54:55\'), (\'2023-12-22 12:51:20\',NULL,98,22,5737.6,717.2,8,\'2023-01-20 12:58:06\'), (\'2023-01-10 23:01:46\',NULL,64,13,35904,1632,22,\'2025-04-11 21:05:27\'), (\'2023-07-27 04:32:43\',NULL,96,64,14301,1589,9,\'2025-05-19 08:01:43\'), (\'2024-06-10 17:17:45\',NULL,13,4,6114.9,185.3,33,\'2025-05-06 08:21:33\'), (\'2023-12-31 22:34:43\',NULL,84,57,23179.5,1545.3,15,\'2023-02-05 00:27:15\'), (\'2023-02-21 10:21:35\',NULL,91,58,45062.4,938.8,48,\'2025-10-17 20:52:25\'), (\'2023-05-13 18:43:28\',NULL,50,28,45402,1513.4,30,\'2024-10-01 17:46:49\'), (\'2025-02-05 19:38:14\',NULL,2,47,2508,83.6,30,\'2023-04-11 17:09:07\'), (\'2025-08-05 18:18:51\',NULL,84,89,16222.5,1802.5,9,\'2026-03-09 21:41:03\'), (\'2023-06-07 18:42:51\',NULL,8,22,17486.2,514.3,34,\'2025-08-13 12:23:17\'), (\'2025-05-07 22:46:17\',NULL,55,84,87726.6,1907.1,46,\'2024-10-09 00:24:38\'), (\'2025-08-16 01:22:56\',NULL,81,78,60700.5,1480.5,41,\'2023-02-05 03:56:45\'), (\'2025-03-07 10:26:33\',NULL,72,24,20374.2,1852.2,11,\'2024-01-30 15:10:48\'), (\'2025-08-12 14:53:38\',NULL,20,89,5059.6,180.7,28,\'2024-08-15 21:32:37\'), (\'2025-04-30 02:59:54\',NULL,31,78,15356,1919.5,8,\'2026-04-23 10:13:07\'), (\'2025-04-24 23:26:07\',NULL,18,96,4798.5,685.5,7,\'2025-07-05 12:01:46\'), (\'2023-11-17 16:07:02\',NULL,73,83,78711.5,1830.5,43,\'2025-06-23 00:35:20\'), (\'2025-03-06 08:36:17\',NULL,47,7,9248.4,660.6,14,\'2023-07-14 09:10:46\'), (\'2025-10-29 19:36:34\',NULL,97,77,1526.6,1526.6,1,\'2025-11-12 04:52:53\'), (\'2023-09-11 02:06:09\',NULL,58,21,8475.4,273.4,31,\'2023-09-17 07:50:49\'), (\'2024-07-08 19:32:53\',NULL,5,100,30499.7,1794.1,17,\'2023-06-17 14:16:53\'), (\'2023-02-18 19:30:34\',NULL,39,41,73267.7,1703.9,43,\'2023-10-21 20:11:09\'), (\'2025-06-07 07:04:02\',NULL,19,18,17262,1438.5,12,\'2023-03-02 16:40:01\'), (\'2026-01-13 21:35:19\',NULL,49,8,44435,888.7,50,\'2026-06-14 23:08:27\'), (\'2025-08-31 20:51:57\',NULL,29,29,342.2,171.1,2,\'2024-12-24 00:57:00\'), (\'2024-04-18 04:07:16\',NULL,13,72,8614.8,957.2,9,\'2026-03-11 04:01:36\'), (\'2026-01-25 16:56:56\',NULL,29,63,16221.6,450.6,36,\'2025-10-28 16:45:07\'), (\'2025-04-12 10:27:32\',NULL,84,5,30284.8,1164.8,26,\'2024-03-17 17:55:34\'), (\'2023-08-21 23:29:56\',NULL,39,60,16477.8,568.2,29,\'2025-10-25 00:07:03\'), (\'2026-03-11 23:58:10\',NULL,40,10,26154,1307.7,20,\'2025-07-12 12:44:37\'), (\'2023-04-20 13:44:54\',NULL,41,43,16495,1649.5,10,\'2024-02-12 13:04:15\'), (\'2023-09-23 03:53:03\',NULL,42,60,52992,1324.8,40,\'2026-02-10 09:33:09\'), (\'2026-07-10 14:46:26\',NULL,26,68,22901.4,848.2,27,\'2023-04-25 11:28:38\'), (\'2023-11-27 18:00:15\',NULL,50,7,45827.6,1636.7,28,\'2023-04-20 07:23:53\'), (\'2026-06-01 02:20:30\',NULL,36,58,33354.3,1588.3,21,\'2024-09-01 09:41:20\'), (\'2025-06-12 03:46:04\',NULL,75,44,24359.4,936.9,26,\'2023-06-22 08:03:04\'), (\'2025-02-14 13:52:13\',NULL,1,6,9163.7,1309.1,7,\'2023-01-12 01:17:38\'), (\'2026-02-04 21:50:28\',NULL,37,53,22719.2,1622.8,14,\'2026-04-17 06:49:45\'), (\'2026-04-08 07:37:22\',NULL,83,3,9486,790.5,12,\'2023-11-04 16:18:05\'), (\'2025-05-18 17:00:09\',NULL,2,91,29398.4,1837.4,16,\'2026-01-24 08:51:45\'), (\'2023-02-06 11:59:00\',NULL,74,83,23142.6,503.1,46,\'2025-10-31 06:25:14\'), (\'2025-12-12 10:23:13\',NULL,30,20,1049.6,524.8,2,\'2026-06-05 07:47:24\'), (\'2025-11-08 09:24:52\',NULL,93,57,36715.5,815.9,45,\'2024-12-19 19:47:01\'), (\'2023-08-02 06:10:24\',NULL,14,70,15531.9,675.3,23,\'2025-03-29 01:20:05\'), (\'2024-06-27 04:46:04\',NULL,50,85,41796,972,43,\'2023-01-02 17:20:36\'), (\'2024-06-06 17:15:11\',NULL,94,66,876.2,876.2,1,\'2023-06-26 14:47:04\'), (\'2023-12-21 01:06:22\',NULL,53,52,36911.7,1757.7,21,\'2023-12-24 23:11:26\'), (\'2026-01-16 10:33:29\',NULL,6,10,31766.1,1671.9,19,\'2024-12-27 21:39:39\'), (\'2025-05-01 18:14:12\',NULL,53,49,62515.2,1689.6,37,\'2023-11-29 18:46:51\'), (\'2023-04-04 15:43:37\',NULL,54,84,87509.1,1785.9,49,\'2025-12-13 13:28:18\'), (\'2025-02-20 16:50:42\',NULL,14,44,39932.5,1597.3,25,\'2023-06-21 18:32:52\'), (\'2024-12-08 20:19:25\',NULL,23,62,3682.8,136.4,27,\'2024-06-23 03:20:09\'), (\'2023-12-27 23:58:34\',NULL,5,55,2888.2,1444.1,2,\'2024-07-13 16:51:50\'), (\'2025-07-09 14:15:38\',NULL,59,24,10378.4,1297.3,8,\'2024-11-30 18:07:10\'), (\'2025-05-15 22:00:30\',NULL,90,79,14392.5,959.5,15,\'2025-07-20 18:58:48\'), (\'2023-02-23 19:10:22\',NULL,59,97,25454.3,1339.7,19,\'2024-12-14 03:05:48\'), (\'2025-04-13 04:22:36\',NULL,76,61,9752,424,23,\'2025-01-08 02:59:10\'), (\'2025-07-07 10:02:49\',NULL,77,51,3327.1,67.9,49,\'2025-03-20 08:27:43\'), (\'2025-11-09 21:13:21\',NULL,2,56,22963.5,850.5,27,\'2024-10-28 10:37:40\'), (\'2024-05-08 20:13:02\',NULL,43,79,52952.4,1961.2,27,\'2025-01-10 21:10:44\'), (\'2026-07-08 17:33:16\',NULL,18,5,74239.2,1767.6,42,\'2026-01-29 23:51:34\'), (\'2026-04-29 07:00:51\',NULL,30,62,1299.2,185.6,7,\'2024-01-28 18:57:34\'), (\'2023-04-30 11:35:06\',NULL,79,71,42049.7,977.9,43,\'2024-06-23 14:32:29\'), (\'2023-05-22 06:14:08\',NULL,34,6,2071.8,230.2,9,\'2025-07-01 06:25:11\'), (\'2024-04-17 02:39:56\',NULL,48,30,35712,992,36,\'2023-10-28 16:56:04\'), (\'2026-03-10 09:39:03\',NULL,18,82,74587.5,1657.5,45,\'2026-05-29 19:53:02\')', null, false)
 5 SYSTEMPATH\Database\BaseBuilder.php(2230): CodeIgniter\Database\BaseBuilder->batchExecute('_insertBatch', 100)
 6 APPPATH\Database\Seeds\DonneeSeeder.php(331): CodeIgniter\Database\BaseBuilder->insertBatch([...])
 7 SYSTEMPATH\Database\Seeder.php(155): App\Database\Seeds\DonneeSeeder->run()
 8 SYSTEMPATH\Commands\Database\Seed.php(79): CodeIgniter\Database\Seeder->call('App\\Database\\Seeds\\DonneeSeeder')
 9 SYSTEMPATH\CLI\Commands.php(74): CodeIgniter\Commands\Database\Seed->run([])
10 SYSTEMPATH\CLI\Console.php(47): CodeIgniter\CLI\Commands->run('db:seed', [...])
11 SYSTEMPATH\Boot.php(442): CodeIgniter\CLI\Console->run()
12 SYSTEMPATH\Boot.php(166): CodeIgniter\Boot::runCommand(Object(CodeIgniter\CLI\Console))
13 ROOTPATH\spark(87): CodeIgniter\Boot::bootSpark(Object(Config\Paths))
ERROR - 2026-07-12 22:49:54 --> Cannot add or update a child row: a foreign key constraint fails (`eco_panier_s4_2026`.`transaction`, CONSTRAINT `transaction_id_depense_foreign` FOREIGN KEY (`id_depense`) REFERENCES `depense` (`id_depense`) ON UPDATE CASCADE)
in SYSTEMPATH\Database\MySQLi\Connection.php on line 300.
 1 SYSTEMPATH\Database\MySQLi\Connection.php(300): mysqli->query('INSERT INTO `entree_stock` (`created_at`, `date_archivage`, `date_entree`, `deleted_at`, `fournisseur`, `id_produit`, `origine`, `prix_unitaire`, `quantite`, `quantite_restante`, `reference`, `updated_at`)
VALUES (\'2023-01-25 17:37:35\',\'2025-07-08 05:40:31\',\'2025-01-11 09:35:14\',NULL,\'Producteur Local\',50,\'ajustement\',314.2,116,54,\'ENT-00001\',\'2023-07-31 12:22:50\'), (\'2024-08-10 18:23:27\',\'2024-04-15 17:36:02\',\'2024-03-07 13:23:02\',NULL,\'Ferme Itasy\',60,\'retour\',1458.9,329,73,\'ENT-00002\',\'2023-06-19 07:27:26\'), (\'2024-02-14 15:33:19\',\'2023-01-01 16:29:54\',\'2026-03-15 18:17:42\',NULL,\'Ferme Ambohimanga\',96,\'ajustement\',961.4,148,5,\'ENT-00003\',\'2026-06-13 18:09:43\'), (\'2024-06-23 13:47:58\',\'2025-02-25 12:26:26\',\'2024-05-17 14:39:30\',NULL,\'Producteur Local\',33,\'retour\',484.7,376,349,\'ENT-00004\',\'2025-06-11 02:47:48\'), (\'2023-11-24 01:49:11\',\'2025-06-04 20:54:31\',\'2026-06-25 17:47:31\',NULL,\'Ferme Itasy\',62,\'ajustement\',587.7,197,8,\'ENT-00005\',\'2024-05-25 11:20:31\'), (\'2025-05-21 01:08:35\',\'2025-09-23 02:47:52\',\'2024-08-27 02:44:54\',NULL,\'Cooperative Antsirabe\',56,\'don\',410.7,221,188,\'ENT-00006\',\'2023-09-17 02:05:12\'), (\'2025-12-05 07:16:39\',\'2024-05-09 21:16:34\',\'2025-03-09 18:35:22\',NULL,\'Grossiste Mahajanga\',57,\'reapprovisionnement\',514.6,304,302,\'ENT-00007\',\'2025-08-28 20:35:45\'), (\'2026-03-15 00:28:39\',\'2024-10-11 04:44:23\',\'2026-04-23 11:10:46\',NULL,\'Ferme Ambohimanga\',28,\'reapprovisionnement\',1762.7,114,10,\'ENT-00008\',\'2025-07-23 05:54:46\'), (\'2023-01-27 18:48:27\',\'2024-06-17 14:19:00\',\'2024-07-30 11:16:01\',NULL,\'Marche Anosibe\',46,\'reapprovisionnement\',598.7,216,179,\'ENT-00009\',\'2023-06-10 17:43:16\'), (\'2024-11-16 15:28:54\',\'2023-09-05 14:56:06\',\'2024-05-01 05:57:23\',NULL,\'Ferme Ambohimanga\',55,\'retour\',113.5,570,302,\'ENT-00010\',\'2024-02-26 20:06:19\'), (\'2025-04-28 00:32:44\',\'2026-02-12 21:33:10\',\'2025-02-16 20:17:44\',NULL,\'Cooperative Antsirabe\',73,\'don\',426.6,961,536,\'ENT-00011\',\'2024-11-04 16:52:44\'), (\'2023-10-04 04:04:00\',\'2023-11-30 02:38:06\',\'2025-07-06 14:59:55\',NULL,\'Marche Anosibe\',68,\'ajustement\',1041.1,929,542,\'ENT-00012\',\'2026-03-17 22:15:25\'), (\'2025-12-28 19:00:24\',\'2024-03-26 11:03:01\',\'2023-10-16 22:05:43\',NULL,\'Cooperative Antsirabe\',31,\'ajustement\',1087.4,529,369,\'ENT-00013\',\'2025-11-28 02:17:42\'), (\'2023-05-26 05:05:33\',\'2025-07-24 15:05:54\',\'2025-06-04 15:55:08\',NULL,\'Grossiste Mahajanga\',70,\'don\',386.7,121,25,\'ENT-00014\',\'2025-05-27 10:38:40\'), (\'2024-04-08 14:39:13\',\'2023-08-05 01:53:07\',\'2025-03-31 10:38:42\',NULL,\'Grossiste Analakely\',59,\'don\',868.1,886,583,\'ENT-00015\',\'2025-07-26 15:36:36\'), (\'2025-01-03 05:55:15\',\'2026-01-01 21:59:12\',\'2026-05-25 19:52:00\',NULL,\'Grossiste Mahajanga\',32,\'ajustement\',630.5,838,160,\'ENT-00016\',\'2024-04-07 18:09:21\'), (\'2026-06-02 17:43:44\',\'2023-05-15 05:45:03\',\'2023-01-09 19:41:32\',NULL,\'Marche Anosibe\',95,\'reapprovisionnement\',1069.2,628,297,\'ENT-00017\',\'2025-04-09 15:06:49\'), (\'2025-08-06 03:59:13\',\'2024-02-26 10:17:27\',\'2024-11-21 18:56:10\',NULL,\'Cooperative Antsirabe\',78,\'ajustement\',1588.1,207,36,\'ENT-00018\',\'2024-07-28 00:34:50\'), (\'2023-03-02 22:49:30\',\'2025-06-06 11:46:34\',\'2026-06-29 19:10:09\',NULL,\'Grossiste Mahajanga\',73,\'ajustement\',1569.8,560,491,\'ENT-00019\',\'2024-03-24 19:18:13\'), (\'2025-01-07 15:04:44\',\'2023-01-02 01:57:16\',\'2024-06-07 13:49:45\',NULL,\'Cooperative Antsirabe\',19,\'don\',169.4,779,679,\'ENT-00020\',\'2024-05-25 08:16:18\'), (\'2026-01-30 23:47:13\',\'2024-04-15 19:13:29\',\'2023-05-31 14:24:56\',NULL,\'Marche Anosibe\',31,\'don\',1227.8,740,622,\'ENT-00021\',\'2023-01-18 20:54:14\'), (\'2025-02-07 17:24:31\',\'2025-06-08 09:49:22\',\'2024-12-04 23:15:25\',NULL,\'Producteur Local\',71,\'reapprovisionnement\',905.6,632,172,\'ENT-00022\',\'2025-01-24 02:20:40\'), (\'2023-07-30 20:53:04\',\'2024-04-19 22:43:50\',\'2024-07-01 14:51:35\',NULL,\'Grossiste Analakely\',93,\'don\',1503.9,552,240,\'ENT-00023\',\'2025-08-05 16:57:59\'), (\'2025-04-03 13:34:43\',\'2024-09-28 20:05:20\',\'2023-12-16 08:20:53\',NULL,\'Ferme Itasy\',71,\'don\',1971.2,970,83,\'ENT-00024\',\'2023-08-13 06:50:55\'), (\'2025-07-07 09:01:59\',\'2026-04-30 11:15:18\',\'2024-03-25 19:52:25\',NULL,\'Marche Anosibe\',2,\'ajustement\',454.1,219,118,\'ENT-00025\',\'2024-11-18 15:11:26\'), (\'2023-01-11 12:30:03\',\'2026-06-24 23:38:14\',\'2024-06-07 09:24:13\',NULL,\'Grossiste Mahajanga\',80,\'reapprovisionnement\',294.7,604,159,\'ENT-00026\',\'2024-04-11 23:00:14\'), (\'2025-06-14 16:07:39\',\'2024-08-17 02:08:58\',\'2024-11-17 10:28:41\',NULL,\'Cooperative Antsirabe\',17,\'retour\',1405,252,250,\'ENT-00027\',\'2023-03-02 16:46:03\'), (\'2023-06-16 18:28:26\',\'2026-03-20 04:29:29\',\'2024-03-03 00:45:48\',NULL,\'Import Export SARL\',29,\'don\',1615.3,346,215,\'ENT-00028\',\'2026-05-25 12:33:39\'), (\'2024-01-27 17:22:47\',\'2023-03-06 01:04:46\',\'2025-11-24 13:42:54\',NULL,\'Grossiste Analakely\',12,\'ajustement\',1034.7,742,589,\'ENT-00029\',\'2024-10-21 19:32:23\'), (\'2024-06-28 02:26:49\',\'2024-10-27 15:06:58\',\'2025-07-02 03:00:53\',NULL,\'Marche Anosibe\',98,\'ajustement\',1932.4,288,239,\'ENT-00030\',\'2024-09-27 00:19:27\'), (\'2024-05-14 04:09:30\',\'2025-12-07 10:29:51\',\'2023-04-13 17:22:59\',NULL,\'Ferme Ambohimanga\',98,\'retour\',1174.4,867,367,\'ENT-00031\',\'2023-04-27 17:06:26\'), (\'2024-02-03 11:21:00\',\'2026-06-11 13:20:12\',\'2024-04-07 18:42:32\',NULL,\'Ferme Itasy\',51,\'don\',1119.2,208,120,\'ENT-00032\',\'2026-01-16 04:37:00\'), (\'2023-07-07 04:05:42\',\'2024-12-22 18:47:57\',\'2023-08-03 15:23:33\',NULL,\'Ferme Ambohimanga\',70,\'ajustement\',1303.4,670,403,\'ENT-00033\',\'2025-01-02 20:34:50\'), (\'2023-07-01 09:29:12\',\'2025-12-05 02:19:53\',\'2025-07-11 09:00:21\',NULL,\'Cooperative Antsirabe\',18,\'don\',942.6,503,315,\'ENT-00034\',\'2024-05-30 06:24:14\'), (\'2024-04-06 18:57:55\',\'2023-12-06 11:26:17\',\'2025-01-15 12:57:05\',NULL,\'Ferme Ambohimanga\',56,\'retour\',759.1,878,49,\'ENT-00035\',\'2026-07-05 11:25:43\'), (\'2024-03-13 16:50:04\',\'2023-04-22 04:52:22\',\'2023-02-28 07:56:22\',NULL,\'Producteur Local\',78,\'ajustement\',828.7,160,30,\'ENT-00036\',\'2024-01-25 21:34:38\'), (\'2023-11-14 15:33:26\',\'2024-05-12 14:11:17\',\'2026-02-18 12:04:38\',NULL,\'Grossiste Mahajanga\',3,\'ajustement\',1450.8,92,60,\'ENT-00037\',\'2025-01-23 09:59:21\'), (\'2024-12-17 09:48:19\',\'2025-04-09 04:37:32\',\'2023-08-02 19:02:31\',NULL,\'Ferme Itasy\',52,\'retour\',1420.2,821,818,\'ENT-00038\',\'2023-11-04 19:05:41\'), (\'2023-11-04 11:31:30\',\'2026-06-12 15:14:20\',\'2023-01-12 03:50:32\',NULL,\'Cooperative Antsirabe\',100,\'reapprovisionnement\',1569.4,390,329,\'ENT-00039\',\'2023-09-05 18:41:55\'), (\'2023-07-19 08:04:21\',\'2023-10-02 09:33:14\',\'2025-01-07 02:01:21\',NULL,\'Ferme Itasy\',57,\'don\',505.1,202,154,\'ENT-00040\',\'2023-01-13 09:52:58\'), (\'2025-10-05 18:19:54\',\'2023-05-15 14:55:29\',\'2023-07-30 09:32:00\',NULL,\'Import Export SARL\',8,\'ajustement\',1949.4,587,97,\'ENT-00041\',\'2024-02-28 03:14:14\'), (\'2024-12-03 05:27:50\',\'2026-04-05 11:23:46\',\'2024-10-12 18:19:35\',NULL,\'Ferme Itasy\',71,\'ajustement\',989.7,571,408,\'ENT-00042\',\'2025-06-17 12:42:16\'), (\'2025-01-06 12:15:04\',\'2023-01-30 09:56:33\',\'2026-06-27 00:25:54\',NULL,\'Ferme Ambohimanga\',32,\'don\',1650.4,878,713,\'ENT-00043\',\'2025-10-01 17:22:11\'), (\'2026-01-05 08:07:40\',\'2026-05-14 13:35:16\',\'2026-05-07 11:00:22\',NULL,\'Ferme Itasy\',61,\'reapprovisionnement\',637.8,478,255,\'ENT-00044\',\'2024-03-12 13:08:05\'), (\'2025-06-01 17:25:03\',\'2025-11-01 06:32:55\',\'2023-07-18 10:47:23\',NULL,\'Producteur Local\',58,\'ajustement\',363,925,63,\'ENT-00045\',\'2026-04-27 15:35:51\'), (\'2025-12-14 04:37:23\',\'2023-12-18 06:39:08\',\'2024-01-03 10:51:36\',NULL,\'Ferme Ambohimanga\',38,\'ajustement\',1133.2,321,228,\'ENT-00046\',\'2024-06-21 15:30:57\'), (\'2026-03-25 07:11:31\',\'2025-11-04 07:42:24\',\'2024-12-04 00:39:25\',NULL,\'Ferme Ambohimanga\',5,\'ajustement\',337.9,684,604,\'ENT-00047\',\'2024-10-15 21:04:21\'), (\'2024-09-30 19:19:27\',\'2023-11-30 05:14:06\',\'2023-01-03 09:28:27\',NULL,\'Cooperative Antsirabe\',67,\'retour\',1074.8,648,446,\'ENT-00048\',\'2024-12-29 23:24:18\'), (\'2025-12-28 14:27:46\',\'2023-03-16 05:05:36\',\'2024-11-09 22:03:39\',NULL,\'Marche Anosibe\',35,\'ajustement\',1697,164,73,\'ENT-00049\',\'2026-06-14 04:00:37\'), (\'2025-04-09 06:33:47\',\'2024-05-16 23:00:37\',\'2025-12-12 23:32:05\',NULL,\'Import Export SARL\',92,\'reapprovisionnement\',1107.9,361,306,\'ENT-00050\',\'2024-04-26 00:47:29\'), (\'2025-07-12 13:27:06\',\'2025-04-03 11:50:15\',\'2023-12-22 10:27:19\',NULL,\'Grossiste Analakely\',21,\'retour\',574,66,63,\'ENT-00051\',\'2023-03-29 13:21:23\'), (\'2024-12-02 14:30:08\',\'2024-08-27 01:27:11\',\'2023-11-07 19:02:36\',NULL,\'Ferme Itasy\',10,\'don\',489.2,192,66,\'ENT-00052\',\'2025-08-31 12:08:02\'), (\'2024-11-27 17:59:54\',\'2024-10-22 08:14:01\',\'2024-05-07 22:49:28\',NULL,\'Ferme Itasy\',31,\'retour\',931.6,256,147,\'ENT-00053\',\'2025-07-16 13:27:30\'), (\'2023-12-18 14:22:01\',\'2023-05-30 06:54:34\',\'2026-03-16 10:21:57\',NULL,\'Ferme Itasy\',26,\'ajustement\',952.9,434,310,\'ENT-00054\',\'2025-07-11 10:19:39\'), (\'2023-08-16 14:23:43\',\'2024-09-19 09:47:02\',\'2024-06-13 15:23:20\',NULL,\'Grossiste Analakely\',37,\'ajustement\',1537,951,141,\'ENT-00055\',\'2026-03-19 04:04:06\'), (\'2026-06-19 10:38:27\',\'2023-03-27 19:25:15\',\'2025-07-31 20:45:00\',NULL,\'Cooperative Antsirabe\',18,\'reapprovisionnement\',70.1,254,30,\'ENT-00056\',\'2024-06-13 05:31:50\'), (\'2023-10-31 11:22:41\',\'2025-08-13 00:11:56\',\'2023-06-19 19:13:17\',NULL,\'Producteur Local\',41,\'reapprovisionnement\',1790,322,205,\'ENT-00057\',\'2023-12-05 01:06:06\'), (\'2026-07-11 13:51:08\',\'2024-10-19 23:29:24\',\'2025-09-18 04:27:34\',NULL,\'Cooperative Antsirabe\',13,\'ajustement\',1671.8,666,525,\'ENT-00058\',\'2023-12-26 08:34:16\'), (\'2023-09-29 00:57:18\',\'2023-05-05 09:58:02\',\'2023-12-25 11:55:33\',NULL,\'Import Export SARL\',7,\'reapprovisionnement\',1024.3,789,299,\'ENT-00059\',\'2023-07-15 11:55:12\'), (\'2025-02-16 06:12:30\',\'2023-03-05 00:23:24\',\'2024-08-01 18:06:57\',NULL,\'Marche Anosibe\',4,\'don\',855.5,923,235,\'ENT-00060\',\'2023-06-17 08:12:34\'), (\'2024-09-27 02:43:51\',\'2025-06-02 14:01:31\',\'2023-03-28 11:19:50\',NULL,\'Marche Anosibe\',71,\'don\',1224.3,368,45,\'ENT-00061\',\'2023-11-09 04:55:46\'), (\'2024-10-06 15:48:33\',\'2025-06-16 04:14:56\',\'2023-07-03 05:13:30\',NULL,\'Cooperative Antsirabe\',82,\'reapprovisionnement\',1772.5,115,30,\'ENT-00062\',\'2026-03-10 02:06:27\'), (\'2024-08-27 18:23:32\',\'2024-01-30 02:05:34\',\'2023-03-16 23:30:12\',NULL,\'Ferme Ambohimanga\',2,\'don\',1804.2,961,864,\'ENT-00063\',\'2025-03-03 23:45:25\'), (\'2024-12-12 02:05:31\',\'2023-09-14 23:04:41\',\'2025-07-17 19:45:10\',NULL,\'Ferme Ambohimanga\',35,\'don\',1265.4,321,167,\'ENT-00064\',\'2023-05-06 18:23:32\'), (\'2024-01-09 12:05:59\',\'2024-08-29 14:53:16\',\'2025-08-20 15:02:45\',NULL,\'Ferme Ambohimanga\',80,\'don\',1086.6,252,214,\'ENT-00065\',\'2023-07-16 20:18:48\'), (\'2024-03-16 16:56:06\',\'2024-02-29 23:01:04\',\'2024-07-11 22:54:32\',NULL,\'Ferme Itasy\',73,\'ajustement\',1657,193,139,\'ENT-00066\',\'2025-07-01 23:22:20\'), (\'2024-08-22 23:28:36\',\'2025-11-26 15:18:37\',\'2023-07-21 00:09:04\',NULL,\'Ferme Itasy\',55,\'don\',1842.2,525,189,\'ENT-00067\',\'2026-04-05 16:39:05\'), (\'2025-08-02 09:35:25\',\'2023-09-01 00:18:19\',\'2023-02-18 17:24:15\',NULL,\'Grossiste Analakely\',37,\'retour\',1565.1,387,66,\'ENT-00068\',\'2023-05-13 21:51:27\'), (\'2023-11-12 04:55:06\',\'2023-04-21 13:20:57\',\'2023-08-07 19:28:01\',NULL,\'Ferme Ambohimanga\',29,\'retour\',1800.4,591,202,\'ENT-00069\',\'2025-02-22 03:13:59\'), (\'2023-02-22 12:26:48\',\'2023-03-29 01:40:25\',\'2024-02-03 20:39:37\',NULL,\'Grossiste Analakely\',27,\'reapprovisionnement\',1083.6,152,145,\'ENT-00070\',\'2024-09-02 18:19:44\'), (\'2025-11-19 06:56:02\',\'2024-05-22 08:49:07\',\'2025-03-02 22:58:14\',NULL,\'Producteur Local\',22,\'don\',131.8,869,728,\'ENT-00071\',\'2024-11-09 02:00:45\'), (\'2023-03-26 04:19:05\',\'2023-04-04 20:07:09\',\'2024-05-31 14:50:00\',NULL,\'Grossiste Mahajanga\',48,\'reapprovisionnement\',936.8,981,423,\'ENT-00072\',\'2023-01-27 09:18:21\'), (\'2025-06-06 05:00:17\',\'2023-12-18 00:06:13\',\'2024-10-20 06:59:25\',NULL,\'Grossiste Analakely\',9,\'ajustement\',1327,827,325,\'ENT-00073\',\'2026-05-14 00:24:26\'), (\'2025-09-14 23:50:14\',\'2023-08-19 00:49:34\',\'2024-03-22 11:28:58\',NULL,\'Grossiste Mahajanga\',19,\'don\',1974.9,939,723,\'ENT-00074\',\'2023-11-09 06:42:29\'), (\'2023-11-29 19:46:27\',\'2025-03-07 17:15:21\',\'2025-11-10 13:05:48\',NULL,\'Import Export SARL\',16,\'ajustement\',416.8,275,245,\'ENT-00075\',\'2024-09-01 00:45:57\'), (\'2026-03-29 08:55:53\',\'2024-02-27 06:39:04\',\'2025-04-17 10:20:01\',NULL,\'Ferme Ambohimanga\',30,\'retour\',502.7,547,109,\'ENT-00076\',\'2026-04-30 15:31:29\'), (\'2023-11-17 16:29:07\',\'2025-02-03 04:14:35\',\'2024-10-25 20:11:47\',NULL,\'Marche Anosibe\',60,\'don\',424.9,972,164,\'ENT-00077\',\'2023-08-21 19:38:50\'), (\'2023-02-02 05:54:54\',\'2026-06-11 09:17:55\',\'2024-02-15 04:41:32\',NULL,\'Producteur Local\',66,\'retour\',711,657,503,\'ENT-00078\',\'2023-01-23 02:20:18\'), (\'2025-11-07 14:55:59\',\'2024-04-14 08:51:16\',\'2025-12-06 15:29:24\',NULL,\'Cooperative Antsirabe\',71,\'retour\',1889,376,129,\'ENT-00079\',\'2026-01-25 13:45:17\'), (\'2025-08-12 03:37:11\',\'2025-10-19 15:57:47\',\'2023-06-04 06:54:39\',NULL,\'Marche Anosibe\',69,\'ajustement\',1312.7,906,601,\'ENT-00080\',\'2023-09-05 20:07:06\'), (\'2025-07-13 05:48:52\',\'2025-08-24 22:38:08\',\'2023-12-07 20:06:09\',NULL,\'Ferme Ambohimanga\',21,\'don\',933.4,681,458,\'ENT-00081\',\'2025-08-09 19:28:03\'), (\'2025-03-26 18:16:00\',\'2026-04-27 17:29:15\',\'2023-06-08 06:43:35\',NULL,\'Grossiste Analakely\',31,\'reapprovisionnement\',1810.4,314,1,\'ENT-00082\',\'2023-01-29 15:56:38\'), (\'2024-06-20 22:17:49\',\'2025-11-15 10:12:15\',\'2025-05-21 13:14:27\',NULL,\'Ferme Itasy\',55,\'retour\',834,153,41,\'ENT-00083\',\'2025-08-29 12:08:30\'), (\'2026-05-26 01:09:26\',\'2023-11-25 00:42:54\',\'2025-08-05 00:40:28\',NULL,\'Grossiste Mahajanga\',51,\'don\',608.4,984,199,\'ENT-00084\',\'2025-10-23 05:58:59\'), (\'2024-09-18 20:45:06\',\'2026-05-01 12:45:30\',\'2023-02-15 15:41:03\',NULL,\'Ferme Ambohimanga\',71,\'don\',1587.4,306,281,\'ENT-00085\',\'2026-06-19 23:14:09\'), (\'2024-05-26 23:37:58\',\'2025-03-16 21:18:28\',\'2023-07-02 08:43:19\',NULL,\'Import Export SARL\',81,\'retour\',1804,604,492,\'ENT-00086\',\'2024-08-18 18:04:28\'), (\'2023-08-07 08:07:58\',\'2024-04-14 04:32:20\',\'2026-04-09 12:15:22\',NULL,\'Grossiste Mahajanga\',73,\'retour\',1196.5,440,266,\'ENT-00087\',\'2026-05-08 21:23:34\'), (\'2024-12-13 08:46:12\',\'2023-10-22 22:54:28\',\'2023-05-02 13:39:00\',NULL,\'Cooperative Antsirabe\',91,\'ajustement\',1391.9,960,465,\'ENT-00088\',\'2025-02-07 16:54:41\'), (\'2026-03-22 04:04:14\',\'2025-01-15 23:10:00\',\'2025-09-10 15:31:07\',NULL,\'Marche Anosibe\',98,\'don\',1604.5,258,200,\'ENT-00089\',\'2024-12-14 08:14:27\'), (\'2023-03-29 01:33:27\',\'2024-08-19 22:38:19\',\'2025-05-14 16:17:12\',NULL,\'Producteur Local\',2,\'ajustement\',626.6,970,31,\'ENT-00090\',\'2024-06-22 02:44:23\'), (\'2023-02-10 07:42:12\',\'2023-08-24 00:07:19\',\'2023-07-22 16:44:41\',NULL,\'Marche Anosibe\',48,\'don\',1652.3,454,251,\'ENT-00091\',\'2025-03-30 08:52:19\'), (\'2023-03-28 15:58:04\',\'2023-03-14 12:57:00\',\'2025-09-14 17:58:35\',NULL,\'Grossiste Mahajanga\',72,\'retour\',1785.8,721,552,\'ENT-00092\',\'2025-12-01 03:55:04\'), (\'2023-07-11 13:41:09\',\'2023-05-24 17:26:16\',\'2024-06-01 04:19:14\',NULL,\'Grossiste Mahajanga\',63,\'ajustement\',1460.1,613,547,\'ENT-00093\',\'2023-04-17 08:19:13\'), (\'2025-06-13 17:55:06\',\'2024-05-01 10:59:30\',\'2026-07-04 03:48:45\',NULL,\'Producteur Local\',13,\'don\',1378.1,977,399,\'ENT-00094\',\'2024-09-23 21:19:57\'), (\'2023-08-14 01:25:15\',\'2026-01-02 00:07:42\',\'2026-03-06 21:57:05\',NULL,\'Cooperative Antsirabe\',25,\'ajustement\',686.4,932,124,\'ENT-00095\',\'2024-12-16 08:56:00\'), (\'2024-06-27 09:04:36\',\'2026-04-27 05:14:16\',\'2024-08-30 01:38:51\',NULL,\'Ferme Itasy\',37,\'ajustement\',108,391,177,\'ENT-00096\',\'2024-09-14 07:53:57\'), (\'2024-04-29 23:05:38\',\'2023-08-27 09:54:23\',\'2024-07-18 04:27:21\',NULL,\'Ferme Ambohimanga\',100,\'don\',777.2,146,107,\'ENT-00097\',\'2025-08-09 03:00:30\'), (\'2023-06-29 08:36:35\',\'2023-07-06 09:37:50\',\'2026-04-03 17:33:07\',NULL,\'Producteur Local\',13,\'ajustement\',548.6,758,143,\'ENT-00098\',\'2023-12-02 14:32:47\'), (\'2025-10-09 09:06:42\',\'2025-05-12 17:17:09\',\'2026-04-14 07:31:54\',NULL,\'Cooperative Antsirabe\',75,\'don\',1859.5,765,422,\'ENT-00099\',\'2024-06-30 14:11:22\'), (\'2025-06-12 20:24:53\',\'2026-02-21 10:20:29\',\'2025-12-15 20:30:59\',NULL,\'Marche Anosibe\',71,\'ajustement\',716.4,183,93,\'ENT-00100\',\'2023-06-02 18:25:45\')', 0)
 2 SYSTEMPATH\Database\BaseConnection.php(910): CodeIgniter\Database\MySQLi\Connection->execute('INSERT INTO `entree_stock` (`created_at`, `date_archivage`, `date_entree`, `deleted_at`, `fournisseur`, `id_produit`, `origine`, `prix_unitaire`, `quantite`, `quantite_restante`, `reference`, `updated_at`)
VALUES (\'2023-01-25 17:37:35\',\'2025-07-08 05:40:31\',\'2025-01-11 09:35:14\',NULL,\'Producteur Local\',50,\'ajustement\',314.2,116,54,\'ENT-00001\',\'2023-07-31 12:22:50\'), (\'2024-08-10 18:23:27\',\'2024-04-15 17:36:02\',\'2024-03-07 13:23:02\',NULL,\'Ferme Itasy\',60,\'retour\',1458.9,329,73,\'ENT-00002\',\'2023-06-19 07:27:26\'), (\'2024-02-14 15:33:19\',\'2023-01-01 16:29:54\',\'2026-03-15 18:17:42\',NULL,\'Ferme Ambohimanga\',96,\'ajustement\',961.4,148,5,\'ENT-00003\',\'2026-06-13 18:09:43\'), (\'2024-06-23 13:47:58\',\'2025-02-25 12:26:26\',\'2024-05-17 14:39:30\',NULL,\'Producteur Local\',33,\'retour\',484.7,376,349,\'ENT-00004\',\'2025-06-11 02:47:48\'), (\'2023-11-24 01:49:11\',\'2025-06-04 20:54:31\',\'2026-06-25 17:47:31\',NULL,\'Ferme Itasy\',62,\'ajustement\',587.7,197,8,\'ENT-00005\',\'2024-05-25 11:20:31\'), (\'2025-05-21 01:08:35\',\'2025-09-23 02:47:52\',\'2024-08-27 02:44:54\',NULL,\'Cooperative Antsirabe\',56,\'don\',410.7,221,188,\'ENT-00006\',\'2023-09-17 02:05:12\'), (\'2025-12-05 07:16:39\',\'2024-05-09 21:16:34\',\'2025-03-09 18:35:22\',NULL,\'Grossiste Mahajanga\',57,\'reapprovisionnement\',514.6,304,302,\'ENT-00007\',\'2025-08-28 20:35:45\'), (\'2026-03-15 00:28:39\',\'2024-10-11 04:44:23\',\'2026-04-23 11:10:46\',NULL,\'Ferme Ambohimanga\',28,\'reapprovisionnement\',1762.7,114,10,\'ENT-00008\',\'2025-07-23 05:54:46\'), (\'2023-01-27 18:48:27\',\'2024-06-17 14:19:00\',\'2024-07-30 11:16:01\',NULL,\'Marche Anosibe\',46,\'reapprovisionnement\',598.7,216,179,\'ENT-00009\',\'2023-06-10 17:43:16\'), (\'2024-11-16 15:28:54\',\'2023-09-05 14:56:06\',\'2024-05-01 05:57:23\',NULL,\'Ferme Ambohimanga\',55,\'retour\',113.5,570,302,\'ENT-00010\',\'2024-02-26 20:06:19\'), (\'2025-04-28 00:32:44\',\'2026-02-12 21:33:10\',\'2025-02-16 20:17:44\',NULL,\'Cooperative Antsirabe\',73,\'don\',426.6,961,536,\'ENT-00011\',\'2024-11-04 16:52:44\'), (\'2023-10-04 04:04:00\',\'2023-11-30 02:38:06\',\'2025-07-06 14:59:55\',NULL,\'Marche Anosibe\',68,\'ajustement\',1041.1,929,542,\'ENT-00012\',\'2026-03-17 22:15:25\'), (\'2025-12-28 19:00:24\',\'2024-03-26 11:03:01\',\'2023-10-16 22:05:43\',NULL,\'Cooperative Antsirabe\',31,\'ajustement\',1087.4,529,369,\'ENT-00013\',\'2025-11-28 02:17:42\'), (\'2023-05-26 05:05:33\',\'2025-07-24 15:05:54\',\'2025-06-04 15:55:08\',NULL,\'Grossiste Mahajanga\',70,\'don\',386.7,121,25,\'ENT-00014\',\'2025-05-27 10:38:40\'), (\'2024-04-08 14:39:13\',\'2023-08-05 01:53:07\',\'2025-03-31 10:38:42\',NULL,\'Grossiste Analakely\',59,\'don\',868.1,886,583,\'ENT-00015\',\'2025-07-26 15:36:36\'), (\'2025-01-03 05:55:15\',\'2026-01-01 21:59:12\',\'2026-05-25 19:52:00\',NULL,\'Grossiste Mahajanga\',32,\'ajustement\',630.5,838,160,\'ENT-00016\',\'2024-04-07 18:09:21\'), (\'2026-06-02 17:43:44\',\'2023-05-15 05:45:03\',\'2023-01-09 19:41:32\',NULL,\'Marche Anosibe\',95,\'reapprovisionnement\',1069.2,628,297,\'ENT-00017\',\'2025-04-09 15:06:49\'), (\'2025-08-06 03:59:13\',\'2024-02-26 10:17:27\',\'2024-11-21 18:56:10\',NULL,\'Cooperative Antsirabe\',78,\'ajustement\',1588.1,207,36,\'ENT-00018\',\'2024-07-28 00:34:50\'), (\'2023-03-02 22:49:30\',\'2025-06-06 11:46:34\',\'2026-06-29 19:10:09\',NULL,\'Grossiste Mahajanga\',73,\'ajustement\',1569.8,560,491,\'ENT-00019\',\'2024-03-24 19:18:13\'), (\'2025-01-07 15:04:44\',\'2023-01-02 01:57:16\',\'2024-06-07 13:49:45\',NULL,\'Cooperative Antsirabe\',19,\'don\',169.4,779,679,\'ENT-00020\',\'2024-05-25 08:16:18\'), (\'2026-01-30 23:47:13\',\'2024-04-15 19:13:29\',\'2023-05-31 14:24:56\',NULL,\'Marche Anosibe\',31,\'don\',1227.8,740,622,\'ENT-00021\',\'2023-01-18 20:54:14\'), (\'2025-02-07 17:24:31\',\'2025-06-08 09:49:22\',\'2024-12-04 23:15:25\',NULL,\'Producteur Local\',71,\'reapprovisionnement\',905.6,632,172,\'ENT-00022\',\'2025-01-24 02:20:40\'), (\'2023-07-30 20:53:04\',\'2024-04-19 22:43:50\',\'2024-07-01 14:51:35\',NULL,\'Grossiste Analakely\',93,\'don\',1503.9,552,240,\'ENT-00023\',\'2025-08-05 16:57:59\'), (\'2025-04-03 13:34:43\',\'2024-09-28 20:05:20\',\'2023-12-16 08:20:53\',NULL,\'Ferme Itasy\',71,\'don\',1971.2,970,83,\'ENT-00024\',\'2023-08-13 06:50:55\'), (\'2025-07-07 09:01:59\',\'2026-04-30 11:15:18\',\'2024-03-25 19:52:25\',NULL,\'Marche Anosibe\',2,\'ajustement\',454.1,219,118,\'ENT-00025\',\'2024-11-18 15:11:26\'), (\'2023-01-11 12:30:03\',\'2026-06-24 23:38:14\',\'2024-06-07 09:24:13\',NULL,\'Grossiste Mahajanga\',80,\'reapprovisionnement\',294.7,604,159,\'ENT-00026\',\'2024-04-11 23:00:14\'), (\'2025-06-14 16:07:39\',\'2024-08-17 02:08:58\',\'2024-11-17 10:28:41\',NULL,\'Cooperative Antsirabe\',17,\'retour\',1405,252,250,\'ENT-00027\',\'2023-03-02 16:46:03\'), (\'2023-06-16 18:28:26\',\'2026-03-20 04:29:29\',\'2024-03-03 00:45:48\',NULL,\'Import Export SARL\',29,\'don\',1615.3,346,215,\'ENT-00028\',\'2026-05-25 12:33:39\'), (\'2024-01-27 17:22:47\',\'2023-03-06 01:04:46\',\'2025-11-24 13:42:54\',NULL,\'Grossiste Analakely\',12,\'ajustement\',1034.7,742,589,\'ENT-00029\',\'2024-10-21 19:32:23\'), (\'2024-06-28 02:26:49\',\'2024-10-27 15:06:58\',\'2025-07-02 03:00:53\',NULL,\'Marche Anosibe\',98,\'ajustement\',1932.4,288,239,\'ENT-00030\',\'2024-09-27 00:19:27\'), (\'2024-05-14 04:09:30\',\'2025-12-07 10:29:51\',\'2023-04-13 17:22:59\',NULL,\'Ferme Ambohimanga\',98,\'retour\',1174.4,867,367,\'ENT-00031\',\'2023-04-27 17:06:26\'), (\'2024-02-03 11:21:00\',\'2026-06-11 13:20:12\',\'2024-04-07 18:42:32\',NULL,\'Ferme Itasy\',51,\'don\',1119.2,208,120,\'ENT-00032\',\'2026-01-16 04:37:00\'), (\'2023-07-07 04:05:42\',\'2024-12-22 18:47:57\',\'2023-08-03 15:23:33\',NULL,\'Ferme Ambohimanga\',70,\'ajustement\',1303.4,670,403,\'ENT-00033\',\'2025-01-02 20:34:50\'), (\'2023-07-01 09:29:12\',\'2025-12-05 02:19:53\',\'2025-07-11 09:00:21\',NULL,\'Cooperative Antsirabe\',18,\'don\',942.6,503,315,\'ENT-00034\',\'2024-05-30 06:24:14\'), (\'2024-04-06 18:57:55\',\'2023-12-06 11:26:17\',\'2025-01-15 12:57:05\',NULL,\'Ferme Ambohimanga\',56,\'retour\',759.1,878,49,\'ENT-00035\',\'2026-07-05 11:25:43\'), (\'2024-03-13 16:50:04\',\'2023-04-22 04:52:22\',\'2023-02-28 07:56:22\',NULL,\'Producteur Local\',78,\'ajustement\',828.7,160,30,\'ENT-00036\',\'2024-01-25 21:34:38\'), (\'2023-11-14 15:33:26\',\'2024-05-12 14:11:17\',\'2026-02-18 12:04:38\',NULL,\'Grossiste Mahajanga\',3,\'ajustement\',1450.8,92,60,\'ENT-00037\',\'2025-01-23 09:59:21\'), (\'2024-12-17 09:48:19\',\'2025-04-09 04:37:32\',\'2023-08-02 19:02:31\',NULL,\'Ferme Itasy\',52,\'retour\',1420.2,821,818,\'ENT-00038\',\'2023-11-04 19:05:41\'), (\'2023-11-04 11:31:30\',\'2026-06-12 15:14:20\',\'2023-01-12 03:50:32\',NULL,\'Cooperative Antsirabe\',100,\'reapprovisionnement\',1569.4,390,329,\'ENT-00039\',\'2023-09-05 18:41:55\'), (\'2023-07-19 08:04:21\',\'2023-10-02 09:33:14\',\'2025-01-07 02:01:21\',NULL,\'Ferme Itasy\',57,\'don\',505.1,202,154,\'ENT-00040\',\'2023-01-13 09:52:58\'), (\'2025-10-05 18:19:54\',\'2023-05-15 14:55:29\',\'2023-07-30 09:32:00\',NULL,\'Import Export SARL\',8,\'ajustement\',1949.4,587,97,\'ENT-00041\',\'2024-02-28 03:14:14\'), (\'2024-12-03 05:27:50\',\'2026-04-05 11:23:46\',\'2024-10-12 18:19:35\',NULL,\'Ferme Itasy\',71,\'ajustement\',989.7,571,408,\'ENT-00042\',\'2025-06-17 12:42:16\'), (\'2025-01-06 12:15:04\',\'2023-01-30 09:56:33\',\'2026-06-27 00:25:54\',NULL,\'Ferme Ambohimanga\',32,\'don\',1650.4,878,713,\'ENT-00043\',\'2025-10-01 17:22:11\'), (\'2026-01-05 08:07:40\',\'2026-05-14 13:35:16\',\'2026-05-07 11:00:22\',NULL,\'Ferme Itasy\',61,\'reapprovisionnement\',637.8,478,255,\'ENT-00044\',\'2024-03-12 13:08:05\'), (\'2025-06-01 17:25:03\',\'2025-11-01 06:32:55\',\'2023-07-18 10:47:23\',NULL,\'Producteur Local\',58,\'ajustement\',363,925,63,\'ENT-00045\',\'2026-04-27 15:35:51\'), (\'2025-12-14 04:37:23\',\'2023-12-18 06:39:08\',\'2024-01-03 10:51:36\',NULL,\'Ferme Ambohimanga\',38,\'ajustement\',1133.2,321,228,\'ENT-00046\',\'2024-06-21 15:30:57\'), (\'2026-03-25 07:11:31\',\'2025-11-04 07:42:24\',\'2024-12-04 00:39:25\',NULL,\'Ferme Ambohimanga\',5,\'ajustement\',337.9,684,604,\'ENT-00047\',\'2024-10-15 21:04:21\'), (\'2024-09-30 19:19:27\',\'2023-11-30 05:14:06\',\'2023-01-03 09:28:27\',NULL,\'Cooperative Antsirabe\',67,\'retour\',1074.8,648,446,\'ENT-00048\',\'2024-12-29 23:24:18\'), (\'2025-12-28 14:27:46\',\'2023-03-16 05:05:36\',\'2024-11-09 22:03:39\',NULL,\'Marche Anosibe\',35,\'ajustement\',1697,164,73,\'ENT-00049\',\'2026-06-14 04:00:37\'), (\'2025-04-09 06:33:47\',\'2024-05-16 23:00:37\',\'2025-12-12 23:32:05\',NULL,\'Import Export SARL\',92,\'reapprovisionnement\',1107.9,361,306,\'ENT-00050\',\'2024-04-26 00:47:29\'), (\'2025-07-12 13:27:06\',\'2025-04-03 11:50:15\',\'2023-12-22 10:27:19\',NULL,\'Grossiste Analakely\',21,\'retour\',574,66,63,\'ENT-00051\',\'2023-03-29 13:21:23\'), (\'2024-12-02 14:30:08\',\'2024-08-27 01:27:11\',\'2023-11-07 19:02:36\',NULL,\'Ferme Itasy\',10,\'don\',489.2,192,66,\'ENT-00052\',\'2025-08-31 12:08:02\'), (\'2024-11-27 17:59:54\',\'2024-10-22 08:14:01\',\'2024-05-07 22:49:28\',NULL,\'Ferme Itasy\',31,\'retour\',931.6,256,147,\'ENT-00053\',\'2025-07-16 13:27:30\'), (\'2023-12-18 14:22:01\',\'2023-05-30 06:54:34\',\'2026-03-16 10:21:57\',NULL,\'Ferme Itasy\',26,\'ajustement\',952.9,434,310,\'ENT-00054\',\'2025-07-11 10:19:39\'), (\'2023-08-16 14:23:43\',\'2024-09-19 09:47:02\',\'2024-06-13 15:23:20\',NULL,\'Grossiste Analakely\',37,\'ajustement\',1537,951,141,\'ENT-00055\',\'2026-03-19 04:04:06\'), (\'2026-06-19 10:38:27\',\'2023-03-27 19:25:15\',\'2025-07-31 20:45:00\',NULL,\'Cooperative Antsirabe\',18,\'reapprovisionnement\',70.1,254,30,\'ENT-00056\',\'2024-06-13 05:31:50\'), (\'2023-10-31 11:22:41\',\'2025-08-13 00:11:56\',\'2023-06-19 19:13:17\',NULL,\'Producteur Local\',41,\'reapprovisionnement\',1790,322,205,\'ENT-00057\',\'2023-12-05 01:06:06\'), (\'2026-07-11 13:51:08\',\'2024-10-19 23:29:24\',\'2025-09-18 04:27:34\',NULL,\'Cooperative Antsirabe\',13,\'ajustement\',1671.8,666,525,\'ENT-00058\',\'2023-12-26 08:34:16\'), (\'2023-09-29 00:57:18\',\'2023-05-05 09:58:02\',\'2023-12-25 11:55:33\',NULL,\'Import Export SARL\',7,\'reapprovisionnement\',1024.3,789,299,\'ENT-00059\',\'2023-07-15 11:55:12\'), (\'2025-02-16 06:12:30\',\'2023-03-05 00:23:24\',\'2024-08-01 18:06:57\',NULL,\'Marche Anosibe\',4,\'don\',855.5,923,235,\'ENT-00060\',\'2023-06-17 08:12:34\'), (\'2024-09-27 02:43:51\',\'2025-06-02 14:01:31\',\'2023-03-28 11:19:50\',NULL,\'Marche Anosibe\',71,\'don\',1224.3,368,45,\'ENT-00061\',\'2023-11-09 04:55:46\'), (\'2024-10-06 15:48:33\',\'2025-06-16 04:14:56\',\'2023-07-03 05:13:30\',NULL,\'Cooperative Antsirabe\',82,\'reapprovisionnement\',1772.5,115,30,\'ENT-00062\',\'2026-03-10 02:06:27\'), (\'2024-08-27 18:23:32\',\'2024-01-30 02:05:34\',\'2023-03-16 23:30:12\',NULL,\'Ferme Ambohimanga\',2,\'don\',1804.2,961,864,\'ENT-00063\',\'2025-03-03 23:45:25\'), (\'2024-12-12 02:05:31\',\'2023-09-14 23:04:41\',\'2025-07-17 19:45:10\',NULL,\'Ferme Ambohimanga\',35,\'don\',1265.4,321,167,\'ENT-00064\',\'2023-05-06 18:23:32\'), (\'2024-01-09 12:05:59\',\'2024-08-29 14:53:16\',\'2025-08-20 15:02:45\',NULL,\'Ferme Ambohimanga\',80,\'don\',1086.6,252,214,\'ENT-00065\',\'2023-07-16 20:18:48\'), (\'2024-03-16 16:56:06\',\'2024-02-29 23:01:04\',\'2024-07-11 22:54:32\',NULL,\'Ferme Itasy\',73,\'ajustement\',1657,193,139,\'ENT-00066\',\'2025-07-01 23:22:20\'), (\'2024-08-22 23:28:36\',\'2025-11-26 15:18:37\',\'2023-07-21 00:09:04\',NULL,\'Ferme Itasy\',55,\'don\',1842.2,525,189,\'ENT-00067\',\'2026-04-05 16:39:05\'), (\'2025-08-02 09:35:25\',\'2023-09-01 00:18:19\',\'2023-02-18 17:24:15\',NULL,\'Grossiste Analakely\',37,\'retour\',1565.1,387,66,\'ENT-00068\',\'2023-05-13 21:51:27\'), (\'2023-11-12 04:55:06\',\'2023-04-21 13:20:57\',\'2023-08-07 19:28:01\',NULL,\'Ferme Ambohimanga\',29,\'retour\',1800.4,591,202,\'ENT-00069\',\'2025-02-22 03:13:59\'), (\'2023-02-22 12:26:48\',\'2023-03-29 01:40:25\',\'2024-02-03 20:39:37\',NULL,\'Grossiste Analakely\',27,\'reapprovisionnement\',1083.6,152,145,\'ENT-00070\',\'2024-09-02 18:19:44\'), (\'2025-11-19 06:56:02\',\'2024-05-22 08:49:07\',\'2025-03-02 22:58:14\',NULL,\'Producteur Local\',22,\'don\',131.8,869,728,\'ENT-00071\',\'2024-11-09 02:00:45\'), (\'2023-03-26 04:19:05\',\'2023-04-04 20:07:09\',\'2024-05-31 14:50:00\',NULL,\'Grossiste Mahajanga\',48,\'reapprovisionnement\',936.8,981,423,\'ENT-00072\',\'2023-01-27 09:18:21\'), (\'2025-06-06 05:00:17\',\'2023-12-18 00:06:13\',\'2024-10-20 06:59:25\',NULL,\'Grossiste Analakely\',9,\'ajustement\',1327,827,325,\'ENT-00073\',\'2026-05-14 00:24:26\'), (\'2025-09-14 23:50:14\',\'2023-08-19 00:49:34\',\'2024-03-22 11:28:58\',NULL,\'Grossiste Mahajanga\',19,\'don\',1974.9,939,723,\'ENT-00074\',\'2023-11-09 06:42:29\'), (\'2023-11-29 19:46:27\',\'2025-03-07 17:15:21\',\'2025-11-10 13:05:48\',NULL,\'Import Export SARL\',16,\'ajustement\',416.8,275,245,\'ENT-00075\',\'2024-09-01 00:45:57\'), (\'2026-03-29 08:55:53\',\'2024-02-27 06:39:04\',\'2025-04-17 10:20:01\',NULL,\'Ferme Ambohimanga\',30,\'retour\',502.7,547,109,\'ENT-00076\',\'2026-04-30 15:31:29\'), (\'2023-11-17 16:29:07\',\'2025-02-03 04:14:35\',\'2024-10-25 20:11:47\',NULL,\'Marche Anosibe\',60,\'don\',424.9,972,164,\'ENT-00077\',\'2023-08-21 19:38:50\'), (\'2023-02-02 05:54:54\',\'2026-06-11 09:17:55\',\'2024-02-15 04:41:32\',NULL,\'Producteur Local\',66,\'retour\',711,657,503,\'ENT-00078\',\'2023-01-23 02:20:18\'), (\'2025-11-07 14:55:59\',\'2024-04-14 08:51:16\',\'2025-12-06 15:29:24\',NULL,\'Cooperative Antsirabe\',71,\'retour\',1889,376,129,\'ENT-00079\',\'2026-01-25 13:45:17\'), (\'2025-08-12 03:37:11\',\'2025-10-19 15:57:47\',\'2023-06-04 06:54:39\',NULL,\'Marche Anosibe\',69,\'ajustement\',1312.7,906,601,\'ENT-00080\',\'2023-09-05 20:07:06\'), (\'2025-07-13 05:48:52\',\'2025-08-24 22:38:08\',\'2023-12-07 20:06:09\',NULL,\'Ferme Ambohimanga\',21,\'don\',933.4,681,458,\'ENT-00081\',\'2025-08-09 19:28:03\'), (\'2025-03-26 18:16:00\',\'2026-04-27 17:29:15\',\'2023-06-08 06:43:35\',NULL,\'Grossiste Analakely\',31,\'reapprovisionnement\',1810.4,314,1,\'ENT-00082\',\'2023-01-29 15:56:38\'), (\'2024-06-20 22:17:49\',\'2025-11-15 10:12:15\',\'2025-05-21 13:14:27\',NULL,\'Ferme Itasy\',55,\'retour\',834,153,41,\'ENT-00083\',\'2025-08-29 12:08:30\'), (\'2026-05-26 01:09:26\',\'2023-11-25 00:42:54\',\'2025-08-05 00:40:28\',NULL,\'Grossiste Mahajanga\',51,\'don\',608.4,984,199,\'ENT-00084\',\'2025-10-23 05:58:59\'), (\'2024-09-18 20:45:06\',\'2026-05-01 12:45:30\',\'2023-02-15 15:41:03\',NULL,\'Ferme Ambohimanga\',71,\'don\',1587.4,306,281,\'ENT-00085\',\'2026-06-19 23:14:09\'), (\'2024-05-26 23:37:58\',\'2025-03-16 21:18:28\',\'2023-07-02 08:43:19\',NULL,\'Import Export SARL\',81,\'retour\',1804,604,492,\'ENT-00086\',\'2024-08-18 18:04:28\'), (\'2023-08-07 08:07:58\',\'2024-04-14 04:32:20\',\'2026-04-09 12:15:22\',NULL,\'Grossiste Mahajanga\',73,\'retour\',1196.5,440,266,\'ENT-00087\',\'2026-05-08 21:23:34\'), (\'2024-12-13 08:46:12\',\'2023-10-22 22:54:28\',\'2023-05-02 13:39:00\',NULL,\'Cooperative Antsirabe\',91,\'ajustement\',1391.9,960,465,\'ENT-00088\',\'2025-02-07 16:54:41\'), (\'2026-03-22 04:04:14\',\'2025-01-15 23:10:00\',\'2025-09-10 15:31:07\',NULL,\'Marche Anosibe\',98,\'don\',1604.5,258,200,\'ENT-00089\',\'2024-12-14 08:14:27\'), (\'2023-03-29 01:33:27\',\'2024-08-19 22:38:19\',\'2025-05-14 16:17:12\',NULL,\'Producteur Local\',2,\'ajustement\',626.6,970,31,\'ENT-00090\',\'2024-06-22 02:44:23\'), (\'2023-02-10 07:42:12\',\'2023-08-24 00:07:19\',\'2023-07-22 16:44:41\',NULL,\'Marche Anosibe\',48,\'don\',1652.3,454,251,\'ENT-00091\',\'2025-03-30 08:52:19\'), (\'2023-03-28 15:58:04\',\'2023-03-14 12:57:00\',\'2025-09-14 17:58:35\',NULL,\'Grossiste Mahajanga\',72,\'retour\',1785.8,721,552,\'ENT-00092\',\'2025-12-01 03:55:04\'), (\'2023-07-11 13:41:09\',\'2023-05-24 17:26:16\',\'2024-06-01 04:19:14\',NULL,\'Grossiste Mahajanga\',63,\'ajustement\',1460.1,613,547,\'ENT-00093\',\'2023-04-17 08:19:13\'), (\'2025-06-13 17:55:06\',\'2024-05-01 10:59:30\',\'2026-07-04 03:48:45\',NULL,\'Producteur Local\',13,\'don\',1378.1,977,399,\'ENT-00094\',\'2024-09-23 21:19:57\'), (\'2023-08-14 01:25:15\',\'2026-01-02 00:07:42\',\'2026-03-06 21:57:05\',NULL,\'Cooperative Antsirabe\',25,\'ajustement\',686.4,932,124,\'ENT-00095\',\'2024-12-16 08:56:00\'), (\'2024-06-27 09:04:36\',\'2026-04-27 05:14:16\',\'2024-08-30 01:38:51\',NULL,\'Ferme Itasy\',37,\'ajustement\',108,391,177,\'ENT-00096\',\'2024-09-14 07:53:57\'), (\'2024-04-29 23:05:38\',\'2023-08-27 09:54:23\',\'2024-07-18 04:27:21\',NULL,\'Ferme Ambohimanga\',100,\'don\',777.2,146,107,\'ENT-00097\',\'2025-08-09 03:00:30\'), (\'2023-06-29 08:36:35\',\'2023-07-06 09:37:50\',\'2026-04-03 17:33:07\',NULL,\'Producteur Local\',13,\'ajustement\',548.6,758,143,\'ENT-00098\',\'2023-12-02 14:32:47\'), (\'2025-10-09 09:06:42\',\'2025-05-12 17:17:09\',\'2026-04-14 07:31:54\',NULL,\'Cooperative Antsirabe\',75,\'don\',1859.5,765,422,\'ENT-00099\',\'2024-06-30 14:11:22\'), (\'2025-06-12 20:24:53\',\'2026-02-21 10:20:29\',\'2025-12-15 20:30:59\',NULL,\'Marche Anosibe\',71,\'ajustement\',716.4,183,93,\'ENT-00100\',\'2023-06-02 18:25:45\')')
 3 SYSTEMPATH\Database\BaseConnection.php(827): CodeIgniter\Database\BaseConnection->simpleQuery('INSERT INTO `entree_stock` (`created_at`, `date_archivage`, `date_entree`, `deleted_at`, `fournisseur`, `id_produit`, `origine`, `prix_unitaire`, `quantite`, `quantite_restante`, `reference`, `updated_at`)
VALUES (\'2023-01-25 17:37:35\',\'2025-07-08 05:40:31\',\'2025-01-11 09:35:14\',NULL,\'Producteur Local\',50,\'ajustement\',314.2,116,54,\'ENT-00001\',\'2023-07-31 12:22:50\'), (\'2024-08-10 18:23:27\',\'2024-04-15 17:36:02\',\'2024-03-07 13:23:02\',NULL,\'Ferme Itasy\',60,\'retour\',1458.9,329,73,\'ENT-00002\',\'2023-06-19 07:27:26\'), (\'2024-02-14 15:33:19\',\'2023-01-01 16:29:54\',\'2026-03-15 18:17:42\',NULL,\'Ferme Ambohimanga\',96,\'ajustement\',961.4,148,5,\'ENT-00003\',\'2026-06-13 18:09:43\'), (\'2024-06-23 13:47:58\',\'2025-02-25 12:26:26\',\'2024-05-17 14:39:30\',NULL,\'Producteur Local\',33,\'retour\',484.7,376,349,\'ENT-00004\',\'2025-06-11 02:47:48\'), (\'2023-11-24 01:49:11\',\'2025-06-04 20:54:31\',\'2026-06-25 17:47:31\',NULL,\'Ferme Itasy\',62,\'ajustement\',587.7,197,8,\'ENT-00005\',\'2024-05-25 11:20:31\'), (\'2025-05-21 01:08:35\',\'2025-09-23 02:47:52\',\'2024-08-27 02:44:54\',NULL,\'Cooperative Antsirabe\',56,\'don\',410.7,221,188,\'ENT-00006\',\'2023-09-17 02:05:12\'), (\'2025-12-05 07:16:39\',\'2024-05-09 21:16:34\',\'2025-03-09 18:35:22\',NULL,\'Grossiste Mahajanga\',57,\'reapprovisionnement\',514.6,304,302,\'ENT-00007\',\'2025-08-28 20:35:45\'), (\'2026-03-15 00:28:39\',\'2024-10-11 04:44:23\',\'2026-04-23 11:10:46\',NULL,\'Ferme Ambohimanga\',28,\'reapprovisionnement\',1762.7,114,10,\'ENT-00008\',\'2025-07-23 05:54:46\'), (\'2023-01-27 18:48:27\',\'2024-06-17 14:19:00\',\'2024-07-30 11:16:01\',NULL,\'Marche Anosibe\',46,\'reapprovisionnement\',598.7,216,179,\'ENT-00009\',\'2023-06-10 17:43:16\'), (\'2024-11-16 15:28:54\',\'2023-09-05 14:56:06\',\'2024-05-01 05:57:23\',NULL,\'Ferme Ambohimanga\',55,\'retour\',113.5,570,302,\'ENT-00010\',\'2024-02-26 20:06:19\'), (\'2025-04-28 00:32:44\',\'2026-02-12 21:33:10\',\'2025-02-16 20:17:44\',NULL,\'Cooperative Antsirabe\',73,\'don\',426.6,961,536,\'ENT-00011\',\'2024-11-04 16:52:44\'), (\'2023-10-04 04:04:00\',\'2023-11-30 02:38:06\',\'2025-07-06 14:59:55\',NULL,\'Marche Anosibe\',68,\'ajustement\',1041.1,929,542,\'ENT-00012\',\'2026-03-17 22:15:25\'), (\'2025-12-28 19:00:24\',\'2024-03-26 11:03:01\',\'2023-10-16 22:05:43\',NULL,\'Cooperative Antsirabe\',31,\'ajustement\',1087.4,529,369,\'ENT-00013\',\'2025-11-28 02:17:42\'), (\'2023-05-26 05:05:33\',\'2025-07-24 15:05:54\',\'2025-06-04 15:55:08\',NULL,\'Grossiste Mahajanga\',70,\'don\',386.7,121,25,\'ENT-00014\',\'2025-05-27 10:38:40\'), (\'2024-04-08 14:39:13\',\'2023-08-05 01:53:07\',\'2025-03-31 10:38:42\',NULL,\'Grossiste Analakely\',59,\'don\',868.1,886,583,\'ENT-00015\',\'2025-07-26 15:36:36\'), (\'2025-01-03 05:55:15\',\'2026-01-01 21:59:12\',\'2026-05-25 19:52:00\',NULL,\'Grossiste Mahajanga\',32,\'ajustement\',630.5,838,160,\'ENT-00016\',\'2024-04-07 18:09:21\'), (\'2026-06-02 17:43:44\',\'2023-05-15 05:45:03\',\'2023-01-09 19:41:32\',NULL,\'Marche Anosibe\',95,\'reapprovisionnement\',1069.2,628,297,\'ENT-00017\',\'2025-04-09 15:06:49\'), (\'2025-08-06 03:59:13\',\'2024-02-26 10:17:27\',\'2024-11-21 18:56:10\',NULL,\'Cooperative Antsirabe\',78,\'ajustement\',1588.1,207,36,\'ENT-00018\',\'2024-07-28 00:34:50\'), (\'2023-03-02 22:49:30\',\'2025-06-06 11:46:34\',\'2026-06-29 19:10:09\',NULL,\'Grossiste Mahajanga\',73,\'ajustement\',1569.8,560,491,\'ENT-00019\',\'2024-03-24 19:18:13\'), (\'2025-01-07 15:04:44\',\'2023-01-02 01:57:16\',\'2024-06-07 13:49:45\',NULL,\'Cooperative Antsirabe\',19,\'don\',169.4,779,679,\'ENT-00020\',\'2024-05-25 08:16:18\'), (\'2026-01-30 23:47:13\',\'2024-04-15 19:13:29\',\'2023-05-31 14:24:56\',NULL,\'Marche Anosibe\',31,\'don\',1227.8,740,622,\'ENT-00021\',\'2023-01-18 20:54:14\'), (\'2025-02-07 17:24:31\',\'2025-06-08 09:49:22\',\'2024-12-04 23:15:25\',NULL,\'Producteur Local\',71,\'reapprovisionnement\',905.6,632,172,\'ENT-00022\',\'2025-01-24 02:20:40\'), (\'2023-07-30 20:53:04\',\'2024-04-19 22:43:50\',\'2024-07-01 14:51:35\',NULL,\'Grossiste Analakely\',93,\'don\',1503.9,552,240,\'ENT-00023\',\'2025-08-05 16:57:59\'), (\'2025-04-03 13:34:43\',\'2024-09-28 20:05:20\',\'2023-12-16 08:20:53\',NULL,\'Ferme Itasy\',71,\'don\',1971.2,970,83,\'ENT-00024\',\'2023-08-13 06:50:55\'), (\'2025-07-07 09:01:59\',\'2026-04-30 11:15:18\',\'2024-03-25 19:52:25\',NULL,\'Marche Anosibe\',2,\'ajustement\',454.1,219,118,\'ENT-00025\',\'2024-11-18 15:11:26\'), (\'2023-01-11 12:30:03\',\'2026-06-24 23:38:14\',\'2024-06-07 09:24:13\',NULL,\'Grossiste Mahajanga\',80,\'reapprovisionnement\',294.7,604,159,\'ENT-00026\',\'2024-04-11 23:00:14\'), (\'2025-06-14 16:07:39\',\'2024-08-17 02:08:58\',\'2024-11-17 10:28:41\',NULL,\'Cooperative Antsirabe\',17,\'retour\',1405,252,250,\'ENT-00027\',\'2023-03-02 16:46:03\'), (\'2023-06-16 18:28:26\',\'2026-03-20 04:29:29\',\'2024-03-03 00:45:48\',NULL,\'Import Export SARL\',29,\'don\',1615.3,346,215,\'ENT-00028\',\'2026-05-25 12:33:39\'), (\'2024-01-27 17:22:47\',\'2023-03-06 01:04:46\',\'2025-11-24 13:42:54\',NULL,\'Grossiste Analakely\',12,\'ajustement\',1034.7,742,589,\'ENT-00029\',\'2024-10-21 19:32:23\'), (\'2024-06-28 02:26:49\',\'2024-10-27 15:06:58\',\'2025-07-02 03:00:53\',NULL,\'Marche Anosibe\',98,\'ajustement\',1932.4,288,239,\'ENT-00030\',\'2024-09-27 00:19:27\'), (\'2024-05-14 04:09:30\',\'2025-12-07 10:29:51\',\'2023-04-13 17:22:59\',NULL,\'Ferme Ambohimanga\',98,\'retour\',1174.4,867,367,\'ENT-00031\',\'2023-04-27 17:06:26\'), (\'2024-02-03 11:21:00\',\'2026-06-11 13:20:12\',\'2024-04-07 18:42:32\',NULL,\'Ferme Itasy\',51,\'don\',1119.2,208,120,\'ENT-00032\',\'2026-01-16 04:37:00\'), (\'2023-07-07 04:05:42\',\'2024-12-22 18:47:57\',\'2023-08-03 15:23:33\',NULL,\'Ferme Ambohimanga\',70,\'ajustement\',1303.4,670,403,\'ENT-00033\',\'2025-01-02 20:34:50\'), (\'2023-07-01 09:29:12\',\'2025-12-05 02:19:53\',\'2025-07-11 09:00:21\',NULL,\'Cooperative Antsirabe\',18,\'don\',942.6,503,315,\'ENT-00034\',\'2024-05-30 06:24:14\'), (\'2024-04-06 18:57:55\',\'2023-12-06 11:26:17\',\'2025-01-15 12:57:05\',NULL,\'Ferme Ambohimanga\',56,\'retour\',759.1,878,49,\'ENT-00035\',\'2026-07-05 11:25:43\'), (\'2024-03-13 16:50:04\',\'2023-04-22 04:52:22\',\'2023-02-28 07:56:22\',NULL,\'Producteur Local\',78,\'ajustement\',828.7,160,30,\'ENT-00036\',\'2024-01-25 21:34:38\'), (\'2023-11-14 15:33:26\',\'2024-05-12 14:11:17\',\'2026-02-18 12:04:38\',NULL,\'Grossiste Mahajanga\',3,\'ajustement\',1450.8,92,60,\'ENT-00037\',\'2025-01-23 09:59:21\'), (\'2024-12-17 09:48:19\',\'2025-04-09 04:37:32\',\'2023-08-02 19:02:31\',NULL,\'Ferme Itasy\',52,\'retour\',1420.2,821,818,\'ENT-00038\',\'2023-11-04 19:05:41\'), (\'2023-11-04 11:31:30\',\'2026-06-12 15:14:20\',\'2023-01-12 03:50:32\',NULL,\'Cooperative Antsirabe\',100,\'reapprovisionnement\',1569.4,390,329,\'ENT-00039\',\'2023-09-05 18:41:55\'), (\'2023-07-19 08:04:21\',\'2023-10-02 09:33:14\',\'2025-01-07 02:01:21\',NULL,\'Ferme Itasy\',57,\'don\',505.1,202,154,\'ENT-00040\',\'2023-01-13 09:52:58\'), (\'2025-10-05 18:19:54\',\'2023-05-15 14:55:29\',\'2023-07-30 09:32:00\',NULL,\'Import Export SARL\',8,\'ajustement\',1949.4,587,97,\'ENT-00041\',\'2024-02-28 03:14:14\'), (\'2024-12-03 05:27:50\',\'2026-04-05 11:23:46\',\'2024-10-12 18:19:35\',NULL,\'Ferme Itasy\',71,\'ajustement\',989.7,571,408,\'ENT-00042\',\'2025-06-17 12:42:16\'), (\'2025-01-06 12:15:04\',\'2023-01-30 09:56:33\',\'2026-06-27 00:25:54\',NULL,\'Ferme Ambohimanga\',32,\'don\',1650.4,878,713,\'ENT-00043\',\'2025-10-01 17:22:11\'), (\'2026-01-05 08:07:40\',\'2026-05-14 13:35:16\',\'2026-05-07 11:00:22\',NULL,\'Ferme Itasy\',61,\'reapprovisionnement\',637.8,478,255,\'ENT-00044\',\'2024-03-12 13:08:05\'), (\'2025-06-01 17:25:03\',\'2025-11-01 06:32:55\',\'2023-07-18 10:47:23\',NULL,\'Producteur Local\',58,\'ajustement\',363,925,63,\'ENT-00045\',\'2026-04-27 15:35:51\'), (\'2025-12-14 04:37:23\',\'2023-12-18 06:39:08\',\'2024-01-03 10:51:36\',NULL,\'Ferme Ambohimanga\',38,\'ajustement\',1133.2,321,228,\'ENT-00046\',\'2024-06-21 15:30:57\'), (\'2026-03-25 07:11:31\',\'2025-11-04 07:42:24\',\'2024-12-04 00:39:25\',NULL,\'Ferme Ambohimanga\',5,\'ajustement\',337.9,684,604,\'ENT-00047\',\'2024-10-15 21:04:21\'), (\'2024-09-30 19:19:27\',\'2023-11-30 05:14:06\',\'2023-01-03 09:28:27\',NULL,\'Cooperative Antsirabe\',67,\'retour\',1074.8,648,446,\'ENT-00048\',\'2024-12-29 23:24:18\'), (\'2025-12-28 14:27:46\',\'2023-03-16 05:05:36\',\'2024-11-09 22:03:39\',NULL,\'Marche Anosibe\',35,\'ajustement\',1697,164,73,\'ENT-00049\',\'2026-06-14 04:00:37\'), (\'2025-04-09 06:33:47\',\'2024-05-16 23:00:37\',\'2025-12-12 23:32:05\',NULL,\'Import Export SARL\',92,\'reapprovisionnement\',1107.9,361,306,\'ENT-00050\',\'2024-04-26 00:47:29\'), (\'2025-07-12 13:27:06\',\'2025-04-03 11:50:15\',\'2023-12-22 10:27:19\',NULL,\'Grossiste Analakely\',21,\'retour\',574,66,63,\'ENT-00051\',\'2023-03-29 13:21:23\'), (\'2024-12-02 14:30:08\',\'2024-08-27 01:27:11\',\'2023-11-07 19:02:36\',NULL,\'Ferme Itasy\',10,\'don\',489.2,192,66,\'ENT-00052\',\'2025-08-31 12:08:02\'), (\'2024-11-27 17:59:54\',\'2024-10-22 08:14:01\',\'2024-05-07 22:49:28\',NULL,\'Ferme Itasy\',31,\'retour\',931.6,256,147,\'ENT-00053\',\'2025-07-16 13:27:30\'), (\'2023-12-18 14:22:01\',\'2023-05-30 06:54:34\',\'2026-03-16 10:21:57\',NULL,\'Ferme Itasy\',26,\'ajustement\',952.9,434,310,\'ENT-00054\',\'2025-07-11 10:19:39\'), (\'2023-08-16 14:23:43\',\'2024-09-19 09:47:02\',\'2024-06-13 15:23:20\',NULL,\'Grossiste Analakely\',37,\'ajustement\',1537,951,141,\'ENT-00055\',\'2026-03-19 04:04:06\'), (\'2026-06-19 10:38:27\',\'2023-03-27 19:25:15\',\'2025-07-31 20:45:00\',NULL,\'Cooperative Antsirabe\',18,\'reapprovisionnement\',70.1,254,30,\'ENT-00056\',\'2024-06-13 05:31:50\'), (\'2023-10-31 11:22:41\',\'2025-08-13 00:11:56\',\'2023-06-19 19:13:17\',NULL,\'Producteur Local\',41,\'reapprovisionnement\',1790,322,205,\'ENT-00057\',\'2023-12-05 01:06:06\'), (\'2026-07-11 13:51:08\',\'2024-10-19 23:29:24\',\'2025-09-18 04:27:34\',NULL,\'Cooperative Antsirabe\',13,\'ajustement\',1671.8,666,525,\'ENT-00058\',\'2023-12-26 08:34:16\'), (\'2023-09-29 00:57:18\',\'2023-05-05 09:58:02\',\'2023-12-25 11:55:33\',NULL,\'Import Export SARL\',7,\'reapprovisionnement\',1024.3,789,299,\'ENT-00059\',\'2023-07-15 11:55:12\'), (\'2025-02-16 06:12:30\',\'2023-03-05 00:23:24\',\'2024-08-01 18:06:57\',NULL,\'Marche Anosibe\',4,\'don\',855.5,923,235,\'ENT-00060\',\'2023-06-17 08:12:34\'), (\'2024-09-27 02:43:51\',\'2025-06-02 14:01:31\',\'2023-03-28 11:19:50\',NULL,\'Marche Anosibe\',71,\'don\',1224.3,368,45,\'ENT-00061\',\'2023-11-09 04:55:46\'), (\'2024-10-06 15:48:33\',\'2025-06-16 04:14:56\',\'2023-07-03 05:13:30\',NULL,\'Cooperative Antsirabe\',82,\'reapprovisionnement\',1772.5,115,30,\'ENT-00062\',\'2026-03-10 02:06:27\'), (\'2024-08-27 18:23:32\',\'2024-01-30 02:05:34\',\'2023-03-16 23:30:12\',NULL,\'Ferme Ambohimanga\',2,\'don\',1804.2,961,864,\'ENT-00063\',\'2025-03-03 23:45:25\'), (\'2024-12-12 02:05:31\',\'2023-09-14 23:04:41\',\'2025-07-17 19:45:10\',NULL,\'Ferme Ambohimanga\',35,\'don\',1265.4,321,167,\'ENT-00064\',\'2023-05-06 18:23:32\'), (\'2024-01-09 12:05:59\',\'2024-08-29 14:53:16\',\'2025-08-20 15:02:45\',NULL,\'Ferme Ambohimanga\',80,\'don\',1086.6,252,214,\'ENT-00065\',\'2023-07-16 20:18:48\'), (\'2024-03-16 16:56:06\',\'2024-02-29 23:01:04\',\'2024-07-11 22:54:32\',NULL,\'Ferme Itasy\',73,\'ajustement\',1657,193,139,\'ENT-00066\',\'2025-07-01 23:22:20\'), (\'2024-08-22 23:28:36\',\'2025-11-26 15:18:37\',\'2023-07-21 00:09:04\',NULL,\'Ferme Itasy\',55,\'don\',1842.2,525,189,\'ENT-00067\',\'2026-04-05 16:39:05\'), (\'2025-08-02 09:35:25\',\'2023-09-01 00:18:19\',\'2023-02-18 17:24:15\',NULL,\'Grossiste Analakely\',37,\'retour\',1565.1,387,66,\'ENT-00068\',\'2023-05-13 21:51:27\'), (\'2023-11-12 04:55:06\',\'2023-04-21 13:20:57\',\'2023-08-07 19:28:01\',NULL,\'Ferme Ambohimanga\',29,\'retour\',1800.4,591,202,\'ENT-00069\',\'2025-02-22 03:13:59\'), (\'2023-02-22 12:26:48\',\'2023-03-29 01:40:25\',\'2024-02-03 20:39:37\',NULL,\'Grossiste Analakely\',27,\'reapprovisionnement\',1083.6,152,145,\'ENT-00070\',\'2024-09-02 18:19:44\'), (\'2025-11-19 06:56:02\',\'2024-05-22 08:49:07\',\'2025-03-02 22:58:14\',NULL,\'Producteur Local\',22,\'don\',131.8,869,728,\'ENT-00071\',\'2024-11-09 02:00:45\'), (\'2023-03-26 04:19:05\',\'2023-04-04 20:07:09\',\'2024-05-31 14:50:00\',NULL,\'Grossiste Mahajanga\',48,\'reapprovisionnement\',936.8,981,423,\'ENT-00072\',\'2023-01-27 09:18:21\'), (\'2025-06-06 05:00:17\',\'2023-12-18 00:06:13\',\'2024-10-20 06:59:25\',NULL,\'Grossiste Analakely\',9,\'ajustement\',1327,827,325,\'ENT-00073\',\'2026-05-14 00:24:26\'), (\'2025-09-14 23:50:14\',\'2023-08-19 00:49:34\',\'2024-03-22 11:28:58\',NULL,\'Grossiste Mahajanga\',19,\'don\',1974.9,939,723,\'ENT-00074\',\'2023-11-09 06:42:29\'), (\'2023-11-29 19:46:27\',\'2025-03-07 17:15:21\',\'2025-11-10 13:05:48\',NULL,\'Import Export SARL\',16,\'ajustement\',416.8,275,245,\'ENT-00075\',\'2024-09-01 00:45:57\'), (\'2026-03-29 08:55:53\',\'2024-02-27 06:39:04\',\'2025-04-17 10:20:01\',NULL,\'Ferme Ambohimanga\',30,\'retour\',502.7,547,109,\'ENT-00076\',\'2026-04-30 15:31:29\'), (\'2023-11-17 16:29:07\',\'2025-02-03 04:14:35\',\'2024-10-25 20:11:47\',NULL,\'Marche Anosibe\',60,\'don\',424.9,972,164,\'ENT-00077\',\'2023-08-21 19:38:50\'), (\'2023-02-02 05:54:54\',\'2026-06-11 09:17:55\',\'2024-02-15 04:41:32\',NULL,\'Producteur Local\',66,\'retour\',711,657,503,\'ENT-00078\',\'2023-01-23 02:20:18\'), (\'2025-11-07 14:55:59\',\'2024-04-14 08:51:16\',\'2025-12-06 15:29:24\',NULL,\'Cooperative Antsirabe\',71,\'retour\',1889,376,129,\'ENT-00079\',\'2026-01-25 13:45:17\'), (\'2025-08-12 03:37:11\',\'2025-10-19 15:57:47\',\'2023-06-04 06:54:39\',NULL,\'Marche Anosibe\',69,\'ajustement\',1312.7,906,601,\'ENT-00080\',\'2023-09-05 20:07:06\'), (\'2025-07-13 05:48:52\',\'2025-08-24 22:38:08\',\'2023-12-07 20:06:09\',NULL,\'Ferme Ambohimanga\',21,\'don\',933.4,681,458,\'ENT-00081\',\'2025-08-09 19:28:03\'), (\'2025-03-26 18:16:00\',\'2026-04-27 17:29:15\',\'2023-06-08 06:43:35\',NULL,\'Grossiste Analakely\',31,\'reapprovisionnement\',1810.4,314,1,\'ENT-00082\',\'2023-01-29 15:56:38\'), (\'2024-06-20 22:17:49\',\'2025-11-15 10:12:15\',\'2025-05-21 13:14:27\',NULL,\'Ferme Itasy\',55,\'retour\',834,153,41,\'ENT-00083\',\'2025-08-29 12:08:30\'), (\'2026-05-26 01:09:26\',\'2023-11-25 00:42:54\',\'2025-08-05 00:40:28\',NULL,\'Grossiste Mahajanga\',51,\'don\',608.4,984,199,\'ENT-00084\',\'2025-10-23 05:58:59\'), (\'2024-09-18 20:45:06\',\'2026-05-01 12:45:30\',\'2023-02-15 15:41:03\',NULL,\'Ferme Ambohimanga\',71,\'don\',1587.4,306,281,\'ENT-00085\',\'2026-06-19 23:14:09\'), (\'2024-05-26 23:37:58\',\'2025-03-16 21:18:28\',\'2023-07-02 08:43:19\',NULL,\'Import Export SARL\',81,\'retour\',1804,604,492,\'ENT-00086\',\'2024-08-18 18:04:28\'), (\'2023-08-07 08:07:58\',\'2024-04-14 04:32:20\',\'2026-04-09 12:15:22\',NULL,\'Grossiste Mahajanga\',73,\'retour\',1196.5,440,266,\'ENT-00087\',\'2026-05-08 21:23:34\'), (\'2024-12-13 08:46:12\',\'2023-10-22 22:54:28\',\'2023-05-02 13:39:00\',NULL,\'Cooperative Antsirabe\',91,\'ajustement\',1391.9,960,465,\'ENT-00088\',\'2025-02-07 16:54:41\'), (\'2026-03-22 04:04:14\',\'2025-01-15 23:10:00\',\'2025-09-10 15:31:07\',NULL,\'Marche Anosibe\',98,\'don\',1604.5,258,200,\'ENT-00089\',\'2024-12-14 08:14:27\'), (\'2023-03-29 01:33:27\',\'2024-08-19 22:38:19\',\'2025-05-14 16:17:12\',NULL,\'Producteur Local\',2,\'ajustement\',626.6,970,31,\'ENT-00090\',\'2024-06-22 02:44:23\'), (\'2023-02-10 07:42:12\',\'2023-08-24 00:07:19\',\'2023-07-22 16:44:41\',NULL,\'Marche Anosibe\',48,\'don\',1652.3,454,251,\'ENT-00091\',\'2025-03-30 08:52:19\'), (\'2023-03-28 15:58:04\',\'2023-03-14 12:57:00\',\'2025-09-14 17:58:35\',NULL,\'Grossiste Mahajanga\',72,\'retour\',1785.8,721,552,\'ENT-00092\',\'2025-12-01 03:55:04\'), (\'2023-07-11 13:41:09\',\'2023-05-24 17:26:16\',\'2024-06-01 04:19:14\',NULL,\'Grossiste Mahajanga\',63,\'ajustement\',1460.1,613,547,\'ENT-00093\',\'2023-04-17 08:19:13\'), (\'2025-06-13 17:55:06\',\'2024-05-01 10:59:30\',\'2026-07-04 03:48:45\',NULL,\'Producteur Local\',13,\'don\',1378.1,977,399,\'ENT-00094\',\'2024-09-23 21:19:57\'), (\'2023-08-14 01:25:15\',\'2026-01-02 00:07:42\',\'2026-03-06 21:57:05\',NULL,\'Cooperative Antsirabe\',25,\'ajustement\',686.4,932,124,\'ENT-00095\',\'2024-12-16 08:56:00\'), (\'2024-06-27 09:04:36\',\'2026-04-27 05:14:16\',\'2024-08-30 01:38:51\',NULL,\'Ferme Itasy\',37,\'ajustement\',108,391,177,\'ENT-00096\',\'2024-09-14 07:53:57\'), (\'2024-04-29 23:05:38\',\'2023-08-27 09:54:23\',\'2024-07-18 04:27:21\',NULL,\'Ferme Ambohimanga\',100,\'don\',777.2,146,107,\'ENT-00097\',\'2025-08-09 03:00:30\'), (\'2023-06-29 08:36:35\',\'2023-07-06 09:37:50\',\'2026-04-03 17:33:07\',NULL,\'Producteur Local\',13,\'ajustement\',548.6,758,143,\'ENT-00098\',\'2023-12-02 14:32:47\'), (\'2025-10-09 09:06:42\',\'2025-05-12 17:17:09\',\'2026-04-14 07:31:54\',NULL,\'Cooperative Antsirabe\',75,\'don\',1859.5,765,422,\'ENT-00099\',\'2024-06-30 14:11:22\'), (\'2025-06-12 20:24:53\',\'2026-02-21 10:20:29\',\'2025-12-15 20:30:59\',NULL,\'Marche Anosibe\',71,\'ajustement\',716.4,183,93,\'ENT-00100\',\'2023-06-02 18:25:45\')')
 4 SYSTEMPATH\Database\BaseBuilder.php(1841): CodeIgniter\Database\BaseConnection->query('INSERT INTO `entree_stock` (`created_at`, `date_archivage`, `date_entree`, `deleted_at`, `fournisseur`, `id_produit`, `origine`, `prix_unitaire`, `quantite`, `quantite_restante`, `reference`, `updated_at`)
VALUES (\'2023-01-25 17:37:35\',\'2025-07-08 05:40:31\',\'2025-01-11 09:35:14\',NULL,\'Producteur Local\',50,\'ajustement\',314.2,116,54,\'ENT-00001\',\'2023-07-31 12:22:50\'), (\'2024-08-10 18:23:27\',\'2024-04-15 17:36:02\',\'2024-03-07 13:23:02\',NULL,\'Ferme Itasy\',60,\'retour\',1458.9,329,73,\'ENT-00002\',\'2023-06-19 07:27:26\'), (\'2024-02-14 15:33:19\',\'2023-01-01 16:29:54\',\'2026-03-15 18:17:42\',NULL,\'Ferme Ambohimanga\',96,\'ajustement\',961.4,148,5,\'ENT-00003\',\'2026-06-13 18:09:43\'), (\'2024-06-23 13:47:58\',\'2025-02-25 12:26:26\',\'2024-05-17 14:39:30\',NULL,\'Producteur Local\',33,\'retour\',484.7,376,349,\'ENT-00004\',\'2025-06-11 02:47:48\'), (\'2023-11-24 01:49:11\',\'2025-06-04 20:54:31\',\'2026-06-25 17:47:31\',NULL,\'Ferme Itasy\',62,\'ajustement\',587.7,197,8,\'ENT-00005\',\'2024-05-25 11:20:31\'), (\'2025-05-21 01:08:35\',\'2025-09-23 02:47:52\',\'2024-08-27 02:44:54\',NULL,\'Cooperative Antsirabe\',56,\'don\',410.7,221,188,\'ENT-00006\',\'2023-09-17 02:05:12\'), (\'2025-12-05 07:16:39\',\'2024-05-09 21:16:34\',\'2025-03-09 18:35:22\',NULL,\'Grossiste Mahajanga\',57,\'reapprovisionnement\',514.6,304,302,\'ENT-00007\',\'2025-08-28 20:35:45\'), (\'2026-03-15 00:28:39\',\'2024-10-11 04:44:23\',\'2026-04-23 11:10:46\',NULL,\'Ferme Ambohimanga\',28,\'reapprovisionnement\',1762.7,114,10,\'ENT-00008\',\'2025-07-23 05:54:46\'), (\'2023-01-27 18:48:27\',\'2024-06-17 14:19:00\',\'2024-07-30 11:16:01\',NULL,\'Marche Anosibe\',46,\'reapprovisionnement\',598.7,216,179,\'ENT-00009\',\'2023-06-10 17:43:16\'), (\'2024-11-16 15:28:54\',\'2023-09-05 14:56:06\',\'2024-05-01 05:57:23\',NULL,\'Ferme Ambohimanga\',55,\'retour\',113.5,570,302,\'ENT-00010\',\'2024-02-26 20:06:19\'), (\'2025-04-28 00:32:44\',\'2026-02-12 21:33:10\',\'2025-02-16 20:17:44\',NULL,\'Cooperative Antsirabe\',73,\'don\',426.6,961,536,\'ENT-00011\',\'2024-11-04 16:52:44\'), (\'2023-10-04 04:04:00\',\'2023-11-30 02:38:06\',\'2025-07-06 14:59:55\',NULL,\'Marche Anosibe\',68,\'ajustement\',1041.1,929,542,\'ENT-00012\',\'2026-03-17 22:15:25\'), (\'2025-12-28 19:00:24\',\'2024-03-26 11:03:01\',\'2023-10-16 22:05:43\',NULL,\'Cooperative Antsirabe\',31,\'ajustement\',1087.4,529,369,\'ENT-00013\',\'2025-11-28 02:17:42\'), (\'2023-05-26 05:05:33\',\'2025-07-24 15:05:54\',\'2025-06-04 15:55:08\',NULL,\'Grossiste Mahajanga\',70,\'don\',386.7,121,25,\'ENT-00014\',\'2025-05-27 10:38:40\'), (\'2024-04-08 14:39:13\',\'2023-08-05 01:53:07\',\'2025-03-31 10:38:42\',NULL,\'Grossiste Analakely\',59,\'don\',868.1,886,583,\'ENT-00015\',\'2025-07-26 15:36:36\'), (\'2025-01-03 05:55:15\',\'2026-01-01 21:59:12\',\'2026-05-25 19:52:00\',NULL,\'Grossiste Mahajanga\',32,\'ajustement\',630.5,838,160,\'ENT-00016\',\'2024-04-07 18:09:21\'), (\'2026-06-02 17:43:44\',\'2023-05-15 05:45:03\',\'2023-01-09 19:41:32\',NULL,\'Marche Anosibe\',95,\'reapprovisionnement\',1069.2,628,297,\'ENT-00017\',\'2025-04-09 15:06:49\'), (\'2025-08-06 03:59:13\',\'2024-02-26 10:17:27\',\'2024-11-21 18:56:10\',NULL,\'Cooperative Antsirabe\',78,\'ajustement\',1588.1,207,36,\'ENT-00018\',\'2024-07-28 00:34:50\'), (\'2023-03-02 22:49:30\',\'2025-06-06 11:46:34\',\'2026-06-29 19:10:09\',NULL,\'Grossiste Mahajanga\',73,\'ajustement\',1569.8,560,491,\'ENT-00019\',\'2024-03-24 19:18:13\'), (\'2025-01-07 15:04:44\',\'2023-01-02 01:57:16\',\'2024-06-07 13:49:45\',NULL,\'Cooperative Antsirabe\',19,\'don\',169.4,779,679,\'ENT-00020\',\'2024-05-25 08:16:18\'), (\'2026-01-30 23:47:13\',\'2024-04-15 19:13:29\',\'2023-05-31 14:24:56\',NULL,\'Marche Anosibe\',31,\'don\',1227.8,740,622,\'ENT-00021\',\'2023-01-18 20:54:14\'), (\'2025-02-07 17:24:31\',\'2025-06-08 09:49:22\',\'2024-12-04 23:15:25\',NULL,\'Producteur Local\',71,\'reapprovisionnement\',905.6,632,172,\'ENT-00022\',\'2025-01-24 02:20:40\'), (\'2023-07-30 20:53:04\',\'2024-04-19 22:43:50\',\'2024-07-01 14:51:35\',NULL,\'Grossiste Analakely\',93,\'don\',1503.9,552,240,\'ENT-00023\',\'2025-08-05 16:57:59\'), (\'2025-04-03 13:34:43\',\'2024-09-28 20:05:20\',\'2023-12-16 08:20:53\',NULL,\'Ferme Itasy\',71,\'don\',1971.2,970,83,\'ENT-00024\',\'2023-08-13 06:50:55\'), (\'2025-07-07 09:01:59\',\'2026-04-30 11:15:18\',\'2024-03-25 19:52:25\',NULL,\'Marche Anosibe\',2,\'ajustement\',454.1,219,118,\'ENT-00025\',\'2024-11-18 15:11:26\'), (\'2023-01-11 12:30:03\',\'2026-06-24 23:38:14\',\'2024-06-07 09:24:13\',NULL,\'Grossiste Mahajanga\',80,\'reapprovisionnement\',294.7,604,159,\'ENT-00026\',\'2024-04-11 23:00:14\'), (\'2025-06-14 16:07:39\',\'2024-08-17 02:08:58\',\'2024-11-17 10:28:41\',NULL,\'Cooperative Antsirabe\',17,\'retour\',1405,252,250,\'ENT-00027\',\'2023-03-02 16:46:03\'), (\'2023-06-16 18:28:26\',\'2026-03-20 04:29:29\',\'2024-03-03 00:45:48\',NULL,\'Import Export SARL\',29,\'don\',1615.3,346,215,\'ENT-00028\',\'2026-05-25 12:33:39\'), (\'2024-01-27 17:22:47\',\'2023-03-06 01:04:46\',\'2025-11-24 13:42:54\',NULL,\'Grossiste Analakely\',12,\'ajustement\',1034.7,742,589,\'ENT-00029\',\'2024-10-21 19:32:23\'), (\'2024-06-28 02:26:49\',\'2024-10-27 15:06:58\',\'2025-07-02 03:00:53\',NULL,\'Marche Anosibe\',98,\'ajustement\',1932.4,288,239,\'ENT-00030\',\'2024-09-27 00:19:27\'), (\'2024-05-14 04:09:30\',\'2025-12-07 10:29:51\',\'2023-04-13 17:22:59\',NULL,\'Ferme Ambohimanga\',98,\'retour\',1174.4,867,367,\'ENT-00031\',\'2023-04-27 17:06:26\'), (\'2024-02-03 11:21:00\',\'2026-06-11 13:20:12\',\'2024-04-07 18:42:32\',NULL,\'Ferme Itasy\',51,\'don\',1119.2,208,120,\'ENT-00032\',\'2026-01-16 04:37:00\'), (\'2023-07-07 04:05:42\',\'2024-12-22 18:47:57\',\'2023-08-03 15:23:33\',NULL,\'Ferme Ambohimanga\',70,\'ajustement\',1303.4,670,403,\'ENT-00033\',\'2025-01-02 20:34:50\'), (\'2023-07-01 09:29:12\',\'2025-12-05 02:19:53\',\'2025-07-11 09:00:21\',NULL,\'Cooperative Antsirabe\',18,\'don\',942.6,503,315,\'ENT-00034\',\'2024-05-30 06:24:14\'), (\'2024-04-06 18:57:55\',\'2023-12-06 11:26:17\',\'2025-01-15 12:57:05\',NULL,\'Ferme Ambohimanga\',56,\'retour\',759.1,878,49,\'ENT-00035\',\'2026-07-05 11:25:43\'), (\'2024-03-13 16:50:04\',\'2023-04-22 04:52:22\',\'2023-02-28 07:56:22\',NULL,\'Producteur Local\',78,\'ajustement\',828.7,160,30,\'ENT-00036\',\'2024-01-25 21:34:38\'), (\'2023-11-14 15:33:26\',\'2024-05-12 14:11:17\',\'2026-02-18 12:04:38\',NULL,\'Grossiste Mahajanga\',3,\'ajustement\',1450.8,92,60,\'ENT-00037\',\'2025-01-23 09:59:21\'), (\'2024-12-17 09:48:19\',\'2025-04-09 04:37:32\',\'2023-08-02 19:02:31\',NULL,\'Ferme Itasy\',52,\'retour\',1420.2,821,818,\'ENT-00038\',\'2023-11-04 19:05:41\'), (\'2023-11-04 11:31:30\',\'2026-06-12 15:14:20\',\'2023-01-12 03:50:32\',NULL,\'Cooperative Antsirabe\',100,\'reapprovisionnement\',1569.4,390,329,\'ENT-00039\',\'2023-09-05 18:41:55\'), (\'2023-07-19 08:04:21\',\'2023-10-02 09:33:14\',\'2025-01-07 02:01:21\',NULL,\'Ferme Itasy\',57,\'don\',505.1,202,154,\'ENT-00040\',\'2023-01-13 09:52:58\'), (\'2025-10-05 18:19:54\',\'2023-05-15 14:55:29\',\'2023-07-30 09:32:00\',NULL,\'Import Export SARL\',8,\'ajustement\',1949.4,587,97,\'ENT-00041\',\'2024-02-28 03:14:14\'), (\'2024-12-03 05:27:50\',\'2026-04-05 11:23:46\',\'2024-10-12 18:19:35\',NULL,\'Ferme Itasy\',71,\'ajustement\',989.7,571,408,\'ENT-00042\',\'2025-06-17 12:42:16\'), (\'2025-01-06 12:15:04\',\'2023-01-30 09:56:33\',\'2026-06-27 00:25:54\',NULL,\'Ferme Ambohimanga\',32,\'don\',1650.4,878,713,\'ENT-00043\',\'2025-10-01 17:22:11\'), (\'2026-01-05 08:07:40\',\'2026-05-14 13:35:16\',\'2026-05-07 11:00:22\',NULL,\'Ferme Itasy\',61,\'reapprovisionnement\',637.8,478,255,\'ENT-00044\',\'2024-03-12 13:08:05\'), (\'2025-06-01 17:25:03\',\'2025-11-01 06:32:55\',\'2023-07-18 10:47:23\',NULL,\'Producteur Local\',58,\'ajustement\',363,925,63,\'ENT-00045\',\'2026-04-27 15:35:51\'), (\'2025-12-14 04:37:23\',\'2023-12-18 06:39:08\',\'2024-01-03 10:51:36\',NULL,\'Ferme Ambohimanga\',38,\'ajustement\',1133.2,321,228,\'ENT-00046\',\'2024-06-21 15:30:57\'), (\'2026-03-25 07:11:31\',\'2025-11-04 07:42:24\',\'2024-12-04 00:39:25\',NULL,\'Ferme Ambohimanga\',5,\'ajustement\',337.9,684,604,\'ENT-00047\',\'2024-10-15 21:04:21\'), (\'2024-09-30 19:19:27\',\'2023-11-30 05:14:06\',\'2023-01-03 09:28:27\',NULL,\'Cooperative Antsirabe\',67,\'retour\',1074.8,648,446,\'ENT-00048\',\'2024-12-29 23:24:18\'), (\'2025-12-28 14:27:46\',\'2023-03-16 05:05:36\',\'2024-11-09 22:03:39\',NULL,\'Marche Anosibe\',35,\'ajustement\',1697,164,73,\'ENT-00049\',\'2026-06-14 04:00:37\'), (\'2025-04-09 06:33:47\',\'2024-05-16 23:00:37\',\'2025-12-12 23:32:05\',NULL,\'Import Export SARL\',92,\'reapprovisionnement\',1107.9,361,306,\'ENT-00050\',\'2024-04-26 00:47:29\'), (\'2025-07-12 13:27:06\',\'2025-04-03 11:50:15\',\'2023-12-22 10:27:19\',NULL,\'Grossiste Analakely\',21,\'retour\',574,66,63,\'ENT-00051\',\'2023-03-29 13:21:23\'), (\'2024-12-02 14:30:08\',\'2024-08-27 01:27:11\',\'2023-11-07 19:02:36\',NULL,\'Ferme Itasy\',10,\'don\',489.2,192,66,\'ENT-00052\',\'2025-08-31 12:08:02\'), (\'2024-11-27 17:59:54\',\'2024-10-22 08:14:01\',\'2024-05-07 22:49:28\',NULL,\'Ferme Itasy\',31,\'retour\',931.6,256,147,\'ENT-00053\',\'2025-07-16 13:27:30\'), (\'2023-12-18 14:22:01\',\'2023-05-30 06:54:34\',\'2026-03-16 10:21:57\',NULL,\'Ferme Itasy\',26,\'ajustement\',952.9,434,310,\'ENT-00054\',\'2025-07-11 10:19:39\'), (\'2023-08-16 14:23:43\',\'2024-09-19 09:47:02\',\'2024-06-13 15:23:20\',NULL,\'Grossiste Analakely\',37,\'ajustement\',1537,951,141,\'ENT-00055\',\'2026-03-19 04:04:06\'), (\'2026-06-19 10:38:27\',\'2023-03-27 19:25:15\',\'2025-07-31 20:45:00\',NULL,\'Cooperative Antsirabe\',18,\'reapprovisionnement\',70.1,254,30,\'ENT-00056\',\'2024-06-13 05:31:50\'), (\'2023-10-31 11:22:41\',\'2025-08-13 00:11:56\',\'2023-06-19 19:13:17\',NULL,\'Producteur Local\',41,\'reapprovisionnement\',1790,322,205,\'ENT-00057\',\'2023-12-05 01:06:06\'), (\'2026-07-11 13:51:08\',\'2024-10-19 23:29:24\',\'2025-09-18 04:27:34\',NULL,\'Cooperative Antsirabe\',13,\'ajustement\',1671.8,666,525,\'ENT-00058\',\'2023-12-26 08:34:16\'), (\'2023-09-29 00:57:18\',\'2023-05-05 09:58:02\',\'2023-12-25 11:55:33\',NULL,\'Import Export SARL\',7,\'reapprovisionnement\',1024.3,789,299,\'ENT-00059\',\'2023-07-15 11:55:12\'), (\'2025-02-16 06:12:30\',\'2023-03-05 00:23:24\',\'2024-08-01 18:06:57\',NULL,\'Marche Anosibe\',4,\'don\',855.5,923,235,\'ENT-00060\',\'2023-06-17 08:12:34\'), (\'2024-09-27 02:43:51\',\'2025-06-02 14:01:31\',\'2023-03-28 11:19:50\',NULL,\'Marche Anosibe\',71,\'don\',1224.3,368,45,\'ENT-00061\',\'2023-11-09 04:55:46\'), (\'2024-10-06 15:48:33\',\'2025-06-16 04:14:56\',\'2023-07-03 05:13:30\',NULL,\'Cooperative Antsirabe\',82,\'reapprovisionnement\',1772.5,115,30,\'ENT-00062\',\'2026-03-10 02:06:27\'), (\'2024-08-27 18:23:32\',\'2024-01-30 02:05:34\',\'2023-03-16 23:30:12\',NULL,\'Ferme Ambohimanga\',2,\'don\',1804.2,961,864,\'ENT-00063\',\'2025-03-03 23:45:25\'), (\'2024-12-12 02:05:31\',\'2023-09-14 23:04:41\',\'2025-07-17 19:45:10\',NULL,\'Ferme Ambohimanga\',35,\'don\',1265.4,321,167,\'ENT-00064\',\'2023-05-06 18:23:32\'), (\'2024-01-09 12:05:59\',\'2024-08-29 14:53:16\',\'2025-08-20 15:02:45\',NULL,\'Ferme Ambohimanga\',80,\'don\',1086.6,252,214,\'ENT-00065\',\'2023-07-16 20:18:48\'), (\'2024-03-16 16:56:06\',\'2024-02-29 23:01:04\',\'2024-07-11 22:54:32\',NULL,\'Ferme Itasy\',73,\'ajustement\',1657,193,139,\'ENT-00066\',\'2025-07-01 23:22:20\'), (\'2024-08-22 23:28:36\',\'2025-11-26 15:18:37\',\'2023-07-21 00:09:04\',NULL,\'Ferme Itasy\',55,\'don\',1842.2,525,189,\'ENT-00067\',\'2026-04-05 16:39:05\'), (\'2025-08-02 09:35:25\',\'2023-09-01 00:18:19\',\'2023-02-18 17:24:15\',NULL,\'Grossiste Analakely\',37,\'retour\',1565.1,387,66,\'ENT-00068\',\'2023-05-13 21:51:27\'), (\'2023-11-12 04:55:06\',\'2023-04-21 13:20:57\',\'2023-08-07 19:28:01\',NULL,\'Ferme Ambohimanga\',29,\'retour\',1800.4,591,202,\'ENT-00069\',\'2025-02-22 03:13:59\'), (\'2023-02-22 12:26:48\',\'2023-03-29 01:40:25\',\'2024-02-03 20:39:37\',NULL,\'Grossiste Analakely\',27,\'reapprovisionnement\',1083.6,152,145,\'ENT-00070\',\'2024-09-02 18:19:44\'), (\'2025-11-19 06:56:02\',\'2024-05-22 08:49:07\',\'2025-03-02 22:58:14\',NULL,\'Producteur Local\',22,\'don\',131.8,869,728,\'ENT-00071\',\'2024-11-09 02:00:45\'), (\'2023-03-26 04:19:05\',\'2023-04-04 20:07:09\',\'2024-05-31 14:50:00\',NULL,\'Grossiste Mahajanga\',48,\'reapprovisionnement\',936.8,981,423,\'ENT-00072\',\'2023-01-27 09:18:21\'), (\'2025-06-06 05:00:17\',\'2023-12-18 00:06:13\',\'2024-10-20 06:59:25\',NULL,\'Grossiste Analakely\',9,\'ajustement\',1327,827,325,\'ENT-00073\',\'2026-05-14 00:24:26\'), (\'2025-09-14 23:50:14\',\'2023-08-19 00:49:34\',\'2024-03-22 11:28:58\',NULL,\'Grossiste Mahajanga\',19,\'don\',1974.9,939,723,\'ENT-00074\',\'2023-11-09 06:42:29\'), (\'2023-11-29 19:46:27\',\'2025-03-07 17:15:21\',\'2025-11-10 13:05:48\',NULL,\'Import Export SARL\',16,\'ajustement\',416.8,275,245,\'ENT-00075\',\'2024-09-01 00:45:57\'), (\'2026-03-29 08:55:53\',\'2024-02-27 06:39:04\',\'2025-04-17 10:20:01\',NULL,\'Ferme Ambohimanga\',30,\'retour\',502.7,547,109,\'ENT-00076\',\'2026-04-30 15:31:29\'), (\'2023-11-17 16:29:07\',\'2025-02-03 04:14:35\',\'2024-10-25 20:11:47\',NULL,\'Marche Anosibe\',60,\'don\',424.9,972,164,\'ENT-00077\',\'2023-08-21 19:38:50\'), (\'2023-02-02 05:54:54\',\'2026-06-11 09:17:55\',\'2024-02-15 04:41:32\',NULL,\'Producteur Local\',66,\'retour\',711,657,503,\'ENT-00078\',\'2023-01-23 02:20:18\'), (\'2025-11-07 14:55:59\',\'2024-04-14 08:51:16\',\'2025-12-06 15:29:24\',NULL,\'Cooperative Antsirabe\',71,\'retour\',1889,376,129,\'ENT-00079\',\'2026-01-25 13:45:17\'), (\'2025-08-12 03:37:11\',\'2025-10-19 15:57:47\',\'2023-06-04 06:54:39\',NULL,\'Marche Anosibe\',69,\'ajustement\',1312.7,906,601,\'ENT-00080\',\'2023-09-05 20:07:06\'), (\'2025-07-13 05:48:52\',\'2025-08-24 22:38:08\',\'2023-12-07 20:06:09\',NULL,\'Ferme Ambohimanga\',21,\'don\',933.4,681,458,\'ENT-00081\',\'2025-08-09 19:28:03\'), (\'2025-03-26 18:16:00\',\'2026-04-27 17:29:15\',\'2023-06-08 06:43:35\',NULL,\'Grossiste Analakely\',31,\'reapprovisionnement\',1810.4,314,1,\'ENT-00082\',\'2023-01-29 15:56:38\'), (\'2024-06-20 22:17:49\',\'2025-11-15 10:12:15\',\'2025-05-21 13:14:27\',NULL,\'Ferme Itasy\',55,\'retour\',834,153,41,\'ENT-00083\',\'2025-08-29 12:08:30\'), (\'2026-05-26 01:09:26\',\'2023-11-25 00:42:54\',\'2025-08-05 00:40:28\',NULL,\'Grossiste Mahajanga\',51,\'don\',608.4,984,199,\'ENT-00084\',\'2025-10-23 05:58:59\'), (\'2024-09-18 20:45:06\',\'2026-05-01 12:45:30\',\'2023-02-15 15:41:03\',NULL,\'Ferme Ambohimanga\',71,\'don\',1587.4,306,281,\'ENT-00085\',\'2026-06-19 23:14:09\'), (\'2024-05-26 23:37:58\',\'2025-03-16 21:18:28\',\'2023-07-02 08:43:19\',NULL,\'Import Export SARL\',81,\'retour\',1804,604,492,\'ENT-00086\',\'2024-08-18 18:04:28\'), (\'2023-08-07 08:07:58\',\'2024-04-14 04:32:20\',\'2026-04-09 12:15:22\',NULL,\'Grossiste Mahajanga\',73,\'retour\',1196.5,440,266,\'ENT-00087\',\'2026-05-08 21:23:34\'), (\'2024-12-13 08:46:12\',\'2023-10-22 22:54:28\',\'2023-05-02 13:39:00\',NULL,\'Cooperative Antsirabe\',91,\'ajustement\',1391.9,960,465,\'ENT-00088\',\'2025-02-07 16:54:41\'), (\'2026-03-22 04:04:14\',\'2025-01-15 23:10:00\',\'2025-09-10 15:31:07\',NULL,\'Marche Anosibe\',98,\'don\',1604.5,258,200,\'ENT-00089\',\'2024-12-14 08:14:27\'), (\'2023-03-29 01:33:27\',\'2024-08-19 22:38:19\',\'2025-05-14 16:17:12\',NULL,\'Producteur Local\',2,\'ajustement\',626.6,970,31,\'ENT-00090\',\'2024-06-22 02:44:23\'), (\'2023-02-10 07:42:12\',\'2023-08-24 00:07:19\',\'2023-07-22 16:44:41\',NULL,\'Marche Anosibe\',48,\'don\',1652.3,454,251,\'ENT-00091\',\'2025-03-30 08:52:19\'), (\'2023-03-28 15:58:04\',\'2023-03-14 12:57:00\',\'2025-09-14 17:58:35\',NULL,\'Grossiste Mahajanga\',72,\'retour\',1785.8,721,552,\'ENT-00092\',\'2025-12-01 03:55:04\'), (\'2023-07-11 13:41:09\',\'2023-05-24 17:26:16\',\'2024-06-01 04:19:14\',NULL,\'Grossiste Mahajanga\',63,\'ajustement\',1460.1,613,547,\'ENT-00093\',\'2023-04-17 08:19:13\'), (\'2025-06-13 17:55:06\',\'2024-05-01 10:59:30\',\'2026-07-04 03:48:45\',NULL,\'Producteur Local\',13,\'don\',1378.1,977,399,\'ENT-00094\',\'2024-09-23 21:19:57\'), (\'2023-08-14 01:25:15\',\'2026-01-02 00:07:42\',\'2026-03-06 21:57:05\',NULL,\'Cooperative Antsirabe\',25,\'ajustement\',686.4,932,124,\'ENT-00095\',\'2024-12-16 08:56:00\'), (\'2024-06-27 09:04:36\',\'2026-04-27 05:14:16\',\'2024-08-30 01:38:51\',NULL,\'Ferme Itasy\',37,\'ajustement\',108,391,177,\'ENT-00096\',\'2024-09-14 07:53:57\'), (\'2024-04-29 23:05:38\',\'2023-08-27 09:54:23\',\'2024-07-18 04:27:21\',NULL,\'Ferme Ambohimanga\',100,\'don\',777.2,146,107,\'ENT-00097\',\'2025-08-09 03:00:30\'), (\'2023-06-29 08:36:35\',\'2023-07-06 09:37:50\',\'2026-04-03 17:33:07\',NULL,\'Producteur Local\',13,\'ajustement\',548.6,758,143,\'ENT-00098\',\'2023-12-02 14:32:47\'), (\'2025-10-09 09:06:42\',\'2025-05-12 17:17:09\',\'2026-04-14 07:31:54\',NULL,\'Cooperative Antsirabe\',75,\'don\',1859.5,765,422,\'ENT-00099\',\'2024-06-30 14:11:22\'), (\'2025-06-12 20:24:53\',\'2026-02-21 10:20:29\',\'2025-12-15 20:30:59\',NULL,\'Marche Anosibe\',71,\'ajustement\',716.4,183,93,\'ENT-00100\',\'2023-06-02 18:25:45\')', null, false)
 5 SYSTEMPATH\Database\BaseBuilder.php(2230): CodeIgniter\Database\BaseBuilder->batchExecute('_insertBatch', 100)
 6 APPPATH\Database\Seeds\DonneeSeeder.php(216): CodeIgniter\Database\BaseBuilder->insertBatch([...])
 7 SYSTEMPATH\Database\Seeder.php(155): App\Database\Seeds\DonneeSeeder->run()
 8 SYSTEMPATH\Commands\Database\Seed.php(79): CodeIgniter\Database\Seeder->call('App\\Database\\Seeds\\DonneeSeeder')
 9 SYSTEMPATH\CLI\Commands.php(74): CodeIgniter\Commands\Database\Seed->run([])
10 SYSTEMPATH\CLI\Console.php(47): CodeIgniter\CLI\Commands->run('db:seed', [...])
11 SYSTEMPATH\Boot.php(442): CodeIgniter\CLI\Console->run()
12 SYSTEMPATH\Boot.php(166): CodeIgniter\Boot::runCommand(Object(CodeIgniter\CLI\Console))
13 ROOTPATH\spark(87): CodeIgniter\Boot::bootSpark(Object(Config\Paths))
ERROR - 2026-07-12 22:51:48 --> Cannot add or update a child row: a foreign key constraint fails (`eco_panier_s4_2026`.`transaction`, CONSTRAINT `transaction_id_depense_foreign` FOREIGN KEY (`id_depense`) REFERENCES `depense` (`id_depense`) ON UPDATE CASCADE)
in SYSTEMPATH\Database\MySQLi\Connection.php on line 300.
 1 SYSTEMPATH\Database\MySQLi\Connection.php(300): mysqli->query('INSERT INTO `entree_stock` (`created_at`, `date_archivage`, `date_entree`, `deleted_at`, `fournisseur`, `id_produit`, `origine`, `prix_unitaire`, `quantite`, `quantite_restante`, `reference`, `updated_at`)
VALUES (\'2025-03-08 19:45:38\',\'2025-07-13 12:20:32\',\'2026-02-14 08:05:54\',NULL,\'Cooperative Antsirabe\',78,\'ajustement\',1834.7,282,165,\'ENT-00001\',\'2023-12-26 08:58:41\'), (\'2023-05-15 05:14:32\',\'2024-01-24 13:28:21\',\'2024-08-12 22:31:39\',NULL,\'Cooperative Antsirabe\',58,\'ajustement\',349.1,481,210,\'ENT-00002\',\'2026-05-13 18:42:20\'), (\'2024-01-22 02:04:56\',\'2023-09-01 00:05:28\',\'2023-06-08 20:14:55\',NULL,\'Cooperative Antsirabe\',75,\'ajustement\',396,953,880,\'ENT-00003\',\'2026-03-12 12:13:05\'), (\'2023-08-30 16:06:07\',\'2025-11-25 19:00:16\',\'2023-12-22 13:45:28\',NULL,\'Grossiste Analakely\',70,\'retour\',140.4,104,15,\'ENT-00004\',\'2024-08-01 21:43:50\'), (\'2026-06-23 04:39:05\',\'2025-07-11 23:55:49\',\'2024-12-17 13:28:51\',NULL,\'Grossiste Mahajanga\',28,\'reapprovisionnement\',999.4,892,91,\'ENT-00005\',\'2023-06-09 12:30:10\'), (\'2026-04-19 13:18:58\',\'2026-03-09 10:12:32\',\'2023-11-28 23:51:38\',NULL,\'Ferme Ambohimanga\',87,\'reapprovisionnement\',725.4,912,226,\'ENT-00006\',\'2023-08-19 12:29:13\'), (\'2025-01-08 06:55:43\',\'2025-03-15 13:43:39\',\'2025-07-07 22:22:24\',NULL,\'Marche Anosibe\',20,\'don\',832.3,231,24,\'ENT-00007\',\'2025-04-20 04:58:59\'), (\'2025-11-20 13:07:40\',\'2023-07-04 22:30:01\',\'2024-01-16 15:53:44\',NULL,\'Import Export SARL\',87,\'ajustement\',1205.4,181,166,\'ENT-00008\',\'2026-01-17 22:11:02\'), (\'2026-07-12 19:47:34\',\'2023-10-16 22:16:59\',\'2025-02-07 17:56:56\',NULL,\'Cooperative Antsirabe\',93,\'reapprovisionnement\',229.6,629,574,\'ENT-00009\',\'2024-11-19 04:27:04\'), (\'2024-09-25 13:49:47\',\'2024-11-17 13:38:36\',\'2023-07-01 05:39:06\',NULL,\'Ferme Ambohimanga\',8,\'ajustement\',687.5,672,174,\'ENT-00010\',\'2024-03-22 14:21:01\'), (\'2025-10-03 07:32:36\',\'2024-12-14 00:17:54\',\'2024-09-18 11:24:57\',NULL,\'Producteur Local\',6,\'ajustement\',558.1,306,215,\'ENT-00011\',\'2025-04-14 13:00:36\'), (\'2023-12-18 22:14:56\',\'2023-07-12 16:42:48\',\'2026-03-31 03:40:33\',NULL,\'Ferme Ambohimanga\',95,\'ajustement\',1374,187,153,\'ENT-00012\',\'2025-06-17 17:52:23\'), (\'2024-04-28 04:33:12\',\'2023-11-11 01:15:21\',\'2025-12-07 21:31:53\',NULL,\'Cooperative Antsirabe\',2,\'reapprovisionnement\',1872.4,391,87,\'ENT-00013\',\'2025-12-13 06:05:41\'), (\'2023-12-20 08:09:32\',\'2024-09-11 10:09:57\',\'2024-12-04 20:28:19\',NULL,\'Grossiste Analakely\',42,\'don\',670.9,236,224,\'ENT-00014\',\'2025-12-15 13:33:42\'), (\'2026-01-20 03:23:24\',\'2023-05-19 13:04:01\',\'2023-08-22 22:45:44\',NULL,\'Grossiste Mahajanga\',17,\'reapprovisionnement\',79.3,676,467,\'ENT-00015\',\'2024-04-08 18:31:53\'), (\'2024-06-02 11:00:17\',\'2023-05-28 03:14:06\',\'2025-04-23 03:36:04\',NULL,\'Import Export SARL\',12,\'retour\',278.9,484,275,\'ENT-00016\',\'2026-02-20 09:03:43\'), (\'2024-03-28 08:22:53\',\'2024-10-21 02:17:15\',\'2024-09-12 17:39:15\',NULL,\'Ferme Itasy\',89,\'retour\',1514.2,543,516,\'ENT-00017\',\'2025-12-16 08:28:46\'), (\'2024-02-04 03:49:29\',\'2025-06-27 03:30:29\',\'2025-10-23 15:46:53\',NULL,\'Import Export SARL\',48,\'reapprovisionnement\',1461,398,155,\'ENT-00018\',\'2024-10-27 01:05:59\'), (\'2023-01-15 20:45:36\',\'2026-04-16 13:17:13\',\'2023-05-28 03:26:17\',NULL,\'Import Export SARL\',5,\'don\',1793.1,311,127,\'ENT-00019\',\'2025-06-20 12:06:29\'), (\'2025-01-12 08:38:30\',\'2024-12-30 03:07:41\',\'2024-04-29 15:01:25\',NULL,\'Ferme Itasy\',86,\'reapprovisionnement\',635.8,436,216,\'ENT-00020\',\'2025-04-15 06:15:42\'), (\'2023-11-16 09:10:19\',\'2024-07-07 04:14:37\',\'2023-01-22 23:26:30\',NULL,\'Grossiste Analakely\',19,\'retour\',977.9,260,90,\'ENT-00021\',\'2023-06-11 15:44:28\'), (\'2023-01-31 04:42:49\',\'2024-12-06 00:43:14\',\'2026-06-15 08:21:37\',NULL,\'Import Export SARL\',43,\'ajustement\',1461.2,690,526,\'ENT-00022\',\'2023-06-08 01:46:34\'), (\'2023-09-08 11:53:32\',\'2024-11-19 07:28:30\',\'2023-12-04 01:47:17\',NULL,\'Grossiste Mahajanga\',42,\'reapprovisionnement\',799.8,593,531,\'ENT-00023\',\'2024-01-03 00:00:43\'), (\'2023-05-05 15:19:06\',\'2025-01-09 14:24:43\',\'2023-05-09 15:17:03\',NULL,\'Cooperative Antsirabe\',67,\'retour\',352.6,858,37,\'ENT-00024\',\'2024-12-30 09:24:48\'), (\'2025-09-15 10:49:07\',\'2025-01-15 12:44:45\',\'2024-10-08 05:35:02\',NULL,\'Import Export SARL\',62,\'ajustement\',951.5,584,194,\'ENT-00025\',\'2025-08-29 07:23:54\'), (\'2026-05-05 00:35:24\',\'2025-12-01 13:34:36\',\'2023-04-28 04:21:19\',NULL,\'Producteur Local\',33,\'reapprovisionnement\',1632.4,631,467,\'ENT-00026\',\'2023-05-17 01:57:58\'), (\'2025-01-03 12:10:14\',\'2024-10-18 03:08:06\',\'2023-09-25 09:05:46\',NULL,\'Ferme Itasy\',28,\'don\',369.7,893,404,\'ENT-00027\',\'2025-04-30 22:19:16\'), (\'2025-03-06 20:42:02\',\'2024-08-20 21:00:17\',\'2025-10-09 21:13:54\',NULL,\'Marche Anosibe\',12,\'retour\',858.2,909,274,\'ENT-00028\',\'2024-04-29 21:21:37\'), (\'2024-07-23 07:45:50\',\'2025-08-18 22:01:23\',\'2023-07-15 17:57:04\',NULL,\'Grossiste Analakely\',11,\'reapprovisionnement\',1513.6,683,542,\'ENT-00029\',\'2023-07-12 04:19:10\'), (\'2024-08-14 14:01:56\',\'2025-07-21 08:37:03\',\'2025-12-26 02:11:14\',NULL,\'Producteur Local\',4,\'retour\',863.8,505,317,\'ENT-00030\',\'2024-03-28 03:18:49\'), (\'2023-04-26 20:45:13\',\'2024-12-11 11:04:21\',\'2024-06-29 05:51:49\',NULL,\'Import Export SARL\',22,\'reapprovisionnement\',1449.9,328,22,\'ENT-00031\',\'2026-03-07 22:06:51\'), (\'2024-05-20 13:36:14\',\'2023-10-02 15:34:42\',\'2023-05-21 10:39:05\',NULL,\'Ferme Itasy\',18,\'ajustement\',86.8,267,7,\'ENT-00032\',\'2026-06-20 18:30:37\'), (\'2023-07-19 08:24:55\',\'2023-11-30 20:47:30\',\'2024-12-15 07:28:50\',NULL,\'Import Export SARL\',86,\'ajustement\',1239,220,152,\'ENT-00033\',\'2024-02-11 23:17:27\'), (\'2026-03-23 07:39:09\',\'2026-06-09 01:28:11\',\'2024-10-30 06:50:49\',NULL,\'Ferme Ambohimanga\',22,\'ajustement\',172.1,634,272,\'ENT-00034\',\'2023-07-04 02:27:46\'), (\'2026-01-22 08:35:54\',\'2023-06-26 21:32:47\',\'2026-01-29 05:35:59\',NULL,\'Ferme Ambohimanga\',55,\'ajustement\',1916.3,129,51,\'ENT-00035\',\'2025-08-14 09:46:02\'), (\'2025-05-20 11:05:58\',\'2024-01-26 05:24:33\',\'2026-06-29 16:27:36\',NULL,\'Grossiste Mahajanga\',74,\'ajustement\',1984.2,484,143,\'ENT-00036\',\'2024-01-26 22:06:36\'), (\'2025-04-19 03:44:40\',\'2025-05-30 16:31:24\',\'2024-07-06 05:46:25\',NULL,\'Grossiste Analakely\',76,\'retour\',330.4,333,194,\'ENT-00037\',\'2026-01-27 03:40:41\'), (\'2024-01-13 17:37:15\',\'2026-02-22 07:29:25\',\'2026-04-11 16:24:10\',NULL,\'Ferme Ambohimanga\',20,\'reapprovisionnement\',720.9,941,641,\'ENT-00038\',\'2025-09-21 13:36:29\'), (\'2023-06-15 00:16:57\',\'2025-12-14 07:12:43\',\'2026-04-04 19:19:20\',NULL,\'Cooperative Antsirabe\',94,\'reapprovisionnement\',739.3,341,148,\'ENT-00039\',\'2025-09-05 12:10:10\'), (\'2024-09-26 00:57:19\',\'2025-09-23 10:10:50\',\'2025-06-19 21:39:26\',NULL,\'Cooperative Antsirabe\',88,\'ajustement\',76.7,564,17,\'ENT-00040\',\'2025-09-01 06:05:42\'), (\'2023-08-13 04:23:58\',\'2023-11-29 03:07:52\',\'2026-06-13 09:30:41\',NULL,\'Ferme Ambohimanga\',65,\'ajustement\',394.6,344,185,\'ENT-00041\',\'2023-07-25 08:57:04\'), (\'2023-01-05 19:42:26\',\'2023-05-31 14:03:21\',\'2025-06-29 00:22:53\',NULL,\'Cooperative Antsirabe\',4,\'don\',1103.8,355,8,\'ENT-00042\',\'2025-07-10 23:21:34\'), (\'2024-05-21 03:48:43\',\'2024-10-24 20:24:04\',\'2024-08-25 06:00:10\',NULL,\'Ferme Ambohimanga\',67,\'retour\',326.4,649,381,\'ENT-00043\',\'2024-10-05 08:49:25\'), (\'2023-07-24 17:50:39\',\'2024-12-29 22:22:27\',\'2024-03-04 14:43:02\',NULL,\'Producteur Local\',34,\'reapprovisionnement\',1802.2,977,698,\'ENT-00044\',\'2023-03-25 20:07:47\'), (\'2026-05-18 20:33:21\',\'2023-05-25 20:02:41\',\'2023-10-21 09:52:59\',NULL,\'Producteur Local\',96,\'reapprovisionnement\',1173.9,372,330,\'ENT-00045\',\'2025-07-14 19:29:48\'), (\'2025-09-27 08:35:56\',\'2023-11-18 01:38:32\',\'2023-12-24 17:42:51\',NULL,\'Producteur Local\',66,\'don\',253,72,6,\'ENT-00046\',\'2024-02-07 04:32:20\'), (\'2024-02-25 09:38:39\',\'2025-12-14 20:39:31\',\'2023-09-11 10:32:20\',NULL,\'Import Export SARL\',57,\'reapprovisionnement\',837.1,808,778,\'ENT-00047\',\'2025-10-21 15:20:23\'), (\'2025-08-29 18:25:57\',\'2024-07-03 00:59:38\',\'2023-03-24 03:25:11\',NULL,\'Marche Anosibe\',100,\'reapprovisionnement\',1956.5,963,303,\'ENT-00048\',\'2023-01-13 22:49:14\'), (\'2024-07-02 15:23:00\',\'2026-05-08 17:00:56\',\'2026-03-31 00:31:04\',NULL,\'Cooperative Antsirabe\',85,\'don\',958,275,238,\'ENT-00049\',\'2025-02-20 15:34:16\'), (\'2024-10-31 00:22:41\',\'2024-08-12 16:02:41\',\'2024-08-15 00:17:52\',NULL,\'Import Export SARL\',100,\'don\',633.3,190,34,\'ENT-00050\',\'2025-10-25 19:21:04\'), (\'2026-01-07 20:14:13\',\'2025-08-13 23:20:21\',\'2025-10-30 18:11:39\',NULL,\'Marche Anosibe\',65,\'reapprovisionnement\',1877,188,17,\'ENT-00051\',\'2023-12-27 18:57:33\'), (\'2025-03-19 21:18:31\',\'2024-02-17 09:44:05\',\'2023-01-04 12:07:01\',NULL,\'Cooperative Antsirabe\',26,\'don\',322.9,559,131,\'ENT-00052\',\'2024-02-01 15:12:24\'), (\'2025-01-06 06:40:14\',\'2025-05-31 08:28:10\',\'2024-04-14 20:24:17\',NULL,\'Ferme Ambohimanga\',77,\'don\',1854.8,754,688,\'ENT-00053\',\'2023-05-09 05:13:06\'), (\'2026-07-08 20:15:03\',\'2023-07-18 17:23:02\',\'2026-07-01 19:01:47\',NULL,\'Ferme Itasy\',14,\'retour\',690.9,951,806,\'ENT-00054\',\'2025-04-17 00:33:04\'), (\'2024-05-13 15:40:45\',\'2024-06-15 16:50:50\',\'2025-09-22 08:13:07\',NULL,\'Cooperative Antsirabe\',62,\'don\',702.3,476,113,\'ENT-00055\',\'2026-07-01 07:50:41\'), (\'2024-08-08 13:00:39\',\'2025-08-01 00:43:37\',\'2023-04-27 23:54:06\',NULL,\'Ferme Ambohimanga\',96,\'reapprovisionnement\',1205.5,143,134,\'ENT-00056\',\'2023-07-29 17:37:31\'), (\'2026-03-14 14:11:45\',\'2026-04-10 11:33:26\',\'2026-07-09 20:57:48\',NULL,\'Import Export SARL\',34,\'retour\',592.7,850,124,\'ENT-00057\',\'2024-12-14 19:10:28\'), (\'2025-12-26 07:42:16\',\'2025-02-08 20:13:45\',\'2024-12-15 03:02:51\',NULL,\'Import Export SARL\',67,\'ajustement\',1807.3,279,154,\'ENT-00058\',\'2024-10-31 11:23:35\'), (\'2025-05-03 14:17:06\',\'2024-01-12 17:26:54\',\'2024-09-29 00:19:32\',NULL,\'Ferme Ambohimanga\',78,\'retour\',1187.7,451,311,\'ENT-00059\',\'2024-09-01 11:34:03\'), (\'2024-11-01 15:54:10\',\'2023-12-13 22:44:59\',\'2026-07-08 11:44:20\',NULL,\'Ferme Itasy\',80,\'retour\',110.1,430,18,\'ENT-00060\',\'2024-02-21 11:55:34\'), (\'2024-07-14 19:45:41\',\'2024-12-01 12:41:05\',\'2025-07-13 18:12:04\',NULL,\'Import Export SARL\',56,\'reapprovisionnement\',341.9,872,392,\'ENT-00061\',\'2026-05-31 08:17:28\'), (\'2024-09-25 02:31:44\',\'2025-04-07 01:00:56\',\'2023-01-16 21:55:42\',NULL,\'Import Export SARL\',65,\'don\',1126.4,403,382,\'ENT-00062\',\'2023-08-11 11:38:33\'), (\'2025-05-12 02:58:19\',\'2023-03-12 02:22:16\',\'2024-04-10 15:07:18\',NULL,\'Cooperative Antsirabe\',43,\'ajustement\',863.2,415,330,\'ENT-00063\',\'2024-11-05 03:42:13\'), (\'2024-02-17 05:21:14\',\'2024-01-29 12:47:56\',\'2023-02-21 20:25:11\',NULL,\'Marche Anosibe\',64,\'don\',597.7,786,679,\'ENT-00064\',\'2024-01-04 16:08:43\'), (\'2023-03-14 01:28:10\',\'2024-09-23 12:50:10\',\'2025-06-10 05:57:22\',NULL,\'Ferme Ambohimanga\',99,\'don\',1656.3,283,75,\'ENT-00065\',\'2024-08-24 11:44:31\'), (\'2025-04-05 17:05:07\',\'2023-10-15 18:57:23\',\'2025-03-09 18:40:06\',NULL,\'Cooperative Antsirabe\',8,\'retour\',1859.9,460,361,\'ENT-00066\',\'2026-05-31 21:06:31\'), (\'2025-05-28 10:23:54\',\'2023-12-02 13:51:20\',\'2023-12-11 02:30:56\',NULL,\'Grossiste Analakely\',70,\'reapprovisionnement\',564.6,178,150,\'ENT-00067\',\'2026-03-19 22:22:08\'), (\'2025-07-25 08:05:21\',\'2026-06-30 15:48:30\',\'2024-09-17 08:34:40\',NULL,\'Grossiste Analakely\',31,\'retour\',1455.7,214,20,\'ENT-00068\',\'2023-09-24 21:44:24\'), (\'2026-01-06 10:55:14\',\'2025-01-22 10:10:57\',\'2023-12-18 23:40:46\',NULL,\'Marche Anosibe\',97,\'ajustement\',1182.1,504,411,\'ENT-00069\',\'2025-02-22 18:36:39\'), (\'2023-09-24 01:09:28\',\'2025-05-31 05:11:13\',\'2023-10-21 21:20:29\',NULL,\'Grossiste Mahajanga\',99,\'don\',1854,878,608,\'ENT-00070\',\'2025-11-26 19:43:28\'), (\'2024-12-17 04:56:11\',\'2026-06-24 12:19:24\',\'2025-04-20 01:55:12\',NULL,\'Producteur Local\',34,\'ajustement\',762.4,581,31,\'ENT-00071\',\'2023-01-09 11:13:03\'), (\'2026-05-05 03:20:59\',\'2023-09-06 10:59:07\',\'2023-12-13 20:21:47\',NULL,\'Cooperative Antsirabe\',41,\'reapprovisionnement\',680.1,698,587,\'ENT-00072\',\'2023-01-19 19:30:29\'), (\'2024-05-30 16:41:48\',\'2023-10-07 18:37:50\',\'2023-01-29 21:23:05\',NULL,\'Producteur Local\',7,\'reapprovisionnement\',795.2,315,175,\'ENT-00073\',\'2025-10-10 11:24:09\'), (\'2024-07-16 03:40:20\',\'2025-05-01 08:45:32\',\'2023-12-07 08:44:59\',NULL,\'Marche Anosibe\',88,\'retour\',234.1,989,182,\'ENT-00074\',\'2025-04-19 05:18:02\'), (\'2024-09-04 06:56:10\',\'2023-01-17 20:01:21\',\'2024-12-07 17:22:48\',NULL,\'Grossiste Mahajanga\',83,\'reapprovisionnement\',1124.6,141,117,\'ENT-00075\',\'2024-06-23 07:19:22\'), (\'2025-04-13 00:19:22\',\'2025-03-12 08:23:00\',\'2024-06-12 08:21:18\',NULL,\'Marche Anosibe\',99,\'don\',1548.2,503,87,\'ENT-00076\',\'2025-08-03 16:51:23\'), (\'2024-11-11 15:36:24\',\'2023-03-13 04:08:57\',\'2025-07-01 15:41:55\',NULL,\'Cooperative Antsirabe\',9,\'ajustement\',1590.4,265,230,\'ENT-00077\',\'2023-03-10 08:40:07\'), (\'2025-03-07 08:14:07\',\'2025-01-30 00:20:49\',\'2023-04-01 07:17:35\',NULL,\'Grossiste Mahajanga\',86,\'don\',1580.7,482,181,\'ENT-00078\',\'2025-10-11 06:31:44\'), (\'2025-08-19 16:05:28\',\'2024-12-29 14:15:57\',\'2026-06-08 14:56:32\',NULL,\'Grossiste Mahajanga\',47,\'don\',1374.3,69,2,\'ENT-00079\',\'2026-05-19 05:32:25\'), (\'2023-05-30 04:51:06\',\'2025-01-29 10:50:44\',\'2023-06-06 08:02:44\',NULL,\'Cooperative Antsirabe\',93,\'ajustement\',502.1,720,162,\'ENT-00080\',\'2023-11-20 12:06:39\'), (\'2024-11-27 09:30:27\',\'2023-04-11 15:05:34\',\'2024-03-12 03:09:39\',NULL,\'Cooperative Antsirabe\',80,\'reapprovisionnement\',1618.6,745,458,\'ENT-00081\',\'2023-06-26 18:40:04\'), (\'2025-07-15 04:38:49\',\'2023-02-15 12:50:24\',\'2025-01-02 09:33:33\',NULL,\'Ferme Itasy\',94,\'retour\',1590,171,56,\'ENT-00082\',\'2025-10-26 03:08:30\'), (\'2024-10-10 12:04:02\',\'2025-12-07 00:14:52\',\'2024-08-31 04:35:13\',NULL,\'Import Export SARL\',70,\'reapprovisionnement\',1321.4,194,9,\'ENT-00083\',\'2023-03-07 22:18:47\'), (\'2024-10-17 13:48:22\',\'2024-12-26 22:13:33\',\'2025-03-18 05:55:32\',NULL,\'Producteur Local\',25,\'don\',1486.9,955,287,\'ENT-00084\',\'2025-09-12 14:20:18\'), (\'2023-11-23 08:27:02\',\'2025-07-01 02:11:19\',\'2023-07-05 10:23:45\',NULL,\'Marche Anosibe\',33,\'ajustement\',133.3,88,18,\'ENT-00085\',\'2024-12-04 17:36:50\'), (\'2023-12-28 10:54:44\',\'2024-06-17 16:14:29\',\'2024-08-24 23:17:06\',NULL,\'Cooperative Antsirabe\',11,\'reapprovisionnement\',1556.6,328,150,\'ENT-00086\',\'2025-07-24 00:37:29\'), (\'2024-10-26 20:24:25\',\'2026-07-06 22:34:28\',\'2026-02-20 17:02:28\',NULL,\'Grossiste Analakely\',7,\'retour\',1508.3,812,62,\'ENT-00087\',\'2024-09-27 03:47:23\'), (\'2025-07-08 06:46:51\',\'2025-07-24 22:36:43\',\'2026-02-15 01:06:28\',NULL,\'Marche Anosibe\',72,\'don\',837.8,889,102,\'ENT-00088\',\'2023-06-17 23:02:06\'), (\'2026-06-26 11:29:12\',\'2023-02-25 15:11:24\',\'2024-02-26 15:16:14\',NULL,\'Cooperative Antsirabe\',75,\'ajustement\',304.1,489,181,\'ENT-00089\',\'2026-04-20 22:48:33\'), (\'2024-04-19 10:22:44\',\'2025-07-23 20:09:37\',\'2024-09-22 22:15:25\',NULL,\'Grossiste Analakely\',74,\'ajustement\',927.7,888,742,\'ENT-00090\',\'2024-05-02 15:38:05\'), (\'2024-10-20 05:54:41\',\'2026-05-16 10:28:46\',\'2025-05-13 17:35:51\',NULL,\'Ferme Ambohimanga\',48,\'retour\',200.3,644,121,\'ENT-00091\',\'2025-08-21 16:36:25\'), (\'2024-06-06 21:59:21\',\'2023-07-25 05:10:48\',\'2023-02-14 13:31:28\',NULL,\'Ferme Itasy\',24,\'don\',557.9,545,325,\'ENT-00092\',\'2023-10-18 10:15:07\'), (\'2024-09-15 17:17:58\',\'2024-04-05 23:09:32\',\'2026-03-16 19:50:46\',NULL,\'Ferme Itasy\',81,\'retour\',1413.4,498,351,\'ENT-00093\',\'2025-03-06 13:50:24\'), (\'2023-03-25 14:33:37\',\'2025-04-23 01:19:21\',\'2024-05-14 13:59:36\',NULL,\'Cooperative Antsirabe\',73,\'reapprovisionnement\',785.2,629,570,\'ENT-00094\',\'2026-01-10 15:24:41\'), (\'2025-08-10 06:00:24\',\'2023-01-18 05:21:44\',\'2023-07-06 14:31:14\',NULL,\'Grossiste Mahajanga\',52,\'ajustement\',1567.1,85,27,\'ENT-00095\',\'2023-07-25 12:13:52\'), (\'2025-07-06 13:37:36\',\'2025-12-16 21:33:26\',\'2023-01-18 22:02:01\',NULL,\'Producteur Local\',52,\'retour\',563.4,797,744,\'ENT-00096\',\'2023-09-17 21:43:32\'), (\'2023-09-30 12:14:24\',\'2023-03-07 11:41:54\',\'2024-02-28 22:38:57\',NULL,\'Import Export SARL\',47,\'don\',1114.4,581,430,\'ENT-00097\',\'2024-10-26 04:50:56\'), (\'2025-05-25 01:54:01\',\'2024-05-15 04:57:33\',\'2025-04-20 00:25:36\',NULL,\'Import Export SARL\',77,\'retour\',482.1,987,601,\'ENT-00098\',\'2024-08-27 05:29:17\'), (\'2025-03-31 08:59:35\',\'2024-03-10 00:48:19\',\'2024-02-11 16:10:47\',NULL,\'Ferme Ambohimanga\',1,\'don\',115.7,692,649,\'ENT-00099\',\'2024-08-29 22:46:57\'), (\'2026-04-07 01:40:42\',\'2023-02-05 14:02:39\',\'2024-03-29 18:09:36\',NULL,\'Cooperative Antsirabe\',40,\'ajustement\',1687.2,614,543,\'ENT-00100\',\'2024-07-01 04:08:42\')', 0)
 2 SYSTEMPATH\Database\BaseConnection.php(910): CodeIgniter\Database\MySQLi\Connection->execute('INSERT INTO `entree_stock` (`created_at`, `date_archivage`, `date_entree`, `deleted_at`, `fournisseur`, `id_produit`, `origine`, `prix_unitaire`, `quantite`, `quantite_restante`, `reference`, `updated_at`)
VALUES (\'2025-03-08 19:45:38\',\'2025-07-13 12:20:32\',\'2026-02-14 08:05:54\',NULL,\'Cooperative Antsirabe\',78,\'ajustement\',1834.7,282,165,\'ENT-00001\',\'2023-12-26 08:58:41\'), (\'2023-05-15 05:14:32\',\'2024-01-24 13:28:21\',\'2024-08-12 22:31:39\',NULL,\'Cooperative Antsirabe\',58,\'ajustement\',349.1,481,210,\'ENT-00002\',\'2026-05-13 18:42:20\'), (\'2024-01-22 02:04:56\',\'2023-09-01 00:05:28\',\'2023-06-08 20:14:55\',NULL,\'Cooperative Antsirabe\',75,\'ajustement\',396,953,880,\'ENT-00003\',\'2026-03-12 12:13:05\'), (\'2023-08-30 16:06:07\',\'2025-11-25 19:00:16\',\'2023-12-22 13:45:28\',NULL,\'Grossiste Analakely\',70,\'retour\',140.4,104,15,\'ENT-00004\',\'2024-08-01 21:43:50\'), (\'2026-06-23 04:39:05\',\'2025-07-11 23:55:49\',\'2024-12-17 13:28:51\',NULL,\'Grossiste Mahajanga\',28,\'reapprovisionnement\',999.4,892,91,\'ENT-00005\',\'2023-06-09 12:30:10\'), (\'2026-04-19 13:18:58\',\'2026-03-09 10:12:32\',\'2023-11-28 23:51:38\',NULL,\'Ferme Ambohimanga\',87,\'reapprovisionnement\',725.4,912,226,\'ENT-00006\',\'2023-08-19 12:29:13\'), (\'2025-01-08 06:55:43\',\'2025-03-15 13:43:39\',\'2025-07-07 22:22:24\',NULL,\'Marche Anosibe\',20,\'don\',832.3,231,24,\'ENT-00007\',\'2025-04-20 04:58:59\'), (\'2025-11-20 13:07:40\',\'2023-07-04 22:30:01\',\'2024-01-16 15:53:44\',NULL,\'Import Export SARL\',87,\'ajustement\',1205.4,181,166,\'ENT-00008\',\'2026-01-17 22:11:02\'), (\'2026-07-12 19:47:34\',\'2023-10-16 22:16:59\',\'2025-02-07 17:56:56\',NULL,\'Cooperative Antsirabe\',93,\'reapprovisionnement\',229.6,629,574,\'ENT-00009\',\'2024-11-19 04:27:04\'), (\'2024-09-25 13:49:47\',\'2024-11-17 13:38:36\',\'2023-07-01 05:39:06\',NULL,\'Ferme Ambohimanga\',8,\'ajustement\',687.5,672,174,\'ENT-00010\',\'2024-03-22 14:21:01\'), (\'2025-10-03 07:32:36\',\'2024-12-14 00:17:54\',\'2024-09-18 11:24:57\',NULL,\'Producteur Local\',6,\'ajustement\',558.1,306,215,\'ENT-00011\',\'2025-04-14 13:00:36\'), (\'2023-12-18 22:14:56\',\'2023-07-12 16:42:48\',\'2026-03-31 03:40:33\',NULL,\'Ferme Ambohimanga\',95,\'ajustement\',1374,187,153,\'ENT-00012\',\'2025-06-17 17:52:23\'), (\'2024-04-28 04:33:12\',\'2023-11-11 01:15:21\',\'2025-12-07 21:31:53\',NULL,\'Cooperative Antsirabe\',2,\'reapprovisionnement\',1872.4,391,87,\'ENT-00013\',\'2025-12-13 06:05:41\'), (\'2023-12-20 08:09:32\',\'2024-09-11 10:09:57\',\'2024-12-04 20:28:19\',NULL,\'Grossiste Analakely\',42,\'don\',670.9,236,224,\'ENT-00014\',\'2025-12-15 13:33:42\'), (\'2026-01-20 03:23:24\',\'2023-05-19 13:04:01\',\'2023-08-22 22:45:44\',NULL,\'Grossiste Mahajanga\',17,\'reapprovisionnement\',79.3,676,467,\'ENT-00015\',\'2024-04-08 18:31:53\'), (\'2024-06-02 11:00:17\',\'2023-05-28 03:14:06\',\'2025-04-23 03:36:04\',NULL,\'Import Export SARL\',12,\'retour\',278.9,484,275,\'ENT-00016\',\'2026-02-20 09:03:43\'), (\'2024-03-28 08:22:53\',\'2024-10-21 02:17:15\',\'2024-09-12 17:39:15\',NULL,\'Ferme Itasy\',89,\'retour\',1514.2,543,516,\'ENT-00017\',\'2025-12-16 08:28:46\'), (\'2024-02-04 03:49:29\',\'2025-06-27 03:30:29\',\'2025-10-23 15:46:53\',NULL,\'Import Export SARL\',48,\'reapprovisionnement\',1461,398,155,\'ENT-00018\',\'2024-10-27 01:05:59\'), (\'2023-01-15 20:45:36\',\'2026-04-16 13:17:13\',\'2023-05-28 03:26:17\',NULL,\'Import Export SARL\',5,\'don\',1793.1,311,127,\'ENT-00019\',\'2025-06-20 12:06:29\'), (\'2025-01-12 08:38:30\',\'2024-12-30 03:07:41\',\'2024-04-29 15:01:25\',NULL,\'Ferme Itasy\',86,\'reapprovisionnement\',635.8,436,216,\'ENT-00020\',\'2025-04-15 06:15:42\'), (\'2023-11-16 09:10:19\',\'2024-07-07 04:14:37\',\'2023-01-22 23:26:30\',NULL,\'Grossiste Analakely\',19,\'retour\',977.9,260,90,\'ENT-00021\',\'2023-06-11 15:44:28\'), (\'2023-01-31 04:42:49\',\'2024-12-06 00:43:14\',\'2026-06-15 08:21:37\',NULL,\'Import Export SARL\',43,\'ajustement\',1461.2,690,526,\'ENT-00022\',\'2023-06-08 01:46:34\'), (\'2023-09-08 11:53:32\',\'2024-11-19 07:28:30\',\'2023-12-04 01:47:17\',NULL,\'Grossiste Mahajanga\',42,\'reapprovisionnement\',799.8,593,531,\'ENT-00023\',\'2024-01-03 00:00:43\'), (\'2023-05-05 15:19:06\',\'2025-01-09 14:24:43\',\'2023-05-09 15:17:03\',NULL,\'Cooperative Antsirabe\',67,\'retour\',352.6,858,37,\'ENT-00024\',\'2024-12-30 09:24:48\'), (\'2025-09-15 10:49:07\',\'2025-01-15 12:44:45\',\'2024-10-08 05:35:02\',NULL,\'Import Export SARL\',62,\'ajustement\',951.5,584,194,\'ENT-00025\',\'2025-08-29 07:23:54\'), (\'2026-05-05 00:35:24\',\'2025-12-01 13:34:36\',\'2023-04-28 04:21:19\',NULL,\'Producteur Local\',33,\'reapprovisionnement\',1632.4,631,467,\'ENT-00026\',\'2023-05-17 01:57:58\'), (\'2025-01-03 12:10:14\',\'2024-10-18 03:08:06\',\'2023-09-25 09:05:46\',NULL,\'Ferme Itasy\',28,\'don\',369.7,893,404,\'ENT-00027\',\'2025-04-30 22:19:16\'), (\'2025-03-06 20:42:02\',\'2024-08-20 21:00:17\',\'2025-10-09 21:13:54\',NULL,\'Marche Anosibe\',12,\'retour\',858.2,909,274,\'ENT-00028\',\'2024-04-29 21:21:37\'), (\'2024-07-23 07:45:50\',\'2025-08-18 22:01:23\',\'2023-07-15 17:57:04\',NULL,\'Grossiste Analakely\',11,\'reapprovisionnement\',1513.6,683,542,\'ENT-00029\',\'2023-07-12 04:19:10\'), (\'2024-08-14 14:01:56\',\'2025-07-21 08:37:03\',\'2025-12-26 02:11:14\',NULL,\'Producteur Local\',4,\'retour\',863.8,505,317,\'ENT-00030\',\'2024-03-28 03:18:49\'), (\'2023-04-26 20:45:13\',\'2024-12-11 11:04:21\',\'2024-06-29 05:51:49\',NULL,\'Import Export SARL\',22,\'reapprovisionnement\',1449.9,328,22,\'ENT-00031\',\'2026-03-07 22:06:51\'), (\'2024-05-20 13:36:14\',\'2023-10-02 15:34:42\',\'2023-05-21 10:39:05\',NULL,\'Ferme Itasy\',18,\'ajustement\',86.8,267,7,\'ENT-00032\',\'2026-06-20 18:30:37\'), (\'2023-07-19 08:24:55\',\'2023-11-30 20:47:30\',\'2024-12-15 07:28:50\',NULL,\'Import Export SARL\',86,\'ajustement\',1239,220,152,\'ENT-00033\',\'2024-02-11 23:17:27\'), (\'2026-03-23 07:39:09\',\'2026-06-09 01:28:11\',\'2024-10-30 06:50:49\',NULL,\'Ferme Ambohimanga\',22,\'ajustement\',172.1,634,272,\'ENT-00034\',\'2023-07-04 02:27:46\'), (\'2026-01-22 08:35:54\',\'2023-06-26 21:32:47\',\'2026-01-29 05:35:59\',NULL,\'Ferme Ambohimanga\',55,\'ajustement\',1916.3,129,51,\'ENT-00035\',\'2025-08-14 09:46:02\'), (\'2025-05-20 11:05:58\',\'2024-01-26 05:24:33\',\'2026-06-29 16:27:36\',NULL,\'Grossiste Mahajanga\',74,\'ajustement\',1984.2,484,143,\'ENT-00036\',\'2024-01-26 22:06:36\'), (\'2025-04-19 03:44:40\',\'2025-05-30 16:31:24\',\'2024-07-06 05:46:25\',NULL,\'Grossiste Analakely\',76,\'retour\',330.4,333,194,\'ENT-00037\',\'2026-01-27 03:40:41\'), (\'2024-01-13 17:37:15\',\'2026-02-22 07:29:25\',\'2026-04-11 16:24:10\',NULL,\'Ferme Ambohimanga\',20,\'reapprovisionnement\',720.9,941,641,\'ENT-00038\',\'2025-09-21 13:36:29\'), (\'2023-06-15 00:16:57\',\'2025-12-14 07:12:43\',\'2026-04-04 19:19:20\',NULL,\'Cooperative Antsirabe\',94,\'reapprovisionnement\',739.3,341,148,\'ENT-00039\',\'2025-09-05 12:10:10\'), (\'2024-09-26 00:57:19\',\'2025-09-23 10:10:50\',\'2025-06-19 21:39:26\',NULL,\'Cooperative Antsirabe\',88,\'ajustement\',76.7,564,17,\'ENT-00040\',\'2025-09-01 06:05:42\'), (\'2023-08-13 04:23:58\',\'2023-11-29 03:07:52\',\'2026-06-13 09:30:41\',NULL,\'Ferme Ambohimanga\',65,\'ajustement\',394.6,344,185,\'ENT-00041\',\'2023-07-25 08:57:04\'), (\'2023-01-05 19:42:26\',\'2023-05-31 14:03:21\',\'2025-06-29 00:22:53\',NULL,\'Cooperative Antsirabe\',4,\'don\',1103.8,355,8,\'ENT-00042\',\'2025-07-10 23:21:34\'), (\'2024-05-21 03:48:43\',\'2024-10-24 20:24:04\',\'2024-08-25 06:00:10\',NULL,\'Ferme Ambohimanga\',67,\'retour\',326.4,649,381,\'ENT-00043\',\'2024-10-05 08:49:25\'), (\'2023-07-24 17:50:39\',\'2024-12-29 22:22:27\',\'2024-03-04 14:43:02\',NULL,\'Producteur Local\',34,\'reapprovisionnement\',1802.2,977,698,\'ENT-00044\',\'2023-03-25 20:07:47\'), (\'2026-05-18 20:33:21\',\'2023-05-25 20:02:41\',\'2023-10-21 09:52:59\',NULL,\'Producteur Local\',96,\'reapprovisionnement\',1173.9,372,330,\'ENT-00045\',\'2025-07-14 19:29:48\'), (\'2025-09-27 08:35:56\',\'2023-11-18 01:38:32\',\'2023-12-24 17:42:51\',NULL,\'Producteur Local\',66,\'don\',253,72,6,\'ENT-00046\',\'2024-02-07 04:32:20\'), (\'2024-02-25 09:38:39\',\'2025-12-14 20:39:31\',\'2023-09-11 10:32:20\',NULL,\'Import Export SARL\',57,\'reapprovisionnement\',837.1,808,778,\'ENT-00047\',\'2025-10-21 15:20:23\'), (\'2025-08-29 18:25:57\',\'2024-07-03 00:59:38\',\'2023-03-24 03:25:11\',NULL,\'Marche Anosibe\',100,\'reapprovisionnement\',1956.5,963,303,\'ENT-00048\',\'2023-01-13 22:49:14\'), (\'2024-07-02 15:23:00\',\'2026-05-08 17:00:56\',\'2026-03-31 00:31:04\',NULL,\'Cooperative Antsirabe\',85,\'don\',958,275,238,\'ENT-00049\',\'2025-02-20 15:34:16\'), (\'2024-10-31 00:22:41\',\'2024-08-12 16:02:41\',\'2024-08-15 00:17:52\',NULL,\'Import Export SARL\',100,\'don\',633.3,190,34,\'ENT-00050\',\'2025-10-25 19:21:04\'), (\'2026-01-07 20:14:13\',\'2025-08-13 23:20:21\',\'2025-10-30 18:11:39\',NULL,\'Marche Anosibe\',65,\'reapprovisionnement\',1877,188,17,\'ENT-00051\',\'2023-12-27 18:57:33\'), (\'2025-03-19 21:18:31\',\'2024-02-17 09:44:05\',\'2023-01-04 12:07:01\',NULL,\'Cooperative Antsirabe\',26,\'don\',322.9,559,131,\'ENT-00052\',\'2024-02-01 15:12:24\'), (\'2025-01-06 06:40:14\',\'2025-05-31 08:28:10\',\'2024-04-14 20:24:17\',NULL,\'Ferme Ambohimanga\',77,\'don\',1854.8,754,688,\'ENT-00053\',\'2023-05-09 05:13:06\'), (\'2026-07-08 20:15:03\',\'2023-07-18 17:23:02\',\'2026-07-01 19:01:47\',NULL,\'Ferme Itasy\',14,\'retour\',690.9,951,806,\'ENT-00054\',\'2025-04-17 00:33:04\'), (\'2024-05-13 15:40:45\',\'2024-06-15 16:50:50\',\'2025-09-22 08:13:07\',NULL,\'Cooperative Antsirabe\',62,\'don\',702.3,476,113,\'ENT-00055\',\'2026-07-01 07:50:41\'), (\'2024-08-08 13:00:39\',\'2025-08-01 00:43:37\',\'2023-04-27 23:54:06\',NULL,\'Ferme Ambohimanga\',96,\'reapprovisionnement\',1205.5,143,134,\'ENT-00056\',\'2023-07-29 17:37:31\'), (\'2026-03-14 14:11:45\',\'2026-04-10 11:33:26\',\'2026-07-09 20:57:48\',NULL,\'Import Export SARL\',34,\'retour\',592.7,850,124,\'ENT-00057\',\'2024-12-14 19:10:28\'), (\'2025-12-26 07:42:16\',\'2025-02-08 20:13:45\',\'2024-12-15 03:02:51\',NULL,\'Import Export SARL\',67,\'ajustement\',1807.3,279,154,\'ENT-00058\',\'2024-10-31 11:23:35\'), (\'2025-05-03 14:17:06\',\'2024-01-12 17:26:54\',\'2024-09-29 00:19:32\',NULL,\'Ferme Ambohimanga\',78,\'retour\',1187.7,451,311,\'ENT-00059\',\'2024-09-01 11:34:03\'), (\'2024-11-01 15:54:10\',\'2023-12-13 22:44:59\',\'2026-07-08 11:44:20\',NULL,\'Ferme Itasy\',80,\'retour\',110.1,430,18,\'ENT-00060\',\'2024-02-21 11:55:34\'), (\'2024-07-14 19:45:41\',\'2024-12-01 12:41:05\',\'2025-07-13 18:12:04\',NULL,\'Import Export SARL\',56,\'reapprovisionnement\',341.9,872,392,\'ENT-00061\',\'2026-05-31 08:17:28\'), (\'2024-09-25 02:31:44\',\'2025-04-07 01:00:56\',\'2023-01-16 21:55:42\',NULL,\'Import Export SARL\',65,\'don\',1126.4,403,382,\'ENT-00062\',\'2023-08-11 11:38:33\'), (\'2025-05-12 02:58:19\',\'2023-03-12 02:22:16\',\'2024-04-10 15:07:18\',NULL,\'Cooperative Antsirabe\',43,\'ajustement\',863.2,415,330,\'ENT-00063\',\'2024-11-05 03:42:13\'), (\'2024-02-17 05:21:14\',\'2024-01-29 12:47:56\',\'2023-02-21 20:25:11\',NULL,\'Marche Anosibe\',64,\'don\',597.7,786,679,\'ENT-00064\',\'2024-01-04 16:08:43\'), (\'2023-03-14 01:28:10\',\'2024-09-23 12:50:10\',\'2025-06-10 05:57:22\',NULL,\'Ferme Ambohimanga\',99,\'don\',1656.3,283,75,\'ENT-00065\',\'2024-08-24 11:44:31\'), (\'2025-04-05 17:05:07\',\'2023-10-15 18:57:23\',\'2025-03-09 18:40:06\',NULL,\'Cooperative Antsirabe\',8,\'retour\',1859.9,460,361,\'ENT-00066\',\'2026-05-31 21:06:31\'), (\'2025-05-28 10:23:54\',\'2023-12-02 13:51:20\',\'2023-12-11 02:30:56\',NULL,\'Grossiste Analakely\',70,\'reapprovisionnement\',564.6,178,150,\'ENT-00067\',\'2026-03-19 22:22:08\'), (\'2025-07-25 08:05:21\',\'2026-06-30 15:48:30\',\'2024-09-17 08:34:40\',NULL,\'Grossiste Analakely\',31,\'retour\',1455.7,214,20,\'ENT-00068\',\'2023-09-24 21:44:24\'), (\'2026-01-06 10:55:14\',\'2025-01-22 10:10:57\',\'2023-12-18 23:40:46\',NULL,\'Marche Anosibe\',97,\'ajustement\',1182.1,504,411,\'ENT-00069\',\'2025-02-22 18:36:39\'), (\'2023-09-24 01:09:28\',\'2025-05-31 05:11:13\',\'2023-10-21 21:20:29\',NULL,\'Grossiste Mahajanga\',99,\'don\',1854,878,608,\'ENT-00070\',\'2025-11-26 19:43:28\'), (\'2024-12-17 04:56:11\',\'2026-06-24 12:19:24\',\'2025-04-20 01:55:12\',NULL,\'Producteur Local\',34,\'ajustement\',762.4,581,31,\'ENT-00071\',\'2023-01-09 11:13:03\'), (\'2026-05-05 03:20:59\',\'2023-09-06 10:59:07\',\'2023-12-13 20:21:47\',NULL,\'Cooperative Antsirabe\',41,\'reapprovisionnement\',680.1,698,587,\'ENT-00072\',\'2023-01-19 19:30:29\'), (\'2024-05-30 16:41:48\',\'2023-10-07 18:37:50\',\'2023-01-29 21:23:05\',NULL,\'Producteur Local\',7,\'reapprovisionnement\',795.2,315,175,\'ENT-00073\',\'2025-10-10 11:24:09\'), (\'2024-07-16 03:40:20\',\'2025-05-01 08:45:32\',\'2023-12-07 08:44:59\',NULL,\'Marche Anosibe\',88,\'retour\',234.1,989,182,\'ENT-00074\',\'2025-04-19 05:18:02\'), (\'2024-09-04 06:56:10\',\'2023-01-17 20:01:21\',\'2024-12-07 17:22:48\',NULL,\'Grossiste Mahajanga\',83,\'reapprovisionnement\',1124.6,141,117,\'ENT-00075\',\'2024-06-23 07:19:22\'), (\'2025-04-13 00:19:22\',\'2025-03-12 08:23:00\',\'2024-06-12 08:21:18\',NULL,\'Marche Anosibe\',99,\'don\',1548.2,503,87,\'ENT-00076\',\'2025-08-03 16:51:23\'), (\'2024-11-11 15:36:24\',\'2023-03-13 04:08:57\',\'2025-07-01 15:41:55\',NULL,\'Cooperative Antsirabe\',9,\'ajustement\',1590.4,265,230,\'ENT-00077\',\'2023-03-10 08:40:07\'), (\'2025-03-07 08:14:07\',\'2025-01-30 00:20:49\',\'2023-04-01 07:17:35\',NULL,\'Grossiste Mahajanga\',86,\'don\',1580.7,482,181,\'ENT-00078\',\'2025-10-11 06:31:44\'), (\'2025-08-19 16:05:28\',\'2024-12-29 14:15:57\',\'2026-06-08 14:56:32\',NULL,\'Grossiste Mahajanga\',47,\'don\',1374.3,69,2,\'ENT-00079\',\'2026-05-19 05:32:25\'), (\'2023-05-30 04:51:06\',\'2025-01-29 10:50:44\',\'2023-06-06 08:02:44\',NULL,\'Cooperative Antsirabe\',93,\'ajustement\',502.1,720,162,\'ENT-00080\',\'2023-11-20 12:06:39\'), (\'2024-11-27 09:30:27\',\'2023-04-11 15:05:34\',\'2024-03-12 03:09:39\',NULL,\'Cooperative Antsirabe\',80,\'reapprovisionnement\',1618.6,745,458,\'ENT-00081\',\'2023-06-26 18:40:04\'), (\'2025-07-15 04:38:49\',\'2023-02-15 12:50:24\',\'2025-01-02 09:33:33\',NULL,\'Ferme Itasy\',94,\'retour\',1590,171,56,\'ENT-00082\',\'2025-10-26 03:08:30\'), (\'2024-10-10 12:04:02\',\'2025-12-07 00:14:52\',\'2024-08-31 04:35:13\',NULL,\'Import Export SARL\',70,\'reapprovisionnement\',1321.4,194,9,\'ENT-00083\',\'2023-03-07 22:18:47\'), (\'2024-10-17 13:48:22\',\'2024-12-26 22:13:33\',\'2025-03-18 05:55:32\',NULL,\'Producteur Local\',25,\'don\',1486.9,955,287,\'ENT-00084\',\'2025-09-12 14:20:18\'), (\'2023-11-23 08:27:02\',\'2025-07-01 02:11:19\',\'2023-07-05 10:23:45\',NULL,\'Marche Anosibe\',33,\'ajustement\',133.3,88,18,\'ENT-00085\',\'2024-12-04 17:36:50\'), (\'2023-12-28 10:54:44\',\'2024-06-17 16:14:29\',\'2024-08-24 23:17:06\',NULL,\'Cooperative Antsirabe\',11,\'reapprovisionnement\',1556.6,328,150,\'ENT-00086\',\'2025-07-24 00:37:29\'), (\'2024-10-26 20:24:25\',\'2026-07-06 22:34:28\',\'2026-02-20 17:02:28\',NULL,\'Grossiste Analakely\',7,\'retour\',1508.3,812,62,\'ENT-00087\',\'2024-09-27 03:47:23\'), (\'2025-07-08 06:46:51\',\'2025-07-24 22:36:43\',\'2026-02-15 01:06:28\',NULL,\'Marche Anosibe\',72,\'don\',837.8,889,102,\'ENT-00088\',\'2023-06-17 23:02:06\'), (\'2026-06-26 11:29:12\',\'2023-02-25 15:11:24\',\'2024-02-26 15:16:14\',NULL,\'Cooperative Antsirabe\',75,\'ajustement\',304.1,489,181,\'ENT-00089\',\'2026-04-20 22:48:33\'), (\'2024-04-19 10:22:44\',\'2025-07-23 20:09:37\',\'2024-09-22 22:15:25\',NULL,\'Grossiste Analakely\',74,\'ajustement\',927.7,888,742,\'ENT-00090\',\'2024-05-02 15:38:05\'), (\'2024-10-20 05:54:41\',\'2026-05-16 10:28:46\',\'2025-05-13 17:35:51\',NULL,\'Ferme Ambohimanga\',48,\'retour\',200.3,644,121,\'ENT-00091\',\'2025-08-21 16:36:25\'), (\'2024-06-06 21:59:21\',\'2023-07-25 05:10:48\',\'2023-02-14 13:31:28\',NULL,\'Ferme Itasy\',24,\'don\',557.9,545,325,\'ENT-00092\',\'2023-10-18 10:15:07\'), (\'2024-09-15 17:17:58\',\'2024-04-05 23:09:32\',\'2026-03-16 19:50:46\',NULL,\'Ferme Itasy\',81,\'retour\',1413.4,498,351,\'ENT-00093\',\'2025-03-06 13:50:24\'), (\'2023-03-25 14:33:37\',\'2025-04-23 01:19:21\',\'2024-05-14 13:59:36\',NULL,\'Cooperative Antsirabe\',73,\'reapprovisionnement\',785.2,629,570,\'ENT-00094\',\'2026-01-10 15:24:41\'), (\'2025-08-10 06:00:24\',\'2023-01-18 05:21:44\',\'2023-07-06 14:31:14\',NULL,\'Grossiste Mahajanga\',52,\'ajustement\',1567.1,85,27,\'ENT-00095\',\'2023-07-25 12:13:52\'), (\'2025-07-06 13:37:36\',\'2025-12-16 21:33:26\',\'2023-01-18 22:02:01\',NULL,\'Producteur Local\',52,\'retour\',563.4,797,744,\'ENT-00096\',\'2023-09-17 21:43:32\'), (\'2023-09-30 12:14:24\',\'2023-03-07 11:41:54\',\'2024-02-28 22:38:57\',NULL,\'Import Export SARL\',47,\'don\',1114.4,581,430,\'ENT-00097\',\'2024-10-26 04:50:56\'), (\'2025-05-25 01:54:01\',\'2024-05-15 04:57:33\',\'2025-04-20 00:25:36\',NULL,\'Import Export SARL\',77,\'retour\',482.1,987,601,\'ENT-00098\',\'2024-08-27 05:29:17\'), (\'2025-03-31 08:59:35\',\'2024-03-10 00:48:19\',\'2024-02-11 16:10:47\',NULL,\'Ferme Ambohimanga\',1,\'don\',115.7,692,649,\'ENT-00099\',\'2024-08-29 22:46:57\'), (\'2026-04-07 01:40:42\',\'2023-02-05 14:02:39\',\'2024-03-29 18:09:36\',NULL,\'Cooperative Antsirabe\',40,\'ajustement\',1687.2,614,543,\'ENT-00100\',\'2024-07-01 04:08:42\')')
 3 SYSTEMPATH\Database\BaseConnection.php(827): CodeIgniter\Database\BaseConnection->simpleQuery('INSERT INTO `entree_stock` (`created_at`, `date_archivage`, `date_entree`, `deleted_at`, `fournisseur`, `id_produit`, `origine`, `prix_unitaire`, `quantite`, `quantite_restante`, `reference`, `updated_at`)
VALUES (\'2025-03-08 19:45:38\',\'2025-07-13 12:20:32\',\'2026-02-14 08:05:54\',NULL,\'Cooperative Antsirabe\',78,\'ajustement\',1834.7,282,165,\'ENT-00001\',\'2023-12-26 08:58:41\'), (\'2023-05-15 05:14:32\',\'2024-01-24 13:28:21\',\'2024-08-12 22:31:39\',NULL,\'Cooperative Antsirabe\',58,\'ajustement\',349.1,481,210,\'ENT-00002\',\'2026-05-13 18:42:20\'), (\'2024-01-22 02:04:56\',\'2023-09-01 00:05:28\',\'2023-06-08 20:14:55\',NULL,\'Cooperative Antsirabe\',75,\'ajustement\',396,953,880,\'ENT-00003\',\'2026-03-12 12:13:05\'), (\'2023-08-30 16:06:07\',\'2025-11-25 19:00:16\',\'2023-12-22 13:45:28\',NULL,\'Grossiste Analakely\',70,\'retour\',140.4,104,15,\'ENT-00004\',\'2024-08-01 21:43:50\'), (\'2026-06-23 04:39:05\',\'2025-07-11 23:55:49\',\'2024-12-17 13:28:51\',NULL,\'Grossiste Mahajanga\',28,\'reapprovisionnement\',999.4,892,91,\'ENT-00005\',\'2023-06-09 12:30:10\'), (\'2026-04-19 13:18:58\',\'2026-03-09 10:12:32\',\'2023-11-28 23:51:38\',NULL,\'Ferme Ambohimanga\',87,\'reapprovisionnement\',725.4,912,226,\'ENT-00006\',\'2023-08-19 12:29:13\'), (\'2025-01-08 06:55:43\',\'2025-03-15 13:43:39\',\'2025-07-07 22:22:24\',NULL,\'Marche Anosibe\',20,\'don\',832.3,231,24,\'ENT-00007\',\'2025-04-20 04:58:59\'), (\'2025-11-20 13:07:40\',\'2023-07-04 22:30:01\',\'2024-01-16 15:53:44\',NULL,\'Import Export SARL\',87,\'ajustement\',1205.4,181,166,\'ENT-00008\',\'2026-01-17 22:11:02\'), (\'2026-07-12 19:47:34\',\'2023-10-16 22:16:59\',\'2025-02-07 17:56:56\',NULL,\'Cooperative Antsirabe\',93,\'reapprovisionnement\',229.6,629,574,\'ENT-00009\',\'2024-11-19 04:27:04\'), (\'2024-09-25 13:49:47\',\'2024-11-17 13:38:36\',\'2023-07-01 05:39:06\',NULL,\'Ferme Ambohimanga\',8,\'ajustement\',687.5,672,174,\'ENT-00010\',\'2024-03-22 14:21:01\'), (\'2025-10-03 07:32:36\',\'2024-12-14 00:17:54\',\'2024-09-18 11:24:57\',NULL,\'Producteur Local\',6,\'ajustement\',558.1,306,215,\'ENT-00011\',\'2025-04-14 13:00:36\'), (\'2023-12-18 22:14:56\',\'2023-07-12 16:42:48\',\'2026-03-31 03:40:33\',NULL,\'Ferme Ambohimanga\',95,\'ajustement\',1374,187,153,\'ENT-00012\',\'2025-06-17 17:52:23\'), (\'2024-04-28 04:33:12\',\'2023-11-11 01:15:21\',\'2025-12-07 21:31:53\',NULL,\'Cooperative Antsirabe\',2,\'reapprovisionnement\',1872.4,391,87,\'ENT-00013\',\'2025-12-13 06:05:41\'), (\'2023-12-20 08:09:32\',\'2024-09-11 10:09:57\',\'2024-12-04 20:28:19\',NULL,\'Grossiste Analakely\',42,\'don\',670.9,236,224,\'ENT-00014\',\'2025-12-15 13:33:42\'), (\'2026-01-20 03:23:24\',\'2023-05-19 13:04:01\',\'2023-08-22 22:45:44\',NULL,\'Grossiste Mahajanga\',17,\'reapprovisionnement\',79.3,676,467,\'ENT-00015\',\'2024-04-08 18:31:53\'), (\'2024-06-02 11:00:17\',\'2023-05-28 03:14:06\',\'2025-04-23 03:36:04\',NULL,\'Import Export SARL\',12,\'retour\',278.9,484,275,\'ENT-00016\',\'2026-02-20 09:03:43\'), (\'2024-03-28 08:22:53\',\'2024-10-21 02:17:15\',\'2024-09-12 17:39:15\',NULL,\'Ferme Itasy\',89,\'retour\',1514.2,543,516,\'ENT-00017\',\'2025-12-16 08:28:46\'), (\'2024-02-04 03:49:29\',\'2025-06-27 03:30:29\',\'2025-10-23 15:46:53\',NULL,\'Import Export SARL\',48,\'reapprovisionnement\',1461,398,155,\'ENT-00018\',\'2024-10-27 01:05:59\'), (\'2023-01-15 20:45:36\',\'2026-04-16 13:17:13\',\'2023-05-28 03:26:17\',NULL,\'Import Export SARL\',5,\'don\',1793.1,311,127,\'ENT-00019\',\'2025-06-20 12:06:29\'), (\'2025-01-12 08:38:30\',\'2024-12-30 03:07:41\',\'2024-04-29 15:01:25\',NULL,\'Ferme Itasy\',86,\'reapprovisionnement\',635.8,436,216,\'ENT-00020\',\'2025-04-15 06:15:42\'), (\'2023-11-16 09:10:19\',\'2024-07-07 04:14:37\',\'2023-01-22 23:26:30\',NULL,\'Grossiste Analakely\',19,\'retour\',977.9,260,90,\'ENT-00021\',\'2023-06-11 15:44:28\'), (\'2023-01-31 04:42:49\',\'2024-12-06 00:43:14\',\'2026-06-15 08:21:37\',NULL,\'Import Export SARL\',43,\'ajustement\',1461.2,690,526,\'ENT-00022\',\'2023-06-08 01:46:34\'), (\'2023-09-08 11:53:32\',\'2024-11-19 07:28:30\',\'2023-12-04 01:47:17\',NULL,\'Grossiste Mahajanga\',42,\'reapprovisionnement\',799.8,593,531,\'ENT-00023\',\'2024-01-03 00:00:43\'), (\'2023-05-05 15:19:06\',\'2025-01-09 14:24:43\',\'2023-05-09 15:17:03\',NULL,\'Cooperative Antsirabe\',67,\'retour\',352.6,858,37,\'ENT-00024\',\'2024-12-30 09:24:48\'), (\'2025-09-15 10:49:07\',\'2025-01-15 12:44:45\',\'2024-10-08 05:35:02\',NULL,\'Import Export SARL\',62,\'ajustement\',951.5,584,194,\'ENT-00025\',\'2025-08-29 07:23:54\'), (\'2026-05-05 00:35:24\',\'2025-12-01 13:34:36\',\'2023-04-28 04:21:19\',NULL,\'Producteur Local\',33,\'reapprovisionnement\',1632.4,631,467,\'ENT-00026\',\'2023-05-17 01:57:58\'), (\'2025-01-03 12:10:14\',\'2024-10-18 03:08:06\',\'2023-09-25 09:05:46\',NULL,\'Ferme Itasy\',28,\'don\',369.7,893,404,\'ENT-00027\',\'2025-04-30 22:19:16\'), (\'2025-03-06 20:42:02\',\'2024-08-20 21:00:17\',\'2025-10-09 21:13:54\',NULL,\'Marche Anosibe\',12,\'retour\',858.2,909,274,\'ENT-00028\',\'2024-04-29 21:21:37\'), (\'2024-07-23 07:45:50\',\'2025-08-18 22:01:23\',\'2023-07-15 17:57:04\',NULL,\'Grossiste Analakely\',11,\'reapprovisionnement\',1513.6,683,542,\'ENT-00029\',\'2023-07-12 04:19:10\'), (\'2024-08-14 14:01:56\',\'2025-07-21 08:37:03\',\'2025-12-26 02:11:14\',NULL,\'Producteur Local\',4,\'retour\',863.8,505,317,\'ENT-00030\',\'2024-03-28 03:18:49\'), (\'2023-04-26 20:45:13\',\'2024-12-11 11:04:21\',\'2024-06-29 05:51:49\',NULL,\'Import Export SARL\',22,\'reapprovisionnement\',1449.9,328,22,\'ENT-00031\',\'2026-03-07 22:06:51\'), (\'2024-05-20 13:36:14\',\'2023-10-02 15:34:42\',\'2023-05-21 10:39:05\',NULL,\'Ferme Itasy\',18,\'ajustement\',86.8,267,7,\'ENT-00032\',\'2026-06-20 18:30:37\'), (\'2023-07-19 08:24:55\',\'2023-11-30 20:47:30\',\'2024-12-15 07:28:50\',NULL,\'Import Export SARL\',86,\'ajustement\',1239,220,152,\'ENT-00033\',\'2024-02-11 23:17:27\'), (\'2026-03-23 07:39:09\',\'2026-06-09 01:28:11\',\'2024-10-30 06:50:49\',NULL,\'Ferme Ambohimanga\',22,\'ajustement\',172.1,634,272,\'ENT-00034\',\'2023-07-04 02:27:46\'), (\'2026-01-22 08:35:54\',\'2023-06-26 21:32:47\',\'2026-01-29 05:35:59\',NULL,\'Ferme Ambohimanga\',55,\'ajustement\',1916.3,129,51,\'ENT-00035\',\'2025-08-14 09:46:02\'), (\'2025-05-20 11:05:58\',\'2024-01-26 05:24:33\',\'2026-06-29 16:27:36\',NULL,\'Grossiste Mahajanga\',74,\'ajustement\',1984.2,484,143,\'ENT-00036\',\'2024-01-26 22:06:36\'), (\'2025-04-19 03:44:40\',\'2025-05-30 16:31:24\',\'2024-07-06 05:46:25\',NULL,\'Grossiste Analakely\',76,\'retour\',330.4,333,194,\'ENT-00037\',\'2026-01-27 03:40:41\'), (\'2024-01-13 17:37:15\',\'2026-02-22 07:29:25\',\'2026-04-11 16:24:10\',NULL,\'Ferme Ambohimanga\',20,\'reapprovisionnement\',720.9,941,641,\'ENT-00038\',\'2025-09-21 13:36:29\'), (\'2023-06-15 00:16:57\',\'2025-12-14 07:12:43\',\'2026-04-04 19:19:20\',NULL,\'Cooperative Antsirabe\',94,\'reapprovisionnement\',739.3,341,148,\'ENT-00039\',\'2025-09-05 12:10:10\'), (\'2024-09-26 00:57:19\',\'2025-09-23 10:10:50\',\'2025-06-19 21:39:26\',NULL,\'Cooperative Antsirabe\',88,\'ajustement\',76.7,564,17,\'ENT-00040\',\'2025-09-01 06:05:42\'), (\'2023-08-13 04:23:58\',\'2023-11-29 03:07:52\',\'2026-06-13 09:30:41\',NULL,\'Ferme Ambohimanga\',65,\'ajustement\',394.6,344,185,\'ENT-00041\',\'2023-07-25 08:57:04\'), (\'2023-01-05 19:42:26\',\'2023-05-31 14:03:21\',\'2025-06-29 00:22:53\',NULL,\'Cooperative Antsirabe\',4,\'don\',1103.8,355,8,\'ENT-00042\',\'2025-07-10 23:21:34\'), (\'2024-05-21 03:48:43\',\'2024-10-24 20:24:04\',\'2024-08-25 06:00:10\',NULL,\'Ferme Ambohimanga\',67,\'retour\',326.4,649,381,\'ENT-00043\',\'2024-10-05 08:49:25\'), (\'2023-07-24 17:50:39\',\'2024-12-29 22:22:27\',\'2024-03-04 14:43:02\',NULL,\'Producteur Local\',34,\'reapprovisionnement\',1802.2,977,698,\'ENT-00044\',\'2023-03-25 20:07:47\'), (\'2026-05-18 20:33:21\',\'2023-05-25 20:02:41\',\'2023-10-21 09:52:59\',NULL,\'Producteur Local\',96,\'reapprovisionnement\',1173.9,372,330,\'ENT-00045\',\'2025-07-14 19:29:48\'), (\'2025-09-27 08:35:56\',\'2023-11-18 01:38:32\',\'2023-12-24 17:42:51\',NULL,\'Producteur Local\',66,\'don\',253,72,6,\'ENT-00046\',\'2024-02-07 04:32:20\'), (\'2024-02-25 09:38:39\',\'2025-12-14 20:39:31\',\'2023-09-11 10:32:20\',NULL,\'Import Export SARL\',57,\'reapprovisionnement\',837.1,808,778,\'ENT-00047\',\'2025-10-21 15:20:23\'), (\'2025-08-29 18:25:57\',\'2024-07-03 00:59:38\',\'2023-03-24 03:25:11\',NULL,\'Marche Anosibe\',100,\'reapprovisionnement\',1956.5,963,303,\'ENT-00048\',\'2023-01-13 22:49:14\'), (\'2024-07-02 15:23:00\',\'2026-05-08 17:00:56\',\'2026-03-31 00:31:04\',NULL,\'Cooperative Antsirabe\',85,\'don\',958,275,238,\'ENT-00049\',\'2025-02-20 15:34:16\'), (\'2024-10-31 00:22:41\',\'2024-08-12 16:02:41\',\'2024-08-15 00:17:52\',NULL,\'Import Export SARL\',100,\'don\',633.3,190,34,\'ENT-00050\',\'2025-10-25 19:21:04\'), (\'2026-01-07 20:14:13\',\'2025-08-13 23:20:21\',\'2025-10-30 18:11:39\',NULL,\'Marche Anosibe\',65,\'reapprovisionnement\',1877,188,17,\'ENT-00051\',\'2023-12-27 18:57:33\'), (\'2025-03-19 21:18:31\',\'2024-02-17 09:44:05\',\'2023-01-04 12:07:01\',NULL,\'Cooperative Antsirabe\',26,\'don\',322.9,559,131,\'ENT-00052\',\'2024-02-01 15:12:24\'), (\'2025-01-06 06:40:14\',\'2025-05-31 08:28:10\',\'2024-04-14 20:24:17\',NULL,\'Ferme Ambohimanga\',77,\'don\',1854.8,754,688,\'ENT-00053\',\'2023-05-09 05:13:06\'), (\'2026-07-08 20:15:03\',\'2023-07-18 17:23:02\',\'2026-07-01 19:01:47\',NULL,\'Ferme Itasy\',14,\'retour\',690.9,951,806,\'ENT-00054\',\'2025-04-17 00:33:04\'), (\'2024-05-13 15:40:45\',\'2024-06-15 16:50:50\',\'2025-09-22 08:13:07\',NULL,\'Cooperative Antsirabe\',62,\'don\',702.3,476,113,\'ENT-00055\',\'2026-07-01 07:50:41\'), (\'2024-08-08 13:00:39\',\'2025-08-01 00:43:37\',\'2023-04-27 23:54:06\',NULL,\'Ferme Ambohimanga\',96,\'reapprovisionnement\',1205.5,143,134,\'ENT-00056\',\'2023-07-29 17:37:31\'), (\'2026-03-14 14:11:45\',\'2026-04-10 11:33:26\',\'2026-07-09 20:57:48\',NULL,\'Import Export SARL\',34,\'retour\',592.7,850,124,\'ENT-00057\',\'2024-12-14 19:10:28\'), (\'2025-12-26 07:42:16\',\'2025-02-08 20:13:45\',\'2024-12-15 03:02:51\',NULL,\'Import Export SARL\',67,\'ajustement\',1807.3,279,154,\'ENT-00058\',\'2024-10-31 11:23:35\'), (\'2025-05-03 14:17:06\',\'2024-01-12 17:26:54\',\'2024-09-29 00:19:32\',NULL,\'Ferme Ambohimanga\',78,\'retour\',1187.7,451,311,\'ENT-00059\',\'2024-09-01 11:34:03\'), (\'2024-11-01 15:54:10\',\'2023-12-13 22:44:59\',\'2026-07-08 11:44:20\',NULL,\'Ferme Itasy\',80,\'retour\',110.1,430,18,\'ENT-00060\',\'2024-02-21 11:55:34\'), (\'2024-07-14 19:45:41\',\'2024-12-01 12:41:05\',\'2025-07-13 18:12:04\',NULL,\'Import Export SARL\',56,\'reapprovisionnement\',341.9,872,392,\'ENT-00061\',\'2026-05-31 08:17:28\'), (\'2024-09-25 02:31:44\',\'2025-04-07 01:00:56\',\'2023-01-16 21:55:42\',NULL,\'Import Export SARL\',65,\'don\',1126.4,403,382,\'ENT-00062\',\'2023-08-11 11:38:33\'), (\'2025-05-12 02:58:19\',\'2023-03-12 02:22:16\',\'2024-04-10 15:07:18\',NULL,\'Cooperative Antsirabe\',43,\'ajustement\',863.2,415,330,\'ENT-00063\',\'2024-11-05 03:42:13\'), (\'2024-02-17 05:21:14\',\'2024-01-29 12:47:56\',\'2023-02-21 20:25:11\',NULL,\'Marche Anosibe\',64,\'don\',597.7,786,679,\'ENT-00064\',\'2024-01-04 16:08:43\'), (\'2023-03-14 01:28:10\',\'2024-09-23 12:50:10\',\'2025-06-10 05:57:22\',NULL,\'Ferme Ambohimanga\',99,\'don\',1656.3,283,75,\'ENT-00065\',\'2024-08-24 11:44:31\'), (\'2025-04-05 17:05:07\',\'2023-10-15 18:57:23\',\'2025-03-09 18:40:06\',NULL,\'Cooperative Antsirabe\',8,\'retour\',1859.9,460,361,\'ENT-00066\',\'2026-05-31 21:06:31\'), (\'2025-05-28 10:23:54\',\'2023-12-02 13:51:20\',\'2023-12-11 02:30:56\',NULL,\'Grossiste Analakely\',70,\'reapprovisionnement\',564.6,178,150,\'ENT-00067\',\'2026-03-19 22:22:08\'), (\'2025-07-25 08:05:21\',\'2026-06-30 15:48:30\',\'2024-09-17 08:34:40\',NULL,\'Grossiste Analakely\',31,\'retour\',1455.7,214,20,\'ENT-00068\',\'2023-09-24 21:44:24\'), (\'2026-01-06 10:55:14\',\'2025-01-22 10:10:57\',\'2023-12-18 23:40:46\',NULL,\'Marche Anosibe\',97,\'ajustement\',1182.1,504,411,\'ENT-00069\',\'2025-02-22 18:36:39\'), (\'2023-09-24 01:09:28\',\'2025-05-31 05:11:13\',\'2023-10-21 21:20:29\',NULL,\'Grossiste Mahajanga\',99,\'don\',1854,878,608,\'ENT-00070\',\'2025-11-26 19:43:28\'), (\'2024-12-17 04:56:11\',\'2026-06-24 12:19:24\',\'2025-04-20 01:55:12\',NULL,\'Producteur Local\',34,\'ajustement\',762.4,581,31,\'ENT-00071\',\'2023-01-09 11:13:03\'), (\'2026-05-05 03:20:59\',\'2023-09-06 10:59:07\',\'2023-12-13 20:21:47\',NULL,\'Cooperative Antsirabe\',41,\'reapprovisionnement\',680.1,698,587,\'ENT-00072\',\'2023-01-19 19:30:29\'), (\'2024-05-30 16:41:48\',\'2023-10-07 18:37:50\',\'2023-01-29 21:23:05\',NULL,\'Producteur Local\',7,\'reapprovisionnement\',795.2,315,175,\'ENT-00073\',\'2025-10-10 11:24:09\'), (\'2024-07-16 03:40:20\',\'2025-05-01 08:45:32\',\'2023-12-07 08:44:59\',NULL,\'Marche Anosibe\',88,\'retour\',234.1,989,182,\'ENT-00074\',\'2025-04-19 05:18:02\'), (\'2024-09-04 06:56:10\',\'2023-01-17 20:01:21\',\'2024-12-07 17:22:48\',NULL,\'Grossiste Mahajanga\',83,\'reapprovisionnement\',1124.6,141,117,\'ENT-00075\',\'2024-06-23 07:19:22\'), (\'2025-04-13 00:19:22\',\'2025-03-12 08:23:00\',\'2024-06-12 08:21:18\',NULL,\'Marche Anosibe\',99,\'don\',1548.2,503,87,\'ENT-00076\',\'2025-08-03 16:51:23\'), (\'2024-11-11 15:36:24\',\'2023-03-13 04:08:57\',\'2025-07-01 15:41:55\',NULL,\'Cooperative Antsirabe\',9,\'ajustement\',1590.4,265,230,\'ENT-00077\',\'2023-03-10 08:40:07\'), (\'2025-03-07 08:14:07\',\'2025-01-30 00:20:49\',\'2023-04-01 07:17:35\',NULL,\'Grossiste Mahajanga\',86,\'don\',1580.7,482,181,\'ENT-00078\',\'2025-10-11 06:31:44\'), (\'2025-08-19 16:05:28\',\'2024-12-29 14:15:57\',\'2026-06-08 14:56:32\',NULL,\'Grossiste Mahajanga\',47,\'don\',1374.3,69,2,\'ENT-00079\',\'2026-05-19 05:32:25\'), (\'2023-05-30 04:51:06\',\'2025-01-29 10:50:44\',\'2023-06-06 08:02:44\',NULL,\'Cooperative Antsirabe\',93,\'ajustement\',502.1,720,162,\'ENT-00080\',\'2023-11-20 12:06:39\'), (\'2024-11-27 09:30:27\',\'2023-04-11 15:05:34\',\'2024-03-12 03:09:39\',NULL,\'Cooperative Antsirabe\',80,\'reapprovisionnement\',1618.6,745,458,\'ENT-00081\',\'2023-06-26 18:40:04\'), (\'2025-07-15 04:38:49\',\'2023-02-15 12:50:24\',\'2025-01-02 09:33:33\',NULL,\'Ferme Itasy\',94,\'retour\',1590,171,56,\'ENT-00082\',\'2025-10-26 03:08:30\'), (\'2024-10-10 12:04:02\',\'2025-12-07 00:14:52\',\'2024-08-31 04:35:13\',NULL,\'Import Export SARL\',70,\'reapprovisionnement\',1321.4,194,9,\'ENT-00083\',\'2023-03-07 22:18:47\'), (\'2024-10-17 13:48:22\',\'2024-12-26 22:13:33\',\'2025-03-18 05:55:32\',NULL,\'Producteur Local\',25,\'don\',1486.9,955,287,\'ENT-00084\',\'2025-09-12 14:20:18\'), (\'2023-11-23 08:27:02\',\'2025-07-01 02:11:19\',\'2023-07-05 10:23:45\',NULL,\'Marche Anosibe\',33,\'ajustement\',133.3,88,18,\'ENT-00085\',\'2024-12-04 17:36:50\'), (\'2023-12-28 10:54:44\',\'2024-06-17 16:14:29\',\'2024-08-24 23:17:06\',NULL,\'Cooperative Antsirabe\',11,\'reapprovisionnement\',1556.6,328,150,\'ENT-00086\',\'2025-07-24 00:37:29\'), (\'2024-10-26 20:24:25\',\'2026-07-06 22:34:28\',\'2026-02-20 17:02:28\',NULL,\'Grossiste Analakely\',7,\'retour\',1508.3,812,62,\'ENT-00087\',\'2024-09-27 03:47:23\'), (\'2025-07-08 06:46:51\',\'2025-07-24 22:36:43\',\'2026-02-15 01:06:28\',NULL,\'Marche Anosibe\',72,\'don\',837.8,889,102,\'ENT-00088\',\'2023-06-17 23:02:06\'), (\'2026-06-26 11:29:12\',\'2023-02-25 15:11:24\',\'2024-02-26 15:16:14\',NULL,\'Cooperative Antsirabe\',75,\'ajustement\',304.1,489,181,\'ENT-00089\',\'2026-04-20 22:48:33\'), (\'2024-04-19 10:22:44\',\'2025-07-23 20:09:37\',\'2024-09-22 22:15:25\',NULL,\'Grossiste Analakely\',74,\'ajustement\',927.7,888,742,\'ENT-00090\',\'2024-05-02 15:38:05\'), (\'2024-10-20 05:54:41\',\'2026-05-16 10:28:46\',\'2025-05-13 17:35:51\',NULL,\'Ferme Ambohimanga\',48,\'retour\',200.3,644,121,\'ENT-00091\',\'2025-08-21 16:36:25\'), (\'2024-06-06 21:59:21\',\'2023-07-25 05:10:48\',\'2023-02-14 13:31:28\',NULL,\'Ferme Itasy\',24,\'don\',557.9,545,325,\'ENT-00092\',\'2023-10-18 10:15:07\'), (\'2024-09-15 17:17:58\',\'2024-04-05 23:09:32\',\'2026-03-16 19:50:46\',NULL,\'Ferme Itasy\',81,\'retour\',1413.4,498,351,\'ENT-00093\',\'2025-03-06 13:50:24\'), (\'2023-03-25 14:33:37\',\'2025-04-23 01:19:21\',\'2024-05-14 13:59:36\',NULL,\'Cooperative Antsirabe\',73,\'reapprovisionnement\',785.2,629,570,\'ENT-00094\',\'2026-01-10 15:24:41\'), (\'2025-08-10 06:00:24\',\'2023-01-18 05:21:44\',\'2023-07-06 14:31:14\',NULL,\'Grossiste Mahajanga\',52,\'ajustement\',1567.1,85,27,\'ENT-00095\',\'2023-07-25 12:13:52\'), (\'2025-07-06 13:37:36\',\'2025-12-16 21:33:26\',\'2023-01-18 22:02:01\',NULL,\'Producteur Local\',52,\'retour\',563.4,797,744,\'ENT-00096\',\'2023-09-17 21:43:32\'), (\'2023-09-30 12:14:24\',\'2023-03-07 11:41:54\',\'2024-02-28 22:38:57\',NULL,\'Import Export SARL\',47,\'don\',1114.4,581,430,\'ENT-00097\',\'2024-10-26 04:50:56\'), (\'2025-05-25 01:54:01\',\'2024-05-15 04:57:33\',\'2025-04-20 00:25:36\',NULL,\'Import Export SARL\',77,\'retour\',482.1,987,601,\'ENT-00098\',\'2024-08-27 05:29:17\'), (\'2025-03-31 08:59:35\',\'2024-03-10 00:48:19\',\'2024-02-11 16:10:47\',NULL,\'Ferme Ambohimanga\',1,\'don\',115.7,692,649,\'ENT-00099\',\'2024-08-29 22:46:57\'), (\'2026-04-07 01:40:42\',\'2023-02-05 14:02:39\',\'2024-03-29 18:09:36\',NULL,\'Cooperative Antsirabe\',40,\'ajustement\',1687.2,614,543,\'ENT-00100\',\'2024-07-01 04:08:42\')')
 4 SYSTEMPATH\Database\BaseBuilder.php(1841): CodeIgniter\Database\BaseConnection->query('INSERT INTO `entree_stock` (`created_at`, `date_archivage`, `date_entree`, `deleted_at`, `fournisseur`, `id_produit`, `origine`, `prix_unitaire`, `quantite`, `quantite_restante`, `reference`, `updated_at`)
VALUES (\'2025-03-08 19:45:38\',\'2025-07-13 12:20:32\',\'2026-02-14 08:05:54\',NULL,\'Cooperative Antsirabe\',78,\'ajustement\',1834.7,282,165,\'ENT-00001\',\'2023-12-26 08:58:41\'), (\'2023-05-15 05:14:32\',\'2024-01-24 13:28:21\',\'2024-08-12 22:31:39\',NULL,\'Cooperative Antsirabe\',58,\'ajustement\',349.1,481,210,\'ENT-00002\',\'2026-05-13 18:42:20\'), (\'2024-01-22 02:04:56\',\'2023-09-01 00:05:28\',\'2023-06-08 20:14:55\',NULL,\'Cooperative Antsirabe\',75,\'ajustement\',396,953,880,\'ENT-00003\',\'2026-03-12 12:13:05\'), (\'2023-08-30 16:06:07\',\'2025-11-25 19:00:16\',\'2023-12-22 13:45:28\',NULL,\'Grossiste Analakely\',70,\'retour\',140.4,104,15,\'ENT-00004\',\'2024-08-01 21:43:50\'), (\'2026-06-23 04:39:05\',\'2025-07-11 23:55:49\',\'2024-12-17 13:28:51\',NULL,\'Grossiste Mahajanga\',28,\'reapprovisionnement\',999.4,892,91,\'ENT-00005\',\'2023-06-09 12:30:10\'), (\'2026-04-19 13:18:58\',\'2026-03-09 10:12:32\',\'2023-11-28 23:51:38\',NULL,\'Ferme Ambohimanga\',87,\'reapprovisionnement\',725.4,912,226,\'ENT-00006\',\'2023-08-19 12:29:13\'), (\'2025-01-08 06:55:43\',\'2025-03-15 13:43:39\',\'2025-07-07 22:22:24\',NULL,\'Marche Anosibe\',20,\'don\',832.3,231,24,\'ENT-00007\',\'2025-04-20 04:58:59\'), (\'2025-11-20 13:07:40\',\'2023-07-04 22:30:01\',\'2024-01-16 15:53:44\',NULL,\'Import Export SARL\',87,\'ajustement\',1205.4,181,166,\'ENT-00008\',\'2026-01-17 22:11:02\'), (\'2026-07-12 19:47:34\',\'2023-10-16 22:16:59\',\'2025-02-07 17:56:56\',NULL,\'Cooperative Antsirabe\',93,\'reapprovisionnement\',229.6,629,574,\'ENT-00009\',\'2024-11-19 04:27:04\'), (\'2024-09-25 13:49:47\',\'2024-11-17 13:38:36\',\'2023-07-01 05:39:06\',NULL,\'Ferme Ambohimanga\',8,\'ajustement\',687.5,672,174,\'ENT-00010\',\'2024-03-22 14:21:01\'), (\'2025-10-03 07:32:36\',\'2024-12-14 00:17:54\',\'2024-09-18 11:24:57\',NULL,\'Producteur Local\',6,\'ajustement\',558.1,306,215,\'ENT-00011\',\'2025-04-14 13:00:36\'), (\'2023-12-18 22:14:56\',\'2023-07-12 16:42:48\',\'2026-03-31 03:40:33\',NULL,\'Ferme Ambohimanga\',95,\'ajustement\',1374,187,153,\'ENT-00012\',\'2025-06-17 17:52:23\'), (\'2024-04-28 04:33:12\',\'2023-11-11 01:15:21\',\'2025-12-07 21:31:53\',NULL,\'Cooperative Antsirabe\',2,\'reapprovisionnement\',1872.4,391,87,\'ENT-00013\',\'2025-12-13 06:05:41\'), (\'2023-12-20 08:09:32\',\'2024-09-11 10:09:57\',\'2024-12-04 20:28:19\',NULL,\'Grossiste Analakely\',42,\'don\',670.9,236,224,\'ENT-00014\',\'2025-12-15 13:33:42\'), (\'2026-01-20 03:23:24\',\'2023-05-19 13:04:01\',\'2023-08-22 22:45:44\',NULL,\'Grossiste Mahajanga\',17,\'reapprovisionnement\',79.3,676,467,\'ENT-00015\',\'2024-04-08 18:31:53\'), (\'2024-06-02 11:00:17\',\'2023-05-28 03:14:06\',\'2025-04-23 03:36:04\',NULL,\'Import Export SARL\',12,\'retour\',278.9,484,275,\'ENT-00016\',\'2026-02-20 09:03:43\'), (\'2024-03-28 08:22:53\',\'2024-10-21 02:17:15\',\'2024-09-12 17:39:15\',NULL,\'Ferme Itasy\',89,\'retour\',1514.2,543,516,\'ENT-00017\',\'2025-12-16 08:28:46\'), (\'2024-02-04 03:49:29\',\'2025-06-27 03:30:29\',\'2025-10-23 15:46:53\',NULL,\'Import Export SARL\',48,\'reapprovisionnement\',1461,398,155,\'ENT-00018\',\'2024-10-27 01:05:59\'), (\'2023-01-15 20:45:36\',\'2026-04-16 13:17:13\',\'2023-05-28 03:26:17\',NULL,\'Import Export SARL\',5,\'don\',1793.1,311,127,\'ENT-00019\',\'2025-06-20 12:06:29\'), (\'2025-01-12 08:38:30\',\'2024-12-30 03:07:41\',\'2024-04-29 15:01:25\',NULL,\'Ferme Itasy\',86,\'reapprovisionnement\',635.8,436,216,\'ENT-00020\',\'2025-04-15 06:15:42\'), (\'2023-11-16 09:10:19\',\'2024-07-07 04:14:37\',\'2023-01-22 23:26:30\',NULL,\'Grossiste Analakely\',19,\'retour\',977.9,260,90,\'ENT-00021\',\'2023-06-11 15:44:28\'), (\'2023-01-31 04:42:49\',\'2024-12-06 00:43:14\',\'2026-06-15 08:21:37\',NULL,\'Import Export SARL\',43,\'ajustement\',1461.2,690,526,\'ENT-00022\',\'2023-06-08 01:46:34\'), (\'2023-09-08 11:53:32\',\'2024-11-19 07:28:30\',\'2023-12-04 01:47:17\',NULL,\'Grossiste Mahajanga\',42,\'reapprovisionnement\',799.8,593,531,\'ENT-00023\',\'2024-01-03 00:00:43\'), (\'2023-05-05 15:19:06\',\'2025-01-09 14:24:43\',\'2023-05-09 15:17:03\',NULL,\'Cooperative Antsirabe\',67,\'retour\',352.6,858,37,\'ENT-00024\',\'2024-12-30 09:24:48\'), (\'2025-09-15 10:49:07\',\'2025-01-15 12:44:45\',\'2024-10-08 05:35:02\',NULL,\'Import Export SARL\',62,\'ajustement\',951.5,584,194,\'ENT-00025\',\'2025-08-29 07:23:54\'), (\'2026-05-05 00:35:24\',\'2025-12-01 13:34:36\',\'2023-04-28 04:21:19\',NULL,\'Producteur Local\',33,\'reapprovisionnement\',1632.4,631,467,\'ENT-00026\',\'2023-05-17 01:57:58\'), (\'2025-01-03 12:10:14\',\'2024-10-18 03:08:06\',\'2023-09-25 09:05:46\',NULL,\'Ferme Itasy\',28,\'don\',369.7,893,404,\'ENT-00027\',\'2025-04-30 22:19:16\'), (\'2025-03-06 20:42:02\',\'2024-08-20 21:00:17\',\'2025-10-09 21:13:54\',NULL,\'Marche Anosibe\',12,\'retour\',858.2,909,274,\'ENT-00028\',\'2024-04-29 21:21:37\'), (\'2024-07-23 07:45:50\',\'2025-08-18 22:01:23\',\'2023-07-15 17:57:04\',NULL,\'Grossiste Analakely\',11,\'reapprovisionnement\',1513.6,683,542,\'ENT-00029\',\'2023-07-12 04:19:10\'), (\'2024-08-14 14:01:56\',\'2025-07-21 08:37:03\',\'2025-12-26 02:11:14\',NULL,\'Producteur Local\',4,\'retour\',863.8,505,317,\'ENT-00030\',\'2024-03-28 03:18:49\'), (\'2023-04-26 20:45:13\',\'2024-12-11 11:04:21\',\'2024-06-29 05:51:49\',NULL,\'Import Export SARL\',22,\'reapprovisionnement\',1449.9,328,22,\'ENT-00031\',\'2026-03-07 22:06:51\'), (\'2024-05-20 13:36:14\',\'2023-10-02 15:34:42\',\'2023-05-21 10:39:05\',NULL,\'Ferme Itasy\',18,\'ajustement\',86.8,267,7,\'ENT-00032\',\'2026-06-20 18:30:37\'), (\'2023-07-19 08:24:55\',\'2023-11-30 20:47:30\',\'2024-12-15 07:28:50\',NULL,\'Import Export SARL\',86,\'ajustement\',1239,220,152,\'ENT-00033\',\'2024-02-11 23:17:27\'), (\'2026-03-23 07:39:09\',\'2026-06-09 01:28:11\',\'2024-10-30 06:50:49\',NULL,\'Ferme Ambohimanga\',22,\'ajustement\',172.1,634,272,\'ENT-00034\',\'2023-07-04 02:27:46\'), (\'2026-01-22 08:35:54\',\'2023-06-26 21:32:47\',\'2026-01-29 05:35:59\',NULL,\'Ferme Ambohimanga\',55,\'ajustement\',1916.3,129,51,\'ENT-00035\',\'2025-08-14 09:46:02\'), (\'2025-05-20 11:05:58\',\'2024-01-26 05:24:33\',\'2026-06-29 16:27:36\',NULL,\'Grossiste Mahajanga\',74,\'ajustement\',1984.2,484,143,\'ENT-00036\',\'2024-01-26 22:06:36\'), (\'2025-04-19 03:44:40\',\'2025-05-30 16:31:24\',\'2024-07-06 05:46:25\',NULL,\'Grossiste Analakely\',76,\'retour\',330.4,333,194,\'ENT-00037\',\'2026-01-27 03:40:41\'), (\'2024-01-13 17:37:15\',\'2026-02-22 07:29:25\',\'2026-04-11 16:24:10\',NULL,\'Ferme Ambohimanga\',20,\'reapprovisionnement\',720.9,941,641,\'ENT-00038\',\'2025-09-21 13:36:29\'), (\'2023-06-15 00:16:57\',\'2025-12-14 07:12:43\',\'2026-04-04 19:19:20\',NULL,\'Cooperative Antsirabe\',94,\'reapprovisionnement\',739.3,341,148,\'ENT-00039\',\'2025-09-05 12:10:10\'), (\'2024-09-26 00:57:19\',\'2025-09-23 10:10:50\',\'2025-06-19 21:39:26\',NULL,\'Cooperative Antsirabe\',88,\'ajustement\',76.7,564,17,\'ENT-00040\',\'2025-09-01 06:05:42\'), (\'2023-08-13 04:23:58\',\'2023-11-29 03:07:52\',\'2026-06-13 09:30:41\',NULL,\'Ferme Ambohimanga\',65,\'ajustement\',394.6,344,185,\'ENT-00041\',\'2023-07-25 08:57:04\'), (\'2023-01-05 19:42:26\',\'2023-05-31 14:03:21\',\'2025-06-29 00:22:53\',NULL,\'Cooperative Antsirabe\',4,\'don\',1103.8,355,8,\'ENT-00042\',\'2025-07-10 23:21:34\'), (\'2024-05-21 03:48:43\',\'2024-10-24 20:24:04\',\'2024-08-25 06:00:10\',NULL,\'Ferme Ambohimanga\',67,\'retour\',326.4,649,381,\'ENT-00043\',\'2024-10-05 08:49:25\'), (\'2023-07-24 17:50:39\',\'2024-12-29 22:22:27\',\'2024-03-04 14:43:02\',NULL,\'Producteur Local\',34,\'reapprovisionnement\',1802.2,977,698,\'ENT-00044\',\'2023-03-25 20:07:47\'), (\'2026-05-18 20:33:21\',\'2023-05-25 20:02:41\',\'2023-10-21 09:52:59\',NULL,\'Producteur Local\',96,\'reapprovisionnement\',1173.9,372,330,\'ENT-00045\',\'2025-07-14 19:29:48\'), (\'2025-09-27 08:35:56\',\'2023-11-18 01:38:32\',\'2023-12-24 17:42:51\',NULL,\'Producteur Local\',66,\'don\',253,72,6,\'ENT-00046\',\'2024-02-07 04:32:20\'), (\'2024-02-25 09:38:39\',\'2025-12-14 20:39:31\',\'2023-09-11 10:32:20\',NULL,\'Import Export SARL\',57,\'reapprovisionnement\',837.1,808,778,\'ENT-00047\',\'2025-10-21 15:20:23\'), (\'2025-08-29 18:25:57\',\'2024-07-03 00:59:38\',\'2023-03-24 03:25:11\',NULL,\'Marche Anosibe\',100,\'reapprovisionnement\',1956.5,963,303,\'ENT-00048\',\'2023-01-13 22:49:14\'), (\'2024-07-02 15:23:00\',\'2026-05-08 17:00:56\',\'2026-03-31 00:31:04\',NULL,\'Cooperative Antsirabe\',85,\'don\',958,275,238,\'ENT-00049\',\'2025-02-20 15:34:16\'), (\'2024-10-31 00:22:41\',\'2024-08-12 16:02:41\',\'2024-08-15 00:17:52\',NULL,\'Import Export SARL\',100,\'don\',633.3,190,34,\'ENT-00050\',\'2025-10-25 19:21:04\'), (\'2026-01-07 20:14:13\',\'2025-08-13 23:20:21\',\'2025-10-30 18:11:39\',NULL,\'Marche Anosibe\',65,\'reapprovisionnement\',1877,188,17,\'ENT-00051\',\'2023-12-27 18:57:33\'), (\'2025-03-19 21:18:31\',\'2024-02-17 09:44:05\',\'2023-01-04 12:07:01\',NULL,\'Cooperative Antsirabe\',26,\'don\',322.9,559,131,\'ENT-00052\',\'2024-02-01 15:12:24\'), (\'2025-01-06 06:40:14\',\'2025-05-31 08:28:10\',\'2024-04-14 20:24:17\',NULL,\'Ferme Ambohimanga\',77,\'don\',1854.8,754,688,\'ENT-00053\',\'2023-05-09 05:13:06\'), (\'2026-07-08 20:15:03\',\'2023-07-18 17:23:02\',\'2026-07-01 19:01:47\',NULL,\'Ferme Itasy\',14,\'retour\',690.9,951,806,\'ENT-00054\',\'2025-04-17 00:33:04\'), (\'2024-05-13 15:40:45\',\'2024-06-15 16:50:50\',\'2025-09-22 08:13:07\',NULL,\'Cooperative Antsirabe\',62,\'don\',702.3,476,113,\'ENT-00055\',\'2026-07-01 07:50:41\'), (\'2024-08-08 13:00:39\',\'2025-08-01 00:43:37\',\'2023-04-27 23:54:06\',NULL,\'Ferme Ambohimanga\',96,\'reapprovisionnement\',1205.5,143,134,\'ENT-00056\',\'2023-07-29 17:37:31\'), (\'2026-03-14 14:11:45\',\'2026-04-10 11:33:26\',\'2026-07-09 20:57:48\',NULL,\'Import Export SARL\',34,\'retour\',592.7,850,124,\'ENT-00057\',\'2024-12-14 19:10:28\'), (\'2025-12-26 07:42:16\',\'2025-02-08 20:13:45\',\'2024-12-15 03:02:51\',NULL,\'Import Export SARL\',67,\'ajustement\',1807.3,279,154,\'ENT-00058\',\'2024-10-31 11:23:35\'), (\'2025-05-03 14:17:06\',\'2024-01-12 17:26:54\',\'2024-09-29 00:19:32\',NULL,\'Ferme Ambohimanga\',78,\'retour\',1187.7,451,311,\'ENT-00059\',\'2024-09-01 11:34:03\'), (\'2024-11-01 15:54:10\',\'2023-12-13 22:44:59\',\'2026-07-08 11:44:20\',NULL,\'Ferme Itasy\',80,\'retour\',110.1,430,18,\'ENT-00060\',\'2024-02-21 11:55:34\'), (\'2024-07-14 19:45:41\',\'2024-12-01 12:41:05\',\'2025-07-13 18:12:04\',NULL,\'Import Export SARL\',56,\'reapprovisionnement\',341.9,872,392,\'ENT-00061\',\'2026-05-31 08:17:28\'), (\'2024-09-25 02:31:44\',\'2025-04-07 01:00:56\',\'2023-01-16 21:55:42\',NULL,\'Import Export SARL\',65,\'don\',1126.4,403,382,\'ENT-00062\',\'2023-08-11 11:38:33\'), (\'2025-05-12 02:58:19\',\'2023-03-12 02:22:16\',\'2024-04-10 15:07:18\',NULL,\'Cooperative Antsirabe\',43,\'ajustement\',863.2,415,330,\'ENT-00063\',\'2024-11-05 03:42:13\'), (\'2024-02-17 05:21:14\',\'2024-01-29 12:47:56\',\'2023-02-21 20:25:11\',NULL,\'Marche Anosibe\',64,\'don\',597.7,786,679,\'ENT-00064\',\'2024-01-04 16:08:43\'), (\'2023-03-14 01:28:10\',\'2024-09-23 12:50:10\',\'2025-06-10 05:57:22\',NULL,\'Ferme Ambohimanga\',99,\'don\',1656.3,283,75,\'ENT-00065\',\'2024-08-24 11:44:31\'), (\'2025-04-05 17:05:07\',\'2023-10-15 18:57:23\',\'2025-03-09 18:40:06\',NULL,\'Cooperative Antsirabe\',8,\'retour\',1859.9,460,361,\'ENT-00066\',\'2026-05-31 21:06:31\'), (\'2025-05-28 10:23:54\',\'2023-12-02 13:51:20\',\'2023-12-11 02:30:56\',NULL,\'Grossiste Analakely\',70,\'reapprovisionnement\',564.6,178,150,\'ENT-00067\',\'2026-03-19 22:22:08\'), (\'2025-07-25 08:05:21\',\'2026-06-30 15:48:30\',\'2024-09-17 08:34:40\',NULL,\'Grossiste Analakely\',31,\'retour\',1455.7,214,20,\'ENT-00068\',\'2023-09-24 21:44:24\'), (\'2026-01-06 10:55:14\',\'2025-01-22 10:10:57\',\'2023-12-18 23:40:46\',NULL,\'Marche Anosibe\',97,\'ajustement\',1182.1,504,411,\'ENT-00069\',\'2025-02-22 18:36:39\'), (\'2023-09-24 01:09:28\',\'2025-05-31 05:11:13\',\'2023-10-21 21:20:29\',NULL,\'Grossiste Mahajanga\',99,\'don\',1854,878,608,\'ENT-00070\',\'2025-11-26 19:43:28\'), (\'2024-12-17 04:56:11\',\'2026-06-24 12:19:24\',\'2025-04-20 01:55:12\',NULL,\'Producteur Local\',34,\'ajustement\',762.4,581,31,\'ENT-00071\',\'2023-01-09 11:13:03\'), (\'2026-05-05 03:20:59\',\'2023-09-06 10:59:07\',\'2023-12-13 20:21:47\',NULL,\'Cooperative Antsirabe\',41,\'reapprovisionnement\',680.1,698,587,\'ENT-00072\',\'2023-01-19 19:30:29\'), (\'2024-05-30 16:41:48\',\'2023-10-07 18:37:50\',\'2023-01-29 21:23:05\',NULL,\'Producteur Local\',7,\'reapprovisionnement\',795.2,315,175,\'ENT-00073\',\'2025-10-10 11:24:09\'), (\'2024-07-16 03:40:20\',\'2025-05-01 08:45:32\',\'2023-12-07 08:44:59\',NULL,\'Marche Anosibe\',88,\'retour\',234.1,989,182,\'ENT-00074\',\'2025-04-19 05:18:02\'), (\'2024-09-04 06:56:10\',\'2023-01-17 20:01:21\',\'2024-12-07 17:22:48\',NULL,\'Grossiste Mahajanga\',83,\'reapprovisionnement\',1124.6,141,117,\'ENT-00075\',\'2024-06-23 07:19:22\'), (\'2025-04-13 00:19:22\',\'2025-03-12 08:23:00\',\'2024-06-12 08:21:18\',NULL,\'Marche Anosibe\',99,\'don\',1548.2,503,87,\'ENT-00076\',\'2025-08-03 16:51:23\'), (\'2024-11-11 15:36:24\',\'2023-03-13 04:08:57\',\'2025-07-01 15:41:55\',NULL,\'Cooperative Antsirabe\',9,\'ajustement\',1590.4,265,230,\'ENT-00077\',\'2023-03-10 08:40:07\'), (\'2025-03-07 08:14:07\',\'2025-01-30 00:20:49\',\'2023-04-01 07:17:35\',NULL,\'Grossiste Mahajanga\',86,\'don\',1580.7,482,181,\'ENT-00078\',\'2025-10-11 06:31:44\'), (\'2025-08-19 16:05:28\',\'2024-12-29 14:15:57\',\'2026-06-08 14:56:32\',NULL,\'Grossiste Mahajanga\',47,\'don\',1374.3,69,2,\'ENT-00079\',\'2026-05-19 05:32:25\'), (\'2023-05-30 04:51:06\',\'2025-01-29 10:50:44\',\'2023-06-06 08:02:44\',NULL,\'Cooperative Antsirabe\',93,\'ajustement\',502.1,720,162,\'ENT-00080\',\'2023-11-20 12:06:39\'), (\'2024-11-27 09:30:27\',\'2023-04-11 15:05:34\',\'2024-03-12 03:09:39\',NULL,\'Cooperative Antsirabe\',80,\'reapprovisionnement\',1618.6,745,458,\'ENT-00081\',\'2023-06-26 18:40:04\'), (\'2025-07-15 04:38:49\',\'2023-02-15 12:50:24\',\'2025-01-02 09:33:33\',NULL,\'Ferme Itasy\',94,\'retour\',1590,171,56,\'ENT-00082\',\'2025-10-26 03:08:30\'), (\'2024-10-10 12:04:02\',\'2025-12-07 00:14:52\',\'2024-08-31 04:35:13\',NULL,\'Import Export SARL\',70,\'reapprovisionnement\',1321.4,194,9,\'ENT-00083\',\'2023-03-07 22:18:47\'), (\'2024-10-17 13:48:22\',\'2024-12-26 22:13:33\',\'2025-03-18 05:55:32\',NULL,\'Producteur Local\',25,\'don\',1486.9,955,287,\'ENT-00084\',\'2025-09-12 14:20:18\'), (\'2023-11-23 08:27:02\',\'2025-07-01 02:11:19\',\'2023-07-05 10:23:45\',NULL,\'Marche Anosibe\',33,\'ajustement\',133.3,88,18,\'ENT-00085\',\'2024-12-04 17:36:50\'), (\'2023-12-28 10:54:44\',\'2024-06-17 16:14:29\',\'2024-08-24 23:17:06\',NULL,\'Cooperative Antsirabe\',11,\'reapprovisionnement\',1556.6,328,150,\'ENT-00086\',\'2025-07-24 00:37:29\'), (\'2024-10-26 20:24:25\',\'2026-07-06 22:34:28\',\'2026-02-20 17:02:28\',NULL,\'Grossiste Analakely\',7,\'retour\',1508.3,812,62,\'ENT-00087\',\'2024-09-27 03:47:23\'), (\'2025-07-08 06:46:51\',\'2025-07-24 22:36:43\',\'2026-02-15 01:06:28\',NULL,\'Marche Anosibe\',72,\'don\',837.8,889,102,\'ENT-00088\',\'2023-06-17 23:02:06\'), (\'2026-06-26 11:29:12\',\'2023-02-25 15:11:24\',\'2024-02-26 15:16:14\',NULL,\'Cooperative Antsirabe\',75,\'ajustement\',304.1,489,181,\'ENT-00089\',\'2026-04-20 22:48:33\'), (\'2024-04-19 10:22:44\',\'2025-07-23 20:09:37\',\'2024-09-22 22:15:25\',NULL,\'Grossiste Analakely\',74,\'ajustement\',927.7,888,742,\'ENT-00090\',\'2024-05-02 15:38:05\'), (\'2024-10-20 05:54:41\',\'2026-05-16 10:28:46\',\'2025-05-13 17:35:51\',NULL,\'Ferme Ambohimanga\',48,\'retour\',200.3,644,121,\'ENT-00091\',\'2025-08-21 16:36:25\'), (\'2024-06-06 21:59:21\',\'2023-07-25 05:10:48\',\'2023-02-14 13:31:28\',NULL,\'Ferme Itasy\',24,\'don\',557.9,545,325,\'ENT-00092\',\'2023-10-18 10:15:07\'), (\'2024-09-15 17:17:58\',\'2024-04-05 23:09:32\',\'2026-03-16 19:50:46\',NULL,\'Ferme Itasy\',81,\'retour\',1413.4,498,351,\'ENT-00093\',\'2025-03-06 13:50:24\'), (\'2023-03-25 14:33:37\',\'2025-04-23 01:19:21\',\'2024-05-14 13:59:36\',NULL,\'Cooperative Antsirabe\',73,\'reapprovisionnement\',785.2,629,570,\'ENT-00094\',\'2026-01-10 15:24:41\'), (\'2025-08-10 06:00:24\',\'2023-01-18 05:21:44\',\'2023-07-06 14:31:14\',NULL,\'Grossiste Mahajanga\',52,\'ajustement\',1567.1,85,27,\'ENT-00095\',\'2023-07-25 12:13:52\'), (\'2025-07-06 13:37:36\',\'2025-12-16 21:33:26\',\'2023-01-18 22:02:01\',NULL,\'Producteur Local\',52,\'retour\',563.4,797,744,\'ENT-00096\',\'2023-09-17 21:43:32\'), (\'2023-09-30 12:14:24\',\'2023-03-07 11:41:54\',\'2024-02-28 22:38:57\',NULL,\'Import Export SARL\',47,\'don\',1114.4,581,430,\'ENT-00097\',\'2024-10-26 04:50:56\'), (\'2025-05-25 01:54:01\',\'2024-05-15 04:57:33\',\'2025-04-20 00:25:36\',NULL,\'Import Export SARL\',77,\'retour\',482.1,987,601,\'ENT-00098\',\'2024-08-27 05:29:17\'), (\'2025-03-31 08:59:35\',\'2024-03-10 00:48:19\',\'2024-02-11 16:10:47\',NULL,\'Ferme Ambohimanga\',1,\'don\',115.7,692,649,\'ENT-00099\',\'2024-08-29 22:46:57\'), (\'2026-04-07 01:40:42\',\'2023-02-05 14:02:39\',\'2024-03-29 18:09:36\',NULL,\'Cooperative Antsirabe\',40,\'ajustement\',1687.2,614,543,\'ENT-00100\',\'2024-07-01 04:08:42\')', null, false)
 5 SYSTEMPATH\Database\BaseBuilder.php(2230): CodeIgniter\Database\BaseBuilder->batchExecute('_insertBatch', 100)
 6 APPPATH\Database\Seeds\DonneeSeeder.php(216): CodeIgniter\Database\BaseBuilder->insertBatch([...])
 7 SYSTEMPATH\Database\Seeder.php(155): App\Database\Seeds\DonneeSeeder->run()
 8 SYSTEMPATH\Commands\Database\Seed.php(79): CodeIgniter\Database\Seeder->call('App\\Database\\Seeds\\DonneeSeeder')
 9 SYSTEMPATH\CLI\Commands.php(74): CodeIgniter\Commands\Database\Seed->run([])
10 SYSTEMPATH\CLI\Console.php(47): CodeIgniter\CLI\Commands->run('db:seed', [...])
11 SYSTEMPATH\Boot.php(442): CodeIgniter\CLI\Console->run()
12 SYSTEMPATH\Boot.php(166): CodeIgniter\Boot::runCommand(Object(CodeIgniter\CLI\Console))
13 ROOTPATH\spark(87): CodeIgniter\Boot::bootSpark(Object(Config\Paths))
DEBUG - 2026-07-12 22:52:39 --> Session: Class initialized using 'CodeIgniter\Session\Handlers\FileHandler' driver.
DEBUG - 2026-07-12 22:52:39 --> Session: Class initialized using 'CodeIgniter\Session\Handlers\FileHandler' driver.
DEBUG - 2026-07-12 22:52:58 --> Session: Class initialized using 'CodeIgniter\Session\Handlers\FileHandler' driver.
DEBUG - 2026-07-12 22:52:58 --> Session: Class initialized using 'CodeIgniter\Session\Handlers\FileHandler' driver.
DEBUG - 2026-07-12 22:53:04 --> Session: Class initialized using 'CodeIgniter\Session\Handlers\FileHandler' driver.
DEBUG - 2026-07-12 22:53:07 --> Session: Class initialized using 'CodeIgniter\Session\Handlers\FileHandler' driver.
DEBUG - 2026-07-12 22:53:13 --> Session: Class initialized using 'CodeIgniter\Session\Handlers\FileHandler' driver.
DEBUG - 2026-07-12 22:53:16 --> Session: Class initialized using 'CodeIgniter\Session\Handlers\FileHandler' driver.
DEBUG - 2026-07-12 22:53:19 --> Session: Class initialized using 'CodeIgniter\Session\Handlers\FileHandler' driver.
DEBUG - 2026-07-12 22:53:20 --> Session: Class initialized using 'CodeIgniter\Session\Handlers\FileHandler' driver.
DEBUG - 2026-07-12 22:53:21 --> Session: Class initialized using 'CodeIgniter\Session\Handlers\FileHandler' driver.
DEBUG - 2026-07-12 22:53:22 --> Session: Class initialized using 'CodeIgniter\Session\Handlers\FileHandler' driver.
DEBUG - 2026-07-12 22:53:24 --> Session: Class initialized using 'CodeIgniter\Session\Handlers\FileHandler' driver.
DEBUG - 2026-07-12 22:53:24 --> Session: Class initialized using 'CodeIgniter\Session\Handlers\FileHandler' driver.
DEBUG - 2026-07-12 22:53:24 --> Session: Class initialized using 'CodeIgniter\Session\Handlers\FileHandler' driver.
DEBUG - 2026-07-12 22:53:28 --> Session: Class initialized using 'CodeIgniter\Session\Handlers\FileHandler' driver.
DEBUG - 2026-07-12 22:53:29 --> Session: Class initialized using 'CodeIgniter\Session\Handlers\FileHandler' driver.
DEBUG - 2026-07-12 22:53:33 --> Session: Class initialized using 'CodeIgniter\Session\Handlers\FileHandler' driver.
DEBUG - 2026-07-12 22:53:34 --> Session: Class initialized using 'CodeIgniter\Session\Handlers\FileHandler' driver.
DEBUG - 2026-07-12 22:53:35 --> Session: Class initialized using 'CodeIgniter\Session\Handlers\FileHandler' driver.
DEBUG - 2026-07-12 22:53:35 --> Session: Class initialized using 'CodeIgniter\Session\Handlers\FileHandler' driver.
DEBUG - 2026-07-12 22:53:36 --> Session: Class initialized using 'CodeIgniter\Session\Handlers\FileHandler' driver.
DEBUG - 2026-07-12 22:53:37 --> Session: Class initialized using 'CodeIgniter\Session\Handlers\FileHandler' driver.
DEBUG - 2026-07-12 22:53:40 --> Session: Class initialized using 'CodeIgniter\Session\Handlers\FileHandler' driver.
DEBUG - 2026-07-12 22:53:41 --> Session: Class initialized using 'CodeIgniter\Session\Handlers\FileHandler' driver.
DEBUG - 2026-07-12 22:53:41 --> Session: Class initialized using 'CodeIgniter\Session\Handlers\FileHandler' driver.
DEBUG - 2026-07-12 22:53:42 --> Session: Class initialized using 'CodeIgniter\Session\Handlers\FileHandler' driver.
DEBUG - 2026-07-12 22:53:45 --> Session: Class initialized using 'CodeIgniter\Session\Handlers\FileHandler' driver.
ERROR - 2026-07-12 22:56:28 --> Cannot add or update a child row: a foreign key constraint fails (`eco_panier_s4_2026`.`detail_sortie`, CONSTRAINT `detail_sortie_id_sortie_foreign` FOREIGN KEY (`id_sortie`) REFERENCES `sortie_stock` (`id`) ON DELETE CASCADE ON UPDATE CASCADE)
in SYSTEMPATH\Database\MySQLi\Connection.php on line 300.
 1 SYSTEMPATH\Database\MySQLi\Connection.php(300): mysqli->query('INSERT INTO `detail_sortie` (`created_at`, `deleted_at`, `id_entree`, `id_sortie`, `montant`, `prix_unitaire`, `quantite_pris`, `updated_at`)
VALUES (\'2024-06-30 09:37:31\',NULL,86,20,42744,1424.8,30,\'2025-06-15 06:27:50\'), (\'2024-11-16 15:55:51\',NULL,82,2,77725,1554.5,50,\'2024-07-18 05:38:35\'), (\'2024-09-25 17:58:50\',NULL,98,58,78277.2,1820.4,43,\'2024-06-02 00:09:34\'), (\'2024-08-05 22:57:17\',NULL,90,77,78645,1572.9,50,\'2023-05-17 18:34:26\'), (\'2026-02-03 13:47:18\',NULL,18,73,8244,206.1,40,\'2026-05-29 13:25:49\'), (\'2024-08-11 06:10:38\',NULL,51,79,43467.9,887.1,49,\'2023-08-31 20:31:37\'), (\'2026-01-29 01:19:50\',NULL,24,84,27987.2,1749.2,16,\'2024-09-27 17:56:33\'), (\'2026-04-10 02:52:36\',NULL,47,96,27703.2,989.4,28,\'2023-04-18 20:31:15\'), (\'2023-08-15 20:16:12\',NULL,7,98,4155.2,593.6,7,\'2023-09-20 21:13:10\'), (\'2026-07-09 01:03:58\',NULL,93,67,483.4,241.7,2,\'2024-09-14 05:13:22\'), (\'2024-01-24 17:08:48\',NULL,83,80,30628.5,875.1,35,\'2024-10-02 04:15:53\'), (\'2023-08-05 17:39:17\',NULL,41,37,2651,120.5,22,\'2024-06-21 01:40:19\'), (\'2025-07-20 12:25:20\',NULL,71,14,1844,922,2,\'2025-10-25 21:18:55\'), (\'2023-10-15 22:48:36\',NULL,86,34,45269.4,1191.3,38,\'2025-09-23 11:22:01\'), (\'2024-02-21 13:52:10\',NULL,15,66,30806.2,832.6,37,\'2024-01-30 12:37:22\'), (\'2026-05-24 05:05:56\',NULL,97,55,361.6,90.4,4,\'2023-01-13 20:49:46\'), (\'2025-09-25 20:22:19\',NULL,69,73,36628.8,763.1,48,\'2025-06-28 06:50:59\'), (\'2023-05-18 13:05:50\',NULL,83,59,15922,1592.2,10,\'2023-07-21 01:53:07\'), (\'2024-10-07 22:31:56\',NULL,2,83,29274,861,34,\'2025-12-31 04:39:34\'), (\'2025-03-20 00:45:54\',NULL,20,61,48174.8,1661.2,29,\'2026-01-18 00:13:01\'), (\'2025-01-26 13:58:22\',NULL,87,57,1409.4,234.9,6,\'2025-05-01 04:53:50\'), (\'2023-06-05 10:42:32\',NULL,10,13,14282.4,432.8,33,\'2024-09-06 21:00:42\'), (\'2026-03-29 09:02:46\',NULL,26,45,4572,508,9,\'2023-10-29 03:19:14\'), (\'2024-11-24 15:40:34\',NULL,53,86,18028.8,1001.6,18,\'2023-06-13 03:26:36\'), (\'2023-02-02 01:25:55\',NULL,60,49,3774.6,209.7,18,\'2023-12-03 17:22:37\'), (\'2024-10-18 05:40:09\',NULL,36,70,33465.6,1045.8,32,\'2023-10-27 12:16:57\'), (\'2024-07-28 08:16:36\',NULL,27,60,24260.4,1054.8,23,\'2025-11-02 03:45:17\'), (\'2024-05-08 02:16:38\',NULL,75,50,15005.7,1667.3,9,\'2023-12-12 08:32:15\'), (\'2024-09-30 07:20:38\',NULL,3,60,30699,1137,27,\'2025-06-04 04:49:50\'), (\'2025-01-20 05:23:21\',NULL,55,71,10189.5,679.3,15,\'2025-03-02 22:53:32\'), (\'2023-01-18 23:04:49\',NULL,6,53,55500,1387.5,40,\'2023-12-14 22:24:41\'), (\'2025-02-19 13:13:55\',NULL,77,48,31694,1584.7,20,\'2024-05-19 21:52:58\'), (\'2024-04-07 22:33:03\',NULL,55,46,18111.6,670.8,27,\'2025-02-07 21:53:10\'), (\'2024-06-16 13:02:32\',NULL,30,99,29820,1065,28,\'2024-07-26 10:25:13\'), (\'2023-07-12 21:39:31\',NULL,40,48,29018,1450.9,20,\'2026-03-01 10:37:52\'), (\'2025-10-14 20:56:57\',NULL,100,53,1677.2,838.6,2,\'2024-12-06 12:47:36\'), (\'2025-01-23 21:08:14\',NULL,86,54,2054.7,76.1,27,\'2026-01-31 17:09:20\'), (\'2026-04-20 19:59:21\',NULL,58,67,23562,785.4,30,\'2026-01-11 01:29:29\'), (\'2025-10-29 01:22:49\',NULL,44,13,23248.4,505.4,46,\'2024-11-11 12:13:10\'), (\'2025-01-25 15:04:48\',NULL,62,84,13262.2,947.3,14,\'2024-05-31 11:56:07\'), (\'2023-06-26 15:41:54\',NULL,83,3,17354.6,456.7,38,\'2025-12-19 03:44:37\'), (\'2024-12-03 03:03:18\',NULL,22,12,71975.5,1755.5,41,\'2024-05-07 19:15:27\'), (\'2023-05-12 07:49:14\',NULL,68,92,2862,715.5,4,\'2023-08-26 12:27:51\'), (\'2025-08-27 20:44:09\',NULL,20,91,36108.1,736.9,49,\'2024-01-12 09:57:15\'), (\'2025-11-19 22:20:03\',NULL,29,62,36230.4,1065.6,34,\'2024-10-21 12:55:48\'), (\'2025-06-22 19:05:22\',NULL,40,65,21272.4,1119.6,19,\'2023-02-14 22:55:21\'), (\'2026-02-04 14:58:10\',NULL,28,94,49682.7,1840.1,27,\'2023-01-17 08:36:52\'), (\'2023-01-21 16:43:27\',NULL,30,36,16776.2,1198.3,14,\'2026-04-03 05:53:27\'), (\'2025-02-13 12:33:26\',NULL,52,52,28740.4,1105.4,26,\'2023-01-15 22:19:10\'), (\'2024-05-15 09:38:05\',NULL,100,87,9270.1,545.3,17,\'2025-05-13 08:15:11\'), (\'2024-09-01 01:54:38\',NULL,32,43,10593,353.1,30,\'2023-05-13 02:38:38\'), (\'2025-02-17 07:19:43\',NULL,9,54,4335,289,15,\'2023-09-11 14:55:26\'), (\'2023-08-12 17:20:39\',NULL,59,20,38756.2,1019.9,38,\'2025-09-22 14:43:35\'), (\'2025-02-14 20:27:02\',NULL,43,18,29770,1488.5,20,\'2023-08-19 12:17:58\'), (\'2024-05-10 16:27:13\',NULL,44,51,3254.4,180.8,18,\'2023-07-08 11:39:39\'), (\'2025-07-17 08:33:59\',NULL,57,46,51883,1995.5,26,\'2024-07-19 14:15:05\'), (\'2023-11-13 00:10:09\',NULL,29,9,14700.4,1336.4,11,\'2023-07-07 17:00:21\'), (\'2025-06-09 07:29:05\',NULL,88,47,39185.1,1703.7,23,\'2023-08-01 12:45:01\'), (\'2025-10-31 23:03:52\',NULL,72,87,33805.2,768.3,44,\'2023-02-11 07:02:02\'), (\'2026-03-12 08:33:06\',NULL,72,71,36766.8,1313.1,28,\'2023-07-24 12:02:42\'), (\'2024-03-12 08:30:59\',NULL,71,54,25555.6,1825.4,14,\'2024-11-25 14:22:52\'), (\'2025-04-28 21:09:46\',NULL,4,45,31403.4,1495.4,21,\'2024-11-27 06:28:27\'), (\'2023-03-19 09:57:33\',NULL,71,80,10602.9,504.9,21,\'2023-02-06 08:05:02\'), (\'2024-08-03 07:27:23\',NULL,70,87,2304.3,768.1,3,\'2024-04-29 13:04:28\'), (\'2026-06-08 03:20:57\',NULL,79,55,37073.4,882.7,42,\'2024-01-11 03:22:14\'), (\'2025-04-12 15:16:09\',NULL,51,23,43866.9,1329.3,33,\'2024-05-05 20:52:02\'), (\'2024-05-30 21:37:58\',NULL,17,82,57645,1647,35,\'2024-08-04 06:51:11\'), (\'2025-09-20 09:25:25\',NULL,53,63,7130,230,31,\'2024-03-12 06:37:01\'), (\'2024-12-21 18:39:03\',NULL,13,80,88679.6,1886.8,47,\'2023-04-11 19:16:29\'), (\'2024-03-31 16:45:01\',NULL,40,48,3539.4,589.9,6,\'2024-05-13 15:46:26\'), (\'2025-05-31 03:21:33\',NULL,5,41,59412,1485.3,40,\'2024-10-27 04:23:49\'), (\'2026-06-30 09:43:59\',NULL,69,38,55195.8,1672.6,33,\'2025-08-31 15:17:13\'), (\'2024-05-02 04:41:39\',NULL,88,19,93668.4,1911.6,49,\'2025-01-11 15:12:27\'), (\'2025-07-21 21:16:51\',NULL,83,93,523.1,523.1,1,\'2025-11-15 06:16:09\'), (\'2023-01-19 07:01:32\',NULL,95,51,8933.1,812.1,11,\'2025-07-25 15:08:42\'), (\'2026-02-27 04:16:08\',NULL,85,97,22925.7,849.1,27,\'2025-02-06 09:12:32\'), (\'2023-05-09 19:47:22\',NULL,93,51,24018,1601.2,15,\'2023-05-01 23:52:38\'), (\'2024-08-07 22:01:09\',NULL,77,38,5937,1187.4,5,\'2023-11-24 14:58:10\'), (\'2023-09-26 23:12:53\',NULL,4,35,9584.4,342.3,28,\'2026-05-26 03:37:39\'), (\'2024-05-26 01:28:14\',NULL,66,51,49444.8,1030.1,48,\'2025-01-01 05:05:09\'), (\'2024-02-17 16:50:02\',NULL,96,88,31715.6,674.8,47,\'2026-06-30 09:42:56\'), (\'2023-01-31 22:02:44\',NULL,11,35,13351.2,1112.6,12,\'2024-02-15 17:09:55\'), (\'2023-04-24 10:11:19\',NULL,76,91,3711.6,412.4,9,\'2024-05-05 06:21:19\'), (\'2023-09-11 20:49:51\',NULL,25,20,63889.4,1879.1,34,\'2025-02-08 23:41:25\'), (\'2024-10-14 04:42:49\',NULL,18,79,8432.5,1686.5,5,\'2024-07-11 01:07:24\'), (\'2023-01-23 11:19:25\',NULL,82,84,4785,957,5,\'2025-06-25 13:22:49\'), (\'2023-05-10 13:56:02\',NULL,87,66,24612.3,1070.1,23,\'2024-09-11 16:48:32\'), (\'2023-08-09 12:22:33\',NULL,57,44,8188.4,186.1,44,\'2025-05-28 07:59:11\'), (\'2023-03-28 11:30:49\',NULL,68,84,16081.2,595.6,27,\'2025-05-11 01:52:42\'), (\'2026-02-26 14:48:43\',NULL,40,13,1467.5,1467.5,1,\'2025-11-18 05:47:32\'), (\'2024-11-01 07:14:19\',NULL,42,60,28564.8,649.2,44,\'2025-02-25 14:25:03\'), (\'2025-07-26 08:07:58\',NULL,28,42,5702.4,211.2,27,\'2025-02-09 06:03:58\'), (\'2025-03-10 16:39:54\',NULL,96,39,56541.6,1570.6,36,\'2025-12-13 12:01:52\'), (\'2023-07-09 23:33:40\',NULL,56,62,73759.5,1993.5,37,\'2025-07-03 00:10:52\'), (\'2024-03-22 23:14:44\',NULL,67,97,53161.9,1714.9,31,\'2025-10-24 06:41:14\'), (\'2023-12-18 03:12:24\',NULL,48,99,8544,356,24,\'2024-07-30 13:24:18\'), (\'2025-01-02 05:03:24\',NULL,46,63,13947.5,557.9,25,\'2025-01-12 06:51:14\'), (\'2025-03-11 08:25:49\',NULL,68,12,16338.6,563.4,29,\'2025-08-16 18:10:46\'), (\'2023-11-13 20:32:10\',NULL,16,5,18565.6,807.2,23,\'2025-06-26 23:21:25\'), (\'2026-06-30 07:17:23\',NULL,97,26,25846.2,1435.9,18,\'2025-03-22 15:49:02\')', 0)
 2 SYSTEMPATH\Database\BaseConnection.php(910): CodeIgniter\Database\MySQLi\Connection->execute('INSERT INTO `detail_sortie` (`created_at`, `deleted_at`, `id_entree`, `id_sortie`, `montant`, `prix_unitaire`, `quantite_pris`, `updated_at`)
VALUES (\'2024-06-30 09:37:31\',NULL,86,20,42744,1424.8,30,\'2025-06-15 06:27:50\'), (\'2024-11-16 15:55:51\',NULL,82,2,77725,1554.5,50,\'2024-07-18 05:38:35\'), (\'2024-09-25 17:58:50\',NULL,98,58,78277.2,1820.4,43,\'2024-06-02 00:09:34\'), (\'2024-08-05 22:57:17\',NULL,90,77,78645,1572.9,50,\'2023-05-17 18:34:26\'), (\'2026-02-03 13:47:18\',NULL,18,73,8244,206.1,40,\'2026-05-29 13:25:49\'), (\'2024-08-11 06:10:38\',NULL,51,79,43467.9,887.1,49,\'2023-08-31 20:31:37\'), (\'2026-01-29 01:19:50\',NULL,24,84,27987.2,1749.2,16,\'2024-09-27 17:56:33\'), (\'2026-04-10 02:52:36\',NULL,47,96,27703.2,989.4,28,\'2023-04-18 20:31:15\'), (\'2023-08-15 20:16:12\',NULL,7,98,4155.2,593.6,7,\'2023-09-20 21:13:10\'), (\'2026-07-09 01:03:58\',NULL,93,67,483.4,241.7,2,\'2024-09-14 05:13:22\'), (\'2024-01-24 17:08:48\',NULL,83,80,30628.5,875.1,35,\'2024-10-02 04:15:53\'), (\'2023-08-05 17:39:17\',NULL,41,37,2651,120.5,22,\'2024-06-21 01:40:19\'), (\'2025-07-20 12:25:20\',NULL,71,14,1844,922,2,\'2025-10-25 21:18:55\'), (\'2023-10-15 22:48:36\',NULL,86,34,45269.4,1191.3,38,\'2025-09-23 11:22:01\'), (\'2024-02-21 13:52:10\',NULL,15,66,30806.2,832.6,37,\'2024-01-30 12:37:22\'), (\'2026-05-24 05:05:56\',NULL,97,55,361.6,90.4,4,\'2023-01-13 20:49:46\'), (\'2025-09-25 20:22:19\',NULL,69,73,36628.8,763.1,48,\'2025-06-28 06:50:59\'), (\'2023-05-18 13:05:50\',NULL,83,59,15922,1592.2,10,\'2023-07-21 01:53:07\'), (\'2024-10-07 22:31:56\',NULL,2,83,29274,861,34,\'2025-12-31 04:39:34\'), (\'2025-03-20 00:45:54\',NULL,20,61,48174.8,1661.2,29,\'2026-01-18 00:13:01\'), (\'2025-01-26 13:58:22\',NULL,87,57,1409.4,234.9,6,\'2025-05-01 04:53:50\'), (\'2023-06-05 10:42:32\',NULL,10,13,14282.4,432.8,33,\'2024-09-06 21:00:42\'), (\'2026-03-29 09:02:46\',NULL,26,45,4572,508,9,\'2023-10-29 03:19:14\'), (\'2024-11-24 15:40:34\',NULL,53,86,18028.8,1001.6,18,\'2023-06-13 03:26:36\'), (\'2023-02-02 01:25:55\',NULL,60,49,3774.6,209.7,18,\'2023-12-03 17:22:37\'), (\'2024-10-18 05:40:09\',NULL,36,70,33465.6,1045.8,32,\'2023-10-27 12:16:57\'), (\'2024-07-28 08:16:36\',NULL,27,60,24260.4,1054.8,23,\'2025-11-02 03:45:17\'), (\'2024-05-08 02:16:38\',NULL,75,50,15005.7,1667.3,9,\'2023-12-12 08:32:15\'), (\'2024-09-30 07:20:38\',NULL,3,60,30699,1137,27,\'2025-06-04 04:49:50\'), (\'2025-01-20 05:23:21\',NULL,55,71,10189.5,679.3,15,\'2025-03-02 22:53:32\'), (\'2023-01-18 23:04:49\',NULL,6,53,55500,1387.5,40,\'2023-12-14 22:24:41\'), (\'2025-02-19 13:13:55\',NULL,77,48,31694,1584.7,20,\'2024-05-19 21:52:58\'), (\'2024-04-07 22:33:03\',NULL,55,46,18111.6,670.8,27,\'2025-02-07 21:53:10\'), (\'2024-06-16 13:02:32\',NULL,30,99,29820,1065,28,\'2024-07-26 10:25:13\'), (\'2023-07-12 21:39:31\',NULL,40,48,29018,1450.9,20,\'2026-03-01 10:37:52\'), (\'2025-10-14 20:56:57\',NULL,100,53,1677.2,838.6,2,\'2024-12-06 12:47:36\'), (\'2025-01-23 21:08:14\',NULL,86,54,2054.7,76.1,27,\'2026-01-31 17:09:20\'), (\'2026-04-20 19:59:21\',NULL,58,67,23562,785.4,30,\'2026-01-11 01:29:29\'), (\'2025-10-29 01:22:49\',NULL,44,13,23248.4,505.4,46,\'2024-11-11 12:13:10\'), (\'2025-01-25 15:04:48\',NULL,62,84,13262.2,947.3,14,\'2024-05-31 11:56:07\'), (\'2023-06-26 15:41:54\',NULL,83,3,17354.6,456.7,38,\'2025-12-19 03:44:37\'), (\'2024-12-03 03:03:18\',NULL,22,12,71975.5,1755.5,41,\'2024-05-07 19:15:27\'), (\'2023-05-12 07:49:14\',NULL,68,92,2862,715.5,4,\'2023-08-26 12:27:51\'), (\'2025-08-27 20:44:09\',NULL,20,91,36108.1,736.9,49,\'2024-01-12 09:57:15\'), (\'2025-11-19 22:20:03\',NULL,29,62,36230.4,1065.6,34,\'2024-10-21 12:55:48\'), (\'2025-06-22 19:05:22\',NULL,40,65,21272.4,1119.6,19,\'2023-02-14 22:55:21\'), (\'2026-02-04 14:58:10\',NULL,28,94,49682.7,1840.1,27,\'2023-01-17 08:36:52\'), (\'2023-01-21 16:43:27\',NULL,30,36,16776.2,1198.3,14,\'2026-04-03 05:53:27\'), (\'2025-02-13 12:33:26\',NULL,52,52,28740.4,1105.4,26,\'2023-01-15 22:19:10\'), (\'2024-05-15 09:38:05\',NULL,100,87,9270.1,545.3,17,\'2025-05-13 08:15:11\'), (\'2024-09-01 01:54:38\',NULL,32,43,10593,353.1,30,\'2023-05-13 02:38:38\'), (\'2025-02-17 07:19:43\',NULL,9,54,4335,289,15,\'2023-09-11 14:55:26\'), (\'2023-08-12 17:20:39\',NULL,59,20,38756.2,1019.9,38,\'2025-09-22 14:43:35\'), (\'2025-02-14 20:27:02\',NULL,43,18,29770,1488.5,20,\'2023-08-19 12:17:58\'), (\'2024-05-10 16:27:13\',NULL,44,51,3254.4,180.8,18,\'2023-07-08 11:39:39\'), (\'2025-07-17 08:33:59\',NULL,57,46,51883,1995.5,26,\'2024-07-19 14:15:05\'), (\'2023-11-13 00:10:09\',NULL,29,9,14700.4,1336.4,11,\'2023-07-07 17:00:21\'), (\'2025-06-09 07:29:05\',NULL,88,47,39185.1,1703.7,23,\'2023-08-01 12:45:01\'), (\'2025-10-31 23:03:52\',NULL,72,87,33805.2,768.3,44,\'2023-02-11 07:02:02\'), (\'2026-03-12 08:33:06\',NULL,72,71,36766.8,1313.1,28,\'2023-07-24 12:02:42\'), (\'2024-03-12 08:30:59\',NULL,71,54,25555.6,1825.4,14,\'2024-11-25 14:22:52\'), (\'2025-04-28 21:09:46\',NULL,4,45,31403.4,1495.4,21,\'2024-11-27 06:28:27\'), (\'2023-03-19 09:57:33\',NULL,71,80,10602.9,504.9,21,\'2023-02-06 08:05:02\'), (\'2024-08-03 07:27:23\',NULL,70,87,2304.3,768.1,3,\'2024-04-29 13:04:28\'), (\'2026-06-08 03:20:57\',NULL,79,55,37073.4,882.7,42,\'2024-01-11 03:22:14\'), (\'2025-04-12 15:16:09\',NULL,51,23,43866.9,1329.3,33,\'2024-05-05 20:52:02\'), (\'2024-05-30 21:37:58\',NULL,17,82,57645,1647,35,\'2024-08-04 06:51:11\'), (\'2025-09-20 09:25:25\',NULL,53,63,7130,230,31,\'2024-03-12 06:37:01\'), (\'2024-12-21 18:39:03\',NULL,13,80,88679.6,1886.8,47,\'2023-04-11 19:16:29\'), (\'2024-03-31 16:45:01\',NULL,40,48,3539.4,589.9,6,\'2024-05-13 15:46:26\'), (\'2025-05-31 03:21:33\',NULL,5,41,59412,1485.3,40,\'2024-10-27 04:23:49\'), (\'2026-06-30 09:43:59\',NULL,69,38,55195.8,1672.6,33,\'2025-08-31 15:17:13\'), (\'2024-05-02 04:41:39\',NULL,88,19,93668.4,1911.6,49,\'2025-01-11 15:12:27\'), (\'2025-07-21 21:16:51\',NULL,83,93,523.1,523.1,1,\'2025-11-15 06:16:09\'), (\'2023-01-19 07:01:32\',NULL,95,51,8933.1,812.1,11,\'2025-07-25 15:08:42\'), (\'2026-02-27 04:16:08\',NULL,85,97,22925.7,849.1,27,\'2025-02-06 09:12:32\'), (\'2023-05-09 19:47:22\',NULL,93,51,24018,1601.2,15,\'2023-05-01 23:52:38\'), (\'2024-08-07 22:01:09\',NULL,77,38,5937,1187.4,5,\'2023-11-24 14:58:10\'), (\'2023-09-26 23:12:53\',NULL,4,35,9584.4,342.3,28,\'2026-05-26 03:37:39\'), (\'2024-05-26 01:28:14\',NULL,66,51,49444.8,1030.1,48,\'2025-01-01 05:05:09\'), (\'2024-02-17 16:50:02\',NULL,96,88,31715.6,674.8,47,\'2026-06-30 09:42:56\'), (\'2023-01-31 22:02:44\',NULL,11,35,13351.2,1112.6,12,\'2024-02-15 17:09:55\'), (\'2023-04-24 10:11:19\',NULL,76,91,3711.6,412.4,9,\'2024-05-05 06:21:19\'), (\'2023-09-11 20:49:51\',NULL,25,20,63889.4,1879.1,34,\'2025-02-08 23:41:25\'), (\'2024-10-14 04:42:49\',NULL,18,79,8432.5,1686.5,5,\'2024-07-11 01:07:24\'), (\'2023-01-23 11:19:25\',NULL,82,84,4785,957,5,\'2025-06-25 13:22:49\'), (\'2023-05-10 13:56:02\',NULL,87,66,24612.3,1070.1,23,\'2024-09-11 16:48:32\'), (\'2023-08-09 12:22:33\',NULL,57,44,8188.4,186.1,44,\'2025-05-28 07:59:11\'), (\'2023-03-28 11:30:49\',NULL,68,84,16081.2,595.6,27,\'2025-05-11 01:52:42\'), (\'2026-02-26 14:48:43\',NULL,40,13,1467.5,1467.5,1,\'2025-11-18 05:47:32\'), (\'2024-11-01 07:14:19\',NULL,42,60,28564.8,649.2,44,\'2025-02-25 14:25:03\'), (\'2025-07-26 08:07:58\',NULL,28,42,5702.4,211.2,27,\'2025-02-09 06:03:58\'), (\'2025-03-10 16:39:54\',NULL,96,39,56541.6,1570.6,36,\'2025-12-13 12:01:52\'), (\'2023-07-09 23:33:40\',NULL,56,62,73759.5,1993.5,37,\'2025-07-03 00:10:52\'), (\'2024-03-22 23:14:44\',NULL,67,97,53161.9,1714.9,31,\'2025-10-24 06:41:14\'), (\'2023-12-18 03:12:24\',NULL,48,99,8544,356,24,\'2024-07-30 13:24:18\'), (\'2025-01-02 05:03:24\',NULL,46,63,13947.5,557.9,25,\'2025-01-12 06:51:14\'), (\'2025-03-11 08:25:49\',NULL,68,12,16338.6,563.4,29,\'2025-08-16 18:10:46\'), (\'2023-11-13 20:32:10\',NULL,16,5,18565.6,807.2,23,\'2025-06-26 23:21:25\'), (\'2026-06-30 07:17:23\',NULL,97,26,25846.2,1435.9,18,\'2025-03-22 15:49:02\')')
 3 SYSTEMPATH\Database\BaseConnection.php(827): CodeIgniter\Database\BaseConnection->simpleQuery('INSERT INTO `detail_sortie` (`created_at`, `deleted_at`, `id_entree`, `id_sortie`, `montant`, `prix_unitaire`, `quantite_pris`, `updated_at`)
VALUES (\'2024-06-30 09:37:31\',NULL,86,20,42744,1424.8,30,\'2025-06-15 06:27:50\'), (\'2024-11-16 15:55:51\',NULL,82,2,77725,1554.5,50,\'2024-07-18 05:38:35\'), (\'2024-09-25 17:58:50\',NULL,98,58,78277.2,1820.4,43,\'2024-06-02 00:09:34\'), (\'2024-08-05 22:57:17\',NULL,90,77,78645,1572.9,50,\'2023-05-17 18:34:26\'), (\'2026-02-03 13:47:18\',NULL,18,73,8244,206.1,40,\'2026-05-29 13:25:49\'), (\'2024-08-11 06:10:38\',NULL,51,79,43467.9,887.1,49,\'2023-08-31 20:31:37\'), (\'2026-01-29 01:19:50\',NULL,24,84,27987.2,1749.2,16,\'2024-09-27 17:56:33\'), (\'2026-04-10 02:52:36\',NULL,47,96,27703.2,989.4,28,\'2023-04-18 20:31:15\'), (\'2023-08-15 20:16:12\',NULL,7,98,4155.2,593.6,7,\'2023-09-20 21:13:10\'), (\'2026-07-09 01:03:58\',NULL,93,67,483.4,241.7,2,\'2024-09-14 05:13:22\'), (\'2024-01-24 17:08:48\',NULL,83,80,30628.5,875.1,35,\'2024-10-02 04:15:53\'), (\'2023-08-05 17:39:17\',NULL,41,37,2651,120.5,22,\'2024-06-21 01:40:19\'), (\'2025-07-20 12:25:20\',NULL,71,14,1844,922,2,\'2025-10-25 21:18:55\'), (\'2023-10-15 22:48:36\',NULL,86,34,45269.4,1191.3,38,\'2025-09-23 11:22:01\'), (\'2024-02-21 13:52:10\',NULL,15,66,30806.2,832.6,37,\'2024-01-30 12:37:22\'), (\'2026-05-24 05:05:56\',NULL,97,55,361.6,90.4,4,\'2023-01-13 20:49:46\'), (\'2025-09-25 20:22:19\',NULL,69,73,36628.8,763.1,48,\'2025-06-28 06:50:59\'), (\'2023-05-18 13:05:50\',NULL,83,59,15922,1592.2,10,\'2023-07-21 01:53:07\'), (\'2024-10-07 22:31:56\',NULL,2,83,29274,861,34,\'2025-12-31 04:39:34\'), (\'2025-03-20 00:45:54\',NULL,20,61,48174.8,1661.2,29,\'2026-01-18 00:13:01\'), (\'2025-01-26 13:58:22\',NULL,87,57,1409.4,234.9,6,\'2025-05-01 04:53:50\'), (\'2023-06-05 10:42:32\',NULL,10,13,14282.4,432.8,33,\'2024-09-06 21:00:42\'), (\'2026-03-29 09:02:46\',NULL,26,45,4572,508,9,\'2023-10-29 03:19:14\'), (\'2024-11-24 15:40:34\',NULL,53,86,18028.8,1001.6,18,\'2023-06-13 03:26:36\'), (\'2023-02-02 01:25:55\',NULL,60,49,3774.6,209.7,18,\'2023-12-03 17:22:37\'), (\'2024-10-18 05:40:09\',NULL,36,70,33465.6,1045.8,32,\'2023-10-27 12:16:57\'), (\'2024-07-28 08:16:36\',NULL,27,60,24260.4,1054.8,23,\'2025-11-02 03:45:17\'), (\'2024-05-08 02:16:38\',NULL,75,50,15005.7,1667.3,9,\'2023-12-12 08:32:15\'), (\'2024-09-30 07:20:38\',NULL,3,60,30699,1137,27,\'2025-06-04 04:49:50\'), (\'2025-01-20 05:23:21\',NULL,55,71,10189.5,679.3,15,\'2025-03-02 22:53:32\'), (\'2023-01-18 23:04:49\',NULL,6,53,55500,1387.5,40,\'2023-12-14 22:24:41\'), (\'2025-02-19 13:13:55\',NULL,77,48,31694,1584.7,20,\'2024-05-19 21:52:58\'), (\'2024-04-07 22:33:03\',NULL,55,46,18111.6,670.8,27,\'2025-02-07 21:53:10\'), (\'2024-06-16 13:02:32\',NULL,30,99,29820,1065,28,\'2024-07-26 10:25:13\'), (\'2023-07-12 21:39:31\',NULL,40,48,29018,1450.9,20,\'2026-03-01 10:37:52\'), (\'2025-10-14 20:56:57\',NULL,100,53,1677.2,838.6,2,\'2024-12-06 12:47:36\'), (\'2025-01-23 21:08:14\',NULL,86,54,2054.7,76.1,27,\'2026-01-31 17:09:20\'), (\'2026-04-20 19:59:21\',NULL,58,67,23562,785.4,30,\'2026-01-11 01:29:29\'), (\'2025-10-29 01:22:49\',NULL,44,13,23248.4,505.4,46,\'2024-11-11 12:13:10\'), (\'2025-01-25 15:04:48\',NULL,62,84,13262.2,947.3,14,\'2024-05-31 11:56:07\'), (\'2023-06-26 15:41:54\',NULL,83,3,17354.6,456.7,38,\'2025-12-19 03:44:37\'), (\'2024-12-03 03:03:18\',NULL,22,12,71975.5,1755.5,41,\'2024-05-07 19:15:27\'), (\'2023-05-12 07:49:14\',NULL,68,92,2862,715.5,4,\'2023-08-26 12:27:51\'), (\'2025-08-27 20:44:09\',NULL,20,91,36108.1,736.9,49,\'2024-01-12 09:57:15\'), (\'2025-11-19 22:20:03\',NULL,29,62,36230.4,1065.6,34,\'2024-10-21 12:55:48\'), (\'2025-06-22 19:05:22\',NULL,40,65,21272.4,1119.6,19,\'2023-02-14 22:55:21\'), (\'2026-02-04 14:58:10\',NULL,28,94,49682.7,1840.1,27,\'2023-01-17 08:36:52\'), (\'2023-01-21 16:43:27\',NULL,30,36,16776.2,1198.3,14,\'2026-04-03 05:53:27\'), (\'2025-02-13 12:33:26\',NULL,52,52,28740.4,1105.4,26,\'2023-01-15 22:19:10\'), (\'2024-05-15 09:38:05\',NULL,100,87,9270.1,545.3,17,\'2025-05-13 08:15:11\'), (\'2024-09-01 01:54:38\',NULL,32,43,10593,353.1,30,\'2023-05-13 02:38:38\'), (\'2025-02-17 07:19:43\',NULL,9,54,4335,289,15,\'2023-09-11 14:55:26\'), (\'2023-08-12 17:20:39\',NULL,59,20,38756.2,1019.9,38,\'2025-09-22 14:43:35\'), (\'2025-02-14 20:27:02\',NULL,43,18,29770,1488.5,20,\'2023-08-19 12:17:58\'), (\'2024-05-10 16:27:13\',NULL,44,51,3254.4,180.8,18,\'2023-07-08 11:39:39\'), (\'2025-07-17 08:33:59\',NULL,57,46,51883,1995.5,26,\'2024-07-19 14:15:05\'), (\'2023-11-13 00:10:09\',NULL,29,9,14700.4,1336.4,11,\'2023-07-07 17:00:21\'), (\'2025-06-09 07:29:05\',NULL,88,47,39185.1,1703.7,23,\'2023-08-01 12:45:01\'), (\'2025-10-31 23:03:52\',NULL,72,87,33805.2,768.3,44,\'2023-02-11 07:02:02\'), (\'2026-03-12 08:33:06\',NULL,72,71,36766.8,1313.1,28,\'2023-07-24 12:02:42\'), (\'2024-03-12 08:30:59\',NULL,71,54,25555.6,1825.4,14,\'2024-11-25 14:22:52\'), (\'2025-04-28 21:09:46\',NULL,4,45,31403.4,1495.4,21,\'2024-11-27 06:28:27\'), (\'2023-03-19 09:57:33\',NULL,71,80,10602.9,504.9,21,\'2023-02-06 08:05:02\'), (\'2024-08-03 07:27:23\',NULL,70,87,2304.3,768.1,3,\'2024-04-29 13:04:28\'), (\'2026-06-08 03:20:57\',NULL,79,55,37073.4,882.7,42,\'2024-01-11 03:22:14\'), (\'2025-04-12 15:16:09\',NULL,51,23,43866.9,1329.3,33,\'2024-05-05 20:52:02\'), (\'2024-05-30 21:37:58\',NULL,17,82,57645,1647,35,\'2024-08-04 06:51:11\'), (\'2025-09-20 09:25:25\',NULL,53,63,7130,230,31,\'2024-03-12 06:37:01\'), (\'2024-12-21 18:39:03\',NULL,13,80,88679.6,1886.8,47,\'2023-04-11 19:16:29\'), (\'2024-03-31 16:45:01\',NULL,40,48,3539.4,589.9,6,\'2024-05-13 15:46:26\'), (\'2025-05-31 03:21:33\',NULL,5,41,59412,1485.3,40,\'2024-10-27 04:23:49\'), (\'2026-06-30 09:43:59\',NULL,69,38,55195.8,1672.6,33,\'2025-08-31 15:17:13\'), (\'2024-05-02 04:41:39\',NULL,88,19,93668.4,1911.6,49,\'2025-01-11 15:12:27\'), (\'2025-07-21 21:16:51\',NULL,83,93,523.1,523.1,1,\'2025-11-15 06:16:09\'), (\'2023-01-19 07:01:32\',NULL,95,51,8933.1,812.1,11,\'2025-07-25 15:08:42\'), (\'2026-02-27 04:16:08\',NULL,85,97,22925.7,849.1,27,\'2025-02-06 09:12:32\'), (\'2023-05-09 19:47:22\',NULL,93,51,24018,1601.2,15,\'2023-05-01 23:52:38\'), (\'2024-08-07 22:01:09\',NULL,77,38,5937,1187.4,5,\'2023-11-24 14:58:10\'), (\'2023-09-26 23:12:53\',NULL,4,35,9584.4,342.3,28,\'2026-05-26 03:37:39\'), (\'2024-05-26 01:28:14\',NULL,66,51,49444.8,1030.1,48,\'2025-01-01 05:05:09\'), (\'2024-02-17 16:50:02\',NULL,96,88,31715.6,674.8,47,\'2026-06-30 09:42:56\'), (\'2023-01-31 22:02:44\',NULL,11,35,13351.2,1112.6,12,\'2024-02-15 17:09:55\'), (\'2023-04-24 10:11:19\',NULL,76,91,3711.6,412.4,9,\'2024-05-05 06:21:19\'), (\'2023-09-11 20:49:51\',NULL,25,20,63889.4,1879.1,34,\'2025-02-08 23:41:25\'), (\'2024-10-14 04:42:49\',NULL,18,79,8432.5,1686.5,5,\'2024-07-11 01:07:24\'), (\'2023-01-23 11:19:25\',NULL,82,84,4785,957,5,\'2025-06-25 13:22:49\'), (\'2023-05-10 13:56:02\',NULL,87,66,24612.3,1070.1,23,\'2024-09-11 16:48:32\'), (\'2023-08-09 12:22:33\',NULL,57,44,8188.4,186.1,44,\'2025-05-28 07:59:11\'), (\'2023-03-28 11:30:49\',NULL,68,84,16081.2,595.6,27,\'2025-05-11 01:52:42\'), (\'2026-02-26 14:48:43\',NULL,40,13,1467.5,1467.5,1,\'2025-11-18 05:47:32\'), (\'2024-11-01 07:14:19\',NULL,42,60,28564.8,649.2,44,\'2025-02-25 14:25:03\'), (\'2025-07-26 08:07:58\',NULL,28,42,5702.4,211.2,27,\'2025-02-09 06:03:58\'), (\'2025-03-10 16:39:54\',NULL,96,39,56541.6,1570.6,36,\'2025-12-13 12:01:52\'), (\'2023-07-09 23:33:40\',NULL,56,62,73759.5,1993.5,37,\'2025-07-03 00:10:52\'), (\'2024-03-22 23:14:44\',NULL,67,97,53161.9,1714.9,31,\'2025-10-24 06:41:14\'), (\'2023-12-18 03:12:24\',NULL,48,99,8544,356,24,\'2024-07-30 13:24:18\'), (\'2025-01-02 05:03:24\',NULL,46,63,13947.5,557.9,25,\'2025-01-12 06:51:14\'), (\'2025-03-11 08:25:49\',NULL,68,12,16338.6,563.4,29,\'2025-08-16 18:10:46\'), (\'2023-11-13 20:32:10\',NULL,16,5,18565.6,807.2,23,\'2025-06-26 23:21:25\'), (\'2026-06-30 07:17:23\',NULL,97,26,25846.2,1435.9,18,\'2025-03-22 15:49:02\')')
 4 SYSTEMPATH\Database\BaseBuilder.php(1841): CodeIgniter\Database\BaseConnection->query('INSERT INTO `detail_sortie` (`created_at`, `deleted_at`, `id_entree`, `id_sortie`, `montant`, `prix_unitaire`, `quantite_pris`, `updated_at`)
VALUES (\'2024-06-30 09:37:31\',NULL,86,20,42744,1424.8,30,\'2025-06-15 06:27:50\'), (\'2024-11-16 15:55:51\',NULL,82,2,77725,1554.5,50,\'2024-07-18 05:38:35\'), (\'2024-09-25 17:58:50\',NULL,98,58,78277.2,1820.4,43,\'2024-06-02 00:09:34\'), (\'2024-08-05 22:57:17\',NULL,90,77,78645,1572.9,50,\'2023-05-17 18:34:26\'), (\'2026-02-03 13:47:18\',NULL,18,73,8244,206.1,40,\'2026-05-29 13:25:49\'), (\'2024-08-11 06:10:38\',NULL,51,79,43467.9,887.1,49,\'2023-08-31 20:31:37\'), (\'2026-01-29 01:19:50\',NULL,24,84,27987.2,1749.2,16,\'2024-09-27 17:56:33\'), (\'2026-04-10 02:52:36\',NULL,47,96,27703.2,989.4,28,\'2023-04-18 20:31:15\'), (\'2023-08-15 20:16:12\',NULL,7,98,4155.2,593.6,7,\'2023-09-20 21:13:10\'), (\'2026-07-09 01:03:58\',NULL,93,67,483.4,241.7,2,\'2024-09-14 05:13:22\'), (\'2024-01-24 17:08:48\',NULL,83,80,30628.5,875.1,35,\'2024-10-02 04:15:53\'), (\'2023-08-05 17:39:17\',NULL,41,37,2651,120.5,22,\'2024-06-21 01:40:19\'), (\'2025-07-20 12:25:20\',NULL,71,14,1844,922,2,\'2025-10-25 21:18:55\'), (\'2023-10-15 22:48:36\',NULL,86,34,45269.4,1191.3,38,\'2025-09-23 11:22:01\'), (\'2024-02-21 13:52:10\',NULL,15,66,30806.2,832.6,37,\'2024-01-30 12:37:22\'), (\'2026-05-24 05:05:56\',NULL,97,55,361.6,90.4,4,\'2023-01-13 20:49:46\'), (\'2025-09-25 20:22:19\',NULL,69,73,36628.8,763.1,48,\'2025-06-28 06:50:59\'), (\'2023-05-18 13:05:50\',NULL,83,59,15922,1592.2,10,\'2023-07-21 01:53:07\'), (\'2024-10-07 22:31:56\',NULL,2,83,29274,861,34,\'2025-12-31 04:39:34\'), (\'2025-03-20 00:45:54\',NULL,20,61,48174.8,1661.2,29,\'2026-01-18 00:13:01\'), (\'2025-01-26 13:58:22\',NULL,87,57,1409.4,234.9,6,\'2025-05-01 04:53:50\'), (\'2023-06-05 10:42:32\',NULL,10,13,14282.4,432.8,33,\'2024-09-06 21:00:42\'), (\'2026-03-29 09:02:46\',NULL,26,45,4572,508,9,\'2023-10-29 03:19:14\'), (\'2024-11-24 15:40:34\',NULL,53,86,18028.8,1001.6,18,\'2023-06-13 03:26:36\'), (\'2023-02-02 01:25:55\',NULL,60,49,3774.6,209.7,18,\'2023-12-03 17:22:37\'), (\'2024-10-18 05:40:09\',NULL,36,70,33465.6,1045.8,32,\'2023-10-27 12:16:57\'), (\'2024-07-28 08:16:36\',NULL,27,60,24260.4,1054.8,23,\'2025-11-02 03:45:17\'), (\'2024-05-08 02:16:38\',NULL,75,50,15005.7,1667.3,9,\'2023-12-12 08:32:15\'), (\'2024-09-30 07:20:38\',NULL,3,60,30699,1137,27,\'2025-06-04 04:49:50\'), (\'2025-01-20 05:23:21\',NULL,55,71,10189.5,679.3,15,\'2025-03-02 22:53:32\'), (\'2023-01-18 23:04:49\',NULL,6,53,55500,1387.5,40,\'2023-12-14 22:24:41\'), (\'2025-02-19 13:13:55\',NULL,77,48,31694,1584.7,20,\'2024-05-19 21:52:58\'), (\'2024-04-07 22:33:03\',NULL,55,46,18111.6,670.8,27,\'2025-02-07 21:53:10\'), (\'2024-06-16 13:02:32\',NULL,30,99,29820,1065,28,\'2024-07-26 10:25:13\'), (\'2023-07-12 21:39:31\',NULL,40,48,29018,1450.9,20,\'2026-03-01 10:37:52\'), (\'2025-10-14 20:56:57\',NULL,100,53,1677.2,838.6,2,\'2024-12-06 12:47:36\'), (\'2025-01-23 21:08:14\',NULL,86,54,2054.7,76.1,27,\'2026-01-31 17:09:20\'), (\'2026-04-20 19:59:21\',NULL,58,67,23562,785.4,30,\'2026-01-11 01:29:29\'), (\'2025-10-29 01:22:49\',NULL,44,13,23248.4,505.4,46,\'2024-11-11 12:13:10\'), (\'2025-01-25 15:04:48\',NULL,62,84,13262.2,947.3,14,\'2024-05-31 11:56:07\'), (\'2023-06-26 15:41:54\',NULL,83,3,17354.6,456.7,38,\'2025-12-19 03:44:37\'), (\'2024-12-03 03:03:18\',NULL,22,12,71975.5,1755.5,41,\'2024-05-07 19:15:27\'), (\'2023-05-12 07:49:14\',NULL,68,92,2862,715.5,4,\'2023-08-26 12:27:51\'), (\'2025-08-27 20:44:09\',NULL,20,91,36108.1,736.9,49,\'2024-01-12 09:57:15\'), (\'2025-11-19 22:20:03\',NULL,29,62,36230.4,1065.6,34,\'2024-10-21 12:55:48\'), (\'2025-06-22 19:05:22\',NULL,40,65,21272.4,1119.6,19,\'2023-02-14 22:55:21\'), (\'2026-02-04 14:58:10\',NULL,28,94,49682.7,1840.1,27,\'2023-01-17 08:36:52\'), (\'2023-01-21 16:43:27\',NULL,30,36,16776.2,1198.3,14,\'2026-04-03 05:53:27\'), (\'2025-02-13 12:33:26\',NULL,52,52,28740.4,1105.4,26,\'2023-01-15 22:19:10\'), (\'2024-05-15 09:38:05\',NULL,100,87,9270.1,545.3,17,\'2025-05-13 08:15:11\'), (\'2024-09-01 01:54:38\',NULL,32,43,10593,353.1,30,\'2023-05-13 02:38:38\'), (\'2025-02-17 07:19:43\',NULL,9,54,4335,289,15,\'2023-09-11 14:55:26\'), (\'2023-08-12 17:20:39\',NULL,59,20,38756.2,1019.9,38,\'2025-09-22 14:43:35\'), (\'2025-02-14 20:27:02\',NULL,43,18,29770,1488.5,20,\'2023-08-19 12:17:58\'), (\'2024-05-10 16:27:13\',NULL,44,51,3254.4,180.8,18,\'2023-07-08 11:39:39\'), (\'2025-07-17 08:33:59\',NULL,57,46,51883,1995.5,26,\'2024-07-19 14:15:05\'), (\'2023-11-13 00:10:09\',NULL,29,9,14700.4,1336.4,11,\'2023-07-07 17:00:21\'), (\'2025-06-09 07:29:05\',NULL,88,47,39185.1,1703.7,23,\'2023-08-01 12:45:01\'), (\'2025-10-31 23:03:52\',NULL,72,87,33805.2,768.3,44,\'2023-02-11 07:02:02\'), (\'2026-03-12 08:33:06\',NULL,72,71,36766.8,1313.1,28,\'2023-07-24 12:02:42\'), (\'2024-03-12 08:30:59\',NULL,71,54,25555.6,1825.4,14,\'2024-11-25 14:22:52\'), (\'2025-04-28 21:09:46\',NULL,4,45,31403.4,1495.4,21,\'2024-11-27 06:28:27\'), (\'2023-03-19 09:57:33\',NULL,71,80,10602.9,504.9,21,\'2023-02-06 08:05:02\'), (\'2024-08-03 07:27:23\',NULL,70,87,2304.3,768.1,3,\'2024-04-29 13:04:28\'), (\'2026-06-08 03:20:57\',NULL,79,55,37073.4,882.7,42,\'2024-01-11 03:22:14\'), (\'2025-04-12 15:16:09\',NULL,51,23,43866.9,1329.3,33,\'2024-05-05 20:52:02\'), (\'2024-05-30 21:37:58\',NULL,17,82,57645,1647,35,\'2024-08-04 06:51:11\'), (\'2025-09-20 09:25:25\',NULL,53,63,7130,230,31,\'2024-03-12 06:37:01\'), (\'2024-12-21 18:39:03\',NULL,13,80,88679.6,1886.8,47,\'2023-04-11 19:16:29\'), (\'2024-03-31 16:45:01\',NULL,40,48,3539.4,589.9,6,\'2024-05-13 15:46:26\'), (\'2025-05-31 03:21:33\',NULL,5,41,59412,1485.3,40,\'2024-10-27 04:23:49\'), (\'2026-06-30 09:43:59\',NULL,69,38,55195.8,1672.6,33,\'2025-08-31 15:17:13\'), (\'2024-05-02 04:41:39\',NULL,88,19,93668.4,1911.6,49,\'2025-01-11 15:12:27\'), (\'2025-07-21 21:16:51\',NULL,83,93,523.1,523.1,1,\'2025-11-15 06:16:09\'), (\'2023-01-19 07:01:32\',NULL,95,51,8933.1,812.1,11,\'2025-07-25 15:08:42\'), (\'2026-02-27 04:16:08\',NULL,85,97,22925.7,849.1,27,\'2025-02-06 09:12:32\'), (\'2023-05-09 19:47:22\',NULL,93,51,24018,1601.2,15,\'2023-05-01 23:52:38\'), (\'2024-08-07 22:01:09\',NULL,77,38,5937,1187.4,5,\'2023-11-24 14:58:10\'), (\'2023-09-26 23:12:53\',NULL,4,35,9584.4,342.3,28,\'2026-05-26 03:37:39\'), (\'2024-05-26 01:28:14\',NULL,66,51,49444.8,1030.1,48,\'2025-01-01 05:05:09\'), (\'2024-02-17 16:50:02\',NULL,96,88,31715.6,674.8,47,\'2026-06-30 09:42:56\'), (\'2023-01-31 22:02:44\',NULL,11,35,13351.2,1112.6,12,\'2024-02-15 17:09:55\'), (\'2023-04-24 10:11:19\',NULL,76,91,3711.6,412.4,9,\'2024-05-05 06:21:19\'), (\'2023-09-11 20:49:51\',NULL,25,20,63889.4,1879.1,34,\'2025-02-08 23:41:25\'), (\'2024-10-14 04:42:49\',NULL,18,79,8432.5,1686.5,5,\'2024-07-11 01:07:24\'), (\'2023-01-23 11:19:25\',NULL,82,84,4785,957,5,\'2025-06-25 13:22:49\'), (\'2023-05-10 13:56:02\',NULL,87,66,24612.3,1070.1,23,\'2024-09-11 16:48:32\'), (\'2023-08-09 12:22:33\',NULL,57,44,8188.4,186.1,44,\'2025-05-28 07:59:11\'), (\'2023-03-28 11:30:49\',NULL,68,84,16081.2,595.6,27,\'2025-05-11 01:52:42\'), (\'2026-02-26 14:48:43\',NULL,40,13,1467.5,1467.5,1,\'2025-11-18 05:47:32\'), (\'2024-11-01 07:14:19\',NULL,42,60,28564.8,649.2,44,\'2025-02-25 14:25:03\'), (\'2025-07-26 08:07:58\',NULL,28,42,5702.4,211.2,27,\'2025-02-09 06:03:58\'), (\'2025-03-10 16:39:54\',NULL,96,39,56541.6,1570.6,36,\'2025-12-13 12:01:52\'), (\'2023-07-09 23:33:40\',NULL,56,62,73759.5,1993.5,37,\'2025-07-03 00:10:52\'), (\'2024-03-22 23:14:44\',NULL,67,97,53161.9,1714.9,31,\'2025-10-24 06:41:14\'), (\'2023-12-18 03:12:24\',NULL,48,99,8544,356,24,\'2024-07-30 13:24:18\'), (\'2025-01-02 05:03:24\',NULL,46,63,13947.5,557.9,25,\'2025-01-12 06:51:14\'), (\'2025-03-11 08:25:49\',NULL,68,12,16338.6,563.4,29,\'2025-08-16 18:10:46\'), (\'2023-11-13 20:32:10\',NULL,16,5,18565.6,807.2,23,\'2025-06-26 23:21:25\'), (\'2026-06-30 07:17:23\',NULL,97,26,25846.2,1435.9,18,\'2025-03-22 15:49:02\')', null, false)
 5 SYSTEMPATH\Database\BaseBuilder.php(2230): CodeIgniter\Database\BaseBuilder->batchExecute('_insertBatch', 100)
 6 APPPATH\Database\Seeds\DonneeSeeder.php(331): CodeIgniter\Database\BaseBuilder->insertBatch([...])
 7 SYSTEMPATH\Database\Seeder.php(155): App\Database\Seeds\DonneeSeeder->run()
 8 SYSTEMPATH\Commands\Database\Seed.php(79): CodeIgniter\Database\Seeder->call('App\\Database\\Seeds\\DonneeSeeder')
 9 SYSTEMPATH\CLI\Commands.php(74): CodeIgniter\Commands\Database\Seed->run([])
10 SYSTEMPATH\CLI\Console.php(47): CodeIgniter\CLI\Commands->run('db:seed', [...])
11 SYSTEMPATH\Boot.php(442): CodeIgniter\CLI\Console->run()
12 SYSTEMPATH\Boot.php(166): CodeIgniter\Boot::runCommand(Object(CodeIgniter\CLI\Console))
13 ROOTPATH\spark(87): CodeIgniter\Boot::bootSpark(Object(Config\Paths))
DEBUG - 2026-07-12 22:56:36 --> Session: Class initialized using 'CodeIgniter\Session\Handlers\FileHandler' driver.
DEBUG - 2026-07-12 22:56:36 --> Session: Class initialized using 'CodeIgniter\Session\Handlers\FileHandler' driver.
DEBUG - 2026-07-12 22:56:45 --> Session: Class initialized using 'CodeIgniter\Session\Handlers\FileHandler' driver.
DEBUG - 2026-07-12 22:56:45 --> Session: Class initialized using 'CodeIgniter\Session\Handlers\FileHandler' driver.
DEBUG - 2026-07-12 22:59:28 --> Session: Class initialized using 'CodeIgniter\Session\Handlers\FileHandler' driver.
DEBUG - 2026-07-12 22:59:28 --> Session: Class initialized using 'CodeIgniter\Session\Handlers\FileHandler' driver.
DEBUG - 2026-07-12 22:59:39 --> Session: Class initialized using 'CodeIgniter\Session\Handlers\FileHandler' driver.
DEBUG - 2026-07-12 22:59:39 --> Session: Class initialized using 'CodeIgniter\Session\Handlers\FileHandler' driver.
DEBUG - 2026-07-12 22:59:51 --> Session: Class initialized using 'CodeIgniter\Session\Handlers\FileHandler' driver.
DEBUG - 2026-07-12 22:59:54 --> Session: Class initialized using 'CodeIgniter\Session\Handlers\FileHandler' driver.
DEBUG - 2026-07-12 22:59:58 --> Session: Class initialized using 'CodeIgniter\Session\Handlers\FileHandler' driver.
DEBUG - 2026-07-12 23:00:00 --> Session: Class initialized using 'CodeIgniter\Session\Handlers\FileHandler' driver.
DEBUG - 2026-07-12 23:00:02 --> Session: Class initialized using 'CodeIgniter\Session\Handlers\FileHandler' driver.
DEBUG - 2026-07-12 23:00:03 --> Session: Class initialized using 'CodeIgniter\Session\Handlers\FileHandler' driver.
DEBUG - 2026-07-12 23:00:05 --> Session: Class initialized using 'CodeIgniter\Session\Handlers\FileHandler' driver.
DEBUG - 2026-07-12 23:00:18 --> Session: Class initialized using 'CodeIgniter\Session\Handlers\FileHandler' driver.
DEBUG - 2026-07-12 23:00:18 --> Session: Class initialized using 'CodeIgniter\Session\Handlers\FileHandler' driver.
DEBUG - 2026-07-12 23:00:26 --> Session: Class initialized using 'CodeIgniter\Session\Handlers\FileHandler' driver.
DEBUG - 2026-07-12 23:00:36 --> Session: Class initialized using 'CodeIgniter\Session\Handlers\FileHandler' driver.
DEBUG - 2026-07-12 23:00:41 --> Session: Class initialized using 'CodeIgniter\Session\Handlers\FileHandler' driver.
DEBUG - 2026-07-12 23:00:43 --> Session: Class initialized using 'CodeIgniter\Session\Handlers\FileHandler' driver.
DEBUG - 2026-07-12 23:00:44 --> Session: Class initialized using 'CodeIgniter\Session\Handlers\FileHandler' driver.
DEBUG - 2026-07-12 23:01:08 --> Session: Class initialized using 'CodeIgniter\Session\Handlers\FileHandler' driver.
DEBUG - 2026-07-12 23:01:10 --> Session: Class initialized using 'CodeIgniter\Session\Handlers\FileHandler' driver.
DEBUG - 2026-07-12 23:01:25 --> Session: Class initialized using 'CodeIgniter\Session\Handlers\FileHandler' driver.
DEBUG - 2026-07-12 23:01:25 --> Session: Class initialized using 'CodeIgniter\Session\Handlers\FileHandler' driver.
