ERROR - 2026-07-11 12:32:21 --> Cannot add or update a child row: a foreign key constraint fails (`eco_panier_s4_2026`.`pack_produits`, CONSTRAINT `pack_produits_produit_id_foreign` FOREIGN KEY (`produit_id`) REFERENCES `produit` (`id`) ON DELETE CASCADE ON UPDATE CASCADE)
in SYSTEMPATH\Database\MySQLi\Connection.php on line 300.
 1 SYSTEMPATH\Database\MySQLi\Connection.php(300): mysqli->query('INSERT INTO `pack_produits` (`pack_id`, `produit_id`, `quantite`)
VALUES (1,1,1), (1,2,1), (1,5,2), (1,6,1), (2,1,2), (2,2,2), (2,3,4), (2,5,4), (2,6,2), (2,14,4), (3,3,4), (3,7,2), (3,8,5), (3,12,2), (3,14,2), (4,7,3), (4,8,5), (4,22,1), (4,23,2), (4,12,3), (4,16,1), (5,14,4), (5,18,4), (5,12,6), (6,16,2), (6,17,1), (6,14,4), (6,10,1), (7,3,2), (7,12,3), (7,14,2), (7,15,2), (8,12,4), (8,16,2), (8,17,1), (8,10,1), (9,1,1), (9,4,2), (9,12,3), (9,19,1), (9,23,2), (10,15,6), (10,12,4), (10,13,2), (10,4,2), (11,3,3), (11,5,2), (11,14,3), (11,20,1), (12,1,2), (12,2,1), (12,7,2), (12,8,4), (12,21,1), (13,9,2), (13,10,1), (13,11,1), (13,16,2), (14,1,3), (14,2,3), (14,3,6), (14,5,6), (14,14,6), (14,20,2), (15,3,6), (15,7,3), (15,8,6), (15,12,4), (15,14,4), (15,22,2), (16,12,6), (16,13,3), (16,15,6), (16,17,2), (16,10,2), (17,4,4), (17,19,2), (17,20,2), (17,11,1), (18,14,6), (18,18,6), (18,12,6), (18,13,2)', 0)
 2 SYSTEMPATH\Database\BaseConnection.php(910): CodeIgniter\Database\MySQLi\Connection->execute('INSERT INTO `pack_produits` (`pack_id`, `produit_id`, `quantite`)
VALUES (1,1,1), (1,2,1), (1,5,2), (1,6,1), (2,1,2), (2,2,2), (2,3,4), (2,5,4), (2,6,2), (2,14,4), (3,3,4), (3,7,2), (3,8,5), (3,12,2), (3,14,2), (4,7,3), (4,8,5), (4,22,1), (4,23,2), (4,12,3), (4,16,1), (5,14,4), (5,18,4), (5,12,6), (6,16,2), (6,17,1), (6,14,4), (6,10,1), (7,3,2), (7,12,3), (7,14,2), (7,15,2), (8,12,4), (8,16,2), (8,17,1), (8,10,1), (9,1,1), (9,4,2), (9,12,3), (9,19,1), (9,23,2), (10,15,6), (10,12,4), (10,13,2), (10,4,2), (11,3,3), (11,5,2), (11,14,3), (11,20,1), (12,1,2), (12,2,1), (12,7,2), (12,8,4), (12,21,1), (13,9,2), (13,10,1), (13,11,1), (13,16,2), (14,1,3), (14,2,3), (14,3,6), (14,5,6), (14,14,6), (14,20,2), (15,3,6), (15,7,3), (15,8,6), (15,12,4), (15,14,4), (15,22,2), (16,12,6), (16,13,3), (16,15,6), (16,17,2), (16,10,2), (17,4,4), (17,19,2), (17,20,2), (17,11,1), (18,14,6), (18,18,6), (18,12,6), (18,13,2)')
 3 SYSTEMPATH\Database\BaseConnection.php(827): CodeIgniter\Database\BaseConnection->simpleQuery('INSERT INTO `pack_produits` (`pack_id`, `produit_id`, `quantite`)
VALUES (1,1,1), (1,2,1), (1,5,2), (1,6,1), (2,1,2), (2,2,2), (2,3,4), (2,5,4), (2,6,2), (2,14,4), (3,3,4), (3,7,2), (3,8,5), (3,12,2), (3,14,2), (4,7,3), (4,8,5), (4,22,1), (4,23,2), (4,12,3), (4,16,1), (5,14,4), (5,18,4), (5,12,6), (6,16,2), (6,17,1), (6,14,4), (6,10,1), (7,3,2), (7,12,3), (7,14,2), (7,15,2), (8,12,4), (8,16,2), (8,17,1), (8,10,1), (9,1,1), (9,4,2), (9,12,3), (9,19,1), (9,23,2), (10,15,6), (10,12,4), (10,13,2), (10,4,2), (11,3,3), (11,5,2), (11,14,3), (11,20,1), (12,1,2), (12,2,1), (12,7,2), (12,8,4), (12,21,1), (13,9,2), (13,10,1), (13,11,1), (13,16,2), (14,1,3), (14,2,3), (14,3,6), (14,5,6), (14,14,6), (14,20,2), (15,3,6), (15,7,3), (15,8,6), (15,12,4), (15,14,4), (15,22,2), (16,12,6), (16,13,3), (16,15,6), (16,17,2), (16,10,2), (17,4,4), (17,19,2), (17,20,2), (17,11,1), (18,14,6), (18,18,6), (18,12,6), (18,13,2)')
 4 SYSTEMPATH\Database\BaseBuilder.php(1841): CodeIgniter\Database\BaseConnection->query('INSERT INTO `pack_produits` (`pack_id`, `produit_id`, `quantite`)
VALUES (1,1,1), (1,2,1), (1,5,2), (1,6,1), (2,1,2), (2,2,2), (2,3,4), (2,5,4), (2,6,2), (2,14,4), (3,3,4), (3,7,2), (3,8,5), (3,12,2), (3,14,2), (4,7,3), (4,8,5), (4,22,1), (4,23,2), (4,12,3), (4,16,1), (5,14,4), (5,18,4), (5,12,6), (6,16,2), (6,17,1), (6,14,4), (6,10,1), (7,3,2), (7,12,3), (7,14,2), (7,15,2), (8,12,4), (8,16,2), (8,17,1), (8,10,1), (9,1,1), (9,4,2), (9,12,3), (9,19,1), (9,23,2), (10,15,6), (10,12,4), (10,13,2), (10,4,2), (11,3,3), (11,5,2), (11,14,3), (11,20,1), (12,1,2), (12,2,1), (12,7,2), (12,8,4), (12,21,1), (13,9,2), (13,10,1), (13,11,1), (13,16,2), (14,1,3), (14,2,3), (14,3,6), (14,5,6), (14,14,6), (14,20,2), (15,3,6), (15,7,3), (15,8,6), (15,12,4), (15,14,4), (15,22,2), (16,12,6), (16,13,3), (16,15,6), (16,17,2), (16,10,2), (17,4,4), (17,19,2), (17,20,2), (17,11,1), (18,14,6), (18,18,6), (18,12,6), (18,13,2)', null, false)
 5 SYSTEMPATH\Database\BaseBuilder.php(2230): CodeIgniter\Database\BaseBuilder->batchExecute('_insertBatch', 100)
 6 SYSTEMPATH\Model.php(381): CodeIgniter\Database\BaseBuilder->insertBatch([...], null, 100)
 7 SYSTEMPATH\BaseModel.php(1007): CodeIgniter\Model->doInsertBatch([...], null, 100, false)
 8 APPPATH\Database\Seeds\PackProductSeeder.php(135): CodeIgniter\BaseModel->insertBatch([...])
 9 SYSTEMPATH\Database\Seeder.php(155): App\Database\Seeds\PackProductSeeder->run()
10 SYSTEMPATH\Commands\Database\Seed.php(79): CodeIgniter\Database\Seeder->call('App\\Database\\Seeds\\PackProductSeeder')
11 SYSTEMPATH\CLI\Commands.php(74): CodeIgniter\Commands\Database\Seed->run([])
12 SYSTEMPATH\CLI\Console.php(47): CodeIgniter\CLI\Commands->run('db:seed', [...])
13 SYSTEMPATH\Boot.php(442): CodeIgniter\CLI\Console->run()
14 SYSTEMPATH\Boot.php(166): CodeIgniter\Boot::runCommand(Object(CodeIgniter\CLI\Console))
15 ROOTPATH\spark(87): CodeIgniter\Boot::bootSpark(Object(Config\Paths))
DEBUG - 2026-07-11 12:32:28 --> Session: Class initialized using 'CodeIgniter\Session\Handlers\FileHandler' driver.
DEBUG - 2026-07-11 12:32:28 --> Session: Class initialized using 'CodeIgniter\Session\Handlers\FileHandler' driver.
DEBUG - 2026-07-11 12:32:37 --> Session: Class initialized using 'CodeIgniter\Session\Handlers\FileHandler' driver.
DEBUG - 2026-07-11 12:32:51 --> Session: Class initialized using 'CodeIgniter\Session\Handlers\FileHandler' driver.
DEBUG - 2026-07-11 12:32:51 --> Session: Class initialized using 'CodeIgniter\Session\Handlers\FileHandler' driver.
DEBUG - 2026-07-11 12:32:56 --> Session: Class initialized using 'CodeIgniter\Session\Handlers\FileHandler' driver.
DEBUG - 2026-07-11 12:32:59 --> Session: Class initialized using 'CodeIgniter\Session\Handlers\FileHandler' driver.
DEBUG - 2026-07-11 12:33:00 --> Session: Class initialized using 'CodeIgniter\Session\Handlers\FileHandler' driver.
WARNING - 2026-07-11 12:33:00 --> [DEPRECATED] strtotime(): Passing null to parameter #1 ($datetime) of type string is deprecated in APPPATH\Views\magasinier\categoriesProduits.php on line 140.
 1 APPPATH\Views\magasinier\categoriesProduits.php(140): strtotime(null)
 2 SYSTEMPATH\View\View.php(240): include('C:\\Users\\Honore\\Documents\\GitHub\\ecopanier-S4-Mme-Baovola\\app\\Views\\magasinier\\categoriesProduits.php')
 3 SYSTEMPATH\View\View.php(243): CodeIgniter\View\View->{closure:CodeIgniter\View\View::render():237}()
 4 SYSTEMPATH\Common.php(1250): CodeIgniter\View\View->render('magasinier/categoriesProduits', [], true)
 5 APPPATH\Controllers\MagasinierController.php(58): view('magasinier/categoriesProduits', [...])
 6 SYSTEMPATH\CodeIgniter.php(951): App\Controllers\MagasinierController->listerCategories()
 7 SYSTEMPATH\CodeIgniter.php(497): CodeIgniter\CodeIgniter->runController(Object(App\Controllers\MagasinierController))
 8 SYSTEMPATH\CodeIgniter.php(340): CodeIgniter\CodeIgniter->handleRequest(null, Object(Config\Cache), false)
 9 SYSTEMPATH\Boot.php(417): CodeIgniter\CodeIgniter->run()
10 SYSTEMPATH\Boot.php(68): CodeIgniter\Boot::runCodeIgniter(Object(CodeIgniter\CodeIgniter))
11 FCPATH\index.php(59): CodeIgniter\Boot::bootWeb(Object(Config\Paths))
12 SYSTEMPATH\rewrite.php(44): require_once('C:\\Users\\Honore\\Documents\\GitHub\\ecopanier-S4-Mme-Baovola\\public\\index.php')
WARNING - 2026-07-11 12:33:00 --> [DEPRECATED] strtotime(): Passing null to parameter #1 ($datetime) of type string is deprecated in APPPATH\Views\magasinier\categoriesProduits.php on line 140.
 1 APPPATH\Views\magasinier\categoriesProduits.php(140): strtotime(null)
 2 SYSTEMPATH\View\View.php(240): include('C:\\Users\\Honore\\Documents\\GitHub\\ecopanier-S4-Mme-Baovola\\app\\Views\\magasinier\\categoriesProduits.php')
 3 SYSTEMPATH\View\View.php(243): CodeIgniter\View\View->{closure:CodeIgniter\View\View::render():237}()
 4 SYSTEMPATH\Common.php(1250): CodeIgniter\View\View->render('magasinier/categoriesProduits', [], true)
 5 APPPATH\Controllers\MagasinierController.php(58): view('magasinier/categoriesProduits', [...])
 6 SYSTEMPATH\CodeIgniter.php(951): App\Controllers\MagasinierController->listerCategories()
 7 SYSTEMPATH\CodeIgniter.php(497): CodeIgniter\CodeIgniter->runController(Object(App\Controllers\MagasinierController))
 8 SYSTEMPATH\CodeIgniter.php(340): CodeIgniter\CodeIgniter->handleRequest(null, Object(Config\Cache), false)
 9 SYSTEMPATH\Boot.php(417): CodeIgniter\CodeIgniter->run()
10 SYSTEMPATH\Boot.php(68): CodeIgniter\Boot::runCodeIgniter(Object(CodeIgniter\CodeIgniter))
11 FCPATH\index.php(59): CodeIgniter\Boot::bootWeb(Object(Config\Paths))
12 SYSTEMPATH\rewrite.php(44): require_once('C:\\Users\\Honore\\Documents\\GitHub\\ecopanier-S4-Mme-Baovola\\public\\index.php')
WARNING - 2026-07-11 12:33:00 --> [DEPRECATED] strtotime(): Passing null to parameter #1 ($datetime) of type string is deprecated in APPPATH\Views\magasinier\categoriesProduits.php on line 140.
 1 APPPATH\Views\magasinier\categoriesProduits.php(140): strtotime(null)
 2 SYSTEMPATH\View\View.php(240): include('C:\\Users\\Honore\\Documents\\GitHub\\ecopanier-S4-Mme-Baovola\\app\\Views\\magasinier\\categoriesProduits.php')
 3 SYSTEMPATH\View\View.php(243): CodeIgniter\View\View->{closure:CodeIgniter\View\View::render():237}()
 4 SYSTEMPATH\Common.php(1250): CodeIgniter\View\View->render('magasinier/categoriesProduits', [], true)
 5 APPPATH\Controllers\MagasinierController.php(58): view('magasinier/categoriesProduits', [...])
 6 SYSTEMPATH\CodeIgniter.php(951): App\Controllers\MagasinierController->listerCategories()
 7 SYSTEMPATH\CodeIgniter.php(497): CodeIgniter\CodeIgniter->runController(Object(App\Controllers\MagasinierController))
 8 SYSTEMPATH\CodeIgniter.php(340): CodeIgniter\CodeIgniter->handleRequest(null, Object(Config\Cache), false)
 9 SYSTEMPATH\Boot.php(417): CodeIgniter\CodeIgniter->run()
10 SYSTEMPATH\Boot.php(68): CodeIgniter\Boot::runCodeIgniter(Object(CodeIgniter\CodeIgniter))
11 FCPATH\index.php(59): CodeIgniter\Boot::bootWeb(Object(Config\Paths))
12 SYSTEMPATH\rewrite.php(44): require_once('C:\\Users\\Honore\\Documents\\GitHub\\ecopanier-S4-Mme-Baovola\\public\\index.php')
WARNING - 2026-07-11 12:33:00 --> [DEPRECATED] strtotime(): Passing null to parameter #1 ($datetime) of type string is deprecated in APPPATH\Views\magasinier\categoriesProduits.php on line 140.
 1 APPPATH\Views\magasinier\categoriesProduits.php(140): strtotime(null)
 2 SYSTEMPATH\View\View.php(240): include('C:\\Users\\Honore\\Documents\\GitHub\\ecopanier-S4-Mme-Baovola\\app\\Views\\magasinier\\categoriesProduits.php')
 3 SYSTEMPATH\View\View.php(243): CodeIgniter\View\View->{closure:CodeIgniter\View\View::render():237}()
 4 SYSTEMPATH\Common.php(1250): CodeIgniter\View\View->render('magasinier/categoriesProduits', [], true)
 5 APPPATH\Controllers\MagasinierController.php(58): view('magasinier/categoriesProduits', [...])
 6 SYSTEMPATH\CodeIgniter.php(951): App\Controllers\MagasinierController->listerCategories()
 7 SYSTEMPATH\CodeIgniter.php(497): CodeIgniter\CodeIgniter->runController(Object(App\Controllers\MagasinierController))
 8 SYSTEMPATH\CodeIgniter.php(340): CodeIgniter\CodeIgniter->handleRequest(null, Object(Config\Cache), false)
 9 SYSTEMPATH\Boot.php(417): CodeIgniter\CodeIgniter->run()
10 SYSTEMPATH\Boot.php(68): CodeIgniter\Boot::runCodeIgniter(Object(CodeIgniter\CodeIgniter))
11 FCPATH\index.php(59): CodeIgniter\Boot::bootWeb(Object(Config\Paths))
12 SYSTEMPATH\rewrite.php(44): require_once('C:\\Users\\Honore\\Documents\\GitHub\\ecopanier-S4-Mme-Baovola\\public\\index.php')
DEBUG - 2026-07-11 12:33:01 --> Session: Class initialized using 'CodeIgniter\Session\Handlers\FileHandler' driver.
WARNING - 2026-07-11 12:33:01 --> [DEPRECATED] strtotime(): Passing null to parameter #1 ($datetime) of type string is deprecated in APPPATH\Views\magasinier\produits.php on line 123.
 1 APPPATH\Views\magasinier\produits.php(123): strtotime(null)
 2 SYSTEMPATH\View\View.php(240): include('C:\\Users\\Honore\\Documents\\GitHub\\ecopanier-S4-Mme-Baovola\\app\\Views\\magasinier\\produits.php')
 3 SYSTEMPATH\View\View.php(243): CodeIgniter\View\View->{closure:CodeIgniter\View\View::render():237}()
 4 SYSTEMPATH\Common.php(1250): CodeIgniter\View\View->render('magasinier/produits', [], true)
 5 APPPATH\Controllers\MagasinierController.php(103): view('magasinier/produits', [...])
 6 SYSTEMPATH\CodeIgniter.php(951): App\Controllers\MagasinierController->produits()
 7 SYSTEMPATH\CodeIgniter.php(497): CodeIgniter\CodeIgniter->runController(Object(App\Controllers\MagasinierController))
 8 SYSTEMPATH\CodeIgniter.php(340): CodeIgniter\CodeIgniter->handleRequest(null, Object(Config\Cache), false)
 9 SYSTEMPATH\Boot.php(417): CodeIgniter\CodeIgniter->run()
10 SYSTEMPATH\Boot.php(68): CodeIgniter\Boot::runCodeIgniter(Object(CodeIgniter\CodeIgniter))
11 FCPATH\index.php(59): CodeIgniter\Boot::bootWeb(Object(Config\Paths))
12 SYSTEMPATH\rewrite.php(44): require_once('C:\\Users\\Honore\\Documents\\GitHub\\ecopanier-S4-Mme-Baovola\\public\\index.php')
WARNING - 2026-07-11 12:33:02 --> [DEPRECATED] strtotime(): Passing null to parameter #1 ($datetime) of type string is deprecated in APPPATH\Views\magasinier\produits.php on line 123.
 1 APPPATH\Views\magasinier\produits.php(123): strtotime(null)
 2 SYSTEMPATH\View\View.php(240): include('C:\\Users\\Honore\\Documents\\GitHub\\ecopanier-S4-Mme-Baovola\\app\\Views\\magasinier\\produits.php')
 3 SYSTEMPATH\View\View.php(243): CodeIgniter\View\View->{closure:CodeIgniter\View\View::render():237}()
 4 SYSTEMPATH\Common.php(1250): CodeIgniter\View\View->render('magasinier/produits', [], true)
 5 APPPATH\Controllers\MagasinierController.php(103): view('magasinier/produits', [...])
 6 SYSTEMPATH\CodeIgniter.php(951): App\Controllers\MagasinierController->produits()
 7 SYSTEMPATH\CodeIgniter.php(497): CodeIgniter\CodeIgniter->runController(Object(App\Controllers\MagasinierController))
 8 SYSTEMPATH\CodeIgniter.php(340): CodeIgniter\CodeIgniter->handleRequest(null, Object(Config\Cache), false)
 9 SYSTEMPATH\Boot.php(417): CodeIgniter\CodeIgniter->run()
10 SYSTEMPATH\Boot.php(68): CodeIgniter\Boot::runCodeIgniter(Object(CodeIgniter\CodeIgniter))
11 FCPATH\index.php(59): CodeIgniter\Boot::bootWeb(Object(Config\Paths))
12 SYSTEMPATH\rewrite.php(44): require_once('C:\\Users\\Honore\\Documents\\GitHub\\ecopanier-S4-Mme-Baovola\\public\\index.php')
WARNING - 2026-07-11 12:33:02 --> [DEPRECATED] strtotime(): Passing null to parameter #1 ($datetime) of type string is deprecated in APPPATH\Views\magasinier\produits.php on line 123.
 1 APPPATH\Views\magasinier\produits.php(123): strtotime(null)
 2 SYSTEMPATH\View\View.php(240): include('C:\\Users\\Honore\\Documents\\GitHub\\ecopanier-S4-Mme-Baovola\\app\\Views\\magasinier\\produits.php')
 3 SYSTEMPATH\View\View.php(243): CodeIgniter\View\View->{closure:CodeIgniter\View\View::render():237}()
 4 SYSTEMPATH\Common.php(1250): CodeIgniter\View\View->render('magasinier/produits', [], true)
 5 APPPATH\Controllers\MagasinierController.php(103): view('magasinier/produits', [...])
 6 SYSTEMPATH\CodeIgniter.php(951): App\Controllers\MagasinierController->produits()
 7 SYSTEMPATH\CodeIgniter.php(497): CodeIgniter\CodeIgniter->runController(Object(App\Controllers\MagasinierController))
 8 SYSTEMPATH\CodeIgniter.php(340): CodeIgniter\CodeIgniter->handleRequest(null, Object(Config\Cache), false)
 9 SYSTEMPATH\Boot.php(417): CodeIgniter\CodeIgniter->run()
10 SYSTEMPATH\Boot.php(68): CodeIgniter\Boot::runCodeIgniter(Object(CodeIgniter\CodeIgniter))
11 FCPATH\index.php(59): CodeIgniter\Boot::bootWeb(Object(Config\Paths))
12 SYSTEMPATH\rewrite.php(44): require_once('C:\\Users\\Honore\\Documents\\GitHub\\ecopanier-S4-Mme-Baovola\\public\\index.php')
WARNING - 2026-07-11 12:33:02 --> [DEPRECATED] strtotime(): Passing null to parameter #1 ($datetime) of type string is deprecated in APPPATH\Views\magasinier\produits.php on line 123.
 1 APPPATH\Views\magasinier\produits.php(123): strtotime(null)
 2 SYSTEMPATH\View\View.php(240): include('C:\\Users\\Honore\\Documents\\GitHub\\ecopanier-S4-Mme-Baovola\\app\\Views\\magasinier\\produits.php')
 3 SYSTEMPATH\View\View.php(243): CodeIgniter\View\View->{closure:CodeIgniter\View\View::render():237}()
 4 SYSTEMPATH\Common.php(1250): CodeIgniter\View\View->render('magasinier/produits', [], true)
 5 APPPATH\Controllers\MagasinierController.php(103): view('magasinier/produits', [...])
 6 SYSTEMPATH\CodeIgniter.php(951): App\Controllers\MagasinierController->produits()
 7 SYSTEMPATH\CodeIgniter.php(497): CodeIgniter\CodeIgniter->runController(Object(App\Controllers\MagasinierController))
 8 SYSTEMPATH\CodeIgniter.php(340): CodeIgniter\CodeIgniter->handleRequest(null, Object(Config\Cache), false)
 9 SYSTEMPATH\Boot.php(417): CodeIgniter\CodeIgniter->run()
10 SYSTEMPATH\Boot.php(68): CodeIgniter\Boot::runCodeIgniter(Object(CodeIgniter\CodeIgniter))
11 FCPATH\index.php(59): CodeIgniter\Boot::bootWeb(Object(Config\Paths))
12 SYSTEMPATH\rewrite.php(44): require_once('C:\\Users\\Honore\\Documents\\GitHub\\ecopanier-S4-Mme-Baovola\\public\\index.php')
WARNING - 2026-07-11 12:33:02 --> [DEPRECATED] strtotime(): Passing null to parameter #1 ($datetime) of type string is deprecated in APPPATH\Views\magasinier\produits.php on line 123.
 1 APPPATH\Views\magasinier\produits.php(123): strtotime(null)
 2 SYSTEMPATH\View\View.php(240): include('C:\\Users\\Honore\\Documents\\GitHub\\ecopanier-S4-Mme-Baovola\\app\\Views\\magasinier\\produits.php')
 3 SYSTEMPATH\View\View.php(243): CodeIgniter\View\View->{closure:CodeIgniter\View\View::render():237}()
 4 SYSTEMPATH\Common.php(1250): CodeIgniter\View\View->render('magasinier/produits', [], true)
 5 APPPATH\Controllers\MagasinierController.php(103): view('magasinier/produits', [...])
 6 SYSTEMPATH\CodeIgniter.php(951): App\Controllers\MagasinierController->produits()
 7 SYSTEMPATH\CodeIgniter.php(497): CodeIgniter\CodeIgniter->runController(Object(App\Controllers\MagasinierController))
 8 SYSTEMPATH\CodeIgniter.php(340): CodeIgniter\CodeIgniter->handleRequest(null, Object(Config\Cache), false)
 9 SYSTEMPATH\Boot.php(417): CodeIgniter\CodeIgniter->run()
10 SYSTEMPATH\Boot.php(68): CodeIgniter\Boot::runCodeIgniter(Object(CodeIgniter\CodeIgniter))
11 FCPATH\index.php(59): CodeIgniter\Boot::bootWeb(Object(Config\Paths))
12 SYSTEMPATH\rewrite.php(44): require_once('C:\\Users\\Honore\\Documents\\GitHub\\ecopanier-S4-Mme-Baovola\\public\\index.php')
WARNING - 2026-07-11 12:33:02 --> [DEPRECATED] strtotime(): Passing null to parameter #1 ($datetime) of type string is deprecated in APPPATH\Views\magasinier\produits.php on line 123.
 1 APPPATH\Views\magasinier\produits.php(123): strtotime(null)
 2 SYSTEMPATH\View\View.php(240): include('C:\\Users\\Honore\\Documents\\GitHub\\ecopanier-S4-Mme-Baovola\\app\\Views\\magasinier\\produits.php')
 3 SYSTEMPATH\View\View.php(243): CodeIgniter\View\View->{closure:CodeIgniter\View\View::render():237}()
 4 SYSTEMPATH\Common.php(1250): CodeIgniter\View\View->render('magasinier/produits', [], true)
 5 APPPATH\Controllers\MagasinierController.php(103): view('magasinier/produits', [...])
 6 SYSTEMPATH\CodeIgniter.php(951): App\Controllers\MagasinierController->produits()
 7 SYSTEMPATH\CodeIgniter.php(497): CodeIgniter\CodeIgniter->runController(Object(App\Controllers\MagasinierController))
 8 SYSTEMPATH\CodeIgniter.php(340): CodeIgniter\CodeIgniter->handleRequest(null, Object(Config\Cache), false)
 9 SYSTEMPATH\Boot.php(417): CodeIgniter\CodeIgniter->run()
10 SYSTEMPATH\Boot.php(68): CodeIgniter\Boot::runCodeIgniter(Object(CodeIgniter\CodeIgniter))
11 FCPATH\index.php(59): CodeIgniter\Boot::bootWeb(Object(Config\Paths))
12 SYSTEMPATH\rewrite.php(44): require_once('C:\\Users\\Honore\\Documents\\GitHub\\ecopanier-S4-Mme-Baovola\\public\\index.php')
WARNING - 2026-07-11 12:33:02 --> [DEPRECATED] strtotime(): Passing null to parameter #1 ($datetime) of type string is deprecated in APPPATH\Views\magasinier\produits.php on line 123.
 1 APPPATH\Views\magasinier\produits.php(123): strtotime(null)
 2 SYSTEMPATH\View\View.php(240): include('C:\\Users\\Honore\\Documents\\GitHub\\ecopanier-S4-Mme-Baovola\\app\\Views\\magasinier\\produits.php')
 3 SYSTEMPATH\View\View.php(243): CodeIgniter\View\View->{closure:CodeIgniter\View\View::render():237}()
 4 SYSTEMPATH\Common.php(1250): CodeIgniter\View\View->render('magasinier/produits', [], true)
 5 APPPATH\Controllers\MagasinierController.php(103): view('magasinier/produits', [...])
 6 SYSTEMPATH\CodeIgniter.php(951): App\Controllers\MagasinierController->produits()
 7 SYSTEMPATH\CodeIgniter.php(497): CodeIgniter\CodeIgniter->runController(Object(App\Controllers\MagasinierController))
 8 SYSTEMPATH\CodeIgniter.php(340): CodeIgniter\CodeIgniter->handleRequest(null, Object(Config\Cache), false)
 9 SYSTEMPATH\Boot.php(417): CodeIgniter\CodeIgniter->run()
10 SYSTEMPATH\Boot.php(68): CodeIgniter\Boot::runCodeIgniter(Object(CodeIgniter\CodeIgniter))
11 FCPATH\index.php(59): CodeIgniter\Boot::bootWeb(Object(Config\Paths))
12 SYSTEMPATH\rewrite.php(44): require_once('C:\\Users\\Honore\\Documents\\GitHub\\ecopanier-S4-Mme-Baovola\\public\\index.php')
WARNING - 2026-07-11 12:33:02 --> [DEPRECATED] strtotime(): Passing null to parameter #1 ($datetime) of type string is deprecated in APPPATH\Views\magasinier\produits.php on line 123.
 1 APPPATH\Views\magasinier\produits.php(123): strtotime(null)
 2 SYSTEMPATH\View\View.php(240): include('C:\\Users\\Honore\\Documents\\GitHub\\ecopanier-S4-Mme-Baovola\\app\\Views\\magasinier\\produits.php')
 3 SYSTEMPATH\View\View.php(243): CodeIgniter\View\View->{closure:CodeIgniter\View\View::render():237}()
 4 SYSTEMPATH\Common.php(1250): CodeIgniter\View\View->render('magasinier/produits', [], true)
 5 APPPATH\Controllers\MagasinierController.php(103): view('magasinier/produits', [...])
 6 SYSTEMPATH\CodeIgniter.php(951): App\Controllers\MagasinierController->produits()
 7 SYSTEMPATH\CodeIgniter.php(497): CodeIgniter\CodeIgniter->runController(Object(App\Controllers\MagasinierController))
 8 SYSTEMPATH\CodeIgniter.php(340): CodeIgniter\CodeIgniter->handleRequest(null, Object(Config\Cache), false)
 9 SYSTEMPATH\Boot.php(417): CodeIgniter\CodeIgniter->run()
10 SYSTEMPATH\Boot.php(68): CodeIgniter\Boot::runCodeIgniter(Object(CodeIgniter\CodeIgniter))
11 FCPATH\index.php(59): CodeIgniter\Boot::bootWeb(Object(Config\Paths))
12 SYSTEMPATH\rewrite.php(44): require_once('C:\\Users\\Honore\\Documents\\GitHub\\ecopanier-S4-Mme-Baovola\\public\\index.php')
DEBUG - 2026-07-11 12:33:02 --> Session: Class initialized using 'CodeIgniter\Session\Handlers\FileHandler' driver.
DEBUG - 2026-07-11 12:33:03 --> Session: Class initialized using 'CodeIgniter\Session\Handlers\FileHandler' driver.
DEBUG - 2026-07-11 12:33:04 --> Session: Class initialized using 'CodeIgniter\Session\Handlers\FileHandler' driver.
DEBUG - 2026-07-11 12:33:09 --> Session: Class initialized using 'CodeIgniter\Session\Handlers\FileHandler' driver.
DEBUG - 2026-07-11 12:33:09 --> Session: Class initialized using 'CodeIgniter\Session\Handlers\FileHandler' driver.
DEBUG - 2026-07-11 12:33:23 --> Session: Class initialized using 'CodeIgniter\Session\Handlers\FileHandler' driver.
DEBUG - 2026-07-11 12:33:23 --> Session: Class initialized using 'CodeIgniter\Session\Handlers\FileHandler' driver.
DEBUG - 2026-07-11 12:33:25 --> Session: Class initialized using 'CodeIgniter\Session\Handlers\FileHandler' driver.
DEBUG - 2026-07-11 12:33:27 --> Session: Class initialized using 'CodeIgniter\Session\Handlers\FileHandler' driver.
DEBUG - 2026-07-11 12:33:28 --> Session: Class initialized using 'CodeIgniter\Session\Handlers\FileHandler' driver.
WARNING - 2026-07-11 12:33:28 --> [DEPRECATED] strtotime(): Passing null to parameter #1 ($datetime) of type string is deprecated in APPPATH\Views\magasinier\categoriesProduits.php on line 140.
 1 APPPATH\Views\magasinier\categoriesProduits.php(140): strtotime(null)
 2 SYSTEMPATH\View\View.php(240): include('C:\\Users\\Honore\\Documents\\GitHub\\ecopanier-S4-Mme-Baovola\\app\\Views\\magasinier\\categoriesProduits.php')
 3 SYSTEMPATH\View\View.php(243): CodeIgniter\View\View->{closure:CodeIgniter\View\View::render():237}()
 4 SYSTEMPATH\Common.php(1250): CodeIgniter\View\View->render('magasinier/categoriesProduits', [], true)
 5 APPPATH\Controllers\MagasinierController.php(58): view('magasinier/categoriesProduits', [...])
 6 SYSTEMPATH\CodeIgniter.php(951): App\Controllers\MagasinierController->listerCategories()
 7 SYSTEMPATH\CodeIgniter.php(497): CodeIgniter\CodeIgniter->runController(Object(App\Controllers\MagasinierController))
 8 SYSTEMPATH\CodeIgniter.php(340): CodeIgniter\CodeIgniter->handleRequest(null, Object(Config\Cache), false)
 9 SYSTEMPATH\Boot.php(417): CodeIgniter\CodeIgniter->run()
10 SYSTEMPATH\Boot.php(68): CodeIgniter\Boot::runCodeIgniter(Object(CodeIgniter\CodeIgniter))
11 FCPATH\index.php(59): CodeIgniter\Boot::bootWeb(Object(Config\Paths))
12 SYSTEMPATH\rewrite.php(44): require_once('C:\\Users\\Honore\\Documents\\GitHub\\ecopanier-S4-Mme-Baovola\\public\\index.php')
WARNING - 2026-07-11 12:33:28 --> [DEPRECATED] strtotime(): Passing null to parameter #1 ($datetime) of type string is deprecated in APPPATH\Views\magasinier\categoriesProduits.php on line 140.
 1 APPPATH\Views\magasinier\categoriesProduits.php(140): strtotime(null)
 2 SYSTEMPATH\View\View.php(240): include('C:\\Users\\Honore\\Documents\\GitHub\\ecopanier-S4-Mme-Baovola\\app\\Views\\magasinier\\categoriesProduits.php')
 3 SYSTEMPATH\View\View.php(243): CodeIgniter\View\View->{closure:CodeIgniter\View\View::render():237}()
 4 SYSTEMPATH\Common.php(1250): CodeIgniter\View\View->render('magasinier/categoriesProduits', [], true)
 5 APPPATH\Controllers\MagasinierController.php(58): view('magasinier/categoriesProduits', [...])
 6 SYSTEMPATH\CodeIgniter.php(951): App\Controllers\MagasinierController->listerCategories()
 7 SYSTEMPATH\CodeIgniter.php(497): CodeIgniter\CodeIgniter->runController(Object(App\Controllers\MagasinierController))
 8 SYSTEMPATH\CodeIgniter.php(340): CodeIgniter\CodeIgniter->handleRequest(null, Object(Config\Cache), false)
 9 SYSTEMPATH\Boot.php(417): CodeIgniter\CodeIgniter->run()
10 SYSTEMPATH\Boot.php(68): CodeIgniter\Boot::runCodeIgniter(Object(CodeIgniter\CodeIgniter))
11 FCPATH\index.php(59): CodeIgniter\Boot::bootWeb(Object(Config\Paths))
12 SYSTEMPATH\rewrite.php(44): require_once('C:\\Users\\Honore\\Documents\\GitHub\\ecopanier-S4-Mme-Baovola\\public\\index.php')
WARNING - 2026-07-11 12:33:28 --> [DEPRECATED] strtotime(): Passing null to parameter #1 ($datetime) of type string is deprecated in APPPATH\Views\magasinier\categoriesProduits.php on line 140.
 1 APPPATH\Views\magasinier\categoriesProduits.php(140): strtotime(null)
 2 SYSTEMPATH\View\View.php(240): include('C:\\Users\\Honore\\Documents\\GitHub\\ecopanier-S4-Mme-Baovola\\app\\Views\\magasinier\\categoriesProduits.php')
 3 SYSTEMPATH\View\View.php(243): CodeIgniter\View\View->{closure:CodeIgniter\View\View::render():237}()
 4 SYSTEMPATH\Common.php(1250): CodeIgniter\View\View->render('magasinier/categoriesProduits', [], true)
 5 APPPATH\Controllers\MagasinierController.php(58): view('magasinier/categoriesProduits', [...])
 6 SYSTEMPATH\CodeIgniter.php(951): App\Controllers\MagasinierController->listerCategories()
 7 SYSTEMPATH\CodeIgniter.php(497): CodeIgniter\CodeIgniter->runController(Object(App\Controllers\MagasinierController))
 8 SYSTEMPATH\CodeIgniter.php(340): CodeIgniter\CodeIgniter->handleRequest(null, Object(Config\Cache), false)
 9 SYSTEMPATH\Boot.php(417): CodeIgniter\CodeIgniter->run()
10 SYSTEMPATH\Boot.php(68): CodeIgniter\Boot::runCodeIgniter(Object(CodeIgniter\CodeIgniter))
11 FCPATH\index.php(59): CodeIgniter\Boot::bootWeb(Object(Config\Paths))
12 SYSTEMPATH\rewrite.php(44): require_once('C:\\Users\\Honore\\Documents\\GitHub\\ecopanier-S4-Mme-Baovola\\public\\index.php')
WARNING - 2026-07-11 12:33:28 --> [DEPRECATED] strtotime(): Passing null to parameter #1 ($datetime) of type string is deprecated in APPPATH\Views\magasinier\categoriesProduits.php on line 140.
 1 APPPATH\Views\magasinier\categoriesProduits.php(140): strtotime(null)
 2 SYSTEMPATH\View\View.php(240): include('C:\\Users\\Honore\\Documents\\GitHub\\ecopanier-S4-Mme-Baovola\\app\\Views\\magasinier\\categoriesProduits.php')
 3 SYSTEMPATH\View\View.php(243): CodeIgniter\View\View->{closure:CodeIgniter\View\View::render():237}()
 4 SYSTEMPATH\Common.php(1250): CodeIgniter\View\View->render('magasinier/categoriesProduits', [], true)
 5 APPPATH\Controllers\MagasinierController.php(58): view('magasinier/categoriesProduits', [...])
 6 SYSTEMPATH\CodeIgniter.php(951): App\Controllers\MagasinierController->listerCategories()
 7 SYSTEMPATH\CodeIgniter.php(497): CodeIgniter\CodeIgniter->runController(Object(App\Controllers\MagasinierController))
 8 SYSTEMPATH\CodeIgniter.php(340): CodeIgniter\CodeIgniter->handleRequest(null, Object(Config\Cache), false)
 9 SYSTEMPATH\Boot.php(417): CodeIgniter\CodeIgniter->run()
10 SYSTEMPATH\Boot.php(68): CodeIgniter\Boot::runCodeIgniter(Object(CodeIgniter\CodeIgniter))
11 FCPATH\index.php(59): CodeIgniter\Boot::bootWeb(Object(Config\Paths))
12 SYSTEMPATH\rewrite.php(44): require_once('C:\\Users\\Honore\\Documents\\GitHub\\ecopanier-S4-Mme-Baovola\\public\\index.php')
DEBUG - 2026-07-11 12:33:28 --> Session: Class initialized using 'CodeIgniter\Session\Handlers\FileHandler' driver.
WARNING - 2026-07-11 12:33:28 --> [DEPRECATED] strtotime(): Passing null to parameter #1 ($datetime) of type string is deprecated in APPPATH\Views\magasinier\produits.php on line 123.
 1 APPPATH\Views\magasinier\produits.php(123): strtotime(null)
 2 SYSTEMPATH\View\View.php(240): include('C:\\Users\\Honore\\Documents\\GitHub\\ecopanier-S4-Mme-Baovola\\app\\Views\\magasinier\\produits.php')
 3 SYSTEMPATH\View\View.php(243): CodeIgniter\View\View->{closure:CodeIgniter\View\View::render():237}()
 4 SYSTEMPATH\Common.php(1250): CodeIgniter\View\View->render('magasinier/produits', [], true)
 5 APPPATH\Controllers\MagasinierController.php(103): view('magasinier/produits', [...])
 6 SYSTEMPATH\CodeIgniter.php(951): App\Controllers\MagasinierController->produits()
 7 SYSTEMPATH\CodeIgniter.php(497): CodeIgniter\CodeIgniter->runController(Object(App\Controllers\MagasinierController))
 8 SYSTEMPATH\CodeIgniter.php(340): CodeIgniter\CodeIgniter->handleRequest(null, Object(Config\Cache), false)
 9 SYSTEMPATH\Boot.php(417): CodeIgniter\CodeIgniter->run()
10 SYSTEMPATH\Boot.php(68): CodeIgniter\Boot::runCodeIgniter(Object(CodeIgniter\CodeIgniter))
11 FCPATH\index.php(59): CodeIgniter\Boot::bootWeb(Object(Config\Paths))
12 SYSTEMPATH\rewrite.php(44): require_once('C:\\Users\\Honore\\Documents\\GitHub\\ecopanier-S4-Mme-Baovola\\public\\index.php')
WARNING - 2026-07-11 12:33:28 --> [DEPRECATED] strtotime(): Passing null to parameter #1 ($datetime) of type string is deprecated in APPPATH\Views\magasinier\produits.php on line 123.
 1 APPPATH\Views\magasinier\produits.php(123): strtotime(null)
 2 SYSTEMPATH\View\View.php(240): include('C:\\Users\\Honore\\Documents\\GitHub\\ecopanier-S4-Mme-Baovola\\app\\Views\\magasinier\\produits.php')
 3 SYSTEMPATH\View\View.php(243): CodeIgniter\View\View->{closure:CodeIgniter\View\View::render():237}()
 4 SYSTEMPATH\Common.php(1250): CodeIgniter\View\View->render('magasinier/produits', [], true)
 5 APPPATH\Controllers\MagasinierController.php(103): view('magasinier/produits', [...])
 6 SYSTEMPATH\CodeIgniter.php(951): App\Controllers\MagasinierController->produits()
 7 SYSTEMPATH\CodeIgniter.php(497): CodeIgniter\CodeIgniter->runController(Object(App\Controllers\MagasinierController))
 8 SYSTEMPATH\CodeIgniter.php(340): CodeIgniter\CodeIgniter->handleRequest(null, Object(Config\Cache), false)
 9 SYSTEMPATH\Boot.php(417): CodeIgniter\CodeIgniter->run()
10 SYSTEMPATH\Boot.php(68): CodeIgniter\Boot::runCodeIgniter(Object(CodeIgniter\CodeIgniter))
11 FCPATH\index.php(59): CodeIgniter\Boot::bootWeb(Object(Config\Paths))
12 SYSTEMPATH\rewrite.php(44): require_once('C:\\Users\\Honore\\Documents\\GitHub\\ecopanier-S4-Mme-Baovola\\public\\index.php')
WARNING - 2026-07-11 12:33:28 --> [DEPRECATED] strtotime(): Passing null to parameter #1 ($datetime) of type string is deprecated in APPPATH\Views\magasinier\produits.php on line 123.
 1 APPPATH\Views\magasinier\produits.php(123): strtotime(null)
 2 SYSTEMPATH\View\View.php(240): include('C:\\Users\\Honore\\Documents\\GitHub\\ecopanier-S4-Mme-Baovola\\app\\Views\\magasinier\\produits.php')
 3 SYSTEMPATH\View\View.php(243): CodeIgniter\View\View->{closure:CodeIgniter\View\View::render():237}()
 4 SYSTEMPATH\Common.php(1250): CodeIgniter\View\View->render('magasinier/produits', [], true)
 5 APPPATH\Controllers\MagasinierController.php(103): view('magasinier/produits', [...])
 6 SYSTEMPATH\CodeIgniter.php(951): App\Controllers\MagasinierController->produits()
 7 SYSTEMPATH\CodeIgniter.php(497): CodeIgniter\CodeIgniter->runController(Object(App\Controllers\MagasinierController))
 8 SYSTEMPATH\CodeIgniter.php(340): CodeIgniter\CodeIgniter->handleRequest(null, Object(Config\Cache), false)
 9 SYSTEMPATH\Boot.php(417): CodeIgniter\CodeIgniter->run()
10 SYSTEMPATH\Boot.php(68): CodeIgniter\Boot::runCodeIgniter(Object(CodeIgniter\CodeIgniter))
11 FCPATH\index.php(59): CodeIgniter\Boot::bootWeb(Object(Config\Paths))
12 SYSTEMPATH\rewrite.php(44): require_once('C:\\Users\\Honore\\Documents\\GitHub\\ecopanier-S4-Mme-Baovola\\public\\index.php')
WARNING - 2026-07-11 12:33:28 --> [DEPRECATED] strtotime(): Passing null to parameter #1 ($datetime) of type string is deprecated in APPPATH\Views\magasinier\produits.php on line 123.
 1 APPPATH\Views\magasinier\produits.php(123): strtotime(null)
 2 SYSTEMPATH\View\View.php(240): include('C:\\Users\\Honore\\Documents\\GitHub\\ecopanier-S4-Mme-Baovola\\app\\Views\\magasinier\\produits.php')
 3 SYSTEMPATH\View\View.php(243): CodeIgniter\View\View->{closure:CodeIgniter\View\View::render():237}()
 4 SYSTEMPATH\Common.php(1250): CodeIgniter\View\View->render('magasinier/produits', [], true)
 5 APPPATH\Controllers\MagasinierController.php(103): view('magasinier/produits', [...])
 6 SYSTEMPATH\CodeIgniter.php(951): App\Controllers\MagasinierController->produits()
 7 SYSTEMPATH\CodeIgniter.php(497): CodeIgniter\CodeIgniter->runController(Object(App\Controllers\MagasinierController))
 8 SYSTEMPATH\CodeIgniter.php(340): CodeIgniter\CodeIgniter->handleRequest(null, Object(Config\Cache), false)
 9 SYSTEMPATH\Boot.php(417): CodeIgniter\CodeIgniter->run()
10 SYSTEMPATH\Boot.php(68): CodeIgniter\Boot::runCodeIgniter(Object(CodeIgniter\CodeIgniter))
11 FCPATH\index.php(59): CodeIgniter\Boot::bootWeb(Object(Config\Paths))
12 SYSTEMPATH\rewrite.php(44): require_once('C:\\Users\\Honore\\Documents\\GitHub\\ecopanier-S4-Mme-Baovola\\public\\index.php')
WARNING - 2026-07-11 12:33:28 --> [DEPRECATED] strtotime(): Passing null to parameter #1 ($datetime) of type string is deprecated in APPPATH\Views\magasinier\produits.php on line 123.
 1 APPPATH\Views\magasinier\produits.php(123): strtotime(null)
 2 SYSTEMPATH\View\View.php(240): include('C:\\Users\\Honore\\Documents\\GitHub\\ecopanier-S4-Mme-Baovola\\app\\Views\\magasinier\\produits.php')
 3 SYSTEMPATH\View\View.php(243): CodeIgniter\View\View->{closure:CodeIgniter\View\View::render():237}()
 4 SYSTEMPATH\Common.php(1250): CodeIgniter\View\View->render('magasinier/produits', [], true)
 5 APPPATH\Controllers\MagasinierController.php(103): view('magasinier/produits', [...])
 6 SYSTEMPATH\CodeIgniter.php(951): App\Controllers\MagasinierController->produits()
 7 SYSTEMPATH\CodeIgniter.php(497): CodeIgniter\CodeIgniter->runController(Object(App\Controllers\MagasinierController))
 8 SYSTEMPATH\CodeIgniter.php(340): CodeIgniter\CodeIgniter->handleRequest(null, Object(Config\Cache), false)
 9 SYSTEMPATH\Boot.php(417): CodeIgniter\CodeIgniter->run()
10 SYSTEMPATH\Boot.php(68): CodeIgniter\Boot::runCodeIgniter(Object(CodeIgniter\CodeIgniter))
11 FCPATH\index.php(59): CodeIgniter\Boot::bootWeb(Object(Config\Paths))
12 SYSTEMPATH\rewrite.php(44): require_once('C:\\Users\\Honore\\Documents\\GitHub\\ecopanier-S4-Mme-Baovola\\public\\index.php')
WARNING - 2026-07-11 12:33:28 --> [DEPRECATED] strtotime(): Passing null to parameter #1 ($datetime) of type string is deprecated in APPPATH\Views\magasinier\produits.php on line 123.
 1 APPPATH\Views\magasinier\produits.php(123): strtotime(null)
 2 SYSTEMPATH\View\View.php(240): include('C:\\Users\\Honore\\Documents\\GitHub\\ecopanier-S4-Mme-Baovola\\app\\Views\\magasinier\\produits.php')
 3 SYSTEMPATH\View\View.php(243): CodeIgniter\View\View->{closure:CodeIgniter\View\View::render():237}()
 4 SYSTEMPATH\Common.php(1250): CodeIgniter\View\View->render('magasinier/produits', [], true)
 5 APPPATH\Controllers\MagasinierController.php(103): view('magasinier/produits', [...])
 6 SYSTEMPATH\CodeIgniter.php(951): App\Controllers\MagasinierController->produits()
 7 SYSTEMPATH\CodeIgniter.php(497): CodeIgniter\CodeIgniter->runController(Object(App\Controllers\MagasinierController))
 8 SYSTEMPATH\CodeIgniter.php(340): CodeIgniter\CodeIgniter->handleRequest(null, Object(Config\Cache), false)
 9 SYSTEMPATH\Boot.php(417): CodeIgniter\CodeIgniter->run()
10 SYSTEMPATH\Boot.php(68): CodeIgniter\Boot::runCodeIgniter(Object(CodeIgniter\CodeIgniter))
11 FCPATH\index.php(59): CodeIgniter\Boot::bootWeb(Object(Config\Paths))
12 SYSTEMPATH\rewrite.php(44): require_once('C:\\Users\\Honore\\Documents\\GitHub\\ecopanier-S4-Mme-Baovola\\public\\index.php')
WARNING - 2026-07-11 12:33:28 --> [DEPRECATED] strtotime(): Passing null to parameter #1 ($datetime) of type string is deprecated in APPPATH\Views\magasinier\produits.php on line 123.
 1 APPPATH\Views\magasinier\produits.php(123): strtotime(null)
 2 SYSTEMPATH\View\View.php(240): include('C:\\Users\\Honore\\Documents\\GitHub\\ecopanier-S4-Mme-Baovola\\app\\Views\\magasinier\\produits.php')
 3 SYSTEMPATH\View\View.php(243): CodeIgniter\View\View->{closure:CodeIgniter\View\View::render():237}()
 4 SYSTEMPATH\Common.php(1250): CodeIgniter\View\View->render('magasinier/produits', [], true)
 5 APPPATH\Controllers\MagasinierController.php(103): view('magasinier/produits', [...])
 6 SYSTEMPATH\CodeIgniter.php(951): App\Controllers\MagasinierController->produits()
 7 SYSTEMPATH\CodeIgniter.php(497): CodeIgniter\CodeIgniter->runController(Object(App\Controllers\MagasinierController))
 8 SYSTEMPATH\CodeIgniter.php(340): CodeIgniter\CodeIgniter->handleRequest(null, Object(Config\Cache), false)
 9 SYSTEMPATH\Boot.php(417): CodeIgniter\CodeIgniter->run()
10 SYSTEMPATH\Boot.php(68): CodeIgniter\Boot::runCodeIgniter(Object(CodeIgniter\CodeIgniter))
11 FCPATH\index.php(59): CodeIgniter\Boot::bootWeb(Object(Config\Paths))
12 SYSTEMPATH\rewrite.php(44): require_once('C:\\Users\\Honore\\Documents\\GitHub\\ecopanier-S4-Mme-Baovola\\public\\index.php')
WARNING - 2026-07-11 12:33:28 --> [DEPRECATED] strtotime(): Passing null to parameter #1 ($datetime) of type string is deprecated in APPPATH\Views\magasinier\produits.php on line 123.
 1 APPPATH\Views\magasinier\produits.php(123): strtotime(null)
 2 SYSTEMPATH\View\View.php(240): include('C:\\Users\\Honore\\Documents\\GitHub\\ecopanier-S4-Mme-Baovola\\app\\Views\\magasinier\\produits.php')
 3 SYSTEMPATH\View\View.php(243): CodeIgniter\View\View->{closure:CodeIgniter\View\View::render():237}()
 4 SYSTEMPATH\Common.php(1250): CodeIgniter\View\View->render('magasinier/produits', [], true)
 5 APPPATH\Controllers\MagasinierController.php(103): view('magasinier/produits', [...])
 6 SYSTEMPATH\CodeIgniter.php(951): App\Controllers\MagasinierController->produits()
 7 SYSTEMPATH\CodeIgniter.php(497): CodeIgniter\CodeIgniter->runController(Object(App\Controllers\MagasinierController))
 8 SYSTEMPATH\CodeIgniter.php(340): CodeIgniter\CodeIgniter->handleRequest(null, Object(Config\Cache), false)
 9 SYSTEMPATH\Boot.php(417): CodeIgniter\CodeIgniter->run()
10 SYSTEMPATH\Boot.php(68): CodeIgniter\Boot::runCodeIgniter(Object(CodeIgniter\CodeIgniter))
11 FCPATH\index.php(59): CodeIgniter\Boot::bootWeb(Object(Config\Paths))
12 SYSTEMPATH\rewrite.php(44): require_once('C:\\Users\\Honore\\Documents\\GitHub\\ecopanier-S4-Mme-Baovola\\public\\index.php')
DEBUG - 2026-07-11 12:33:29 --> Session: Class initialized using 'CodeIgniter\Session\Handlers\FileHandler' driver.
DEBUG - 2026-07-11 12:33:30 --> Session: Class initialized using 'CodeIgniter\Session\Handlers\FileHandler' driver.
DEBUG - 2026-07-11 12:33:30 --> Session: Class initialized using 'CodeIgniter\Session\Handlers\FileHandler' driver.
DEBUG - 2026-07-11 12:40:23 --> Session: Class initialized using 'CodeIgniter\Session\Handlers\FileHandler' driver.
DEBUG - 2026-07-11 12:40:23 --> Session: Class initialized using 'CodeIgniter\Session\Handlers\FileHandler' driver.
DEBUG - 2026-07-11 12:40:34 --> Session: Class initialized using 'CodeIgniter\Session\Handlers\FileHandler' driver.
DEBUG - 2026-07-11 12:40:38 --> Session: Class initialized using 'CodeIgniter\Session\Handlers\FileHandler' driver.
DEBUG - 2026-07-11 12:40:47 --> Session: Class initialized using 'CodeIgniter\Session\Handlers\FileHandler' driver.
WARNING - 2026-07-11 12:40:47 --> [DEPRECATED] strtotime(): Passing null to parameter #1 ($datetime) of type string is deprecated in APPPATH\Views\magasinier\categoriesProduits.php on line 140.
 1 APPPATH\Views\magasinier\categoriesProduits.php(140): strtotime(null)
 2 SYSTEMPATH\View\View.php(240): include('C:\\Users\\Honore\\Documents\\GitHub\\ecopanier-S4-Mme-Baovola\\app\\Views\\magasinier\\categoriesProduits.php')
 3 SYSTEMPATH\View\View.php(243): CodeIgniter\View\View->{closure:CodeIgniter\View\View::render():237}()
 4 SYSTEMPATH\Common.php(1250): CodeIgniter\View\View->render('magasinier/categoriesProduits', [], true)
 5 APPPATH\Controllers\MagasinierController.php(58): view('magasinier/categoriesProduits', [...])
 6 SYSTEMPATH\CodeIgniter.php(951): App\Controllers\MagasinierController->listerCategories()
 7 SYSTEMPATH\CodeIgniter.php(497): CodeIgniter\CodeIgniter->runController(Object(App\Controllers\MagasinierController))
 8 SYSTEMPATH\CodeIgniter.php(340): CodeIgniter\CodeIgniter->handleRequest(null, Object(Config\Cache), false)
 9 SYSTEMPATH\Boot.php(417): CodeIgniter\CodeIgniter->run()
10 SYSTEMPATH\Boot.php(68): CodeIgniter\Boot::runCodeIgniter(Object(CodeIgniter\CodeIgniter))
11 FCPATH\index.php(59): CodeIgniter\Boot::bootWeb(Object(Config\Paths))
12 SYSTEMPATH\rewrite.php(44): require_once('C:\\Users\\Honore\\Documents\\GitHub\\ecopanier-S4-Mme-Baovola\\public\\index.php')
WARNING - 2026-07-11 12:40:47 --> [DEPRECATED] strtotime(): Passing null to parameter #1 ($datetime) of type string is deprecated in APPPATH\Views\magasinier\categoriesProduits.php on line 140.
 1 APPPATH\Views\magasinier\categoriesProduits.php(140): strtotime(null)
 2 SYSTEMPATH\View\View.php(240): include('C:\\Users\\Honore\\Documents\\GitHub\\ecopanier-S4-Mme-Baovola\\app\\Views\\magasinier\\categoriesProduits.php')
 3 SYSTEMPATH\View\View.php(243): CodeIgniter\View\View->{closure:CodeIgniter\View\View::render():237}()
 4 SYSTEMPATH\Common.php(1250): CodeIgniter\View\View->render('magasinier/categoriesProduits', [], true)
 5 APPPATH\Controllers\MagasinierController.php(58): view('magasinier/categoriesProduits', [...])
 6 SYSTEMPATH\CodeIgniter.php(951): App\Controllers\MagasinierController->listerCategories()
 7 SYSTEMPATH\CodeIgniter.php(497): CodeIgniter\CodeIgniter->runController(Object(App\Controllers\MagasinierController))
 8 SYSTEMPATH\CodeIgniter.php(340): CodeIgniter\CodeIgniter->handleRequest(null, Object(Config\Cache), false)
 9 SYSTEMPATH\Boot.php(417): CodeIgniter\CodeIgniter->run()
10 SYSTEMPATH\Boot.php(68): CodeIgniter\Boot::runCodeIgniter(Object(CodeIgniter\CodeIgniter))
11 FCPATH\index.php(59): CodeIgniter\Boot::bootWeb(Object(Config\Paths))
12 SYSTEMPATH\rewrite.php(44): require_once('C:\\Users\\Honore\\Documents\\GitHub\\ecopanier-S4-Mme-Baovola\\public\\index.php')
WARNING - 2026-07-11 12:40:47 --> [DEPRECATED] strtotime(): Passing null to parameter #1 ($datetime) of type string is deprecated in APPPATH\Views\magasinier\categoriesProduits.php on line 140.
 1 APPPATH\Views\magasinier\categoriesProduits.php(140): strtotime(null)
 2 SYSTEMPATH\View\View.php(240): include('C:\\Users\\Honore\\Documents\\GitHub\\ecopanier-S4-Mme-Baovola\\app\\Views\\magasinier\\categoriesProduits.php')
 3 SYSTEMPATH\View\View.php(243): CodeIgniter\View\View->{closure:CodeIgniter\View\View::render():237}()
 4 SYSTEMPATH\Common.php(1250): CodeIgniter\View\View->render('magasinier/categoriesProduits', [], true)
 5 APPPATH\Controllers\MagasinierController.php(58): view('magasinier/categoriesProduits', [...])
 6 SYSTEMPATH\CodeIgniter.php(951): App\Controllers\MagasinierController->listerCategories()
 7 SYSTEMPATH\CodeIgniter.php(497): CodeIgniter\CodeIgniter->runController(Object(App\Controllers\MagasinierController))
 8 SYSTEMPATH\CodeIgniter.php(340): CodeIgniter\CodeIgniter->handleRequest(null, Object(Config\Cache), false)
 9 SYSTEMPATH\Boot.php(417): CodeIgniter\CodeIgniter->run()
10 SYSTEMPATH\Boot.php(68): CodeIgniter\Boot::runCodeIgniter(Object(CodeIgniter\CodeIgniter))
11 FCPATH\index.php(59): CodeIgniter\Boot::bootWeb(Object(Config\Paths))
12 SYSTEMPATH\rewrite.php(44): require_once('C:\\Users\\Honore\\Documents\\GitHub\\ecopanier-S4-Mme-Baovola\\public\\index.php')
WARNING - 2026-07-11 12:40:47 --> [DEPRECATED] strtotime(): Passing null to parameter #1 ($datetime) of type string is deprecated in APPPATH\Views\magasinier\categoriesProduits.php on line 140.
 1 APPPATH\Views\magasinier\categoriesProduits.php(140): strtotime(null)
 2 SYSTEMPATH\View\View.php(240): include('C:\\Users\\Honore\\Documents\\GitHub\\ecopanier-S4-Mme-Baovola\\app\\Views\\magasinier\\categoriesProduits.php')
 3 SYSTEMPATH\View\View.php(243): CodeIgniter\View\View->{closure:CodeIgniter\View\View::render():237}()
 4 SYSTEMPATH\Common.php(1250): CodeIgniter\View\View->render('magasinier/categoriesProduits', [], true)
 5 APPPATH\Controllers\MagasinierController.php(58): view('magasinier/categoriesProduits', [...])
 6 SYSTEMPATH\CodeIgniter.php(951): App\Controllers\MagasinierController->listerCategories()
 7 SYSTEMPATH\CodeIgniter.php(497): CodeIgniter\CodeIgniter->runController(Object(App\Controllers\MagasinierController))
 8 SYSTEMPATH\CodeIgniter.php(340): CodeIgniter\CodeIgniter->handleRequest(null, Object(Config\Cache), false)
 9 SYSTEMPATH\Boot.php(417): CodeIgniter\CodeIgniter->run()
10 SYSTEMPATH\Boot.php(68): CodeIgniter\Boot::runCodeIgniter(Object(CodeIgniter\CodeIgniter))
11 FCPATH\index.php(59): CodeIgniter\Boot::bootWeb(Object(Config\Paths))
12 SYSTEMPATH\rewrite.php(44): require_once('C:\\Users\\Honore\\Documents\\GitHub\\ecopanier-S4-Mme-Baovola\\public\\index.php')
DEBUG - 2026-07-11 12:40:50 --> Session: Class initialized using 'CodeIgniter\Session\Handlers\FileHandler' driver.
WARNING - 2026-07-11 12:40:50 --> [DEPRECATED] strtotime(): Passing null to parameter #1 ($datetime) of type string is deprecated in APPPATH\Views\magasinier\produits.php on line 123.
 1 APPPATH\Views\magasinier\produits.php(123): strtotime(null)
 2 SYSTEMPATH\View\View.php(240): include('C:\\Users\\Honore\\Documents\\GitHub\\ecopanier-S4-Mme-Baovola\\app\\Views\\magasinier\\produits.php')
 3 SYSTEMPATH\View\View.php(243): CodeIgniter\View\View->{closure:CodeIgniter\View\View::render():237}()
 4 SYSTEMPATH\Common.php(1250): CodeIgniter\View\View->render('magasinier/produits', [], true)
 5 APPPATH\Controllers\MagasinierController.php(103): view('magasinier/produits', [...])
 6 SYSTEMPATH\CodeIgniter.php(951): App\Controllers\MagasinierController->produits()
 7 SYSTEMPATH\CodeIgniter.php(497): CodeIgniter\CodeIgniter->runController(Object(App\Controllers\MagasinierController))
 8 SYSTEMPATH\CodeIgniter.php(340): CodeIgniter\CodeIgniter->handleRequest(null, Object(Config\Cache), false)
 9 SYSTEMPATH\Boot.php(417): CodeIgniter\CodeIgniter->run()
10 SYSTEMPATH\Boot.php(68): CodeIgniter\Boot::runCodeIgniter(Object(CodeIgniter\CodeIgniter))
11 FCPATH\index.php(59): CodeIgniter\Boot::bootWeb(Object(Config\Paths))
12 SYSTEMPATH\rewrite.php(44): require_once('C:\\Users\\Honore\\Documents\\GitHub\\ecopanier-S4-Mme-Baovola\\public\\index.php')
WARNING - 2026-07-11 12:40:50 --> [DEPRECATED] strtotime(): Passing null to parameter #1 ($datetime) of type string is deprecated in APPPATH\Views\magasinier\produits.php on line 123.
 1 APPPATH\Views\magasinier\produits.php(123): strtotime(null)
 2 SYSTEMPATH\View\View.php(240): include('C:\\Users\\Honore\\Documents\\GitHub\\ecopanier-S4-Mme-Baovola\\app\\Views\\magasinier\\produits.php')
 3 SYSTEMPATH\View\View.php(243): CodeIgniter\View\View->{closure:CodeIgniter\View\View::render():237}()
 4 SYSTEMPATH\Common.php(1250): CodeIgniter\View\View->render('magasinier/produits', [], true)
 5 APPPATH\Controllers\MagasinierController.php(103): view('magasinier/produits', [...])
 6 SYSTEMPATH\CodeIgniter.php(951): App\Controllers\MagasinierController->produits()
 7 SYSTEMPATH\CodeIgniter.php(497): CodeIgniter\CodeIgniter->runController(Object(App\Controllers\MagasinierController))
 8 SYSTEMPATH\CodeIgniter.php(340): CodeIgniter\CodeIgniter->handleRequest(null, Object(Config\Cache), false)
 9 SYSTEMPATH\Boot.php(417): CodeIgniter\CodeIgniter->run()
10 SYSTEMPATH\Boot.php(68): CodeIgniter\Boot::runCodeIgniter(Object(CodeIgniter\CodeIgniter))
11 FCPATH\index.php(59): CodeIgniter\Boot::bootWeb(Object(Config\Paths))
12 SYSTEMPATH\rewrite.php(44): require_once('C:\\Users\\Honore\\Documents\\GitHub\\ecopanier-S4-Mme-Baovola\\public\\index.php')
WARNING - 2026-07-11 12:40:50 --> [DEPRECATED] strtotime(): Passing null to parameter #1 ($datetime) of type string is deprecated in APPPATH\Views\magasinier\produits.php on line 123.
 1 APPPATH\Views\magasinier\produits.php(123): strtotime(null)
 2 SYSTEMPATH\View\View.php(240): include('C:\\Users\\Honore\\Documents\\GitHub\\ecopanier-S4-Mme-Baovola\\app\\Views\\magasinier\\produits.php')
 3 SYSTEMPATH\View\View.php(243): CodeIgniter\View\View->{closure:CodeIgniter\View\View::render():237}()
 4 SYSTEMPATH\Common.php(1250): CodeIgniter\View\View->render('magasinier/produits', [], true)
 5 APPPATH\Controllers\MagasinierController.php(103): view('magasinier/produits', [...])
 6 SYSTEMPATH\CodeIgniter.php(951): App\Controllers\MagasinierController->produits()
 7 SYSTEMPATH\CodeIgniter.php(497): CodeIgniter\CodeIgniter->runController(Object(App\Controllers\MagasinierController))
 8 SYSTEMPATH\CodeIgniter.php(340): CodeIgniter\CodeIgniter->handleRequest(null, Object(Config\Cache), false)
 9 SYSTEMPATH\Boot.php(417): CodeIgniter\CodeIgniter->run()
10 SYSTEMPATH\Boot.php(68): CodeIgniter\Boot::runCodeIgniter(Object(CodeIgniter\CodeIgniter))
11 FCPATH\index.php(59): CodeIgniter\Boot::bootWeb(Object(Config\Paths))
12 SYSTEMPATH\rewrite.php(44): require_once('C:\\Users\\Honore\\Documents\\GitHub\\ecopanier-S4-Mme-Baovola\\public\\index.php')
WARNING - 2026-07-11 12:40:50 --> [DEPRECATED] strtotime(): Passing null to parameter #1 ($datetime) of type string is deprecated in APPPATH\Views\magasinier\produits.php on line 123.
 1 APPPATH\Views\magasinier\produits.php(123): strtotime(null)
 2 SYSTEMPATH\View\View.php(240): include('C:\\Users\\Honore\\Documents\\GitHub\\ecopanier-S4-Mme-Baovola\\app\\Views\\magasinier\\produits.php')
 3 SYSTEMPATH\View\View.php(243): CodeIgniter\View\View->{closure:CodeIgniter\View\View::render():237}()
 4 SYSTEMPATH\Common.php(1250): CodeIgniter\View\View->render('magasinier/produits', [], true)
 5 APPPATH\Controllers\MagasinierController.php(103): view('magasinier/produits', [...])
 6 SYSTEMPATH\CodeIgniter.php(951): App\Controllers\MagasinierController->produits()
 7 SYSTEMPATH\CodeIgniter.php(497): CodeIgniter\CodeIgniter->runController(Object(App\Controllers\MagasinierController))
 8 SYSTEMPATH\CodeIgniter.php(340): CodeIgniter\CodeIgniter->handleRequest(null, Object(Config\Cache), false)
 9 SYSTEMPATH\Boot.php(417): CodeIgniter\CodeIgniter->run()
10 SYSTEMPATH\Boot.php(68): CodeIgniter\Boot::runCodeIgniter(Object(CodeIgniter\CodeIgniter))
11 FCPATH\index.php(59): CodeIgniter\Boot::bootWeb(Object(Config\Paths))
12 SYSTEMPATH\rewrite.php(44): require_once('C:\\Users\\Honore\\Documents\\GitHub\\ecopanier-S4-Mme-Baovola\\public\\index.php')
WARNING - 2026-07-11 12:40:50 --> [DEPRECATED] strtotime(): Passing null to parameter #1 ($datetime) of type string is deprecated in APPPATH\Views\magasinier\produits.php on line 123.
 1 APPPATH\Views\magasinier\produits.php(123): strtotime(null)
 2 SYSTEMPATH\View\View.php(240): include('C:\\Users\\Honore\\Documents\\GitHub\\ecopanier-S4-Mme-Baovola\\app\\Views\\magasinier\\produits.php')
 3 SYSTEMPATH\View\View.php(243): CodeIgniter\View\View->{closure:CodeIgniter\View\View::render():237}()
 4 SYSTEMPATH\Common.php(1250): CodeIgniter\View\View->render('magasinier/produits', [], true)
 5 APPPATH\Controllers\MagasinierController.php(103): view('magasinier/produits', [...])
 6 SYSTEMPATH\CodeIgniter.php(951): App\Controllers\MagasinierController->produits()
 7 SYSTEMPATH\CodeIgniter.php(497): CodeIgniter\CodeIgniter->runController(Object(App\Controllers\MagasinierController))
 8 SYSTEMPATH\CodeIgniter.php(340): CodeIgniter\CodeIgniter->handleRequest(null, Object(Config\Cache), false)
 9 SYSTEMPATH\Boot.php(417): CodeIgniter\CodeIgniter->run()
10 SYSTEMPATH\Boot.php(68): CodeIgniter\Boot::runCodeIgniter(Object(CodeIgniter\CodeIgniter))
11 FCPATH\index.php(59): CodeIgniter\Boot::bootWeb(Object(Config\Paths))
12 SYSTEMPATH\rewrite.php(44): require_once('C:\\Users\\Honore\\Documents\\GitHub\\ecopanier-S4-Mme-Baovola\\public\\index.php')
WARNING - 2026-07-11 12:40:50 --> [DEPRECATED] strtotime(): Passing null to parameter #1 ($datetime) of type string is deprecated in APPPATH\Views\magasinier\produits.php on line 123.
 1 APPPATH\Views\magasinier\produits.php(123): strtotime(null)
 2 SYSTEMPATH\View\View.php(240): include('C:\\Users\\Honore\\Documents\\GitHub\\ecopanier-S4-Mme-Baovola\\app\\Views\\magasinier\\produits.php')
 3 SYSTEMPATH\View\View.php(243): CodeIgniter\View\View->{closure:CodeIgniter\View\View::render():237}()
 4 SYSTEMPATH\Common.php(1250): CodeIgniter\View\View->render('magasinier/produits', [], true)
 5 APPPATH\Controllers\MagasinierController.php(103): view('magasinier/produits', [...])
 6 SYSTEMPATH\CodeIgniter.php(951): App\Controllers\MagasinierController->produits()
 7 SYSTEMPATH\CodeIgniter.php(497): CodeIgniter\CodeIgniter->runController(Object(App\Controllers\MagasinierController))
 8 SYSTEMPATH\CodeIgniter.php(340): CodeIgniter\CodeIgniter->handleRequest(null, Object(Config\Cache), false)
 9 SYSTEMPATH\Boot.php(417): CodeIgniter\CodeIgniter->run()
10 SYSTEMPATH\Boot.php(68): CodeIgniter\Boot::runCodeIgniter(Object(CodeIgniter\CodeIgniter))
11 FCPATH\index.php(59): CodeIgniter\Boot::bootWeb(Object(Config\Paths))
12 SYSTEMPATH\rewrite.php(44): require_once('C:\\Users\\Honore\\Documents\\GitHub\\ecopanier-S4-Mme-Baovola\\public\\index.php')
WARNING - 2026-07-11 12:40:50 --> [DEPRECATED] strtotime(): Passing null to parameter #1 ($datetime) of type string is deprecated in APPPATH\Views\magasinier\produits.php on line 123.
 1 APPPATH\Views\magasinier\produits.php(123): strtotime(null)
 2 SYSTEMPATH\View\View.php(240): include('C:\\Users\\Honore\\Documents\\GitHub\\ecopanier-S4-Mme-Baovola\\app\\Views\\magasinier\\produits.php')
 3 SYSTEMPATH\View\View.php(243): CodeIgniter\View\View->{closure:CodeIgniter\View\View::render():237}()
 4 SYSTEMPATH\Common.php(1250): CodeIgniter\View\View->render('magasinier/produits', [], true)
 5 APPPATH\Controllers\MagasinierController.php(103): view('magasinier/produits', [...])
 6 SYSTEMPATH\CodeIgniter.php(951): App\Controllers\MagasinierController->produits()
 7 SYSTEMPATH\CodeIgniter.php(497): CodeIgniter\CodeIgniter->runController(Object(App\Controllers\MagasinierController))
 8 SYSTEMPATH\CodeIgniter.php(340): CodeIgniter\CodeIgniter->handleRequest(null, Object(Config\Cache), false)
 9 SYSTEMPATH\Boot.php(417): CodeIgniter\CodeIgniter->run()
10 SYSTEMPATH\Boot.php(68): CodeIgniter\Boot::runCodeIgniter(Object(CodeIgniter\CodeIgniter))
11 FCPATH\index.php(59): CodeIgniter\Boot::bootWeb(Object(Config\Paths))
12 SYSTEMPATH\rewrite.php(44): require_once('C:\\Users\\Honore\\Documents\\GitHub\\ecopanier-S4-Mme-Baovola\\public\\index.php')
WARNING - 2026-07-11 12:40:50 --> [DEPRECATED] strtotime(): Passing null to parameter #1 ($datetime) of type string is deprecated in APPPATH\Views\magasinier\produits.php on line 123.
 1 APPPATH\Views\magasinier\produits.php(123): strtotime(null)
 2 SYSTEMPATH\View\View.php(240): include('C:\\Users\\Honore\\Documents\\GitHub\\ecopanier-S4-Mme-Baovola\\app\\Views\\magasinier\\produits.php')
 3 SYSTEMPATH\View\View.php(243): CodeIgniter\View\View->{closure:CodeIgniter\View\View::render():237}()
 4 SYSTEMPATH\Common.php(1250): CodeIgniter\View\View->render('magasinier/produits', [], true)
 5 APPPATH\Controllers\MagasinierController.php(103): view('magasinier/produits', [...])
 6 SYSTEMPATH\CodeIgniter.php(951): App\Controllers\MagasinierController->produits()
 7 SYSTEMPATH\CodeIgniter.php(497): CodeIgniter\CodeIgniter->runController(Object(App\Controllers\MagasinierController))
 8 SYSTEMPATH\CodeIgniter.php(340): CodeIgniter\CodeIgniter->handleRequest(null, Object(Config\Cache), false)
 9 SYSTEMPATH\Boot.php(417): CodeIgniter\CodeIgniter->run()
10 SYSTEMPATH\Boot.php(68): CodeIgniter\Boot::runCodeIgniter(Object(CodeIgniter\CodeIgniter))
11 FCPATH\index.php(59): CodeIgniter\Boot::bootWeb(Object(Config\Paths))
12 SYSTEMPATH\rewrite.php(44): require_once('C:\\Users\\Honore\\Documents\\GitHub\\ecopanier-S4-Mme-Baovola\\public\\index.php')
DEBUG - 2026-07-11 12:41:00 --> Session: Class initialized using 'CodeIgniter\Session\Handlers\FileHandler' driver.
DEBUG - 2026-07-11 12:41:02 --> Session: Class initialized using 'CodeIgniter\Session\Handlers\FileHandler' driver.
DEBUG - 2026-07-11 12:41:06 --> Session: Class initialized using 'CodeIgniter\Session\Handlers\FileHandler' driver.
DEBUG - 2026-07-11 12:41:10 --> Session: Class initialized using 'CodeIgniter\Session\Handlers\FileHandler' driver.
DEBUG - 2026-07-11 12:41:10 --> Session: Class initialized using 'CodeIgniter\Session\Handlers\FileHandler' driver.
DEBUG - 2026-07-11 12:41:35 --> Session: Class initialized using 'CodeIgniter\Session\Handlers\FileHandler' driver.
DEBUG - 2026-07-11 12:41:35 --> Session: Class initialized using 'CodeIgniter\Session\Handlers\FileHandler' driver.
DEBUG - 2026-07-11 12:41:37 --> Session: Class initialized using 'CodeIgniter\Session\Handlers\FileHandler' driver.
DEBUG - 2026-07-11 12:41:41 --> Session: Class initialized using 'CodeIgniter\Session\Handlers\FileHandler' driver.
DEBUG - 2026-07-11 12:41:41 --> Session: Class initialized using 'CodeIgniter\Session\Handlers\FileHandler' driver.
WARNING - 2026-07-11 12:41:41 --> [DEPRECATED] strtotime(): Passing null to parameter #1 ($datetime) of type string is deprecated in APPPATH\Views\magasinier\categoriesProduits.php on line 140.
 1 APPPATH\Views\magasinier\categoriesProduits.php(140): strtotime(null)
 2 SYSTEMPATH\View\View.php(240): include('C:\\Users\\Honore\\Documents\\GitHub\\ecopanier-S4-Mme-Baovola\\app\\Views\\magasinier\\categoriesProduits.php')
 3 SYSTEMPATH\View\View.php(243): CodeIgniter\View\View->{closure:CodeIgniter\View\View::render():237}()
 4 SYSTEMPATH\Common.php(1250): CodeIgniter\View\View->render('magasinier/categoriesProduits', [], true)
 5 APPPATH\Controllers\MagasinierController.php(58): view('magasinier/categoriesProduits', [...])
 6 SYSTEMPATH\CodeIgniter.php(951): App\Controllers\MagasinierController->listerCategories()
 7 SYSTEMPATH\CodeIgniter.php(497): CodeIgniter\CodeIgniter->runController(Object(App\Controllers\MagasinierController))
 8 SYSTEMPATH\CodeIgniter.php(340): CodeIgniter\CodeIgniter->handleRequest(null, Object(Config\Cache), false)
 9 SYSTEMPATH\Boot.php(417): CodeIgniter\CodeIgniter->run()
10 SYSTEMPATH\Boot.php(68): CodeIgniter\Boot::runCodeIgniter(Object(CodeIgniter\CodeIgniter))
11 FCPATH\index.php(59): CodeIgniter\Boot::bootWeb(Object(Config\Paths))
12 SYSTEMPATH\rewrite.php(44): require_once('C:\\Users\\Honore\\Documents\\GitHub\\ecopanier-S4-Mme-Baovola\\public\\index.php')
WARNING - 2026-07-11 12:41:41 --> [DEPRECATED] strtotime(): Passing null to parameter #1 ($datetime) of type string is deprecated in APPPATH\Views\magasinier\categoriesProduits.php on line 140.
 1 APPPATH\Views\magasinier\categoriesProduits.php(140): strtotime(null)
 2 SYSTEMPATH\View\View.php(240): include('C:\\Users\\Honore\\Documents\\GitHub\\ecopanier-S4-Mme-Baovola\\app\\Views\\magasinier\\categoriesProduits.php')
 3 SYSTEMPATH\View\View.php(243): CodeIgniter\View\View->{closure:CodeIgniter\View\View::render():237}()
 4 SYSTEMPATH\Common.php(1250): CodeIgniter\View\View->render('magasinier/categoriesProduits', [], true)
 5 APPPATH\Controllers\MagasinierController.php(58): view('magasinier/categoriesProduits', [...])
 6 SYSTEMPATH\CodeIgniter.php(951): App\Controllers\MagasinierController->listerCategories()
 7 SYSTEMPATH\CodeIgniter.php(497): CodeIgniter\CodeIgniter->runController(Object(App\Controllers\MagasinierController))
 8 SYSTEMPATH\CodeIgniter.php(340): CodeIgniter\CodeIgniter->handleRequest(null, Object(Config\Cache), false)
 9 SYSTEMPATH\Boot.php(417): CodeIgniter\CodeIgniter->run()
10 SYSTEMPATH\Boot.php(68): CodeIgniter\Boot::runCodeIgniter(Object(CodeIgniter\CodeIgniter))
11 FCPATH\index.php(59): CodeIgniter\Boot::bootWeb(Object(Config\Paths))
12 SYSTEMPATH\rewrite.php(44): require_once('C:\\Users\\Honore\\Documents\\GitHub\\ecopanier-S4-Mme-Baovola\\public\\index.php')
WARNING - 2026-07-11 12:41:41 --> [DEPRECATED] strtotime(): Passing null to parameter #1 ($datetime) of type string is deprecated in APPPATH\Views\magasinier\categoriesProduits.php on line 140.
 1 APPPATH\Views\magasinier\categoriesProduits.php(140): strtotime(null)
 2 SYSTEMPATH\View\View.php(240): include('C:\\Users\\Honore\\Documents\\GitHub\\ecopanier-S4-Mme-Baovola\\app\\Views\\magasinier\\categoriesProduits.php')
 3 SYSTEMPATH\View\View.php(243): CodeIgniter\View\View->{closure:CodeIgniter\View\View::render():237}()
 4 SYSTEMPATH\Common.php(1250): CodeIgniter\View\View->render('magasinier/categoriesProduits', [], true)
 5 APPPATH\Controllers\MagasinierController.php(58): view('magasinier/categoriesProduits', [...])
 6 SYSTEMPATH\CodeIgniter.php(951): App\Controllers\MagasinierController->listerCategories()
 7 SYSTEMPATH\CodeIgniter.php(497): CodeIgniter\CodeIgniter->runController(Object(App\Controllers\MagasinierController))
 8 SYSTEMPATH\CodeIgniter.php(340): CodeIgniter\CodeIgniter->handleRequest(null, Object(Config\Cache), false)
 9 SYSTEMPATH\Boot.php(417): CodeIgniter\CodeIgniter->run()
10 SYSTEMPATH\Boot.php(68): CodeIgniter\Boot::runCodeIgniter(Object(CodeIgniter\CodeIgniter))
11 FCPATH\index.php(59): CodeIgniter\Boot::bootWeb(Object(Config\Paths))
12 SYSTEMPATH\rewrite.php(44): require_once('C:\\Users\\Honore\\Documents\\GitHub\\ecopanier-S4-Mme-Baovola\\public\\index.php')
WARNING - 2026-07-11 12:41:41 --> [DEPRECATED] strtotime(): Passing null to parameter #1 ($datetime) of type string is deprecated in APPPATH\Views\magasinier\categoriesProduits.php on line 140.
 1 APPPATH\Views\magasinier\categoriesProduits.php(140): strtotime(null)
 2 SYSTEMPATH\View\View.php(240): include('C:\\Users\\Honore\\Documents\\GitHub\\ecopanier-S4-Mme-Baovola\\app\\Views\\magasinier\\categoriesProduits.php')
 3 SYSTEMPATH\View\View.php(243): CodeIgniter\View\View->{closure:CodeIgniter\View\View::render():237}()
 4 SYSTEMPATH\Common.php(1250): CodeIgniter\View\View->render('magasinier/categoriesProduits', [], true)
 5 APPPATH\Controllers\MagasinierController.php(58): view('magasinier/categoriesProduits', [...])
 6 SYSTEMPATH\CodeIgniter.php(951): App\Controllers\MagasinierController->listerCategories()
 7 SYSTEMPATH\CodeIgniter.php(497): CodeIgniter\CodeIgniter->runController(Object(App\Controllers\MagasinierController))
 8 SYSTEMPATH\CodeIgniter.php(340): CodeIgniter\CodeIgniter->handleRequest(null, Object(Config\Cache), false)
 9 SYSTEMPATH\Boot.php(417): CodeIgniter\CodeIgniter->run()
10 SYSTEMPATH\Boot.php(68): CodeIgniter\Boot::runCodeIgniter(Object(CodeIgniter\CodeIgniter))
11 FCPATH\index.php(59): CodeIgniter\Boot::bootWeb(Object(Config\Paths))
12 SYSTEMPATH\rewrite.php(44): require_once('C:\\Users\\Honore\\Documents\\GitHub\\ecopanier-S4-Mme-Baovola\\public\\index.php')
DEBUG - 2026-07-11 12:41:42 --> Session: Class initialized using 'CodeIgniter\Session\Handlers\FileHandler' driver.
WARNING - 2026-07-11 12:41:42 --> [DEPRECATED] strtotime(): Passing null to parameter #1 ($datetime) of type string is deprecated in APPPATH\Views\magasinier\produits.php on line 123.
 1 APPPATH\Views\magasinier\produits.php(123): strtotime(null)
 2 SYSTEMPATH\View\View.php(240): include('C:\\Users\\Honore\\Documents\\GitHub\\ecopanier-S4-Mme-Baovola\\app\\Views\\magasinier\\produits.php')
 3 SYSTEMPATH\View\View.php(243): CodeIgniter\View\View->{closure:CodeIgniter\View\View::render():237}()
 4 SYSTEMPATH\Common.php(1250): CodeIgniter\View\View->render('magasinier/produits', [], true)
 5 APPPATH\Controllers\MagasinierController.php(103): view('magasinier/produits', [...])
 6 SYSTEMPATH\CodeIgniter.php(951): App\Controllers\MagasinierController->produits()
 7 SYSTEMPATH\CodeIgniter.php(497): CodeIgniter\CodeIgniter->runController(Object(App\Controllers\MagasinierController))
 8 SYSTEMPATH\CodeIgniter.php(340): CodeIgniter\CodeIgniter->handleRequest(null, Object(Config\Cache), false)
 9 SYSTEMPATH\Boot.php(417): CodeIgniter\CodeIgniter->run()
10 SYSTEMPATH\Boot.php(68): CodeIgniter\Boot::runCodeIgniter(Object(CodeIgniter\CodeIgniter))
11 FCPATH\index.php(59): CodeIgniter\Boot::bootWeb(Object(Config\Paths))
12 SYSTEMPATH\rewrite.php(44): require_once('C:\\Users\\Honore\\Documents\\GitHub\\ecopanier-S4-Mme-Baovola\\public\\index.php')
WARNING - 2026-07-11 12:41:42 --> [DEPRECATED] strtotime(): Passing null to parameter #1 ($datetime) of type string is deprecated in APPPATH\Views\magasinier\produits.php on line 123.
 1 APPPATH\Views\magasinier\produits.php(123): strtotime(null)
 2 SYSTEMPATH\View\View.php(240): include('C:\\Users\\Honore\\Documents\\GitHub\\ecopanier-S4-Mme-Baovola\\app\\Views\\magasinier\\produits.php')
 3 SYSTEMPATH\View\View.php(243): CodeIgniter\View\View->{closure:CodeIgniter\View\View::render():237}()
 4 SYSTEMPATH\Common.php(1250): CodeIgniter\View\View->render('magasinier/produits', [], true)
 5 APPPATH\Controllers\MagasinierController.php(103): view('magasinier/produits', [...])
 6 SYSTEMPATH\CodeIgniter.php(951): App\Controllers\MagasinierController->produits()
 7 SYSTEMPATH\CodeIgniter.php(497): CodeIgniter\CodeIgniter->runController(Object(App\Controllers\MagasinierController))
 8 SYSTEMPATH\CodeIgniter.php(340): CodeIgniter\CodeIgniter->handleRequest(null, Object(Config\Cache), false)
 9 SYSTEMPATH\Boot.php(417): CodeIgniter\CodeIgniter->run()
10 SYSTEMPATH\Boot.php(68): CodeIgniter\Boot::runCodeIgniter(Object(CodeIgniter\CodeIgniter))
11 FCPATH\index.php(59): CodeIgniter\Boot::bootWeb(Object(Config\Paths))
12 SYSTEMPATH\rewrite.php(44): require_once('C:\\Users\\Honore\\Documents\\GitHub\\ecopanier-S4-Mme-Baovola\\public\\index.php')
WARNING - 2026-07-11 12:41:42 --> [DEPRECATED] strtotime(): Passing null to parameter #1 ($datetime) of type string is deprecated in APPPATH\Views\magasinier\produits.php on line 123.
 1 APPPATH\Views\magasinier\produits.php(123): strtotime(null)
 2 SYSTEMPATH\View\View.php(240): include('C:\\Users\\Honore\\Documents\\GitHub\\ecopanier-S4-Mme-Baovola\\app\\Views\\magasinier\\produits.php')
 3 SYSTEMPATH\View\View.php(243): CodeIgniter\View\View->{closure:CodeIgniter\View\View::render():237}()
 4 SYSTEMPATH\Common.php(1250): CodeIgniter\View\View->render('magasinier/produits', [], true)
 5 APPPATH\Controllers\MagasinierController.php(103): view('magasinier/produits', [...])
 6 SYSTEMPATH\CodeIgniter.php(951): App\Controllers\MagasinierController->produits()
 7 SYSTEMPATH\CodeIgniter.php(497): CodeIgniter\CodeIgniter->runController(Object(App\Controllers\MagasinierController))
 8 SYSTEMPATH\CodeIgniter.php(340): CodeIgniter\CodeIgniter->handleRequest(null, Object(Config\Cache), false)
 9 SYSTEMPATH\Boot.php(417): CodeIgniter\CodeIgniter->run()
10 SYSTEMPATH\Boot.php(68): CodeIgniter\Boot::runCodeIgniter(Object(CodeIgniter\CodeIgniter))
11 FCPATH\index.php(59): CodeIgniter\Boot::bootWeb(Object(Config\Paths))
12 SYSTEMPATH\rewrite.php(44): require_once('C:\\Users\\Honore\\Documents\\GitHub\\ecopanier-S4-Mme-Baovola\\public\\index.php')
WARNING - 2026-07-11 12:41:42 --> [DEPRECATED] strtotime(): Passing null to parameter #1 ($datetime) of type string is deprecated in APPPATH\Views\magasinier\produits.php on line 123.
 1 APPPATH\Views\magasinier\produits.php(123): strtotime(null)
 2 SYSTEMPATH\View\View.php(240): include('C:\\Users\\Honore\\Documents\\GitHub\\ecopanier-S4-Mme-Baovola\\app\\Views\\magasinier\\produits.php')
 3 SYSTEMPATH\View\View.php(243): CodeIgniter\View\View->{closure:CodeIgniter\View\View::render():237}()
 4 SYSTEMPATH\Common.php(1250): CodeIgniter\View\View->render('magasinier/produits', [], true)
 5 APPPATH\Controllers\MagasinierController.php(103): view('magasinier/produits', [...])
 6 SYSTEMPATH\CodeIgniter.php(951): App\Controllers\MagasinierController->produits()
 7 SYSTEMPATH\CodeIgniter.php(497): CodeIgniter\CodeIgniter->runController(Object(App\Controllers\MagasinierController))
 8 SYSTEMPATH\CodeIgniter.php(340): CodeIgniter\CodeIgniter->handleRequest(null, Object(Config\Cache), false)
 9 SYSTEMPATH\Boot.php(417): CodeIgniter\CodeIgniter->run()
10 SYSTEMPATH\Boot.php(68): CodeIgniter\Boot::runCodeIgniter(Object(CodeIgniter\CodeIgniter))
11 FCPATH\index.php(59): CodeIgniter\Boot::bootWeb(Object(Config\Paths))
12 SYSTEMPATH\rewrite.php(44): require_once('C:\\Users\\Honore\\Documents\\GitHub\\ecopanier-S4-Mme-Baovola\\public\\index.php')
WARNING - 2026-07-11 12:41:42 --> [DEPRECATED] strtotime(): Passing null to parameter #1 ($datetime) of type string is deprecated in APPPATH\Views\magasinier\produits.php on line 123.
 1 APPPATH\Views\magasinier\produits.php(123): strtotime(null)
 2 SYSTEMPATH\View\View.php(240): include('C:\\Users\\Honore\\Documents\\GitHub\\ecopanier-S4-Mme-Baovola\\app\\Views\\magasinier\\produits.php')
 3 SYSTEMPATH\View\View.php(243): CodeIgniter\View\View->{closure:CodeIgniter\View\View::render():237}()
 4 SYSTEMPATH\Common.php(1250): CodeIgniter\View\View->render('magasinier/produits', [], true)
 5 APPPATH\Controllers\MagasinierController.php(103): view('magasinier/produits', [...])
 6 SYSTEMPATH\CodeIgniter.php(951): App\Controllers\MagasinierController->produits()
 7 SYSTEMPATH\CodeIgniter.php(497): CodeIgniter\CodeIgniter->runController(Object(App\Controllers\MagasinierController))
 8 SYSTEMPATH\CodeIgniter.php(340): CodeIgniter\CodeIgniter->handleRequest(null, Object(Config\Cache), false)
 9 SYSTEMPATH\Boot.php(417): CodeIgniter\CodeIgniter->run()
10 SYSTEMPATH\Boot.php(68): CodeIgniter\Boot::runCodeIgniter(Object(CodeIgniter\CodeIgniter))
11 FCPATH\index.php(59): CodeIgniter\Boot::bootWeb(Object(Config\Paths))
12 SYSTEMPATH\rewrite.php(44): require_once('C:\\Users\\Honore\\Documents\\GitHub\\ecopanier-S4-Mme-Baovola\\public\\index.php')
WARNING - 2026-07-11 12:41:42 --> [DEPRECATED] strtotime(): Passing null to parameter #1 ($datetime) of type string is deprecated in APPPATH\Views\magasinier\produits.php on line 123.
 1 APPPATH\Views\magasinier\produits.php(123): strtotime(null)
 2 SYSTEMPATH\View\View.php(240): include('C:\\Users\\Honore\\Documents\\GitHub\\ecopanier-S4-Mme-Baovola\\app\\Views\\magasinier\\produits.php')
 3 SYSTEMPATH\View\View.php(243): CodeIgniter\View\View->{closure:CodeIgniter\View\View::render():237}()
 4 SYSTEMPATH\Common.php(1250): CodeIgniter\View\View->render('magasinier/produits', [], true)
 5 APPPATH\Controllers\MagasinierController.php(103): view('magasinier/produits', [...])
 6 SYSTEMPATH\CodeIgniter.php(951): App\Controllers\MagasinierController->produits()
 7 SYSTEMPATH\CodeIgniter.php(497): CodeIgniter\CodeIgniter->runController(Object(App\Controllers\MagasinierController))
 8 SYSTEMPATH\CodeIgniter.php(340): CodeIgniter\CodeIgniter->handleRequest(null, Object(Config\Cache), false)
 9 SYSTEMPATH\Boot.php(417): CodeIgniter\CodeIgniter->run()
10 SYSTEMPATH\Boot.php(68): CodeIgniter\Boot::runCodeIgniter(Object(CodeIgniter\CodeIgniter))
11 FCPATH\index.php(59): CodeIgniter\Boot::bootWeb(Object(Config\Paths))
12 SYSTEMPATH\rewrite.php(44): require_once('C:\\Users\\Honore\\Documents\\GitHub\\ecopanier-S4-Mme-Baovola\\public\\index.php')
WARNING - 2026-07-11 12:41:42 --> [DEPRECATED] strtotime(): Passing null to parameter #1 ($datetime) of type string is deprecated in APPPATH\Views\magasinier\produits.php on line 123.
 1 APPPATH\Views\magasinier\produits.php(123): strtotime(null)
 2 SYSTEMPATH\View\View.php(240): include('C:\\Users\\Honore\\Documents\\GitHub\\ecopanier-S4-Mme-Baovola\\app\\Views\\magasinier\\produits.php')
 3 SYSTEMPATH\View\View.php(243): CodeIgniter\View\View->{closure:CodeIgniter\View\View::render():237}()
 4 SYSTEMPATH\Common.php(1250): CodeIgniter\View\View->render('magasinier/produits', [], true)
 5 APPPATH\Controllers\MagasinierController.php(103): view('magasinier/produits', [...])
 6 SYSTEMPATH\CodeIgniter.php(951): App\Controllers\MagasinierController->produits()
 7 SYSTEMPATH\CodeIgniter.php(497): CodeIgniter\CodeIgniter->runController(Object(App\Controllers\MagasinierController))
 8 SYSTEMPATH\CodeIgniter.php(340): CodeIgniter\CodeIgniter->handleRequest(null, Object(Config\Cache), false)
 9 SYSTEMPATH\Boot.php(417): CodeIgniter\CodeIgniter->run()
10 SYSTEMPATH\Boot.php(68): CodeIgniter\Boot::runCodeIgniter(Object(CodeIgniter\CodeIgniter))
11 FCPATH\index.php(59): CodeIgniter\Boot::bootWeb(Object(Config\Paths))
12 SYSTEMPATH\rewrite.php(44): require_once('C:\\Users\\Honore\\Documents\\GitHub\\ecopanier-S4-Mme-Baovola\\public\\index.php')
WARNING - 2026-07-11 12:41:42 --> [DEPRECATED] strtotime(): Passing null to parameter #1 ($datetime) of type string is deprecated in APPPATH\Views\magasinier\produits.php on line 123.
 1 APPPATH\Views\magasinier\produits.php(123): strtotime(null)
 2 SYSTEMPATH\View\View.php(240): include('C:\\Users\\Honore\\Documents\\GitHub\\ecopanier-S4-Mme-Baovola\\app\\Views\\magasinier\\produits.php')
 3 SYSTEMPATH\View\View.php(243): CodeIgniter\View\View->{closure:CodeIgniter\View\View::render():237}()
 4 SYSTEMPATH\Common.php(1250): CodeIgniter\View\View->render('magasinier/produits', [], true)
 5 APPPATH\Controllers\MagasinierController.php(103): view('magasinier/produits', [...])
 6 SYSTEMPATH\CodeIgniter.php(951): App\Controllers\MagasinierController->produits()
 7 SYSTEMPATH\CodeIgniter.php(497): CodeIgniter\CodeIgniter->runController(Object(App\Controllers\MagasinierController))
 8 SYSTEMPATH\CodeIgniter.php(340): CodeIgniter\CodeIgniter->handleRequest(null, Object(Config\Cache), false)
 9 SYSTEMPATH\Boot.php(417): CodeIgniter\CodeIgniter->run()
10 SYSTEMPATH\Boot.php(68): CodeIgniter\Boot::runCodeIgniter(Object(CodeIgniter\CodeIgniter))
11 FCPATH\index.php(59): CodeIgniter\Boot::bootWeb(Object(Config\Paths))
12 SYSTEMPATH\rewrite.php(44): require_once('C:\\Users\\Honore\\Documents\\GitHub\\ecopanier-S4-Mme-Baovola\\public\\index.php')
DEBUG - 2026-07-11 12:41:43 --> Session: Class initialized using 'CodeIgniter\Session\Handlers\FileHandler' driver.
DEBUG - 2026-07-11 12:41:43 --> Session: Class initialized using 'CodeIgniter\Session\Handlers\FileHandler' driver.
DEBUG - 2026-07-11 12:41:44 --> Session: Class initialized using 'CodeIgniter\Session\Handlers\FileHandler' driver.
DEBUG - 2026-07-11 12:41:46 --> Session: Class initialized using 'CodeIgniter\Session\Handlers\FileHandler' driver.
DEBUG - 2026-07-11 12:41:46 --> Session: Class initialized using 'CodeIgniter\Session\Handlers\FileHandler' driver.
DEBUG - 2026-07-11 12:41:58 --> Session: Class initialized using 'CodeIgniter\Session\Handlers\FileHandler' driver.
DEBUG - 2026-07-11 12:41:58 --> Session: Class initialized using 'CodeIgniter\Session\Handlers\FileHandler' driver.
DEBUG - 2026-07-11 12:42:10 --> Session: Class initialized using 'CodeIgniter\Session\Handlers\FileHandler' driver.
CRITICAL - 2026-07-11 12:42:10 --> CodeIgniter\View\Exceptions\ViewException: Invalid file: "agent/clients.php"
[Method: GET, Route: agent/clients]
in SYSTEMPATH\Exceptions\FrameworkException.php on line 39.
 1 SYSTEMPATH\View\View.php(228): CodeIgniter\Exceptions\FrameworkException::forInvalidFile('agent/clients.php')
 2 SYSTEMPATH\Common.php(1250): CodeIgniter\View\View->render('agent/clients', [], true)
 3 APPPATH\Controllers\AgentController.php(21): view('agent/clients')
 4 SYSTEMPATH\CodeIgniter.php(951): App\Controllers\AgentController->clients()
 5 SYSTEMPATH\CodeIgniter.php(497): CodeIgniter\CodeIgniter->runController(Object(App\Controllers\AgentController))
 6 SYSTEMPATH\CodeIgniter.php(340): CodeIgniter\CodeIgniter->handleRequest(null, Object(Config\Cache), false)
 7 SYSTEMPATH\Boot.php(417): CodeIgniter\CodeIgniter->run()
 8 SYSTEMPATH\Boot.php(68): CodeIgniter\Boot::runCodeIgniter(Object(CodeIgniter\CodeIgniter))
 9 FCPATH\index.php(59): CodeIgniter\Boot::bootWeb(Object(Config\Paths))
10 SYSTEMPATH\rewrite.php(44): require_once('C:\\Users\\Honore\\Documents\\GitHub\\ecopanier-S4-Mme-Baovola\\public\\index.php')
DEBUG - 2026-07-11 12:42:12 --> Session: Class initialized using 'CodeIgniter\Session\Handlers\FileHandler' driver.
DEBUG - 2026-07-11 12:42:14 --> Session: Class initialized using 'CodeIgniter\Session\Handlers\FileHandler' driver.
CRITICAL - 2026-07-11 12:42:14 --> CodeIgniter\View\Exceptions\ViewException: Invalid file: "agent/clients.php"
[Method: GET, Route: agent/clients]
in SYSTEMPATH\Exceptions\FrameworkException.php on line 39.
 1 SYSTEMPATH\View\View.php(228): CodeIgniter\Exceptions\FrameworkException::forInvalidFile('agent/clients.php')
 2 SYSTEMPATH\Common.php(1250): CodeIgniter\View\View->render('agent/clients', [], true)
 3 APPPATH\Controllers\AgentController.php(21): view('agent/clients')
 4 SYSTEMPATH\CodeIgniter.php(951): App\Controllers\AgentController->clients()
 5 SYSTEMPATH\CodeIgniter.php(497): CodeIgniter\CodeIgniter->runController(Object(App\Controllers\AgentController))
 6 SYSTEMPATH\CodeIgniter.php(340): CodeIgniter\CodeIgniter->handleRequest(null, Object(Config\Cache), false)
 7 SYSTEMPATH\Boot.php(417): CodeIgniter\CodeIgniter->run()
 8 SYSTEMPATH\Boot.php(68): CodeIgniter\Boot::runCodeIgniter(Object(CodeIgniter\CodeIgniter))
 9 FCPATH\index.php(59): CodeIgniter\Boot::bootWeb(Object(Config\Paths))
10 SYSTEMPATH\rewrite.php(44): require_once('C:\\Users\\Honore\\Documents\\GitHub\\ecopanier-S4-Mme-Baovola\\public\\index.php')
DEBUG - 2026-07-11 12:42:15 --> Session: Class initialized using 'CodeIgniter\Session\Handlers\FileHandler' driver.
DEBUG - 2026-07-11 12:42:18 --> Session: Class initialized using 'CodeIgniter\Session\Handlers\FileHandler' driver.
DEBUG - 2026-07-11 12:42:19 --> Session: Class initialized using 'CodeIgniter\Session\Handlers\FileHandler' driver.
DEBUG - 2026-07-11 12:42:28 --> Session: Class initialized using 'CodeIgniter\Session\Handlers\FileHandler' driver.
DEBUG - 2026-07-11 12:42:34 --> Session: Class initialized using 'CodeIgniter\Session\Handlers\FileHandler' driver.
DEBUG - 2026-07-11 12:42:37 --> Session: Class initialized using 'CodeIgniter\Session\Handlers\FileHandler' driver.
DEBUG - 2026-07-11 12:42:37 --> Session: Class initialized using 'CodeIgniter\Session\Handlers\FileHandler' driver.
DEBUG - 2026-07-11 12:42:39 --> Session: Class initialized using 'CodeIgniter\Session\Handlers\FileHandler' driver.
DEBUG - 2026-07-11 12:42:40 --> Session: Class initialized using 'CodeIgniter\Session\Handlers\FileHandler' driver.
DEBUG - 2026-07-11 12:42:43 --> Session: Class initialized using 'CodeIgniter\Session\Handlers\FileHandler' driver.
DEBUG - 2026-07-11 12:42:49 --> Session: Class initialized using 'CodeIgniter\Session\Handlers\FileHandler' driver.
DEBUG - 2026-07-11 12:42:51 --> Session: Class initialized using 'CodeIgniter\Session\Handlers\FileHandler' driver.
DEBUG - 2026-07-11 12:42:51 --> Session: Class initialized using 'CodeIgniter\Session\Handlers\FileHandler' driver.
DEBUG - 2026-07-11 12:42:52 --> Session: Class initialized using 'CodeIgniter\Session\Handlers\FileHandler' driver.
DEBUG - 2026-07-11 12:42:53 --> Session: Class initialized using 'CodeIgniter\Session\Handlers\FileHandler' driver.
DEBUG - 2026-07-11 12:42:53 --> Session: Class initialized using 'CodeIgniter\Session\Handlers\FileHandler' driver.
DEBUG - 2026-07-11 12:42:53 --> Session: Class initialized using 'CodeIgniter\Session\Handlers\FileHandler' driver.
DEBUG - 2026-07-11 12:42:54 --> Session: Class initialized using 'CodeIgniter\Session\Handlers\FileHandler' driver.
DEBUG - 2026-07-11 12:43:09 --> Session: Class initialized using 'CodeIgniter\Session\Handlers\FileHandler' driver.
DEBUG - 2026-07-11 12:43:09 --> Session: Class initialized using 'CodeIgniter\Session\Handlers\FileHandler' driver.
DEBUG - 2026-07-11 12:43:11 --> Session: Class initialized using 'CodeIgniter\Session\Handlers\FileHandler' driver.
CRITICAL - 2026-07-11 12:43:11 --> CodeIgniter\View\Exceptions\ViewException: Invalid file: "livreur/dashboard.php"
[Method: GET, Route: livreur/dashboard]
in SYSTEMPATH\Exceptions\FrameworkException.php on line 39.
 1 SYSTEMPATH\View\View.php(228): CodeIgniter\Exceptions\FrameworkException::forInvalidFile('livreur/dashboard.php')
 2 SYSTEMPATH\Common.php(1250): CodeIgniter\View\View->render('livreur/dashboard', [], true)
 3 APPPATH\Controllers\LivreurController.php(9): view('livreur/dashboard')
 4 SYSTEMPATH\CodeIgniter.php(951): App\Controllers\LivreurController->dashboard()
 5 SYSTEMPATH\CodeIgniter.php(497): CodeIgniter\CodeIgniter->runController(Object(App\Controllers\LivreurController))
 6 SYSTEMPATH\CodeIgniter.php(340): CodeIgniter\CodeIgniter->handleRequest(null, Object(Config\Cache), false)
 7 SYSTEMPATH\Boot.php(417): CodeIgniter\CodeIgniter->run()
 8 SYSTEMPATH\Boot.php(68): CodeIgniter\Boot::runCodeIgniter(Object(CodeIgniter\CodeIgniter))
 9 FCPATH\index.php(59): CodeIgniter\Boot::bootWeb(Object(Config\Paths))
10 SYSTEMPATH\rewrite.php(44): require_once('C:\\Users\\Honore\\Documents\\GitHub\\ecopanier-S4-Mme-Baovola\\public\\index.php')
DEBUG - 2026-07-11 12:43:12 --> Session: Class initialized using 'CodeIgniter\Session\Handlers\FileHandler' driver.
DEBUG - 2026-07-11 12:43:15 --> Session: Class initialized using 'CodeIgniter\Session\Handlers\FileHandler' driver.
CRITICAL - 2026-07-11 12:43:15 --> CodeIgniter\View\Exceptions\ViewException: Invalid file: "livreur/dashboard.php"
[Method: GET, Route: livreur/dashboard]
in SYSTEMPATH\Exceptions\FrameworkException.php on line 39.
 1 SYSTEMPATH\View\View.php(228): CodeIgniter\Exceptions\FrameworkException::forInvalidFile('livreur/dashboard.php')
 2 SYSTEMPATH\Common.php(1250): CodeIgniter\View\View->render('livreur/dashboard', [], true)
 3 APPPATH\Controllers\LivreurController.php(9): view('livreur/dashboard')
 4 SYSTEMPATH\CodeIgniter.php(951): App\Controllers\LivreurController->dashboard()
 5 SYSTEMPATH\CodeIgniter.php(497): CodeIgniter\CodeIgniter->runController(Object(App\Controllers\LivreurController))
 6 SYSTEMPATH\CodeIgniter.php(340): CodeIgniter\CodeIgniter->handleRequest(null, Object(Config\Cache), false)
 7 SYSTEMPATH\Boot.php(417): CodeIgniter\CodeIgniter->run()
 8 SYSTEMPATH\Boot.php(68): CodeIgniter\Boot::runCodeIgniter(Object(CodeIgniter\CodeIgniter))
 9 FCPATH\index.php(59): CodeIgniter\Boot::bootWeb(Object(Config\Paths))
10 SYSTEMPATH\rewrite.php(44): require_once('C:\\Users\\Honore\\Documents\\GitHub\\ecopanier-S4-Mme-Baovola\\public\\index.php')
DEBUG - 2026-07-11 12:43:15 --> Session: Class initialized using 'CodeIgniter\Session\Handlers\FileHandler' driver.
DEBUG - 2026-07-11 12:43:19 --> Session: Class initialized using 'CodeIgniter\Session\Handlers\FileHandler' driver.
DEBUG - 2026-07-11 12:43:19 --> Session: Class initialized using 'CodeIgniter\Session\Handlers\FileHandler' driver.
DEBUG - 2026-07-11 12:43:46 --> Session: Class initialized using 'CodeIgniter\Session\Handlers\FileHandler' driver.
DEBUG - 2026-07-11 12:43:46 --> Session: Class initialized using 'CodeIgniter\Session\Handlers\FileHandler' driver.
DEBUG - 2026-07-11 12:45:03 --> Session: Class initialized using 'CodeIgniter\Session\Handlers\FileHandler' driver.
DEBUG - 2026-07-11 12:45:03 --> Session: Class initialized using 'CodeIgniter\Session\Handlers\FileHandler' driver.
DEBUG - 2026-07-11 12:45:20 --> Session: Class initialized using 'CodeIgniter\Session\Handlers\FileHandler' driver.
DEBUG - 2026-07-11 12:45:20 --> Session: Class initialized using 'CodeIgniter\Session\Handlers\FileHandler' driver.
DEBUG - 2026-07-11 12:45:22 --> Session: Class initialized using 'CodeIgniter\Session\Handlers\FileHandler' driver.
CRITICAL - 2026-07-11 12:45:22 --> CodeIgniter\View\Exceptions\ViewException: Invalid file: "agent/clients.php"
[Method: GET, Route: agent/clients]
in SYSTEMPATH\Exceptions\FrameworkException.php on line 39.
 1 SYSTEMPATH\View\View.php(228): CodeIgniter\Exceptions\FrameworkException::forInvalidFile('agent/clients.php')
 2 SYSTEMPATH\Common.php(1250): CodeIgniter\View\View->render('agent/clients', [], true)
 3 APPPATH\Controllers\AgentController.php(21): view('agent/clients')
 4 SYSTEMPATH\CodeIgniter.php(951): App\Controllers\AgentController->clients()
 5 SYSTEMPATH\CodeIgniter.php(497): CodeIgniter\CodeIgniter->runController(Object(App\Controllers\AgentController))
 6 SYSTEMPATH\CodeIgniter.php(340): CodeIgniter\CodeIgniter->handleRequest(null, Object(Config\Cache), false)
 7 SYSTEMPATH\Boot.php(417): CodeIgniter\CodeIgniter->run()
 8 SYSTEMPATH\Boot.php(68): CodeIgniter\Boot::runCodeIgniter(Object(CodeIgniter\CodeIgniter))
 9 FCPATH\index.php(59): CodeIgniter\Boot::bootWeb(Object(Config\Paths))
10 SYSTEMPATH\rewrite.php(44): require_once('C:\\Users\\Honore\\Documents\\GitHub\\ecopanier-S4-Mme-Baovola\\public\\index.php')
DEBUG - 2026-07-11 12:47:00 --> Session: Class initialized using 'CodeIgniter\Session\Handlers\FileHandler' driver.
DEBUG - 2026-07-11 12:47:01 --> Session: Class initialized using 'CodeIgniter\Session\Handlers\FileHandler' driver.
CRITICAL - 2026-07-11 12:47:01 --> CodeIgniter\View\Exceptions\ViewException: Invalid file: "agent/clients.php"
[Method: GET, Route: agent/clients]
in SYSTEMPATH\Exceptions\FrameworkException.php on line 39.
 1 SYSTEMPATH\View\View.php(228): CodeIgniter\Exceptions\FrameworkException::forInvalidFile('agent/clients.php')
 2 SYSTEMPATH\Common.php(1250): CodeIgniter\View\View->render('agent/clients', [], true)
 3 APPPATH\Controllers\AgentController.php(21): view('agent/clients')
 4 SYSTEMPATH\CodeIgniter.php(951): App\Controllers\AgentController->clients()
 5 SYSTEMPATH\CodeIgniter.php(497): CodeIgniter\CodeIgniter->runController(Object(App\Controllers\AgentController))
 6 SYSTEMPATH\CodeIgniter.php(340): CodeIgniter\CodeIgniter->handleRequest(null, Object(Config\Cache), false)
 7 SYSTEMPATH\Boot.php(417): CodeIgniter\CodeIgniter->run()
 8 SYSTEMPATH\Boot.php(68): CodeIgniter\Boot::runCodeIgniter(Object(CodeIgniter\CodeIgniter))
 9 FCPATH\index.php(59): CodeIgniter\Boot::bootWeb(Object(Config\Paths))
10 SYSTEMPATH\rewrite.php(44): require_once('C:\\Users\\Honore\\Documents\\GitHub\\ecopanier-S4-Mme-Baovola\\public\\index.php')
DEBUG - 2026-07-11 12:47:03 --> Session: Class initialized using 'CodeIgniter\Session\Handlers\FileHandler' driver.
DEBUG - 2026-07-11 12:47:07 --> Session: Class initialized using 'CodeIgniter\Session\Handlers\FileHandler' driver.
DEBUG - 2026-07-11 12:47:20 --> Session: Class initialized using 'CodeIgniter\Session\Handlers\FileHandler' driver.
DEBUG - 2026-07-11 12:47:21 --> Session: Class initialized using 'CodeIgniter\Session\Handlers\FileHandler' driver.
DEBUG - 2026-07-11 12:47:23 --> Session: Class initialized using 'CodeIgniter\Session\Handlers\FileHandler' driver.
DEBUG - 2026-07-11 12:47:25 --> Session: Class initialized using 'CodeIgniter\Session\Handlers\FileHandler' driver.
DEBUG - 2026-07-11 12:47:27 --> Session: Class initialized using 'CodeIgniter\Session\Handlers\FileHandler' driver.
DEBUG - 2026-07-11 12:47:28 --> Session: Class initialized using 'CodeIgniter\Session\Handlers\FileHandler' driver.
DEBUG - 2026-07-11 12:47:30 --> Session: Class initialized using 'CodeIgniter\Session\Handlers\FileHandler' driver.
DEBUG - 2026-07-11 12:47:32 --> Session: Class initialized using 'CodeIgniter\Session\Handlers\FileHandler' driver.
DEBUG - 2026-07-11 12:47:38 --> Session: Class initialized using 'CodeIgniter\Session\Handlers\FileHandler' driver.
DEBUG - 2026-07-11 12:47:39 --> Session: Class initialized using 'CodeIgniter\Session\Handlers\FileHandler' driver.
CRITICAL - 2026-07-11 12:47:39 --> CodeIgniter\View\Exceptions\ViewException: Invalid file: "agent/clients.php"
[Method: GET, Route: agent/clients]
in SYSTEMPATH\Exceptions\FrameworkException.php on line 39.
 1 SYSTEMPATH\View\View.php(228): CodeIgniter\Exceptions\FrameworkException::forInvalidFile('agent/clients.php')
 2 SYSTEMPATH\Common.php(1250): CodeIgniter\View\View->render('agent/clients', [], true)
 3 APPPATH\Controllers\AgentController.php(21): view('agent/clients')
 4 SYSTEMPATH\CodeIgniter.php(951): App\Controllers\AgentController->clients()
 5 SYSTEMPATH\CodeIgniter.php(497): CodeIgniter\CodeIgniter->runController(Object(App\Controllers\AgentController))
 6 SYSTEMPATH\CodeIgniter.php(340): CodeIgniter\CodeIgniter->handleRequest(null, Object(Config\Cache), false)
 7 SYSTEMPATH\Boot.php(417): CodeIgniter\CodeIgniter->run()
 8 SYSTEMPATH\Boot.php(68): CodeIgniter\Boot::runCodeIgniter(Object(CodeIgniter\CodeIgniter))
 9 FCPATH\index.php(59): CodeIgniter\Boot::bootWeb(Object(Config\Paths))
10 SYSTEMPATH\rewrite.php(44): require_once('C:\\Users\\Honore\\Documents\\GitHub\\ecopanier-S4-Mme-Baovola\\public\\index.php')
DEBUG - 2026-07-11 12:49:31 --> Session: Class initialized using 'CodeIgniter\Session\Handlers\FileHandler' driver.
DEBUG - 2026-07-11 12:51:38 --> Session: Class initialized using 'CodeIgniter\Session\Handlers\FileHandler' driver.
DEBUG - 2026-07-11 12:51:40 --> Session: Class initialized using 'CodeIgniter\Session\Handlers\FileHandler' driver.
DEBUG - 2026-07-11 12:51:42 --> Session: Class initialized using 'CodeIgniter\Session\Handlers\FileHandler' driver.
DEBUG - 2026-07-11 13:06:37 --> Session: Class initialized using 'CodeIgniter\Session\Handlers\FileHandler' driver.
DEBUG - 2026-07-11 13:06:37 --> Session: Class initialized using 'CodeIgniter\Session\Handlers\FileHandler' driver.
DEBUG - 2026-07-11 13:07:01 --> Session: Class initialized using 'CodeIgniter\Session\Handlers\FileHandler' driver.
DEBUG - 2026-07-11 13:07:01 --> Session: Class initialized using 'CodeIgniter\Session\Handlers\FileHandler' driver.
DEBUG - 2026-07-11 13:07:06 --> Session: Class initialized using 'CodeIgniter\Session\Handlers\FileHandler' driver.
DEBUG - 2026-07-11 13:07:10 --> Session: Class initialized using 'CodeIgniter\Session\Handlers\FileHandler' driver.
DEBUG - 2026-07-11 13:07:10 --> Session: Class initialized using 'CodeIgniter\Session\Handlers\FileHandler' driver.
DEBUG - 2026-07-11 13:07:11 --> Session: Class initialized using 'CodeIgniter\Session\Handlers\FileHandler' driver.
DEBUG - 2026-07-11 13:07:11 --> Session: Class initialized using 'CodeIgniter\Session\Handlers\FileHandler' driver.
DEBUG - 2026-07-11 13:07:12 --> Session: Class initialized using 'CodeIgniter\Session\Handlers\FileHandler' driver.
CRITICAL - 2026-07-11 13:07:12 --> CodeIgniter\View\Exceptions\ViewException: Invalid file: "livreur/dashboard.php"
[Method: GET, Route: livreur/dashboard]
in SYSTEMPATH\Exceptions\FrameworkException.php on line 39.
 1 SYSTEMPATH\View\View.php(228): CodeIgniter\Exceptions\FrameworkException::forInvalidFile('livreur/dashboard.php')
 2 SYSTEMPATH\Common.php(1250): CodeIgniter\View\View->render('livreur/dashboard', [], true)
 3 APPPATH\Controllers\LivreurController.php(11): view('livreur/dashboard')
 4 SYSTEMPATH\CodeIgniter.php(951): App\Controllers\LivreurController->dashboard()
 5 SYSTEMPATH\CodeIgniter.php(497): CodeIgniter\CodeIgniter->runController(Object(App\Controllers\LivreurController))
 6 SYSTEMPATH\CodeIgniter.php(340): CodeIgniter\CodeIgniter->handleRequest(null, Object(Config\Cache), false)
 7 SYSTEMPATH\Boot.php(417): CodeIgniter\CodeIgniter->run()
 8 SYSTEMPATH\Boot.php(68): CodeIgniter\Boot::runCodeIgniter(Object(CodeIgniter\CodeIgniter))
 9 FCPATH\index.php(59): CodeIgniter\Boot::bootWeb(Object(Config\Paths))
10 SYSTEMPATH\rewrite.php(44): require_once('C:\\Users\\Honore\\Documents\\GitHub\\ecopanier-S4-Mme-Baovola\\public\\index.php')
DEBUG - 2026-07-11 13:07:14 --> Session: Class initialized using 'CodeIgniter\Session\Handlers\FileHandler' driver.
DEBUG - 2026-07-11 13:07:15 --> Session: Class initialized using 'CodeIgniter\Session\Handlers\FileHandler' driver.
DEBUG - 2026-07-11 13:07:15 --> Session: Class initialized using 'CodeIgniter\Session\Handlers\FileHandler' driver.
DEBUG - 2026-07-11 13:07:27 --> Session: Class initialized using 'CodeIgniter\Session\Handlers\FileHandler' driver.
DEBUG - 2026-07-11 13:07:27 --> Session: Class initialized using 'CodeIgniter\Session\Handlers\FileHandler' driver.
DEBUG - 2026-07-11 13:07:29 --> Session: Class initialized using 'CodeIgniter\Session\Handlers\FileHandler' driver.
DEBUG - 2026-07-11 13:07:43 --> Session: Class initialized using 'CodeIgniter\Session\Handlers\FileHandler' driver.
DEBUG - 2026-07-11 13:07:45 --> Session: Class initialized using 'CodeIgniter\Session\Handlers\FileHandler' driver.
DEBUG - 2026-07-11 13:13:50 --> Session: Class initialized using 'CodeIgniter\Session\Handlers\FileHandler' driver.
DEBUG - 2026-07-11 13:13:53 --> Session: Class initialized using 'CodeIgniter\Session\Handlers\FileHandler' driver.
DEBUG - 2026-07-11 13:18:06 --> Session: Class initialized using 'CodeIgniter\Session\Handlers\FileHandler' driver.
DEBUG - 2026-07-11 13:18:07 --> Session: Class initialized using 'CodeIgniter\Session\Handlers\FileHandler' driver.
DEBUG - 2026-07-11 13:18:20 --> Session: Class initialized using 'CodeIgniter\Session\Handlers\FileHandler' driver.
DEBUG - 2026-07-11 13:18:20 --> Session: Class initialized using 'CodeIgniter\Session\Handlers\FileHandler' driver.
DEBUG - 2026-07-11 13:18:21 --> Session: Class initialized using 'CodeIgniter\Session\Handlers\FileHandler' driver.
DEBUG - 2026-07-11 13:18:24 --> Session: Class initialized using 'CodeIgniter\Session\Handlers\FileHandler' driver.
DEBUG - 2026-07-11 13:18:25 --> Session: Class initialized using 'CodeIgniter\Session\Handlers\FileHandler' driver.
DEBUG - 2026-07-11 13:27:14 --> Session: Class initialized using 'CodeIgniter\Session\Handlers\FileHandler' driver.
DEBUG - 2026-07-11 13:27:14 --> Session: Class initialized using 'CodeIgniter\Session\Handlers\FileHandler' driver.
DEBUG - 2026-07-11 13:27:29 --> Session: Class initialized using 'CodeIgniter\Session\Handlers\FileHandler' driver.
DEBUG - 2026-07-11 13:27:29 --> Session: Class initialized using 'CodeIgniter\Session\Handlers\FileHandler' driver.
DEBUG - 2026-07-11 13:27:33 --> Session: Class initialized using 'CodeIgniter\Session\Handlers\FileHandler' driver.
DEBUG - 2026-07-11 13:27:41 --> Session: Class initialized using 'CodeIgniter\Session\Handlers\FileHandler' driver.
DEBUG - 2026-07-11 13:27:42 --> Session: Class initialized using 'CodeIgniter\Session\Handlers\FileHandler' driver.
DEBUG - 2026-07-11 13:27:57 --> Session: Class initialized using 'CodeIgniter\Session\Handlers\FileHandler' driver.
DEBUG - 2026-07-11 13:27:57 --> Session: Class initialized using 'CodeIgniter\Session\Handlers\FileHandler' driver.
DEBUG - 2026-07-11 13:27:59 --> Session: Class initialized using 'CodeIgniter\Session\Handlers\FileHandler' driver.
DEBUG - 2026-07-11 13:28:03 --> Session: Class initialized using 'CodeIgniter\Session\Handlers\FileHandler' driver.
DEBUG - 2026-07-11 13:39:33 --> Session: Class initialized using 'CodeIgniter\Session\Handlers\FileHandler' driver.
DEBUG - 2026-07-11 13:39:33 --> Session: Class initialized using 'CodeIgniter\Session\Handlers\FileHandler' driver.
DEBUG - 2026-07-11 13:39:49 --> Session: Class initialized using 'CodeIgniter\Session\Handlers\FileHandler' driver.
DEBUG - 2026-07-11 13:39:49 --> Session: Class initialized using 'CodeIgniter\Session\Handlers\FileHandler' driver.
DEBUG - 2026-07-11 13:39:55 --> Session: Class initialized using 'CodeIgniter\Session\Handlers\FileHandler' driver.
ERROR - 2026-07-11 13:44:18 --> Cannot add or update a child row: a foreign key constraint fails (`eco_panier_s4_2026`.`pack_produits`, CONSTRAINT `pack_produits_produit_id_foreign` FOREIGN KEY (`produit_id`) REFERENCES `produit` (`id`) ON DELETE CASCADE ON UPDATE CASCADE)
in SYSTEMPATH\Database\MySQLi\Connection.php on line 300.
 1 SYSTEMPATH\Database\MySQLi\Connection.php(300): mysqli->query('INSERT INTO `pack_produits` (`pack_id`, `produit_id`, `quantite`)
VALUES (1,1,1), (1,2,1), (1,5,2), (1,6,1), (2,1,2), (2,2,2), (2,3,4), (2,5,4), (2,6,2), (2,14,4), (3,3,4), (3,7,2), (3,8,5), (3,12,2), (3,14,2), (4,7,3), (4,8,5), (4,22,1), (4,23,2), (4,12,3), (4,16,1), (5,14,4), (5,18,4), (5,12,6), (6,16,2), (6,17,1), (6,14,4), (6,10,1), (7,3,2), (7,12,3), (7,14,2), (7,15,2), (8,12,4), (8,16,2), (8,17,1), (8,10,1), (9,1,1), (9,4,2), (9,12,3), (9,19,1), (9,23,2), (10,15,6), (10,12,4), (10,13,2), (10,4,2), (11,3,3), (11,5,2), (11,14,3), (11,20,1), (12,1,2), (12,2,1), (12,7,2), (12,8,4), (12,21,1), (13,9,2), (13,10,1), (13,11,1), (13,16,2), (14,1,3), (14,2,3), (14,3,6), (14,5,6), (14,14,6), (14,20,2), (15,3,6), (15,7,3), (15,8,6), (15,12,4), (15,14,4), (15,22,2), (16,12,6), (16,13,3), (16,15,6), (16,17,2), (16,10,2), (17,4,4), (17,19,2), (17,20,2), (17,11,1), (18,14,6), (18,18,6), (18,12,6), (18,13,2)', 0)
 2 SYSTEMPATH\Database\BaseConnection.php(910): CodeIgniter\Database\MySQLi\Connection->execute('INSERT INTO `pack_produits` (`pack_id`, `produit_id`, `quantite`)
VALUES (1,1,1), (1,2,1), (1,5,2), (1,6,1), (2,1,2), (2,2,2), (2,3,4), (2,5,4), (2,6,2), (2,14,4), (3,3,4), (3,7,2), (3,8,5), (3,12,2), (3,14,2), (4,7,3), (4,8,5), (4,22,1), (4,23,2), (4,12,3), (4,16,1), (5,14,4), (5,18,4), (5,12,6), (6,16,2), (6,17,1), (6,14,4), (6,10,1), (7,3,2), (7,12,3), (7,14,2), (7,15,2), (8,12,4), (8,16,2), (8,17,1), (8,10,1), (9,1,1), (9,4,2), (9,12,3), (9,19,1), (9,23,2), (10,15,6), (10,12,4), (10,13,2), (10,4,2), (11,3,3), (11,5,2), (11,14,3), (11,20,1), (12,1,2), (12,2,1), (12,7,2), (12,8,4), (12,21,1), (13,9,2), (13,10,1), (13,11,1), (13,16,2), (14,1,3), (14,2,3), (14,3,6), (14,5,6), (14,14,6), (14,20,2), (15,3,6), (15,7,3), (15,8,6), (15,12,4), (15,14,4), (15,22,2), (16,12,6), (16,13,3), (16,15,6), (16,17,2), (16,10,2), (17,4,4), (17,19,2), (17,20,2), (17,11,1), (18,14,6), (18,18,6), (18,12,6), (18,13,2)')
 3 SYSTEMPATH\Database\BaseConnection.php(827): CodeIgniter\Database\BaseConnection->simpleQuery('INSERT INTO `pack_produits` (`pack_id`, `produit_id`, `quantite`)
VALUES (1,1,1), (1,2,1), (1,5,2), (1,6,1), (2,1,2), (2,2,2), (2,3,4), (2,5,4), (2,6,2), (2,14,4), (3,3,4), (3,7,2), (3,8,5), (3,12,2), (3,14,2), (4,7,3), (4,8,5), (4,22,1), (4,23,2), (4,12,3), (4,16,1), (5,14,4), (5,18,4), (5,12,6), (6,16,2), (6,17,1), (6,14,4), (6,10,1), (7,3,2), (7,12,3), (7,14,2), (7,15,2), (8,12,4), (8,16,2), (8,17,1), (8,10,1), (9,1,1), (9,4,2), (9,12,3), (9,19,1), (9,23,2), (10,15,6), (10,12,4), (10,13,2), (10,4,2), (11,3,3), (11,5,2), (11,14,3), (11,20,1), (12,1,2), (12,2,1), (12,7,2), (12,8,4), (12,21,1), (13,9,2), (13,10,1), (13,11,1), (13,16,2), (14,1,3), (14,2,3), (14,3,6), (14,5,6), (14,14,6), (14,20,2), (15,3,6), (15,7,3), (15,8,6), (15,12,4), (15,14,4), (15,22,2), (16,12,6), (16,13,3), (16,15,6), (16,17,2), (16,10,2), (17,4,4), (17,19,2), (17,20,2), (17,11,1), (18,14,6), (18,18,6), (18,12,6), (18,13,2)')
 4 SYSTEMPATH\Database\BaseBuilder.php(1841): CodeIgniter\Database\BaseConnection->query('INSERT INTO `pack_produits` (`pack_id`, `produit_id`, `quantite`)
VALUES (1,1,1), (1,2,1), (1,5,2), (1,6,1), (2,1,2), (2,2,2), (2,3,4), (2,5,4), (2,6,2), (2,14,4), (3,3,4), (3,7,2), (3,8,5), (3,12,2), (3,14,2), (4,7,3), (4,8,5), (4,22,1), (4,23,2), (4,12,3), (4,16,1), (5,14,4), (5,18,4), (5,12,6), (6,16,2), (6,17,1), (6,14,4), (6,10,1), (7,3,2), (7,12,3), (7,14,2), (7,15,2), (8,12,4), (8,16,2), (8,17,1), (8,10,1), (9,1,1), (9,4,2), (9,12,3), (9,19,1), (9,23,2), (10,15,6), (10,12,4), (10,13,2), (10,4,2), (11,3,3), (11,5,2), (11,14,3), (11,20,1), (12,1,2), (12,2,1), (12,7,2), (12,8,4), (12,21,1), (13,9,2), (13,10,1), (13,11,1), (13,16,2), (14,1,3), (14,2,3), (14,3,6), (14,5,6), (14,14,6), (14,20,2), (15,3,6), (15,7,3), (15,8,6), (15,12,4), (15,14,4), (15,22,2), (16,12,6), (16,13,3), (16,15,6), (16,17,2), (16,10,2), (17,4,4), (17,19,2), (17,20,2), (17,11,1), (18,14,6), (18,18,6), (18,12,6), (18,13,2)', null, false)
 5 SYSTEMPATH\Database\BaseBuilder.php(2230): CodeIgniter\Database\BaseBuilder->batchExecute('_insertBatch', 100)
 6 SYSTEMPATH\Model.php(381): CodeIgniter\Database\BaseBuilder->insertBatch([...], null, 100)
 7 SYSTEMPATH\BaseModel.php(1007): CodeIgniter\Model->doInsertBatch([...], null, 100, false)
 8 APPPATH\Database\Seeds\PackProductSeeder.php(135): CodeIgniter\BaseModel->insertBatch([...])
 9 SYSTEMPATH\Database\Seeder.php(155): App\Database\Seeds\PackProductSeeder->run()
10 SYSTEMPATH\Commands\Database\Seed.php(79): CodeIgniter\Database\Seeder->call('App\\Database\\Seeds\\PackProductSeeder')
11 SYSTEMPATH\CLI\Commands.php(74): CodeIgniter\Commands\Database\Seed->run([])
12 SYSTEMPATH\CLI\Console.php(47): CodeIgniter\CLI\Commands->run('db:seed', [...])
13 SYSTEMPATH\Boot.php(442): CodeIgniter\CLI\Console->run()
14 SYSTEMPATH\Boot.php(166): CodeIgniter\Boot::runCommand(Object(CodeIgniter\CLI\Console))
15 ROOTPATH\spark(87): CodeIgniter\Boot::bootSpark(Object(Config\Paths))
DEBUG - 2026-07-11 13:44:31 --> Session: Class initialized using 'CodeIgniter\Session\Handlers\FileHandler' driver.
DEBUG - 2026-07-11 13:44:31 --> Session: Class initialized using 'CodeIgniter\Session\Handlers\FileHandler' driver.
DEBUG - 2026-07-11 13:44:58 --> Session: Class initialized using 'CodeIgniter\Session\Handlers\FileHandler' driver.
DEBUG - 2026-07-11 13:44:58 --> Session: Class initialized using 'CodeIgniter\Session\Handlers\FileHandler' driver.
