DEBUG - 2026-07-13 08:34:04 --> Session: Class initialized using 'CodeIgniter\Session\Handlers\FileHandler' driver.
DEBUG - 2026-07-13 08:34:04 --> Session: Class initialized using 'CodeIgniter\Session\Handlers\FileHandler' driver.
DEBUG - 2026-07-13 08:34:12 --> Session: Class initialized using 'CodeIgniter\Session\Handlers\FileHandler' driver.
CRITICAL - 2026-07-13 08:34:12 --> ParseError: syntax error, unexpected token "<<"
[Method: GET, Route: admin/dashboard]
in APPPATH\Controllers\AdminController.php on line 542.
 1 SYSTEMPATH\Autoloader\Autoloader.php(295): CodeIgniter\Autoloader\Autoloader->includeFile('C:\\Users\\HOLDFISO\\Documents\\GitHub\\ecopanier-S4-Mme-Baovola\\app\\Controllers\\AdminController.php')
 2 SYSTEMPATH\Autoloader\Autoloader.php(271): CodeIgniter\Autoloader\Autoloader->loadInNamespace('App\\Controllers\\AdminController')
 3 [internal function]: CodeIgniter\Autoloader\Autoloader->loadClass('App\\Controllers\\AdminController')
 4 SYSTEMPATH\Router\Router.php(792): class_exists('\\App\\Controllers\\AdminController')
 5 SYSTEMPATH\Router\Router.php(230): CodeIgniter\Router\Router->processRouteAttributes()
 6 SYSTEMPATH\CodeIgniter.php(829): CodeIgniter\Router\Router->handle('admin/dashboard')
 7 SYSTEMPATH\CodeIgniter.php(441): CodeIgniter\CodeIgniter->tryToRouteIt(Object(CodeIgniter\Router\RouteCollection))
 8 SYSTEMPATH\CodeIgniter.php(340): CodeIgniter\CodeIgniter->handleRequest(null, Object(Config\Cache), false)
 9 SYSTEMPATH\Boot.php(417): CodeIgniter\CodeIgniter->run()
10 SYSTEMPATH\Boot.php(68): CodeIgniter\Boot::runCodeIgniter(Object(CodeIgniter\CodeIgniter))
11 FCPATH\index.php(59): CodeIgniter\Boot::bootWeb(Object(Config\Paths))
12 SYSTEMPATH\rewrite.php(44): require_once('C:\\Users\\HOLDFISO\\Documents\\GitHub\\ecopanier-S4-Mme-Baovola\\public\\index.php')
DEBUG - 2026-07-13 08:34:24 --> Session: Class initialized using 'CodeIgniter\Session\Handlers\FileHandler' driver.
DEBUG - 2026-07-13 08:34:25 --> Session: Class initialized using 'CodeIgniter\Session\Handlers\FileHandler' driver.
DEBUG - 2026-07-13 08:34:29 --> Session: Class initialized using 'CodeIgniter\Session\Handlers\FileHandler' driver.
CRITICAL - 2026-07-13 08:34:29 --> CodeIgniter\View\Exceptions\ViewException: Invalid file: "agent/clients.php"
[Method: GET, Route: agent/clients]
in SYSTEMPATH\Exceptions\FrameworkException.php on line 39.
 1 SYSTEMPATH\View\View.php(228): CodeIgniter\Exceptions\FrameworkException::forInvalidFile('agent/clients.php')
 2 SYSTEMPATH\Common.php(1250): CodeIgniter\View\View->render('agent/clients', [], true)
 3 APPPATH\Controllers\AgentController.php(21): view('agent/clients')
 4 SYSTEMPATH\CodeIgniter.php(951): App\Controllers\AgentController->clients()
 5 SYSTEMPATH\CodeIgniter.php(497): CodeIgniter\CodeIgniter->runController(Object(App\Controllers\AgentController))
 6 SYSTEMPATH\CodeIgniter.php(340): CodeIgniter\CodeIgniter->handleRequest(null, Object(Config\Cache), false)
 7 SYSTEMPATH\Boot.php(417): CodeIgniter\CodeIgniter->run()
 8 SYSTEMPATH\Boot.php(68): CodeIgniter\Boot::runCodeIgniter(Object(CodeIgniter\CodeIgniter))
 9 FCPATH\index.php(59): CodeIgniter\Boot::bootWeb(Object(Config\Paths))
10 SYSTEMPATH\rewrite.php(44): require_once('C:\\Users\\HOLDFISO\\Documents\\GitHub\\ecopanier-S4-Mme-Baovola\\public\\index.php')
DEBUG - 2026-07-13 08:34:36 --> Session: Class initialized using 'CodeIgniter\Session\Handlers\FileHandler' driver.
DEBUG - 2026-07-13 08:34:43 --> Session: Class initialized using 'CodeIgniter\Session\Handlers\FileHandler' driver.
DEBUG - 2026-07-13 08:34:46 --> Session: Class initialized using 'CodeIgniter\Session\Handlers\FileHandler' driver.
DEBUG - 2026-07-13 08:35:04 --> Session: Class initialized using 'CodeIgniter\Session\Handlers\FileHandler' driver.
DEBUG - 2026-07-13 08:35:04 --> Session: Class initialized using 'CodeIgniter\Session\Handlers\FileHandler' driver.
DEBUG - 2026-07-13 08:35:44 --> Session: Class initialized using 'CodeIgniter\Session\Handlers\FileHandler' driver.
DEBUG - 2026-07-13 08:35:44 --> Session: Class initialized using 'CodeIgniter\Session\Handlers\FileHandler' driver.
DEBUG - 2026-07-13 08:35:56 --> Session: Class initialized using 'CodeIgniter\Session\Handlers\FileHandler' driver.
DEBUG - 2026-07-13 08:36:02 --> Session: Class initialized using 'CodeIgniter\Session\Handlers\FileHandler' driver.
WARNING - 2026-07-13 08:36:02 --> [DEPRECATED] strtotime(): Passing null to parameter #1 ($datetime) of type string is deprecated in APPPATH\Views\magasinier\produits_content.php on line 103.
 1 APPPATH\Views\magasinier\produits_content.php(103): strtotime(null)
 2 SYSTEMPATH\View\View.php(240): include('C:\\Users\\HOLDFISO\\Documents\\GitHub\\ecopanier-S4-Mme-Baovola\\app\\Views\\magasinier\\produits_content.php')
 3 SYSTEMPATH\View\View.php(243): CodeIgniter\View\View->CodeIgniter\View\{closure}()
 4 SYSTEMPATH\Common.php(1250): CodeIgniter\View\View->render('magasinier/produits_content', [], true)
 5 APPPATH\Views\magasinier\produits.php(20): view('magasinier/produits_content')
 6 SYSTEMPATH\View\View.php(240): include('C:\\Users\\HOLDFISO\\Documents\\GitHub\\ecopanier-S4-Mme-Baovola\\app\\Views\\magasinier\\produits.php')
 7 SYSTEMPATH\View\View.php(243): CodeIgniter\View\View->CodeIgniter\View\{closure}()
 8 SYSTEMPATH\Common.php(1250): CodeIgniter\View\View->render('magasinier/produits', [], true)
 9 APPPATH\Controllers\MagasinierController.php(103): view('magasinier/produits', [...])
10 SYSTEMPATH\CodeIgniter.php(951): App\Controllers\MagasinierController->produits()
11 SYSTEMPATH\CodeIgniter.php(497): CodeIgniter\CodeIgniter->runController(Object(App\Controllers\MagasinierController))
12 SYSTEMPATH\CodeIgniter.php(340): CodeIgniter\CodeIgniter->handleRequest(null, Object(Config\Cache), false)
13 SYSTEMPATH\Boot.php(417): CodeIgniter\CodeIgniter->run()
14 SYSTEMPATH\Boot.php(68): CodeIgniter\Boot::runCodeIgniter(Object(CodeIgniter\CodeIgniter))
15 FCPATH\index.php(59): CodeIgniter\Boot::bootWeb(Object(Config\Paths))
16 SYSTEMPATH\rewrite.php(44): require_once('C:\\Users\\HOLDFISO\\Documents\\GitHub\\ecopanier-S4-Mme-Baovola\\public\\index.php')
WARNING - 2026-07-13 08:36:02 --> [DEPRECATED] strtotime(): Passing null to parameter #1 ($datetime) of type string is deprecated in APPPATH\Views\magasinier\produits_content.php on line 103.
 1 APPPATH\Views\magasinier\produits_content.php(103): strtotime(null)
 2 SYSTEMPATH\View\View.php(240): include('C:\\Users\\HOLDFISO\\Documents\\GitHub\\ecopanier-S4-Mme-Baovola\\app\\Views\\magasinier\\produits_content.php')
 3 SYSTEMPATH\View\View.php(243): CodeIgniter\View\View->CodeIgniter\View\{closure}()
 4 SYSTEMPATH\Common.php(1250): CodeIgniter\View\View->render('magasinier/produits_content', [], true)
 5 APPPATH\Views\magasinier\produits.php(20): view('magasinier/produits_content')
 6 SYSTEMPATH\View\View.php(240): include('C:\\Users\\HOLDFISO\\Documents\\GitHub\\ecopanier-S4-Mme-Baovola\\app\\Views\\magasinier\\produits.php')
 7 SYSTEMPATH\View\View.php(243): CodeIgniter\View\View->CodeIgniter\View\{closure}()
 8 SYSTEMPATH\Common.php(1250): CodeIgniter\View\View->render('magasinier/produits', [], true)
 9 APPPATH\Controllers\MagasinierController.php(103): view('magasinier/produits', [...])
10 SYSTEMPATH\CodeIgniter.php(951): App\Controllers\MagasinierController->produits()
11 SYSTEMPATH\CodeIgniter.php(497): CodeIgniter\CodeIgniter->runController(Object(App\Controllers\MagasinierController))
12 SYSTEMPATH\CodeIgniter.php(340): CodeIgniter\CodeIgniter->handleRequest(null, Object(Config\Cache), false)
13 SYSTEMPATH\Boot.php(417): CodeIgniter\CodeIgniter->run()
14 SYSTEMPATH\Boot.php(68): CodeIgniter\Boot::runCodeIgniter(Object(CodeIgniter\CodeIgniter))
15 FCPATH\index.php(59): CodeIgniter\Boot::bootWeb(Object(Config\Paths))
16 SYSTEMPATH\rewrite.php(44): require_once('C:\\Users\\HOLDFISO\\Documents\\GitHub\\ecopanier-S4-Mme-Baovola\\public\\index.php')
WARNING - 2026-07-13 08:36:02 --> [DEPRECATED] strtotime(): Passing null to parameter #1 ($datetime) of type string is deprecated in APPPATH\Views\magasinier\produits_content.php on line 103.
 1 APPPATH\Views\magasinier\produits_content.php(103): strtotime(null)
 2 SYSTEMPATH\View\View.php(240): include('C:\\Users\\HOLDFISO\\Documents\\GitHub\\ecopanier-S4-Mme-Baovola\\app\\Views\\magasinier\\produits_content.php')
 3 SYSTEMPATH\View\View.php(243): CodeIgniter\View\View->CodeIgniter\View\{closure}()
 4 SYSTEMPATH\Common.php(1250): CodeIgniter\View\View->render('magasinier/produits_content', [], true)
 5 APPPATH\Views\magasinier\produits.php(20): view('magasinier/produits_content')
 6 SYSTEMPATH\View\View.php(240): include('C:\\Users\\HOLDFISO\\Documents\\GitHub\\ecopanier-S4-Mme-Baovola\\app\\Views\\magasinier\\produits.php')
 7 SYSTEMPATH\View\View.php(243): CodeIgniter\View\View->CodeIgniter\View\{closure}()
 8 SYSTEMPATH\Common.php(1250): CodeIgniter\View\View->render('magasinier/produits', [], true)
 9 APPPATH\Controllers\MagasinierController.php(103): view('magasinier/produits', [...])
10 SYSTEMPATH\CodeIgniter.php(951): App\Controllers\MagasinierController->produits()
11 SYSTEMPATH\CodeIgniter.php(497): CodeIgniter\CodeIgniter->runController(Object(App\Controllers\MagasinierController))
12 SYSTEMPATH\CodeIgniter.php(340): CodeIgniter\CodeIgniter->handleRequest(null, Object(Config\Cache), false)
13 SYSTEMPATH\Boot.php(417): CodeIgniter\CodeIgniter->run()
14 SYSTEMPATH\Boot.php(68): CodeIgniter\Boot::runCodeIgniter(Object(CodeIgniter\CodeIgniter))
15 FCPATH\index.php(59): CodeIgniter\Boot::bootWeb(Object(Config\Paths))
16 SYSTEMPATH\rewrite.php(44): require_once('C:\\Users\\HOLDFISO\\Documents\\GitHub\\ecopanier-S4-Mme-Baovola\\public\\index.php')
WARNING - 2026-07-13 08:36:02 --> [DEPRECATED] strtotime(): Passing null to parameter #1 ($datetime) of type string is deprecated in APPPATH\Views\magasinier\produits_content.php on line 103.
 1 APPPATH\Views\magasinier\produits_content.php(103): strtotime(null)
 2 SYSTEMPATH\View\View.php(240): include('C:\\Users\\HOLDFISO\\Documents\\GitHub\\ecopanier-S4-Mme-Baovola\\app\\Views\\magasinier\\produits_content.php')
 3 SYSTEMPATH\View\View.php(243): CodeIgniter\View\View->CodeIgniter\View\{closure}()
 4 SYSTEMPATH\Common.php(1250): CodeIgniter\View\View->render('magasinier/produits_content', [], true)
 5 APPPATH\Views\magasinier\produits.php(20): view('magasinier/produits_content')
 6 SYSTEMPATH\View\View.php(240): include('C:\\Users\\HOLDFISO\\Documents\\GitHub\\ecopanier-S4-Mme-Baovola\\app\\Views\\magasinier\\produits.php')
 7 SYSTEMPATH\View\View.php(243): CodeIgniter\View\View->CodeIgniter\View\{closure}()
 8 SYSTEMPATH\Common.php(1250): CodeIgniter\View\View->render('magasinier/produits', [], true)
 9 APPPATH\Controllers\MagasinierController.php(103): view('magasinier/produits', [...])
10 SYSTEMPATH\CodeIgniter.php(951): App\Controllers\MagasinierController->produits()
11 SYSTEMPATH\CodeIgniter.php(497): CodeIgniter\CodeIgniter->runController(Object(App\Controllers\MagasinierController))
12 SYSTEMPATH\CodeIgniter.php(340): CodeIgniter\CodeIgniter->handleRequest(null, Object(Config\Cache), false)
13 SYSTEMPATH\Boot.php(417): CodeIgniter\CodeIgniter->run()
14 SYSTEMPATH\Boot.php(68): CodeIgniter\Boot::runCodeIgniter(Object(CodeIgniter\CodeIgniter))
15 FCPATH\index.php(59): CodeIgniter\Boot::bootWeb(Object(Config\Paths))
16 SYSTEMPATH\rewrite.php(44): require_once('C:\\Users\\HOLDFISO\\Documents\\GitHub\\ecopanier-S4-Mme-Baovola\\public\\index.php')
WARNING - 2026-07-13 08:36:02 --> [DEPRECATED] strtotime(): Passing null to parameter #1 ($datetime) of type string is deprecated in APPPATH\Views\magasinier\produits_content.php on line 103.
 1 APPPATH\Views\magasinier\produits_content.php(103): strtotime(null)
 2 SYSTEMPATH\View\View.php(240): include('C:\\Users\\HOLDFISO\\Documents\\GitHub\\ecopanier-S4-Mme-Baovola\\app\\Views\\magasinier\\produits_content.php')
 3 SYSTEMPATH\View\View.php(243): CodeIgniter\View\View->CodeIgniter\View\{closure}()
 4 SYSTEMPATH\Common.php(1250): CodeIgniter\View\View->render('magasinier/produits_content', [], true)
 5 APPPATH\Views\magasinier\produits.php(20): view('magasinier/produits_content')
 6 SYSTEMPATH\View\View.php(240): include('C:\\Users\\HOLDFISO\\Documents\\GitHub\\ecopanier-S4-Mme-Baovola\\app\\Views\\magasinier\\produits.php')
 7 SYSTEMPATH\View\View.php(243): CodeIgniter\View\View->CodeIgniter\View\{closure}()
 8 SYSTEMPATH\Common.php(1250): CodeIgniter\View\View->render('magasinier/produits', [], true)
 9 APPPATH\Controllers\MagasinierController.php(103): view('magasinier/produits', [...])
10 SYSTEMPATH\CodeIgniter.php(951): App\Controllers\MagasinierController->produits()
11 SYSTEMPATH\CodeIgniter.php(497): CodeIgniter\CodeIgniter->runController(Object(App\Controllers\MagasinierController))
12 SYSTEMPATH\CodeIgniter.php(340): CodeIgniter\CodeIgniter->handleRequest(null, Object(Config\Cache), false)
13 SYSTEMPATH\Boot.php(417): CodeIgniter\CodeIgniter->run()
14 SYSTEMPATH\Boot.php(68): CodeIgniter\Boot::runCodeIgniter(Object(CodeIgniter\CodeIgniter))
15 FCPATH\index.php(59): CodeIgniter\Boot::bootWeb(Object(Config\Paths))
16 SYSTEMPATH\rewrite.php(44): require_once('C:\\Users\\HOLDFISO\\Documents\\GitHub\\ecopanier-S4-Mme-Baovola\\public\\index.php')
WARNING - 2026-07-13 08:36:02 --> [DEPRECATED] strtotime(): Passing null to parameter #1 ($datetime) of type string is deprecated in APPPATH\Views\magasinier\produits_content.php on line 103.
 1 APPPATH\Views\magasinier\produits_content.php(103): strtotime(null)
 2 SYSTEMPATH\View\View.php(240): include('C:\\Users\\HOLDFISO\\Documents\\GitHub\\ecopanier-S4-Mme-Baovola\\app\\Views\\magasinier\\produits_content.php')
 3 SYSTEMPATH\View\View.php(243): CodeIgniter\View\View->CodeIgniter\View\{closure}()
 4 SYSTEMPATH\Common.php(1250): CodeIgniter\View\View->render('magasinier/produits_content', [], true)
 5 APPPATH\Views\magasinier\produits.php(20): view('magasinier/produits_content')
 6 SYSTEMPATH\View\View.php(240): include('C:\\Users\\HOLDFISO\\Documents\\GitHub\\ecopanier-S4-Mme-Baovola\\app\\Views\\magasinier\\produits.php')
 7 SYSTEMPATH\View\View.php(243): CodeIgniter\View\View->CodeIgniter\View\{closure}()
 8 SYSTEMPATH\Common.php(1250): CodeIgniter\View\View->render('magasinier/produits', [], true)
 9 APPPATH\Controllers\MagasinierController.php(103): view('magasinier/produits', [...])
10 SYSTEMPATH\CodeIgniter.php(951): App\Controllers\MagasinierController->produits()
11 SYSTEMPATH\CodeIgniter.php(497): CodeIgniter\CodeIgniter->runController(Object(App\Controllers\MagasinierController))
12 SYSTEMPATH\CodeIgniter.php(340): CodeIgniter\CodeIgniter->handleRequest(null, Object(Config\Cache), false)
13 SYSTEMPATH\Boot.php(417): CodeIgniter\CodeIgniter->run()
14 SYSTEMPATH\Boot.php(68): CodeIgniter\Boot::runCodeIgniter(Object(CodeIgniter\CodeIgniter))
15 FCPATH\index.php(59): CodeIgniter\Boot::bootWeb(Object(Config\Paths))
16 SYSTEMPATH\rewrite.php(44): require_once('C:\\Users\\HOLDFISO\\Documents\\GitHub\\ecopanier-S4-Mme-Baovola\\public\\index.php')
WARNING - 2026-07-13 08:36:02 --> [DEPRECATED] strtotime(): Passing null to parameter #1 ($datetime) of type string is deprecated in APPPATH\Views\magasinier\produits_content.php on line 103.
 1 APPPATH\Views\magasinier\produits_content.php(103): strtotime(null)
 2 SYSTEMPATH\View\View.php(240): include('C:\\Users\\HOLDFISO\\Documents\\GitHub\\ecopanier-S4-Mme-Baovola\\app\\Views\\magasinier\\produits_content.php')
 3 SYSTEMPATH\View\View.php(243): CodeIgniter\View\View->CodeIgniter\View\{closure}()
 4 SYSTEMPATH\Common.php(1250): CodeIgniter\View\View->render('magasinier/produits_content', [], true)
 5 APPPATH\Views\magasinier\produits.php(20): view('magasinier/produits_content')
 6 SYSTEMPATH\View\View.php(240): include('C:\\Users\\HOLDFISO\\Documents\\GitHub\\ecopanier-S4-Mme-Baovola\\app\\Views\\magasinier\\produits.php')
 7 SYSTEMPATH\View\View.php(243): CodeIgniter\View\View->CodeIgniter\View\{closure}()
 8 SYSTEMPATH\Common.php(1250): CodeIgniter\View\View->render('magasinier/produits', [], true)
 9 APPPATH\Controllers\MagasinierController.php(103): view('magasinier/produits', [...])
10 SYSTEMPATH\CodeIgniter.php(951): App\Controllers\MagasinierController->produits()
11 SYSTEMPATH\CodeIgniter.php(497): CodeIgniter\CodeIgniter->runController(Object(App\Controllers\MagasinierController))
12 SYSTEMPATH\CodeIgniter.php(340): CodeIgniter\CodeIgniter->handleRequest(null, Object(Config\Cache), false)
13 SYSTEMPATH\Boot.php(417): CodeIgniter\CodeIgniter->run()
14 SYSTEMPATH\Boot.php(68): CodeIgniter\Boot::runCodeIgniter(Object(CodeIgniter\CodeIgniter))
15 FCPATH\index.php(59): CodeIgniter\Boot::bootWeb(Object(Config\Paths))
16 SYSTEMPATH\rewrite.php(44): require_once('C:\\Users\\HOLDFISO\\Documents\\GitHub\\ecopanier-S4-Mme-Baovola\\public\\index.php')
WARNING - 2026-07-13 08:36:02 --> [DEPRECATED] strtotime(): Passing null to parameter #1 ($datetime) of type string is deprecated in APPPATH\Views\magasinier\produits_content.php on line 103.
 1 APPPATH\Views\magasinier\produits_content.php(103): strtotime(null)
 2 SYSTEMPATH\View\View.php(240): include('C:\\Users\\HOLDFISO\\Documents\\GitHub\\ecopanier-S4-Mme-Baovola\\app\\Views\\magasinier\\produits_content.php')
 3 SYSTEMPATH\View\View.php(243): CodeIgniter\View\View->CodeIgniter\View\{closure}()
 4 SYSTEMPATH\Common.php(1250): CodeIgniter\View\View->render('magasinier/produits_content', [], true)
 5 APPPATH\Views\magasinier\produits.php(20): view('magasinier/produits_content')
 6 SYSTEMPATH\View\View.php(240): include('C:\\Users\\HOLDFISO\\Documents\\GitHub\\ecopanier-S4-Mme-Baovola\\app\\Views\\magasinier\\produits.php')
 7 SYSTEMPATH\View\View.php(243): CodeIgniter\View\View->CodeIgniter\View\{closure}()
 8 SYSTEMPATH\Common.php(1250): CodeIgniter\View\View->render('magasinier/produits', [], true)
 9 APPPATH\Controllers\MagasinierController.php(103): view('magasinier/produits', [...])
10 SYSTEMPATH\CodeIgniter.php(951): App\Controllers\MagasinierController->produits()
11 SYSTEMPATH\CodeIgniter.php(497): CodeIgniter\CodeIgniter->runController(Object(App\Controllers\MagasinierController))
12 SYSTEMPATH\CodeIgniter.php(340): CodeIgniter\CodeIgniter->handleRequest(null, Object(Config\Cache), false)
13 SYSTEMPATH\Boot.php(417): CodeIgniter\CodeIgniter->run()
14 SYSTEMPATH\Boot.php(68): CodeIgniter\Boot::runCodeIgniter(Object(CodeIgniter\CodeIgniter))
15 FCPATH\index.php(59): CodeIgniter\Boot::bootWeb(Object(Config\Paths))
16 SYSTEMPATH\rewrite.php(44): require_once('C:\\Users\\HOLDFISO\\Documents\\GitHub\\ecopanier-S4-Mme-Baovola\\public\\index.php')
DEBUG - 2026-07-13 08:36:04 --> Session: Class initialized using 'CodeIgniter\Session\Handlers\FileHandler' driver.
DEBUG - 2026-07-13 08:36:07 --> Session: Class initialized using 'CodeIgniter\Session\Handlers\FileHandler' driver.
DEBUG - 2026-07-13 08:36:08 --> Session: Class initialized using 'CodeIgniter\Session\Handlers\FileHandler' driver.
DEBUG - 2026-07-13 08:45:39 --> Session: Class initialized using 'CodeIgniter\Session\Handlers\FileHandler' driver.
DEBUG - 2026-07-13 08:45:41 --> Session: Class initialized using 'CodeIgniter\Session\Handlers\FileHandler' driver.
DEBUG - 2026-07-13 08:45:42 --> Session: Class initialized using 'CodeIgniter\Session\Handlers\FileHandler' driver.
DEBUG - 2026-07-13 08:45:43 --> Session: Class initialized using 'CodeIgniter\Session\Handlers\FileHandler' driver.
DEBUG - 2026-07-13 08:45:55 --> Session: Class initialized using 'CodeIgniter\Session\Handlers\FileHandler' driver.
DEBUG - 2026-07-13 08:45:55 --> Session: Class initialized using 'CodeIgniter\Session\Handlers\FileHandler' driver.
DEBUG - 2026-07-13 08:46:00 --> Session: Class initialized using 'CodeIgniter\Session\Handlers\FileHandler' driver.
DEBUG - 2026-07-13 09:20:59 --> Session: Class initialized using 'CodeIgniter\Session\Handlers\FileHandler' driver.
DEBUG - 2026-07-13 09:21:00 --> Session: Class initialized using 'CodeIgniter\Session\Handlers\FileHandler' driver.
DEBUG - 2026-07-13 09:22:31 --> Session: Class initialized using 'CodeIgniter\Session\Handlers\FileHandler' driver.
DEBUG - 2026-07-13 09:22:35 --> Session: Class initialized using 'CodeIgniter\Session\Handlers\FileHandler' driver.
CRITICAL - 2026-07-13 09:22:35 --> ParseError: syntax error, unexpected token "<<"
[Method: GET, Route: admin/dashboard]
in APPPATH\Controllers\AdminController.php on line 542.
 1 SYSTEMPATH\Autoloader\Autoloader.php(295): CodeIgniter\Autoloader\Autoloader->includeFile('C:\\Users\\HOLDFISO\\Documents\\GitHub\\ecopanier-S4-Mme-Baovola\\app\\Controllers\\AdminController.php')
 2 SYSTEMPATH\Autoloader\Autoloader.php(271): CodeIgniter\Autoloader\Autoloader->loadInNamespace('App\\Controllers\\AdminController')
 3 [internal function]: CodeIgniter\Autoloader\Autoloader->loadClass('App\\Controllers\\AdminController')
 4 SYSTEMPATH\Router\Router.php(792): class_exists('\\App\\Controllers\\AdminController')
 5 SYSTEMPATH\Router\Router.php(230): CodeIgniter\Router\Router->processRouteAttributes()
 6 SYSTEMPATH\CodeIgniter.php(829): CodeIgniter\Router\Router->handle('admin/dashboard')
 7 SYSTEMPATH\CodeIgniter.php(441): CodeIgniter\CodeIgniter->tryToRouteIt(Object(CodeIgniter\Router\RouteCollection))
 8 SYSTEMPATH\CodeIgniter.php(340): CodeIgniter\CodeIgniter->handleRequest(null, Object(Config\Cache), false)
 9 SYSTEMPATH\Boot.php(417): CodeIgniter\CodeIgniter->run()
10 SYSTEMPATH\Boot.php(68): CodeIgniter\Boot::runCodeIgniter(Object(CodeIgniter\CodeIgniter))
11 FCPATH\index.php(59): CodeIgniter\Boot::bootWeb(Object(Config\Paths))
12 SYSTEMPATH\rewrite.php(44): require_once('C:\\Users\\HOLDFISO\\Documents\\GitHub\\ecopanier-S4-Mme-Baovola\\public\\index.php')
DEBUG - 2026-07-13 11:37:18 --> Session: Class initialized using 'CodeIgniter\Session\Handlers\FileHandler' driver.
DEBUG - 2026-07-13 11:37:19 --> Session: Class initialized using 'CodeIgniter\Session\Handlers\FileHandler' driver.
DEBUG - 2026-07-13 11:37:35 --> Session: Class initialized using 'CodeIgniter\Session\Handlers\FileHandler' driver.
DEBUG - 2026-07-13 11:37:35 --> Session: Class initialized using 'CodeIgniter\Session\Handlers\FileHandler' driver.
DEBUG - 2026-07-13 11:37:42 --> Session: Class initialized using 'CodeIgniter\Session\Handlers\FileHandler' driver.
DEBUG - 2026-07-13 11:37:47 --> Session: Class initialized using 'CodeIgniter\Session\Handlers\FileHandler' driver.
DEBUG - 2026-07-13 11:38:05 --> Session: Class initialized using 'CodeIgniter\Session\Handlers\FileHandler' driver.
DEBUG - 2026-07-13 11:38:06 --> Session: Class initialized using 'CodeIgniter\Session\Handlers\FileHandler' driver.
DEBUG - 2026-07-13 11:38:15 --> Session: Class initialized using 'CodeIgniter\Session\Handlers\FileHandler' driver.
DEBUG - 2026-07-13 11:38:15 --> Session: Class initialized using 'CodeIgniter\Session\Handlers\FileHandler' driver.
DEBUG - 2026-07-13 11:38:40 --> Session: Class initialized using 'CodeIgniter\Session\Handlers\FileHandler' driver.
DEBUG - 2026-07-13 11:38:41 --> Session: Class initialized using 'CodeIgniter\Session\Handlers\FileHandler' driver.
DEBUG - 2026-07-13 11:39:22 --> Session: Class initialized using 'CodeIgniter\Session\Handlers\FileHandler' driver.
DEBUG - 2026-07-13 11:40:37 --> Session: Class initialized using 'CodeIgniter\Session\Handlers\FileHandler' driver.
DEBUG - 2026-07-13 11:40:37 --> Session: Class initialized using 'CodeIgniter\Session\Handlers\FileHandler' driver.
DEBUG - 2026-07-13 11:41:53 --> Session: Class initialized using 'CodeIgniter\Session\Handlers\FileHandler' driver.
DEBUG - 2026-07-13 11:41:54 --> Session: Class initialized using 'CodeIgniter\Session\Handlers\FileHandler' driver.
DEBUG - 2026-07-13 11:42:22 --> Session: Class initialized using 'CodeIgniter\Session\Handlers\FileHandler' driver.
DEBUG - 2026-07-13 11:42:42 --> Session: Class initialized using 'CodeIgniter\Session\Handlers\FileHandler' driver.
DEBUG - 2026-07-13 11:42:43 --> Session: Class initialized using 'CodeIgniter\Session\Handlers\FileHandler' driver.
DEBUG - 2026-07-13 11:44:49 --> Session: Class initialized using 'CodeIgniter\Session\Handlers\FileHandler' driver.
DEBUG - 2026-07-13 11:44:49 --> Session: Class initialized using 'CodeIgniter\Session\Handlers\FileHandler' driver.
DEBUG - 2026-07-13 11:45:04 --> Session: Class initialized using 'CodeIgniter\Session\Handlers\FileHandler' driver.
DEBUG - 2026-07-13 11:45:04 --> Session: Class initialized using 'CodeIgniter\Session\Handlers\FileHandler' driver.
DEBUG - 2026-07-13 11:45:54 --> Session: Class initialized using 'CodeIgniter\Session\Handlers\FileHandler' driver.
DEBUG - 2026-07-13 11:45:54 --> Session: Class initialized using 'CodeIgniter\Session\Handlers\FileHandler' driver.
DEBUG - 2026-07-13 11:46:08 --> Session: Class initialized using 'CodeIgniter\Session\Handlers\FileHandler' driver.
DEBUG - 2026-07-13 11:46:09 --> Session: Class initialized using 'CodeIgniter\Session\Handlers\FileHandler' driver.
DEBUG - 2026-07-13 11:46:15 --> Session: Class initialized using 'CodeIgniter\Session\Handlers\FileHandler' driver.
DEBUG - 2026-07-13 11:46:15 --> Session: Class initialized using 'CodeIgniter\Session\Handlers\FileHandler' driver.
DEBUG - 2026-07-13 11:46:29 --> Session: Class initialized using 'CodeIgniter\Session\Handlers\FileHandler' driver.
DEBUG - 2026-07-13 11:47:20 --> Session: Class initialized using 'CodeIgniter\Session\Handlers\FileHandler' driver.
DEBUG - 2026-07-13 11:47:20 --> Session: Class initialized using 'CodeIgniter\Session\Handlers\FileHandler' driver.
DEBUG - 2026-07-13 11:47:25 --> Session: Class initialized using 'CodeIgniter\Session\Handlers\FileHandler' driver.
DEBUG - 2026-07-13 11:47:34 --> Session: Class initialized using 'CodeIgniter\Session\Handlers\FileHandler' driver.
DEBUG - 2026-07-13 11:47:35 --> Session: Class initialized using 'CodeIgniter\Session\Handlers\FileHandler' driver.
DEBUG - 2026-07-13 11:47:41 --> Session: Class initialized using 'CodeIgniter\Session\Handlers\FileHandler' driver.
DEBUG - 2026-07-13 11:47:57 --> Session: Class initialized using 'CodeIgniter\Session\Handlers\FileHandler' driver.
DEBUG - 2026-07-13 11:47:57 --> Session: Class initialized using 'CodeIgniter\Session\Handlers\FileHandler' driver.
DEBUG - 2026-07-13 11:48:12 --> Session: Class initialized using 'CodeIgniter\Session\Handlers\FileHandler' driver.
DEBUG - 2026-07-13 11:48:12 --> Session: Class initialized using 'CodeIgniter\Session\Handlers\FileHandler' driver.
DEBUG - 2026-07-13 11:48:24 --> Session: Class initialized using 'CodeIgniter\Session\Handlers\FileHandler' driver.
DEBUG - 2026-07-13 11:48:24 --> Session: Class initialized using 'CodeIgniter\Session\Handlers\FileHandler' driver.
DEBUG - 2026-07-13 11:48:38 --> Session: Class initialized using 'CodeIgniter\Session\Handlers\FileHandler' driver.
DEBUG - 2026-07-13 11:48:39 --> Session: Class initialized using 'CodeIgniter\Session\Handlers\FileHandler' driver.
DEBUG - 2026-07-13 11:48:47 --> Session: Class initialized using 'CodeIgniter\Session\Handlers\FileHandler' driver.
DEBUG - 2026-07-13 11:48:48 --> Session: Class initialized using 'CodeIgniter\Session\Handlers\FileHandler' driver.
DEBUG - 2026-07-13 11:49:33 --> Session: Class initialized using 'CodeIgniter\Session\Handlers\FileHandler' driver.
DEBUG - 2026-07-13 11:50:16 --> Session: Class initialized using 'CodeIgniter\Session\Handlers\FileHandler' driver.
DEBUG - 2026-07-13 11:50:25 --> Session: Class initialized using 'CodeIgniter\Session\Handlers\FileHandler' driver.
DEBUG - 2026-07-13 11:50:25 --> Session: Class initialized using 'CodeIgniter\Session\Handlers\FileHandler' driver.
DEBUG - 2026-07-13 11:50:32 --> Session: Class initialized using 'CodeIgniter\Session\Handlers\FileHandler' driver.
DEBUG - 2026-07-13 11:50:38 --> Session: Class initialized using 'CodeIgniter\Session\Handlers\FileHandler' driver.
DEBUG - 2026-07-13 11:50:43 --> Session: Class initialized using 'CodeIgniter\Session\Handlers\FileHandler' driver.
WARNING - 2026-07-13 11:50:43 --> [DEPRECATED] strtotime(): Passing null to parameter #1 ($datetime) of type string is deprecated in APPPATH\Views\magasinier\categories_content.php on line 120.
 1 APPPATH\Views\magasinier\categories_content.php(120): strtotime(null)
 2 SYSTEMPATH\View\View.php(240): include('C:\\Users\\HOLDFISO\\Documents\\GitHub\\ecopanier-S4-Mme-Baovola\\app\\Views\\magasinier\\categories_content.php')
 3 SYSTEMPATH\View\View.php(243): CodeIgniter\View\View->CodeIgniter\View\{closure}()
 4 SYSTEMPATH\Common.php(1250): CodeIgniter\View\View->render('magasinier/categories_content', [], true)
 5 APPPATH\Views\admin\categories.php(21): view('magasinier/categories_content')
 6 SYSTEMPATH\View\View.php(240): include('C:\\Users\\HOLDFISO\\Documents\\GitHub\\ecopanier-S4-Mme-Baovola\\app\\Views\\admin\\categories.php')
 7 SYSTEMPATH\View\View.php(243): CodeIgniter\View\View->CodeIgniter\View\{closure}()
 8 SYSTEMPATH\Common.php(1250): CodeIgniter\View\View->render('admin/categories', [], true)
 9 APPPATH\Controllers\AdminController.php(343): view('admin/categories', [...])
10 SYSTEMPATH\CodeIgniter.php(951): App\Controllers\AdminController->categories()
11 SYSTEMPATH\CodeIgniter.php(497): CodeIgniter\CodeIgniter->runController(Object(App\Controllers\AdminController))
12 SYSTEMPATH\CodeIgniter.php(340): CodeIgniter\CodeIgniter->handleRequest(null, Object(Config\Cache), false)
13 SYSTEMPATH\Boot.php(417): CodeIgniter\CodeIgniter->run()
14 SYSTEMPATH\Boot.php(68): CodeIgniter\Boot::runCodeIgniter(Object(CodeIgniter\CodeIgniter))
15 FCPATH\index.php(59): CodeIgniter\Boot::bootWeb(Object(Config\Paths))
16 SYSTEMPATH\rewrite.php(44): require_once('C:\\Users\\HOLDFISO\\Documents\\GitHub\\ecopanier-S4-Mme-Baovola\\public\\index.php')
WARNING - 2026-07-13 11:50:43 --> [DEPRECATED] strtotime(): Passing null to parameter #1 ($datetime) of type string is deprecated in APPPATH\Views\magasinier\categories_content.php on line 120.
 1 APPPATH\Views\magasinier\categories_content.php(120): strtotime(null)
 2 SYSTEMPATH\View\View.php(240): include('C:\\Users\\HOLDFISO\\Documents\\GitHub\\ecopanier-S4-Mme-Baovola\\app\\Views\\magasinier\\categories_content.php')
 3 SYSTEMPATH\View\View.php(243): CodeIgniter\View\View->CodeIgniter\View\{closure}()
 4 SYSTEMPATH\Common.php(1250): CodeIgniter\View\View->render('magasinier/categories_content', [], true)
 5 APPPATH\Views\admin\categories.php(21): view('magasinier/categories_content')
 6 SYSTEMPATH\View\View.php(240): include('C:\\Users\\HOLDFISO\\Documents\\GitHub\\ecopanier-S4-Mme-Baovola\\app\\Views\\admin\\categories.php')
 7 SYSTEMPATH\View\View.php(243): CodeIgniter\View\View->CodeIgniter\View\{closure}()
 8 SYSTEMPATH\Common.php(1250): CodeIgniter\View\View->render('admin/categories', [], true)
 9 APPPATH\Controllers\AdminController.php(343): view('admin/categories', [...])
10 SYSTEMPATH\CodeIgniter.php(951): App\Controllers\AdminController->categories()
11 SYSTEMPATH\CodeIgniter.php(497): CodeIgniter\CodeIgniter->runController(Object(App\Controllers\AdminController))
12 SYSTEMPATH\CodeIgniter.php(340): CodeIgniter\CodeIgniter->handleRequest(null, Object(Config\Cache), false)
13 SYSTEMPATH\Boot.php(417): CodeIgniter\CodeIgniter->run()
14 SYSTEMPATH\Boot.php(68): CodeIgniter\Boot::runCodeIgniter(Object(CodeIgniter\CodeIgniter))
15 FCPATH\index.php(59): CodeIgniter\Boot::bootWeb(Object(Config\Paths))
16 SYSTEMPATH\rewrite.php(44): require_once('C:\\Users\\HOLDFISO\\Documents\\GitHub\\ecopanier-S4-Mme-Baovola\\public\\index.php')
WARNING - 2026-07-13 11:50:43 --> [DEPRECATED] strtotime(): Passing null to parameter #1 ($datetime) of type string is deprecated in APPPATH\Views\magasinier\categories_content.php on line 120.
 1 APPPATH\Views\magasinier\categories_content.php(120): strtotime(null)
 2 SYSTEMPATH\View\View.php(240): include('C:\\Users\\HOLDFISO\\Documents\\GitHub\\ecopanier-S4-Mme-Baovola\\app\\Views\\magasinier\\categories_content.php')
 3 SYSTEMPATH\View\View.php(243): CodeIgniter\View\View->CodeIgniter\View\{closure}()
 4 SYSTEMPATH\Common.php(1250): CodeIgniter\View\View->render('magasinier/categories_content', [], true)
 5 APPPATH\Views\admin\categories.php(21): view('magasinier/categories_content')
 6 SYSTEMPATH\View\View.php(240): include('C:\\Users\\HOLDFISO\\Documents\\GitHub\\ecopanier-S4-Mme-Baovola\\app\\Views\\admin\\categories.php')
 7 SYSTEMPATH\View\View.php(243): CodeIgniter\View\View->CodeIgniter\View\{closure}()
 8 SYSTEMPATH\Common.php(1250): CodeIgniter\View\View->render('admin/categories', [], true)
 9 APPPATH\Controllers\AdminController.php(343): view('admin/categories', [...])
10 SYSTEMPATH\CodeIgniter.php(951): App\Controllers\AdminController->categories()
11 SYSTEMPATH\CodeIgniter.php(497): CodeIgniter\CodeIgniter->runController(Object(App\Controllers\AdminController))
12 SYSTEMPATH\CodeIgniter.php(340): CodeIgniter\CodeIgniter->handleRequest(null, Object(Config\Cache), false)
13 SYSTEMPATH\Boot.php(417): CodeIgniter\CodeIgniter->run()
14 SYSTEMPATH\Boot.php(68): CodeIgniter\Boot::runCodeIgniter(Object(CodeIgniter\CodeIgniter))
15 FCPATH\index.php(59): CodeIgniter\Boot::bootWeb(Object(Config\Paths))
16 SYSTEMPATH\rewrite.php(44): require_once('C:\\Users\\HOLDFISO\\Documents\\GitHub\\ecopanier-S4-Mme-Baovola\\public\\index.php')
WARNING - 2026-07-13 11:50:43 --> [DEPRECATED] strtotime(): Passing null to parameter #1 ($datetime) of type string is deprecated in APPPATH\Views\magasinier\categories_content.php on line 120.
 1 APPPATH\Views\magasinier\categories_content.php(120): strtotime(null)
 2 SYSTEMPATH\View\View.php(240): include('C:\\Users\\HOLDFISO\\Documents\\GitHub\\ecopanier-S4-Mme-Baovola\\app\\Views\\magasinier\\categories_content.php')
 3 SYSTEMPATH\View\View.php(243): CodeIgniter\View\View->CodeIgniter\View\{closure}()
 4 SYSTEMPATH\Common.php(1250): CodeIgniter\View\View->render('magasinier/categories_content', [], true)
 5 APPPATH\Views\admin\categories.php(21): view('magasinier/categories_content')
 6 SYSTEMPATH\View\View.php(240): include('C:\\Users\\HOLDFISO\\Documents\\GitHub\\ecopanier-S4-Mme-Baovola\\app\\Views\\admin\\categories.php')
 7 SYSTEMPATH\View\View.php(243): CodeIgniter\View\View->CodeIgniter\View\{closure}()
 8 SYSTEMPATH\Common.php(1250): CodeIgniter\View\View->render('admin/categories', [], true)
 9 APPPATH\Controllers\AdminController.php(343): view('admin/categories', [...])
10 SYSTEMPATH\CodeIgniter.php(951): App\Controllers\AdminController->categories()
11 SYSTEMPATH\CodeIgniter.php(497): CodeIgniter\CodeIgniter->runController(Object(App\Controllers\AdminController))
12 SYSTEMPATH\CodeIgniter.php(340): CodeIgniter\CodeIgniter->handleRequest(null, Object(Config\Cache), false)
13 SYSTEMPATH\Boot.php(417): CodeIgniter\CodeIgniter->run()
14 SYSTEMPATH\Boot.php(68): CodeIgniter\Boot::runCodeIgniter(Object(CodeIgniter\CodeIgniter))
15 FCPATH\index.php(59): CodeIgniter\Boot::bootWeb(Object(Config\Paths))
16 SYSTEMPATH\rewrite.php(44): require_once('C:\\Users\\HOLDFISO\\Documents\\GitHub\\ecopanier-S4-Mme-Baovola\\public\\index.php')
DEBUG - 2026-07-13 11:50:47 --> Session: Class initialized using 'CodeIgniter\Session\Handlers\FileHandler' driver.
WARNING - 2026-07-13 11:50:47 --> [DEPRECATED] strtotime(): Passing null to parameter #1 ($datetime) of type string is deprecated in APPPATH\Views\magasinier\produits_content.php on line 103.
 1 APPPATH\Views\magasinier\produits_content.php(103): strtotime(null)
 2 SYSTEMPATH\View\View.php(240): include('C:\\Users\\HOLDFISO\\Documents\\GitHub\\ecopanier-S4-Mme-Baovola\\app\\Views\\magasinier\\produits_content.php')
 3 SYSTEMPATH\View\View.php(243): CodeIgniter\View\View->CodeIgniter\View\{closure}()
 4 SYSTEMPATH\Common.php(1250): CodeIgniter\View\View->render('magasinier/produits_content', [], true)
 5 APPPATH\Views\admin\produits.php(21): view('magasinier/produits_content')
 6 SYSTEMPATH\View\View.php(240): include('C:\\Users\\HOLDFISO\\Documents\\GitHub\\ecopanier-S4-Mme-Baovola\\app\\Views\\admin\\produits.php')
 7 SYSTEMPATH\View\View.php(243): CodeIgniter\View\View->CodeIgniter\View\{closure}()
 8 SYSTEMPATH\Common.php(1250): CodeIgniter\View\View->render('admin/produits', [], true)
 9 APPPATH\Controllers\AdminController.php(375): view('admin/produits', [...])
10 SYSTEMPATH\CodeIgniter.php(951): App\Controllers\AdminController->produits()
11 SYSTEMPATH\CodeIgniter.php(497): CodeIgniter\CodeIgniter->runController(Object(App\Controllers\AdminController))
12 SYSTEMPATH\CodeIgniter.php(340): CodeIgniter\CodeIgniter->handleRequest(null, Object(Config\Cache), false)
13 SYSTEMPATH\Boot.php(417): CodeIgniter\CodeIgniter->run()
14 SYSTEMPATH\Boot.php(68): CodeIgniter\Boot::runCodeIgniter(Object(CodeIgniter\CodeIgniter))
15 FCPATH\index.php(59): CodeIgniter\Boot::bootWeb(Object(Config\Paths))
16 SYSTEMPATH\rewrite.php(44): require_once('C:\\Users\\HOLDFISO\\Documents\\GitHub\\ecopanier-S4-Mme-Baovola\\public\\index.php')
WARNING - 2026-07-13 11:50:47 --> [DEPRECATED] strtotime(): Passing null to parameter #1 ($datetime) of type string is deprecated in APPPATH\Views\magasinier\produits_content.php on line 103.
 1 APPPATH\Views\magasinier\produits_content.php(103): strtotime(null)
 2 SYSTEMPATH\View\View.php(240): include('C:\\Users\\HOLDFISO\\Documents\\GitHub\\ecopanier-S4-Mme-Baovola\\app\\Views\\magasinier\\produits_content.php')
 3 SYSTEMPATH\View\View.php(243): CodeIgniter\View\View->CodeIgniter\View\{closure}()
 4 SYSTEMPATH\Common.php(1250): CodeIgniter\View\View->render('magasinier/produits_content', [], true)
 5 APPPATH\Views\admin\produits.php(21): view('magasinier/produits_content')
 6 SYSTEMPATH\View\View.php(240): include('C:\\Users\\HOLDFISO\\Documents\\GitHub\\ecopanier-S4-Mme-Baovola\\app\\Views\\admin\\produits.php')
 7 SYSTEMPATH\View\View.php(243): CodeIgniter\View\View->CodeIgniter\View\{closure}()
 8 SYSTEMPATH\Common.php(1250): CodeIgniter\View\View->render('admin/produits', [], true)
 9 APPPATH\Controllers\AdminController.php(375): view('admin/produits', [...])
10 SYSTEMPATH\CodeIgniter.php(951): App\Controllers\AdminController->produits()
11 SYSTEMPATH\CodeIgniter.php(497): CodeIgniter\CodeIgniter->runController(Object(App\Controllers\AdminController))
12 SYSTEMPATH\CodeIgniter.php(340): CodeIgniter\CodeIgniter->handleRequest(null, Object(Config\Cache), false)
13 SYSTEMPATH\Boot.php(417): CodeIgniter\CodeIgniter->run()
14 SYSTEMPATH\Boot.php(68): CodeIgniter\Boot::runCodeIgniter(Object(CodeIgniter\CodeIgniter))
15 FCPATH\index.php(59): CodeIgniter\Boot::bootWeb(Object(Config\Paths))
16 SYSTEMPATH\rewrite.php(44): require_once('C:\\Users\\HOLDFISO\\Documents\\GitHub\\ecopanier-S4-Mme-Baovola\\public\\index.php')
WARNING - 2026-07-13 11:50:47 --> [DEPRECATED] strtotime(): Passing null to parameter #1 ($datetime) of type string is deprecated in APPPATH\Views\magasinier\produits_content.php on line 103.
 1 APPPATH\Views\magasinier\produits_content.php(103): strtotime(null)
 2 SYSTEMPATH\View\View.php(240): include('C:\\Users\\HOLDFISO\\Documents\\GitHub\\ecopanier-S4-Mme-Baovola\\app\\Views\\magasinier\\produits_content.php')
 3 SYSTEMPATH\View\View.php(243): CodeIgniter\View\View->CodeIgniter\View\{closure}()
 4 SYSTEMPATH\Common.php(1250): CodeIgniter\View\View->render('magasinier/produits_content', [], true)
 5 APPPATH\Views\admin\produits.php(21): view('magasinier/produits_content')
 6 SYSTEMPATH\View\View.php(240): include('C:\\Users\\HOLDFISO\\Documents\\GitHub\\ecopanier-S4-Mme-Baovola\\app\\Views\\admin\\produits.php')
 7 SYSTEMPATH\View\View.php(243): CodeIgniter\View\View->CodeIgniter\View\{closure}()
 8 SYSTEMPATH\Common.php(1250): CodeIgniter\View\View->render('admin/produits', [], true)
 9 APPPATH\Controllers\AdminController.php(375): view('admin/produits', [...])
10 SYSTEMPATH\CodeIgniter.php(951): App\Controllers\AdminController->produits()
11 SYSTEMPATH\CodeIgniter.php(497): CodeIgniter\CodeIgniter->runController(Object(App\Controllers\AdminController))
12 SYSTEMPATH\CodeIgniter.php(340): CodeIgniter\CodeIgniter->handleRequest(null, Object(Config\Cache), false)
13 SYSTEMPATH\Boot.php(417): CodeIgniter\CodeIgniter->run()
14 SYSTEMPATH\Boot.php(68): CodeIgniter\Boot::runCodeIgniter(Object(CodeIgniter\CodeIgniter))
15 FCPATH\index.php(59): CodeIgniter\Boot::bootWeb(Object(Config\Paths))
16 SYSTEMPATH\rewrite.php(44): require_once('C:\\Users\\HOLDFISO\\Documents\\GitHub\\ecopanier-S4-Mme-Baovola\\public\\index.php')
WARNING - 2026-07-13 11:50:47 --> [DEPRECATED] strtotime(): Passing null to parameter #1 ($datetime) of type string is deprecated in APPPATH\Views\magasinier\produits_content.php on line 103.
 1 APPPATH\Views\magasinier\produits_content.php(103): strtotime(null)
 2 SYSTEMPATH\View\View.php(240): include('C:\\Users\\HOLDFISO\\Documents\\GitHub\\ecopanier-S4-Mme-Baovola\\app\\Views\\magasinier\\produits_content.php')
 3 SYSTEMPATH\View\View.php(243): CodeIgniter\View\View->CodeIgniter\View\{closure}()
 4 SYSTEMPATH\Common.php(1250): CodeIgniter\View\View->render('magasinier/produits_content', [], true)
 5 APPPATH\Views\admin\produits.php(21): view('magasinier/produits_content')
 6 SYSTEMPATH\View\View.php(240): include('C:\\Users\\HOLDFISO\\Documents\\GitHub\\ecopanier-S4-Mme-Baovola\\app\\Views\\admin\\produits.php')
 7 SYSTEMPATH\View\View.php(243): CodeIgniter\View\View->CodeIgniter\View\{closure}()
 8 SYSTEMPATH\Common.php(1250): CodeIgniter\View\View->render('admin/produits', [], true)
 9 APPPATH\Controllers\AdminController.php(375): view('admin/produits', [...])
10 SYSTEMPATH\CodeIgniter.php(951): App\Controllers\AdminController->produits()
11 SYSTEMPATH\CodeIgniter.php(497): CodeIgniter\CodeIgniter->runController(Object(App\Controllers\AdminController))
12 SYSTEMPATH\CodeIgniter.php(340): CodeIgniter\CodeIgniter->handleRequest(null, Object(Config\Cache), false)
13 SYSTEMPATH\Boot.php(417): CodeIgniter\CodeIgniter->run()
14 SYSTEMPATH\Boot.php(68): CodeIgniter\Boot::runCodeIgniter(Object(CodeIgniter\CodeIgniter))
15 FCPATH\index.php(59): CodeIgniter\Boot::bootWeb(Object(Config\Paths))
16 SYSTEMPATH\rewrite.php(44): require_once('C:\\Users\\HOLDFISO\\Documents\\GitHub\\ecopanier-S4-Mme-Baovola\\public\\index.php')
WARNING - 2026-07-13 11:50:47 --> [DEPRECATED] strtotime(): Passing null to parameter #1 ($datetime) of type string is deprecated in APPPATH\Views\magasinier\produits_content.php on line 103.
 1 APPPATH\Views\magasinier\produits_content.php(103): strtotime(null)
 2 SYSTEMPATH\View\View.php(240): include('C:\\Users\\HOLDFISO\\Documents\\GitHub\\ecopanier-S4-Mme-Baovola\\app\\Views\\magasinier\\produits_content.php')
 3 SYSTEMPATH\View\View.php(243): CodeIgniter\View\View->CodeIgniter\View\{closure}()
 4 SYSTEMPATH\Common.php(1250): CodeIgniter\View\View->render('magasinier/produits_content', [], true)
 5 APPPATH\Views\admin\produits.php(21): view('magasinier/produits_content')
 6 SYSTEMPATH\View\View.php(240): include('C:\\Users\\HOLDFISO\\Documents\\GitHub\\ecopanier-S4-Mme-Baovola\\app\\Views\\admin\\produits.php')
 7 SYSTEMPATH\View\View.php(243): CodeIgniter\View\View->CodeIgniter\View\{closure}()
 8 SYSTEMPATH\Common.php(1250): CodeIgniter\View\View->render('admin/produits', [], true)
 9 APPPATH\Controllers\AdminController.php(375): view('admin/produits', [...])
10 SYSTEMPATH\CodeIgniter.php(951): App\Controllers\AdminController->produits()
11 SYSTEMPATH\CodeIgniter.php(497): CodeIgniter\CodeIgniter->runController(Object(App\Controllers\AdminController))
12 SYSTEMPATH\CodeIgniter.php(340): CodeIgniter\CodeIgniter->handleRequest(null, Object(Config\Cache), false)
13 SYSTEMPATH\Boot.php(417): CodeIgniter\CodeIgniter->run()
14 SYSTEMPATH\Boot.php(68): CodeIgniter\Boot::runCodeIgniter(Object(CodeIgniter\CodeIgniter))
15 FCPATH\index.php(59): CodeIgniter\Boot::bootWeb(Object(Config\Paths))
16 SYSTEMPATH\rewrite.php(44): require_once('C:\\Users\\HOLDFISO\\Documents\\GitHub\\ecopanier-S4-Mme-Baovola\\public\\index.php')
WARNING - 2026-07-13 11:50:47 --> [DEPRECATED] strtotime(): Passing null to parameter #1 ($datetime) of type string is deprecated in APPPATH\Views\magasinier\produits_content.php on line 103.
 1 APPPATH\Views\magasinier\produits_content.php(103): strtotime(null)
 2 SYSTEMPATH\View\View.php(240): include('C:\\Users\\HOLDFISO\\Documents\\GitHub\\ecopanier-S4-Mme-Baovola\\app\\Views\\magasinier\\produits_content.php')
 3 SYSTEMPATH\View\View.php(243): CodeIgniter\View\View->CodeIgniter\View\{closure}()
 4 SYSTEMPATH\Common.php(1250): CodeIgniter\View\View->render('magasinier/produits_content', [], true)
 5 APPPATH\Views\admin\produits.php(21): view('magasinier/produits_content')
 6 SYSTEMPATH\View\View.php(240): include('C:\\Users\\HOLDFISO\\Documents\\GitHub\\ecopanier-S4-Mme-Baovola\\app\\Views\\admin\\produits.php')
 7 SYSTEMPATH\View\View.php(243): CodeIgniter\View\View->CodeIgniter\View\{closure}()
 8 SYSTEMPATH\Common.php(1250): CodeIgniter\View\View->render('admin/produits', [], true)
 9 APPPATH\Controllers\AdminController.php(375): view('admin/produits', [...])
10 SYSTEMPATH\CodeIgniter.php(951): App\Controllers\AdminController->produits()
11 SYSTEMPATH\CodeIgniter.php(497): CodeIgniter\CodeIgniter->runController(Object(App\Controllers\AdminController))
12 SYSTEMPATH\CodeIgniter.php(340): CodeIgniter\CodeIgniter->handleRequest(null, Object(Config\Cache), false)
13 SYSTEMPATH\Boot.php(417): CodeIgniter\CodeIgniter->run()
14 SYSTEMPATH\Boot.php(68): CodeIgniter\Boot::runCodeIgniter(Object(CodeIgniter\CodeIgniter))
15 FCPATH\index.php(59): CodeIgniter\Boot::bootWeb(Object(Config\Paths))
16 SYSTEMPATH\rewrite.php(44): require_once('C:\\Users\\HOLDFISO\\Documents\\GitHub\\ecopanier-S4-Mme-Baovola\\public\\index.php')
WARNING - 2026-07-13 11:50:47 --> [DEPRECATED] strtotime(): Passing null to parameter #1 ($datetime) of type string is deprecated in APPPATH\Views\magasinier\produits_content.php on line 103.
 1 APPPATH\Views\magasinier\produits_content.php(103): strtotime(null)
 2 SYSTEMPATH\View\View.php(240): include('C:\\Users\\HOLDFISO\\Documents\\GitHub\\ecopanier-S4-Mme-Baovola\\app\\Views\\magasinier\\produits_content.php')
 3 SYSTEMPATH\View\View.php(243): CodeIgniter\View\View->CodeIgniter\View\{closure}()
 4 SYSTEMPATH\Common.php(1250): CodeIgniter\View\View->render('magasinier/produits_content', [], true)
 5 APPPATH\Views\admin\produits.php(21): view('magasinier/produits_content')
 6 SYSTEMPATH\View\View.php(240): include('C:\\Users\\HOLDFISO\\Documents\\GitHub\\ecopanier-S4-Mme-Baovola\\app\\Views\\admin\\produits.php')
 7 SYSTEMPATH\View\View.php(243): CodeIgniter\View\View->CodeIgniter\View\{closure}()
 8 SYSTEMPATH\Common.php(1250): CodeIgniter\View\View->render('admin/produits', [], true)
 9 APPPATH\Controllers\AdminController.php(375): view('admin/produits', [...])
10 SYSTEMPATH\CodeIgniter.php(951): App\Controllers\AdminController->produits()
11 SYSTEMPATH\CodeIgniter.php(497): CodeIgniter\CodeIgniter->runController(Object(App\Controllers\AdminController))
12 SYSTEMPATH\CodeIgniter.php(340): CodeIgniter\CodeIgniter->handleRequest(null, Object(Config\Cache), false)
13 SYSTEMPATH\Boot.php(417): CodeIgniter\CodeIgniter->run()
14 SYSTEMPATH\Boot.php(68): CodeIgniter\Boot::runCodeIgniter(Object(CodeIgniter\CodeIgniter))
15 FCPATH\index.php(59): CodeIgniter\Boot::bootWeb(Object(Config\Paths))
16 SYSTEMPATH\rewrite.php(44): require_once('C:\\Users\\HOLDFISO\\Documents\\GitHub\\ecopanier-S4-Mme-Baovola\\public\\index.php')
WARNING - 2026-07-13 11:50:47 --> [DEPRECATED] strtotime(): Passing null to parameter #1 ($datetime) of type string is deprecated in APPPATH\Views\magasinier\produits_content.php on line 103.
 1 APPPATH\Views\magasinier\produits_content.php(103): strtotime(null)
 2 SYSTEMPATH\View\View.php(240): include('C:\\Users\\HOLDFISO\\Documents\\GitHub\\ecopanier-S4-Mme-Baovola\\app\\Views\\magasinier\\produits_content.php')
 3 SYSTEMPATH\View\View.php(243): CodeIgniter\View\View->CodeIgniter\View\{closure}()
 4 SYSTEMPATH\Common.php(1250): CodeIgniter\View\View->render('magasinier/produits_content', [], true)
 5 APPPATH\Views\admin\produits.php(21): view('magasinier/produits_content')
 6 SYSTEMPATH\View\View.php(240): include('C:\\Users\\HOLDFISO\\Documents\\GitHub\\ecopanier-S4-Mme-Baovola\\app\\Views\\admin\\produits.php')
 7 SYSTEMPATH\View\View.php(243): CodeIgniter\View\View->CodeIgniter\View\{closure}()
 8 SYSTEMPATH\Common.php(1250): CodeIgniter\View\View->render('admin/produits', [], true)
 9 APPPATH\Controllers\AdminController.php(375): view('admin/produits', [...])
10 SYSTEMPATH\CodeIgniter.php(951): App\Controllers\AdminController->produits()
11 SYSTEMPATH\CodeIgniter.php(497): CodeIgniter\CodeIgniter->runController(Object(App\Controllers\AdminController))
12 SYSTEMPATH\CodeIgniter.php(340): CodeIgniter\CodeIgniter->handleRequest(null, Object(Config\Cache), false)
13 SYSTEMPATH\Boot.php(417): CodeIgniter\CodeIgniter->run()
14 SYSTEMPATH\Boot.php(68): CodeIgniter\Boot::runCodeIgniter(Object(CodeIgniter\CodeIgniter))
15 FCPATH\index.php(59): CodeIgniter\Boot::bootWeb(Object(Config\Paths))
16 SYSTEMPATH\rewrite.php(44): require_once('C:\\Users\\HOLDFISO\\Documents\\GitHub\\ecopanier-S4-Mme-Baovola\\public\\index.php')
DEBUG - 2026-07-13 11:50:51 --> Session: Class initialized using 'CodeIgniter\Session\Handlers\FileHandler' driver.
DEBUG - 2026-07-13 11:51:15 --> Session: Class initialized using 'CodeIgniter\Session\Handlers\FileHandler' driver.
DEBUG - 2026-07-13 11:51:24 --> Session: Class initialized using 'CodeIgniter\Session\Handlers\FileHandler' driver.
DEBUG - 2026-07-13 11:51:37 --> Session: Class initialized using 'CodeIgniter\Session\Handlers\FileHandler' driver.
DEBUG - 2026-07-13 11:51:38 --> Session: Class initialized using 'CodeIgniter\Session\Handlers\FileHandler' driver.
DEBUG - 2026-07-13 11:51:49 --> Session: Class initialized using 'CodeIgniter\Session\Handlers\FileHandler' driver.
DEBUG - 2026-07-13 11:55:37 --> Session: Class initialized using 'CodeIgniter\Session\Handlers\FileHandler' driver.
DEBUG - 2026-07-13 11:55:38 --> Session: Class initialized using 'CodeIgniter\Session\Handlers\FileHandler' driver.
DEBUG - 2026-07-13 11:55:58 --> Session: Class initialized using 'CodeIgniter\Session\Handlers\FileHandler' driver.
DEBUG - 2026-07-13 11:55:59 --> Session: Class initialized using 'CodeIgniter\Session\Handlers\FileHandler' driver.
DEBUG - 2026-07-13 11:56:07 --> Session: Class initialized using 'CodeIgniter\Session\Handlers\FileHandler' driver.
DEBUG - 2026-07-13 11:56:07 --> Session: Class initialized using 'CodeIgniter\Session\Handlers\FileHandler' driver.
DEBUG - 2026-07-13 11:56:12 --> Session: Class initialized using 'CodeIgniter\Session\Handlers\FileHandler' driver.
DEBUG - 2026-07-13 11:56:17 --> Session: Class initialized using 'CodeIgniter\Session\Handlers\FileHandler' driver.
DEBUG - 2026-07-13 11:56:26 --> Session: Class initialized using 'CodeIgniter\Session\Handlers\FileHandler' driver.
DEBUG - 2026-07-13 11:56:26 --> Session: Class initialized using 'CodeIgniter\Session\Handlers\FileHandler' driver.
DEBUG - 2026-07-13 11:56:35 --> Session: Class initialized using 'CodeIgniter\Session\Handlers\FileHandler' driver.
DEBUG - 2026-07-13 11:56:40 --> Session: Class initialized using 'CodeIgniter\Session\Handlers\FileHandler' driver.
DEBUG - 2026-07-13 11:56:40 --> Session: Class initialized using 'CodeIgniter\Session\Handlers\FileHandler' driver.
DEBUG - 2026-07-13 11:56:44 --> Session: Class initialized using 'CodeIgniter\Session\Handlers\FileHandler' driver.
DEBUG - 2026-07-13 11:56:47 --> Session: Class initialized using 'CodeIgniter\Session\Handlers\FileHandler' driver.
DEBUG - 2026-07-13 11:56:52 --> Session: Class initialized using 'CodeIgniter\Session\Handlers\FileHandler' driver.
DEBUG - 2026-07-13 11:58:06 --> Session: Class initialized using 'CodeIgniter\Session\Handlers\FileHandler' driver.
DEBUG - 2026-07-13 11:58:06 --> Session: Class initialized using 'CodeIgniter\Session\Handlers\FileHandler' driver.
DEBUG - 2026-07-13 11:58:28 --> Session: Class initialized using 'CodeIgniter\Session\Handlers\FileHandler' driver.
DEBUG - 2026-07-13 11:58:29 --> Session: Class initialized using 'CodeIgniter\Session\Handlers\FileHandler' driver.
DEBUG - 2026-07-13 11:58:37 --> Session: Class initialized using 'CodeIgniter\Session\Handlers\FileHandler' driver.
DEBUG - 2026-07-13 11:58:37 --> Session: Class initialized using 'CodeIgniter\Session\Handlers\FileHandler' driver.
DEBUG - 2026-07-13 11:58:45 --> Session: Class initialized using 'CodeIgniter\Session\Handlers\FileHandler' driver.
DEBUG - 2026-07-13 11:59:00 --> Session: Class initialized using 'CodeIgniter\Session\Handlers\FileHandler' driver.
DEBUG - 2026-07-13 11:59:16 --> Session: Class initialized using 'CodeIgniter\Session\Handlers\FileHandler' driver.
DEBUG - 2026-07-13 11:59:25 --> Session: Class initialized using 'CodeIgniter\Session\Handlers\FileHandler' driver.
DEBUG - 2026-07-13 11:59:38 --> Session: Class initialized using 'CodeIgniter\Session\Handlers\FileHandler' driver.
DEBUG - 2026-07-13 11:59:55 --> Session: Class initialized using 'CodeIgniter\Session\Handlers\FileHandler' driver.
DEBUG - 2026-07-13 12:00:02 --> Session: Class initialized using 'CodeIgniter\Session\Handlers\FileHandler' driver.
DEBUG - 2026-07-13 12:00:02 --> Session: Class initialized using 'CodeIgniter\Session\Handlers\FileHandler' driver.
DEBUG - 2026-07-13 12:00:22 --> Session: Class initialized using 'CodeIgniter\Session\Handlers\FileHandler' driver.
DEBUG - 2026-07-13 12:00:30 --> Session: Class initialized using 'CodeIgniter\Session\Handlers\FileHandler' driver.
DEBUG - 2026-07-13 12:00:31 --> Session: Class initialized using 'CodeIgniter\Session\Handlers\FileHandler' driver.
DEBUG - 2026-07-13 12:00:47 --> Session: Class initialized using 'CodeIgniter\Session\Handlers\FileHandler' driver.
DEBUG - 2026-07-13 12:00:48 --> Session: Class initialized using 'CodeIgniter\Session\Handlers\FileHandler' driver.
DEBUG - 2026-07-13 12:00:51 --> Session: Class initialized using 'CodeIgniter\Session\Handlers\FileHandler' driver.
DEBUG - 2026-07-13 12:00:55 --> Session: Class initialized using 'CodeIgniter\Session\Handlers\FileHandler' driver.
DEBUG - 2026-07-13 12:00:58 --> Session: Class initialized using 'CodeIgniter\Session\Handlers\FileHandler' driver.
DEBUG - 2026-07-13 12:01:50 --> Session: Class initialized using 'CodeIgniter\Session\Handlers\FileHandler' driver.
DEBUG - 2026-07-13 12:02:14 --> Session: Class initialized using 'CodeIgniter\Session\Handlers\FileHandler' driver.
DEBUG - 2026-07-13 12:03:49 --> Session: Class initialized using 'CodeIgniter\Session\Handlers\FileHandler' driver.
DEBUG - 2026-07-13 12:04:10 --> Session: Class initialized using 'CodeIgniter\Session\Handlers\FileHandler' driver.
DEBUG - 2026-07-13 12:04:12 --> Session: Class initialized using 'CodeIgniter\Session\Handlers\FileHandler' driver.
DEBUG - 2026-07-13 12:04:16 --> Session: Class initialized using 'CodeIgniter\Session\Handlers\FileHandler' driver.
DEBUG - 2026-07-13 12:04:17 --> Session: Class initialized using 'CodeIgniter\Session\Handlers\FileHandler' driver.
DEBUG - 2026-07-13 12:04:50 --> Session: Class initialized using 'CodeIgniter\Session\Handlers\FileHandler' driver.
DEBUG - 2026-07-13 12:04:50 --> Session: Class initialized using 'CodeIgniter\Session\Handlers\FileHandler' driver.
DEBUG - 2026-07-13 12:05:09 --> Session: Class initialized using 'CodeIgniter\Session\Handlers\FileHandler' driver.
DEBUG - 2026-07-13 12:05:10 --> Session: Class initialized using 'CodeIgniter\Session\Handlers\FileHandler' driver.
DEBUG - 2026-07-13 12:05:16 --> Session: Class initialized using 'CodeIgniter\Session\Handlers\FileHandler' driver.
DEBUG - 2026-07-13 12:05:40 --> Session: Class initialized using 'CodeIgniter\Session\Handlers\FileHandler' driver.
DEBUG - 2026-07-13 12:06:21 --> Session: Class initialized using 'CodeIgniter\Session\Handlers\FileHandler' driver.
DEBUG - 2026-07-13 12:06:22 --> Session: Class initialized using 'CodeIgniter\Session\Handlers\FileHandler' driver.
DEBUG - 2026-07-13 12:06:39 --> Session: Class initialized using 'CodeIgniter\Session\Handlers\FileHandler' driver.
DEBUG - 2026-07-13 12:06:40 --> Session: Class initialized using 'CodeIgniter\Session\Handlers\FileHandler' driver.
DEBUG - 2026-07-13 12:06:47 --> Session: Class initialized using 'CodeIgniter\Session\Handlers\FileHandler' driver.
DEBUG - 2026-07-13 12:07:07 --> Session: Class initialized using 'CodeIgniter\Session\Handlers\FileHandler' driver.
DEBUG - 2026-07-13 12:07:07 --> Session: Class initialized using 'CodeIgniter\Session\Handlers\FileHandler' driver.
DEBUG - 2026-07-13 12:07:23 --> Session: Class initialized using 'CodeIgniter\Session\Handlers\FileHandler' driver.
DEBUG - 2026-07-13 12:07:23 --> Session: Class initialized using 'CodeIgniter\Session\Handlers\FileHandler' driver.
DEBUG - 2026-07-13 12:07:34 --> Session: Class initialized using 'CodeIgniter\Session\Handlers\FileHandler' driver.
DEBUG - 2026-07-13 12:08:01 --> Session: Class initialized using 'CodeIgniter\Session\Handlers\FileHandler' driver.
DEBUG - 2026-07-13 12:08:01 --> Session: Class initialized using 'CodeIgniter\Session\Handlers\FileHandler' driver.
DEBUG - 2026-07-13 12:08:14 --> Session: Class initialized using 'CodeIgniter\Session\Handlers\FileHandler' driver.
DEBUG - 2026-07-13 12:08:14 --> Session: Class initialized using 'CodeIgniter\Session\Handlers\FileHandler' driver.
DEBUG - 2026-07-13 12:08:36 --> Session: Class initialized using 'CodeIgniter\Session\Handlers\FileHandler' driver.
DEBUG - 2026-07-13 12:08:45 --> Session: Class initialized using 'CodeIgniter\Session\Handlers\FileHandler' driver.
DEBUG - 2026-07-13 12:08:51 --> Session: Class initialized using 'CodeIgniter\Session\Handlers\FileHandler' driver.
DEBUG - 2026-07-13 12:08:53 --> Session: Class initialized using 'CodeIgniter\Session\Handlers\FileHandler' driver.
DEBUG - 2026-07-13 12:08:58 --> Session: Class initialized using 'CodeIgniter\Session\Handlers\FileHandler' driver.
DEBUG - 2026-07-13 12:26:01 --> Session: Class initialized using 'CodeIgniter\Session\Handlers\FileHandler' driver.
DEBUG - 2026-07-13 12:26:24 --> Session: Class initialized using 'CodeIgniter\Session\Handlers\FileHandler' driver.
DEBUG - 2026-07-13 12:26:31 --> Session: Class initialized using 'CodeIgniter\Session\Handlers\FileHandler' driver.
DEBUG - 2026-07-13 12:26:38 --> Session: Class initialized using 'CodeIgniter\Session\Handlers\FileHandler' driver.
DEBUG - 2026-07-13 12:26:49 --> Session: Class initialized using 'CodeIgniter\Session\Handlers\FileHandler' driver.
DEBUG - 2026-07-13 12:26:51 --> Session: Class initialized using 'CodeIgniter\Session\Handlers\FileHandler' driver.
DEBUG - 2026-07-13 12:27:00 --> Session: Class initialized using 'CodeIgniter\Session\Handlers\FileHandler' driver.
DEBUG - 2026-07-13 12:27:03 --> Session: Class initialized using 'CodeIgniter\Session\Handlers\FileHandler' driver.
DEBUG - 2026-07-13 12:27:32 --> Session: Class initialized using 'CodeIgniter\Session\Handlers\FileHandler' driver.
DEBUG - 2026-07-13 12:27:32 --> Session: Class initialized using 'CodeIgniter\Session\Handlers\FileHandler' driver.
DEBUG - 2026-07-13 12:28:45 --> Session: Class initialized using 'CodeIgniter\Session\Handlers\FileHandler' driver.
DEBUG - 2026-07-13 12:28:46 --> Session: Class initialized using 'CodeIgniter\Session\Handlers\FileHandler' driver.
DEBUG - 2026-07-13 12:29:00 --> Session: Class initialized using 'CodeIgniter\Session\Handlers\FileHandler' driver.
DEBUG - 2026-07-13 12:30:21 --> Session: Class initialized using 'CodeIgniter\Session\Handlers\FileHandler' driver.
DEBUG - 2026-07-13 12:30:26 --> Session: Class initialized using 'CodeIgniter\Session\Handlers\FileHandler' driver.
DEBUG - 2026-07-13 12:30:35 --> Session: Class initialized using 'CodeIgniter\Session\Handlers\FileHandler' driver.
DEBUG - 2026-07-13 12:30:54 --> Session: Class initialized using 'CodeIgniter\Session\Handlers\FileHandler' driver.
DEBUG - 2026-07-13 12:30:54 --> Session: Class initialized using 'CodeIgniter\Session\Handlers\FileHandler' driver.
DEBUG - 2026-07-13 12:31:38 --> Session: Class initialized using 'CodeIgniter\Session\Handlers\FileHandler' driver.
DEBUG - 2026-07-13 12:31:38 --> Session: Class initialized using 'CodeIgniter\Session\Handlers\FileHandler' driver.
DEBUG - 2026-07-13 12:31:45 --> Session: Class initialized using 'CodeIgniter\Session\Handlers\FileHandler' driver.
DEBUG - 2026-07-13 12:32:03 --> Session: Class initialized using 'CodeIgniter\Session\Handlers\FileHandler' driver.
DEBUG - 2026-07-13 12:32:21 --> Session: Class initialized using 'CodeIgniter\Session\Handlers\FileHandler' driver.
DEBUG - 2026-07-13 12:32:58 --> Session: Class initialized using 'CodeIgniter\Session\Handlers\FileHandler' driver.
DEBUG - 2026-07-13 12:33:16 --> Session: Class initialized using 'CodeIgniter\Session\Handlers\FileHandler' driver.
DEBUG - 2026-07-13 12:33:22 --> Session: Class initialized using 'CodeIgniter\Session\Handlers\FileHandler' driver.
DEBUG - 2026-07-13 12:33:26 --> Session: Class initialized using 'CodeIgniter\Session\Handlers\FileHandler' driver.
DEBUG - 2026-07-13 12:33:52 --> Session: Class initialized using 'CodeIgniter\Session\Handlers\FileHandler' driver.
DEBUG - 2026-07-13 12:33:55 --> Session: Class initialized using 'CodeIgniter\Session\Handlers\FileHandler' driver.
DEBUG - 2026-07-13 12:34:21 --> Session: Class initialized using 'CodeIgniter\Session\Handlers\FileHandler' driver.
DEBUG - 2026-07-13 12:34:21 --> Session: Class initialized using 'CodeIgniter\Session\Handlers\FileHandler' driver.
DEBUG - 2026-07-13 12:34:26 --> Session: Class initialized using 'CodeIgniter\Session\Handlers\FileHandler' driver.
DEBUG - 2026-07-13 12:34:33 --> Session: Class initialized using 'CodeIgniter\Session\Handlers\FileHandler' driver.
DEBUG - 2026-07-13 12:34:38 --> Session: Class initialized using 'CodeIgniter\Session\Handlers\FileHandler' driver.
DEBUG - 2026-07-13 12:34:43 --> Session: Class initialized using 'CodeIgniter\Session\Handlers\FileHandler' driver.
DEBUG - 2026-07-13 12:34:47 --> Session: Class initialized using 'CodeIgniter\Session\Handlers\FileHandler' driver.
DEBUG - 2026-07-13 12:36:22 --> Session: Class initialized using 'CodeIgniter\Session\Handlers\FileHandler' driver.
DEBUG - 2026-07-13 12:36:53 --> Session: Class initialized using 'CodeIgniter\Session\Handlers\FileHandler' driver.
DEBUG - 2026-07-13 12:36:53 --> Session: Class initialized using 'CodeIgniter\Session\Handlers\FileHandler' driver.
DEBUG - 2026-07-13 12:36:57 --> Session: Class initialized using 'CodeIgniter\Session\Handlers\FileHandler' driver.
DEBUG - 2026-07-13 12:37:06 --> Session: Class initialized using 'CodeIgniter\Session\Handlers\FileHandler' driver.
DEBUG - 2026-07-13 12:37:14 --> Session: Class initialized using 'CodeIgniter\Session\Handlers\FileHandler' driver.
DEBUG - 2026-07-13 12:37:18 --> Session: Class initialized using 'CodeIgniter\Session\Handlers\FileHandler' driver.
DEBUG - 2026-07-13 12:37:28 --> Session: Class initialized using 'CodeIgniter\Session\Handlers\FileHandler' driver.
DEBUG - 2026-07-13 12:37:44 --> Session: Class initialized using 'CodeIgniter\Session\Handlers\FileHandler' driver.
DEBUG - 2026-07-13 12:38:06 --> Session: Class initialized using 'CodeIgniter\Session\Handlers\FileHandler' driver.
DEBUG - 2026-07-13 12:38:47 --> Session: Class initialized using 'CodeIgniter\Session\Handlers\FileHandler' driver.
DEBUG - 2026-07-13 12:38:56 --> Session: Class initialized using 'CodeIgniter\Session\Handlers\FileHandler' driver.
DEBUG - 2026-07-13 12:38:59 --> Session: Class initialized using 'CodeIgniter\Session\Handlers\FileHandler' driver.
ERROR - 2026-07-13 12:41:01 --> Cannot add or update a child row: a foreign key constraint fails (`eco_panier_s4_2026`.`detail_sortie`, CONSTRAINT `detail_sortie_id_sortie_foreign` FOREIGN KEY (`id_sortie`) REFERENCES `sortie_stock` (`id`) ON DELETE CASCADE ON UPDATE CASCADE)
in SYSTEMPATH\Database\MySQLi\Connection.php on line 300.
 1 SYSTEMPATH\Database\MySQLi\Connection.php(300): mysqli->query('INSERT INTO `detail_sortie` (`created_at`, `deleted_at`, `id_entree`, `id_sortie`, `montant`, `prix_unitaire`, `quantite_pris`, `updated_at`)
VALUES (\'2024-08-02 17:59:45\',NULL,57,100,11279.1,275.1,41,\'2024-11-08 20:52:46\'), (\'2025-03-12 17:45:51\',NULL,94,67,6860.8,857.6,8,\'2024-07-23 10:17:45\'), (\'2023-01-06 02:37:30\',NULL,14,50,9268.8,1544.8,6,\'2026-01-30 02:35:12\'), (\'2024-07-21 04:54:30\',NULL,74,68,73070.4,1873.6,39,\'2023-08-05 10:34:28\'), (\'2023-12-04 05:42:31\',NULL,85,42,76720,1918,40,\'2024-03-07 03:20:34\'), (\'2024-01-07 17:20:48\',NULL,29,87,24655.8,632.2,39,\'2024-05-10 14:12:55\'), (\'2024-11-05 11:39:50\',NULL,74,98,34000.2,1888.9,18,\'2026-04-14 08:20:57\'), (\'2025-01-23 01:55:48\',NULL,99,92,17610,1761,10,\'2025-11-08 11:47:02\'), (\'2024-03-12 13:50:33\',NULL,88,22,12156,1519.5,8,\'2025-02-12 06:35:14\'), (\'2025-07-07 19:34:51\',NULL,36,55,44866.8,1359.6,33,\'2023-02-12 01:57:37\'), (\'2025-10-18 14:33:17\',NULL,49,85,15765.8,463.7,34,\'2025-12-07 06:20:14\'), (\'2026-05-18 08:30:53\',NULL,89,28,51976.4,1367.8,38,\'2024-08-31 10:18:53\'), (\'2025-03-02 14:42:54\',NULL,59,5,3063.4,90.1,34,\'2025-09-10 09:14:11\'), (\'2024-03-22 22:02:46\',NULL,9,65,39414.9,1876.9,21,\'2026-03-11 14:38:13\'), (\'2024-10-14 02:15:08\',NULL,39,75,71552.8,1522.4,47,\'2023-09-02 09:26:32\'), (\'2024-01-20 12:17:52\',NULL,98,60,56525.7,1712.9,33,\'2025-11-23 12:59:04\'), (\'2025-01-02 02:58:50\',NULL,74,83,20136.9,468.3,43,\'2026-03-05 02:42:26\'), (\'2024-04-16 00:24:48\',NULL,13,44,39866.4,1423.8,28,\'2024-06-09 22:15:31\'), (\'2024-04-14 03:54:40\',NULL,76,5,38284,1914.2,20,\'2024-07-26 21:44:23\'), (\'2025-05-26 16:15:30\',NULL,83,68,27190.8,1045.8,26,\'2023-07-23 14:09:37\'), (\'2024-12-08 02:41:33\',NULL,91,43,59916.8,1932.8,31,\'2024-08-11 10:58:22\'), (\'2024-09-02 22:30:56\',NULL,89,57,33426,1857,18,\'2024-06-30 22:37:35\'), (\'2023-11-19 05:35:02\',NULL,72,17,4280.6,125.9,34,\'2024-02-29 07:50:20\'), (\'2025-08-18 16:50:12\',NULL,79,56,18452.7,878.7,21,\'2026-02-23 08:42:07\'), (\'2025-03-15 20:22:28\',NULL,100,66,65894.4,1830.4,36,\'2023-03-29 04:17:31\'), (\'2025-06-14 14:20:45\',NULL,71,51,525.7,75.1,7,\'2023-04-01 15:15:59\'), (\'2026-01-05 08:57:32\',NULL,57,58,18381,1838.1,10,\'2025-12-21 14:31:39\'), (\'2023-12-22 19:42:25\',NULL,35,56,59782.8,1423.4,42,\'2025-10-24 00:57:27\'), (\'2025-01-10 07:32:16\',NULL,93,72,41820,836.4,50,\'2023-06-30 22:14:23\'), (\'2025-10-11 11:48:32\',NULL,92,89,65466,1818.5,36,\'2023-03-29 20:58:26\'), (\'2026-05-02 07:39:57\',NULL,71,43,87896.8,1910.8,46,\'2024-01-17 11:40:36\'), (\'2025-09-15 22:49:07\',NULL,19,36,10751,1075.1,10,\'2025-09-13 04:58:46\'), (\'2025-05-18 03:03:18\',NULL,87,83,70878.5,1446.5,49,\'2023-12-29 21:02:56\'), (\'2024-03-18 00:37:25\',NULL,100,92,348.3,348.3,1,\'2024-06-13 07:06:43\'), (\'2024-06-26 17:33:28\',NULL,59,50,20420.4,523.6,39,\'2024-03-16 08:14:36\'), (\'2024-11-20 22:58:28\',NULL,9,44,8615.8,374.6,23,\'2024-02-21 22:47:32\'), (\'2025-09-25 05:07:39\',NULL,34,98,14035.2,1754.4,8,\'2026-06-24 11:25:18\'), (\'2025-01-30 10:40:01\',NULL,10,21,47392,1481,32,\'2026-07-12 03:53:16\'), (\'2024-12-20 00:19:13\',NULL,52,82,7574.4,841.6,9,\'2023-09-23 00:23:27\'), (\'2026-02-03 15:03:57\',NULL,17,21,55710.6,1211.1,46,\'2024-12-26 04:53:54\'), (\'2026-04-13 01:27:11\',NULL,22,57,17467,1746.7,10,\'2025-04-02 19:38:16\'), (\'2023-12-03 00:26:38\',NULL,26,79,23529,759,31,\'2023-04-10 07:34:36\'), (\'2026-05-09 06:50:59\',NULL,73,38,17796,593.2,30,\'2025-08-06 16:53:11\'), (\'2025-08-17 19:02:37\',NULL,21,66,28039.5,623.1,45,\'2025-03-26 23:10:47\'), (\'2024-02-15 15:50:17\',NULL,13,72,48611.5,1388.9,35,\'2024-06-15 20:46:30\'), (\'2023-08-02 03:02:38\',NULL,94,81,18556.2,713.7,26,\'2023-03-19 20:50:26\'), (\'2025-02-08 16:03:24\',NULL,19,57,40192,1256,32,\'2025-05-23 20:22:24\'), (\'2025-03-29 08:14:31\',NULL,81,1,5014,1253.5,4,\'2025-11-26 04:37:21\'), (\'2023-12-26 00:41:02\',NULL,52,51,4929.9,1643.3,3,\'2025-11-14 22:31:38\'), (\'2025-06-29 16:30:07\',NULL,3,24,92223.4,1962.2,47,\'2023-01-29 18:47:18\'), (\'2024-05-13 20:19:02\',NULL,43,48,19653.4,755.9,26,\'2023-03-10 07:11:58\'), (\'2024-03-28 20:35:06\',NULL,75,70,23524.8,603.2,39,\'2025-01-30 23:09:32\'), (\'2025-05-20 07:30:19\',NULL,14,75,22309,1593.5,14,\'2025-03-20 20:58:28\'), (\'2023-11-03 00:20:55\',NULL,68,91,5386.4,673.3,8,\'2024-09-23 01:52:15\'), (\'2026-02-27 10:31:41\',NULL,6,73,6408,801,8,\'2025-03-19 01:44:27\'), (\'2024-10-31 12:00:13\',NULL,34,87,43428,987,44,\'2026-06-12 18:25:35\'), (\'2023-02-23 08:41:21\',NULL,20,28,12593.6,740.8,17,\'2026-04-29 00:47:53\'), (\'2025-01-01 23:08:17\',NULL,52,99,2100,50,42,\'2026-03-16 22:52:12\'), (\'2025-09-15 22:37:21\',NULL,54,100,45708,1523.6,30,\'2025-05-17 06:49:09\'), (\'2025-02-26 20:27:16\',NULL,67,63,61389.3,1980.3,31,\'2024-03-03 04:12:40\'), (\'2025-07-09 21:45:44\',NULL,18,95,5513.4,1837.8,3,\'2025-03-23 23:06:23\'), (\'2025-11-18 04:04:05\',NULL,9,80,81457.6,1662.4,49,\'2025-08-30 10:59:48\'), (\'2023-04-01 01:08:16\',NULL,96,58,81246.9,1658.1,49,\'2025-07-01 13:25:27\'), (\'2025-12-07 19:46:17\',NULL,66,46,82845,1841,45,\'2023-01-06 12:30:24\'), (\'2026-03-17 16:21:17\',NULL,59,7,25680,856,30,\'2025-07-17 18:38:54\'), (\'2025-12-31 01:28:32\',NULL,70,72,30456,676.8,45,\'2024-02-21 08:31:08\'), (\'2025-09-07 22:56:29\',NULL,16,88,1295.1,431.7,3,\'2025-12-09 14:39:05\'), (\'2023-05-21 12:56:21\',NULL,96,8,59540.8,1353.2,44,\'2024-02-01 02:27:19\'), (\'2023-12-21 15:20:12\',NULL,97,2,8850.8,1264.4,7,\'2024-06-19 20:36:17\'), (\'2023-08-25 05:33:08\',NULL,35,30,5483.9,176.9,31,\'2024-09-27 00:23:44\'), (\'2023-12-31 01:40:56\',NULL,90,77,20924.4,498.2,42,\'2025-12-25 23:55:58\'), (\'2023-07-31 07:29:05\',NULL,78,61,2373.4,1186.7,2,\'2024-01-24 05:22:06\'), (\'2023-12-24 15:45:08\',NULL,87,97,80720.8,1754.8,46,\'2025-08-03 21:24:41\'), (\'2023-08-14 12:29:52\',NULL,96,89,19161.6,399.2,48,\'2026-06-15 07:52:05\'), (\'2025-06-20 06:50:06\',NULL,10,80,62818.8,1427.7,44,\'2025-08-28 01:04:52\'), (\'2026-04-19 09:03:37\',NULL,88,18,2103.5,300.5,7,\'2025-07-28 09:02:02\'), (\'2024-04-15 20:28:28\',NULL,52,49,36859.2,1535.8,24,\'2026-04-09 08:58:00\'), (\'2025-11-28 02:53:26\',NULL,48,45,23146.8,1928.9,12,\'2025-07-13 06:15:03\'), (\'2026-05-09 22:48:12\',NULL,61,31,8099.1,899.9,9,\'2024-05-05 12:56:59\'), (\'2023-12-31 07:06:31\',NULL,86,21,37932,1264.4,30,\'2025-04-16 00:24:58\'), (\'2024-06-23 02:38:51\',NULL,34,29,13221.6,314.8,42,\'2023-10-31 00:53:01\'), (\'2023-12-20 07:20:48\',NULL,3,37,11684.4,973.7,12,\'2024-12-05 23:29:35\'), (\'2025-12-27 05:46:58\',NULL,35,66,4336.8,542.1,8,\'2024-05-17 10:31:35\'), (\'2025-07-12 01:43:27\',NULL,67,45,61526.4,1577.6,39,\'2025-03-07 06:23:48\'), (\'2026-06-06 21:44:33\',NULL,85,51,6622.3,140.9,47,\'2026-02-12 03:01:51\'), (\'2024-01-08 04:00:52\',NULL,40,79,13983,1398.3,10,\'2025-11-29 20:16:25\'), (\'2024-06-13 01:09:14\',NULL,73,47,13567,1356.7,10,\'2025-04-06 14:56:27\'), (\'2026-05-12 13:13:39\',NULL,39,35,41575.8,989.9,42,\'2025-09-08 00:39:11\'), (\'2024-08-10 17:18:53\',NULL,92,43,59740.2,1298.7,46,\'2026-02-11 11:27:25\'), (\'2026-02-01 16:55:28\',NULL,89,3,26342.4,548.8,48,\'2024-01-30 21:47:12\'), (\'2025-11-03 06:13:50\',NULL,61,37,27545.6,1721.6,16,\'2023-07-31 11:57:33\'), (\'2024-07-15 08:15:30\',NULL,11,3,30188.8,943.4,32,\'2023-04-14 18:34:01\'), (\'2026-03-07 03:45:47\',NULL,85,90,42659.8,1254.7,34,\'2024-04-04 10:46:07\'), (\'2024-09-21 05:40:08\',NULL,26,37,26369.5,1146.5,23,\'2024-07-02 15:15:11\'), (\'2024-10-15 04:03:11\',NULL,57,11,7152,596,12,\'2026-04-28 04:12:27\'), (\'2023-12-04 23:15:52\',NULL,57,15,27007.9,1588.7,17,\'2024-08-28 17:11:04\'), (\'2025-04-14 13:58:28\',NULL,89,1,13800,1725,8,\'2023-06-02 16:10:59\'), (\'2025-11-17 05:44:47\',NULL,29,20,35371.3,1219.7,29,\'2026-06-11 05:41:57\'), (\'2026-04-19 06:33:47\',NULL,73,20,32743.8,1819.1,18,\'2025-12-14 18:17:51\'), (\'2023-01-05 23:04:49\',NULL,12,20,76968,1924.2,40,\'2024-08-21 04:22:44\')', 0)
 2 SYSTEMPATH\Database\BaseConnection.php(910): CodeIgniter\Database\MySQLi\Connection->execute('INSERT INTO `detail_sortie` (`created_at`, `deleted_at`, `id_entree`, `id_sortie`, `montant`, `prix_unitaire`, `quantite_pris`, `updated_at`)
VALUES (\'2024-08-02 17:59:45\',NULL,57,100,11279.1,275.1,41,\'2024-11-08 20:52:46\'), (\'2025-03-12 17:45:51\',NULL,94,67,6860.8,857.6,8,\'2024-07-23 10:17:45\'), (\'2023-01-06 02:37:30\',NULL,14,50,9268.8,1544.8,6,\'2026-01-30 02:35:12\'), (\'2024-07-21 04:54:30\',NULL,74,68,73070.4,1873.6,39,\'2023-08-05 10:34:28\'), (\'2023-12-04 05:42:31\',NULL,85,42,76720,1918,40,\'2024-03-07 03:20:34\'), (\'2024-01-07 17:20:48\',NULL,29,87,24655.8,632.2,39,\'2024-05-10 14:12:55\'), (\'2024-11-05 11:39:50\',NULL,74,98,34000.2,1888.9,18,\'2026-04-14 08:20:57\'), (\'2025-01-23 01:55:48\',NULL,99,92,17610,1761,10,\'2025-11-08 11:47:02\'), (\'2024-03-12 13:50:33\',NULL,88,22,12156,1519.5,8,\'2025-02-12 06:35:14\'), (\'2025-07-07 19:34:51\',NULL,36,55,44866.8,1359.6,33,\'2023-02-12 01:57:37\'), (\'2025-10-18 14:33:17\',NULL,49,85,15765.8,463.7,34,\'2025-12-07 06:20:14\'), (\'2026-05-18 08:30:53\',NULL,89,28,51976.4,1367.8,38,\'2024-08-31 10:18:53\'), (\'2025-03-02 14:42:54\',NULL,59,5,3063.4,90.1,34,\'2025-09-10 09:14:11\'), (\'2024-03-22 22:02:46\',NULL,9,65,39414.9,1876.9,21,\'2026-03-11 14:38:13\'), (\'2024-10-14 02:15:08\',NULL,39,75,71552.8,1522.4,47,\'2023-09-02 09:26:32\'), (\'2024-01-20 12:17:52\',NULL,98,60,56525.7,1712.9,33,\'2025-11-23 12:59:04\'), (\'2025-01-02 02:58:50\',NULL,74,83,20136.9,468.3,43,\'2026-03-05 02:42:26\'), (\'2024-04-16 00:24:48\',NULL,13,44,39866.4,1423.8,28,\'2024-06-09 22:15:31\'), (\'2024-04-14 03:54:40\',NULL,76,5,38284,1914.2,20,\'2024-07-26 21:44:23\'), (\'2025-05-26 16:15:30\',NULL,83,68,27190.8,1045.8,26,\'2023-07-23 14:09:37\'), (\'2024-12-08 02:41:33\',NULL,91,43,59916.8,1932.8,31,\'2024-08-11 10:58:22\'), (\'2024-09-02 22:30:56\',NULL,89,57,33426,1857,18,\'2024-06-30 22:37:35\'), (\'2023-11-19 05:35:02\',NULL,72,17,4280.6,125.9,34,\'2024-02-29 07:50:20\'), (\'2025-08-18 16:50:12\',NULL,79,56,18452.7,878.7,21,\'2026-02-23 08:42:07\'), (\'2025-03-15 20:22:28\',NULL,100,66,65894.4,1830.4,36,\'2023-03-29 04:17:31\'), (\'2025-06-14 14:20:45\',NULL,71,51,525.7,75.1,7,\'2023-04-01 15:15:59\'), (\'2026-01-05 08:57:32\',NULL,57,58,18381,1838.1,10,\'2025-12-21 14:31:39\'), (\'2023-12-22 19:42:25\',NULL,35,56,59782.8,1423.4,42,\'2025-10-24 00:57:27\'), (\'2025-01-10 07:32:16\',NULL,93,72,41820,836.4,50,\'2023-06-30 22:14:23\'), (\'2025-10-11 11:48:32\',NULL,92,89,65466,1818.5,36,\'2023-03-29 20:58:26\'), (\'2026-05-02 07:39:57\',NULL,71,43,87896.8,1910.8,46,\'2024-01-17 11:40:36\'), (\'2025-09-15 22:49:07\',NULL,19,36,10751,1075.1,10,\'2025-09-13 04:58:46\'), (\'2025-05-18 03:03:18\',NULL,87,83,70878.5,1446.5,49,\'2023-12-29 21:02:56\'), (\'2024-03-18 00:37:25\',NULL,100,92,348.3,348.3,1,\'2024-06-13 07:06:43\'), (\'2024-06-26 17:33:28\',NULL,59,50,20420.4,523.6,39,\'2024-03-16 08:14:36\'), (\'2024-11-20 22:58:28\',NULL,9,44,8615.8,374.6,23,\'2024-02-21 22:47:32\'), (\'2025-09-25 05:07:39\',NULL,34,98,14035.2,1754.4,8,\'2026-06-24 11:25:18\'), (\'2025-01-30 10:40:01\',NULL,10,21,47392,1481,32,\'2026-07-12 03:53:16\'), (\'2024-12-20 00:19:13\',NULL,52,82,7574.4,841.6,9,\'2023-09-23 00:23:27\'), (\'2026-02-03 15:03:57\',NULL,17,21,55710.6,1211.1,46,\'2024-12-26 04:53:54\'), (\'2026-04-13 01:27:11\',NULL,22,57,17467,1746.7,10,\'2025-04-02 19:38:16\'), (\'2023-12-03 00:26:38\',NULL,26,79,23529,759,31,\'2023-04-10 07:34:36\'), (\'2026-05-09 06:50:59\',NULL,73,38,17796,593.2,30,\'2025-08-06 16:53:11\'), (\'2025-08-17 19:02:37\',NULL,21,66,28039.5,623.1,45,\'2025-03-26 23:10:47\'), (\'2024-02-15 15:50:17\',NULL,13,72,48611.5,1388.9,35,\'2024-06-15 20:46:30\'), (\'2023-08-02 03:02:38\',NULL,94,81,18556.2,713.7,26,\'2023-03-19 20:50:26\'), (\'2025-02-08 16:03:24\',NULL,19,57,40192,1256,32,\'2025-05-23 20:22:24\'), (\'2025-03-29 08:14:31\',NULL,81,1,5014,1253.5,4,\'2025-11-26 04:37:21\'), (\'2023-12-26 00:41:02\',NULL,52,51,4929.9,1643.3,3,\'2025-11-14 22:31:38\'), (\'2025-06-29 16:30:07\',NULL,3,24,92223.4,1962.2,47,\'2023-01-29 18:47:18\'), (\'2024-05-13 20:19:02\',NULL,43,48,19653.4,755.9,26,\'2023-03-10 07:11:58\'), (\'2024-03-28 20:35:06\',NULL,75,70,23524.8,603.2,39,\'2025-01-30 23:09:32\'), (\'2025-05-20 07:30:19\',NULL,14,75,22309,1593.5,14,\'2025-03-20 20:58:28\'), (\'2023-11-03 00:20:55\',NULL,68,91,5386.4,673.3,8,\'2024-09-23 01:52:15\'), (\'2026-02-27 10:31:41\',NULL,6,73,6408,801,8,\'2025-03-19 01:44:27\'), (\'2024-10-31 12:00:13\',NULL,34,87,43428,987,44,\'2026-06-12 18:25:35\'), (\'2023-02-23 08:41:21\',NULL,20,28,12593.6,740.8,17,\'2026-04-29 00:47:53\'), (\'2025-01-01 23:08:17\',NULL,52,99,2100,50,42,\'2026-03-16 22:52:12\'), (\'2025-09-15 22:37:21\',NULL,54,100,45708,1523.6,30,\'2025-05-17 06:49:09\'), (\'2025-02-26 20:27:16\',NULL,67,63,61389.3,1980.3,31,\'2024-03-03 04:12:40\'), (\'2025-07-09 21:45:44\',NULL,18,95,5513.4,1837.8,3,\'2025-03-23 23:06:23\'), (\'2025-11-18 04:04:05\',NULL,9,80,81457.6,1662.4,49,\'2025-08-30 10:59:48\'), (\'2023-04-01 01:08:16\',NULL,96,58,81246.9,1658.1,49,\'2025-07-01 13:25:27\'), (\'2025-12-07 19:46:17\',NULL,66,46,82845,1841,45,\'2023-01-06 12:30:24\'), (\'2026-03-17 16:21:17\',NULL,59,7,25680,856,30,\'2025-07-17 18:38:54\'), (\'2025-12-31 01:28:32\',NULL,70,72,30456,676.8,45,\'2024-02-21 08:31:08\'), (\'2025-09-07 22:56:29\',NULL,16,88,1295.1,431.7,3,\'2025-12-09 14:39:05\'), (\'2023-05-21 12:56:21\',NULL,96,8,59540.8,1353.2,44,\'2024-02-01 02:27:19\'), (\'2023-12-21 15:20:12\',NULL,97,2,8850.8,1264.4,7,\'2024-06-19 20:36:17\'), (\'2023-08-25 05:33:08\',NULL,35,30,5483.9,176.9,31,\'2024-09-27 00:23:44\'), (\'2023-12-31 01:40:56\',NULL,90,77,20924.4,498.2,42,\'2025-12-25 23:55:58\'), (\'2023-07-31 07:29:05\',NULL,78,61,2373.4,1186.7,2,\'2024-01-24 05:22:06\'), (\'2023-12-24 15:45:08\',NULL,87,97,80720.8,1754.8,46,\'2025-08-03 21:24:41\'), (\'2023-08-14 12:29:52\',NULL,96,89,19161.6,399.2,48,\'2026-06-15 07:52:05\'), (\'2025-06-20 06:50:06\',NULL,10,80,62818.8,1427.7,44,\'2025-08-28 01:04:52\'), (\'2026-04-19 09:03:37\',NULL,88,18,2103.5,300.5,7,\'2025-07-28 09:02:02\'), (\'2024-04-15 20:28:28\',NULL,52,49,36859.2,1535.8,24,\'2026-04-09 08:58:00\'), (\'2025-11-28 02:53:26\',NULL,48,45,23146.8,1928.9,12,\'2025-07-13 06:15:03\'), (\'2026-05-09 22:48:12\',NULL,61,31,8099.1,899.9,9,\'2024-05-05 12:56:59\'), (\'2023-12-31 07:06:31\',NULL,86,21,37932,1264.4,30,\'2025-04-16 00:24:58\'), (\'2024-06-23 02:38:51\',NULL,34,29,13221.6,314.8,42,\'2023-10-31 00:53:01\'), (\'2023-12-20 07:20:48\',NULL,3,37,11684.4,973.7,12,\'2024-12-05 23:29:35\'), (\'2025-12-27 05:46:58\',NULL,35,66,4336.8,542.1,8,\'2024-05-17 10:31:35\'), (\'2025-07-12 01:43:27\',NULL,67,45,61526.4,1577.6,39,\'2025-03-07 06:23:48\'), (\'2026-06-06 21:44:33\',NULL,85,51,6622.3,140.9,47,\'2026-02-12 03:01:51\'), (\'2024-01-08 04:00:52\',NULL,40,79,13983,1398.3,10,\'2025-11-29 20:16:25\'), (\'2024-06-13 01:09:14\',NULL,73,47,13567,1356.7,10,\'2025-04-06 14:56:27\'), (\'2026-05-12 13:13:39\',NULL,39,35,41575.8,989.9,42,\'2025-09-08 00:39:11\'), (\'2024-08-10 17:18:53\',NULL,92,43,59740.2,1298.7,46,\'2026-02-11 11:27:25\'), (\'2026-02-01 16:55:28\',NULL,89,3,26342.4,548.8,48,\'2024-01-30 21:47:12\'), (\'2025-11-03 06:13:50\',NULL,61,37,27545.6,1721.6,16,\'2023-07-31 11:57:33\'), (\'2024-07-15 08:15:30\',NULL,11,3,30188.8,943.4,32,\'2023-04-14 18:34:01\'), (\'2026-03-07 03:45:47\',NULL,85,90,42659.8,1254.7,34,\'2024-04-04 10:46:07\'), (\'2024-09-21 05:40:08\',NULL,26,37,26369.5,1146.5,23,\'2024-07-02 15:15:11\'), (\'2024-10-15 04:03:11\',NULL,57,11,7152,596,12,\'2026-04-28 04:12:27\'), (\'2023-12-04 23:15:52\',NULL,57,15,27007.9,1588.7,17,\'2024-08-28 17:11:04\'), (\'2025-04-14 13:58:28\',NULL,89,1,13800,1725,8,\'2023-06-02 16:10:59\'), (\'2025-11-17 05:44:47\',NULL,29,20,35371.3,1219.7,29,\'2026-06-11 05:41:57\'), (\'2026-04-19 06:33:47\',NULL,73,20,32743.8,1819.1,18,\'2025-12-14 18:17:51\'), (\'2023-01-05 23:04:49\',NULL,12,20,76968,1924.2,40,\'2024-08-21 04:22:44\')')
 3 SYSTEMPATH\Database\BaseConnection.php(827): CodeIgniter\Database\BaseConnection->simpleQuery('INSERT INTO `detail_sortie` (`created_at`, `deleted_at`, `id_entree`, `id_sortie`, `montant`, `prix_unitaire`, `quantite_pris`, `updated_at`)
VALUES (\'2024-08-02 17:59:45\',NULL,57,100,11279.1,275.1,41,\'2024-11-08 20:52:46\'), (\'2025-03-12 17:45:51\',NULL,94,67,6860.8,857.6,8,\'2024-07-23 10:17:45\'), (\'2023-01-06 02:37:30\',NULL,14,50,9268.8,1544.8,6,\'2026-01-30 02:35:12\'), (\'2024-07-21 04:54:30\',NULL,74,68,73070.4,1873.6,39,\'2023-08-05 10:34:28\'), (\'2023-12-04 05:42:31\',NULL,85,42,76720,1918,40,\'2024-03-07 03:20:34\'), (\'2024-01-07 17:20:48\',NULL,29,87,24655.8,632.2,39,\'2024-05-10 14:12:55\'), (\'2024-11-05 11:39:50\',NULL,74,98,34000.2,1888.9,18,\'2026-04-14 08:20:57\'), (\'2025-01-23 01:55:48\',NULL,99,92,17610,1761,10,\'2025-11-08 11:47:02\'), (\'2024-03-12 13:50:33\',NULL,88,22,12156,1519.5,8,\'2025-02-12 06:35:14\'), (\'2025-07-07 19:34:51\',NULL,36,55,44866.8,1359.6,33,\'2023-02-12 01:57:37\'), (\'2025-10-18 14:33:17\',NULL,49,85,15765.8,463.7,34,\'2025-12-07 06:20:14\'), (\'2026-05-18 08:30:53\',NULL,89,28,51976.4,1367.8,38,\'2024-08-31 10:18:53\'), (\'2025-03-02 14:42:54\',NULL,59,5,3063.4,90.1,34,\'2025-09-10 09:14:11\'), (\'2024-03-22 22:02:46\',NULL,9,65,39414.9,1876.9,21,\'2026-03-11 14:38:13\'), (\'2024-10-14 02:15:08\',NULL,39,75,71552.8,1522.4,47,\'2023-09-02 09:26:32\'), (\'2024-01-20 12:17:52\',NULL,98,60,56525.7,1712.9,33,\'2025-11-23 12:59:04\'), (\'2025-01-02 02:58:50\',NULL,74,83,20136.9,468.3,43,\'2026-03-05 02:42:26\'), (\'2024-04-16 00:24:48\',NULL,13,44,39866.4,1423.8,28,\'2024-06-09 22:15:31\'), (\'2024-04-14 03:54:40\',NULL,76,5,38284,1914.2,20,\'2024-07-26 21:44:23\'), (\'2025-05-26 16:15:30\',NULL,83,68,27190.8,1045.8,26,\'2023-07-23 14:09:37\'), (\'2024-12-08 02:41:33\',NULL,91,43,59916.8,1932.8,31,\'2024-08-11 10:58:22\'), (\'2024-09-02 22:30:56\',NULL,89,57,33426,1857,18,\'2024-06-30 22:37:35\'), (\'2023-11-19 05:35:02\',NULL,72,17,4280.6,125.9,34,\'2024-02-29 07:50:20\'), (\'2025-08-18 16:50:12\',NULL,79,56,18452.7,878.7,21,\'2026-02-23 08:42:07\'), (\'2025-03-15 20:22:28\',NULL,100,66,65894.4,1830.4,36,\'2023-03-29 04:17:31\'), (\'2025-06-14 14:20:45\',NULL,71,51,525.7,75.1,7,\'2023-04-01 15:15:59\'), (\'2026-01-05 08:57:32\',NULL,57,58,18381,1838.1,10,\'2025-12-21 14:31:39\'), (\'2023-12-22 19:42:25\',NULL,35,56,59782.8,1423.4,42,\'2025-10-24 00:57:27\'), (\'2025-01-10 07:32:16\',NULL,93,72,41820,836.4,50,\'2023-06-30 22:14:23\'), (\'2025-10-11 11:48:32\',NULL,92,89,65466,1818.5,36,\'2023-03-29 20:58:26\'), (\'2026-05-02 07:39:57\',NULL,71,43,87896.8,1910.8,46,\'2024-01-17 11:40:36\'), (\'2025-09-15 22:49:07\',NULL,19,36,10751,1075.1,10,\'2025-09-13 04:58:46\'), (\'2025-05-18 03:03:18\',NULL,87,83,70878.5,1446.5,49,\'2023-12-29 21:02:56\'), (\'2024-03-18 00:37:25\',NULL,100,92,348.3,348.3,1,\'2024-06-13 07:06:43\'), (\'2024-06-26 17:33:28\',NULL,59,50,20420.4,523.6,39,\'2024-03-16 08:14:36\'), (\'2024-11-20 22:58:28\',NULL,9,44,8615.8,374.6,23,\'2024-02-21 22:47:32\'), (\'2025-09-25 05:07:39\',NULL,34,98,14035.2,1754.4,8,\'2026-06-24 11:25:18\'), (\'2025-01-30 10:40:01\',NULL,10,21,47392,1481,32,\'2026-07-12 03:53:16\'), (\'2024-12-20 00:19:13\',NULL,52,82,7574.4,841.6,9,\'2023-09-23 00:23:27\'), (\'2026-02-03 15:03:57\',NULL,17,21,55710.6,1211.1,46,\'2024-12-26 04:53:54\'), (\'2026-04-13 01:27:11\',NULL,22,57,17467,1746.7,10,\'2025-04-02 19:38:16\'), (\'2023-12-03 00:26:38\',NULL,26,79,23529,759,31,\'2023-04-10 07:34:36\'), (\'2026-05-09 06:50:59\',NULL,73,38,17796,593.2,30,\'2025-08-06 16:53:11\'), (\'2025-08-17 19:02:37\',NULL,21,66,28039.5,623.1,45,\'2025-03-26 23:10:47\'), (\'2024-02-15 15:50:17\',NULL,13,72,48611.5,1388.9,35,\'2024-06-15 20:46:30\'), (\'2023-08-02 03:02:38\',NULL,94,81,18556.2,713.7,26,\'2023-03-19 20:50:26\'), (\'2025-02-08 16:03:24\',NULL,19,57,40192,1256,32,\'2025-05-23 20:22:24\'), (\'2025-03-29 08:14:31\',NULL,81,1,5014,1253.5,4,\'2025-11-26 04:37:21\'), (\'2023-12-26 00:41:02\',NULL,52,51,4929.9,1643.3,3,\'2025-11-14 22:31:38\'), (\'2025-06-29 16:30:07\',NULL,3,24,92223.4,1962.2,47,\'2023-01-29 18:47:18\'), (\'2024-05-13 20:19:02\',NULL,43,48,19653.4,755.9,26,\'2023-03-10 07:11:58\'), (\'2024-03-28 20:35:06\',NULL,75,70,23524.8,603.2,39,\'2025-01-30 23:09:32\'), (\'2025-05-20 07:30:19\',NULL,14,75,22309,1593.5,14,\'2025-03-20 20:58:28\'), (\'2023-11-03 00:20:55\',NULL,68,91,5386.4,673.3,8,\'2024-09-23 01:52:15\'), (\'2026-02-27 10:31:41\',NULL,6,73,6408,801,8,\'2025-03-19 01:44:27\'), (\'2024-10-31 12:00:13\',NULL,34,87,43428,987,44,\'2026-06-12 18:25:35\'), (\'2023-02-23 08:41:21\',NULL,20,28,12593.6,740.8,17,\'2026-04-29 00:47:53\'), (\'2025-01-01 23:08:17\',NULL,52,99,2100,50,42,\'2026-03-16 22:52:12\'), (\'2025-09-15 22:37:21\',NULL,54,100,45708,1523.6,30,\'2025-05-17 06:49:09\'), (\'2025-02-26 20:27:16\',NULL,67,63,61389.3,1980.3,31,\'2024-03-03 04:12:40\'), (\'2025-07-09 21:45:44\',NULL,18,95,5513.4,1837.8,3,\'2025-03-23 23:06:23\'), (\'2025-11-18 04:04:05\',NULL,9,80,81457.6,1662.4,49,\'2025-08-30 10:59:48\'), (\'2023-04-01 01:08:16\',NULL,96,58,81246.9,1658.1,49,\'2025-07-01 13:25:27\'), (\'2025-12-07 19:46:17\',NULL,66,46,82845,1841,45,\'2023-01-06 12:30:24\'), (\'2026-03-17 16:21:17\',NULL,59,7,25680,856,30,\'2025-07-17 18:38:54\'), (\'2025-12-31 01:28:32\',NULL,70,72,30456,676.8,45,\'2024-02-21 08:31:08\'), (\'2025-09-07 22:56:29\',NULL,16,88,1295.1,431.7,3,\'2025-12-09 14:39:05\'), (\'2023-05-21 12:56:21\',NULL,96,8,59540.8,1353.2,44,\'2024-02-01 02:27:19\'), (\'2023-12-21 15:20:12\',NULL,97,2,8850.8,1264.4,7,\'2024-06-19 20:36:17\'), (\'2023-08-25 05:33:08\',NULL,35,30,5483.9,176.9,31,\'2024-09-27 00:23:44\'), (\'2023-12-31 01:40:56\',NULL,90,77,20924.4,498.2,42,\'2025-12-25 23:55:58\'), (\'2023-07-31 07:29:05\',NULL,78,61,2373.4,1186.7,2,\'2024-01-24 05:22:06\'), (\'2023-12-24 15:45:08\',NULL,87,97,80720.8,1754.8,46,\'2025-08-03 21:24:41\'), (\'2023-08-14 12:29:52\',NULL,96,89,19161.6,399.2,48,\'2026-06-15 07:52:05\'), (\'2025-06-20 06:50:06\',NULL,10,80,62818.8,1427.7,44,\'2025-08-28 01:04:52\'), (\'2026-04-19 09:03:37\',NULL,88,18,2103.5,300.5,7,\'2025-07-28 09:02:02\'), (\'2024-04-15 20:28:28\',NULL,52,49,36859.2,1535.8,24,\'2026-04-09 08:58:00\'), (\'2025-11-28 02:53:26\',NULL,48,45,23146.8,1928.9,12,\'2025-07-13 06:15:03\'), (\'2026-05-09 22:48:12\',NULL,61,31,8099.1,899.9,9,\'2024-05-05 12:56:59\'), (\'2023-12-31 07:06:31\',NULL,86,21,37932,1264.4,30,\'2025-04-16 00:24:58\'), (\'2024-06-23 02:38:51\',NULL,34,29,13221.6,314.8,42,\'2023-10-31 00:53:01\'), (\'2023-12-20 07:20:48\',NULL,3,37,11684.4,973.7,12,\'2024-12-05 23:29:35\'), (\'2025-12-27 05:46:58\',NULL,35,66,4336.8,542.1,8,\'2024-05-17 10:31:35\'), (\'2025-07-12 01:43:27\',NULL,67,45,61526.4,1577.6,39,\'2025-03-07 06:23:48\'), (\'2026-06-06 21:44:33\',NULL,85,51,6622.3,140.9,47,\'2026-02-12 03:01:51\'), (\'2024-01-08 04:00:52\',NULL,40,79,13983,1398.3,10,\'2025-11-29 20:16:25\'), (\'2024-06-13 01:09:14\',NULL,73,47,13567,1356.7,10,\'2025-04-06 14:56:27\'), (\'2026-05-12 13:13:39\',NULL,39,35,41575.8,989.9,42,\'2025-09-08 00:39:11\'), (\'2024-08-10 17:18:53\',NULL,92,43,59740.2,1298.7,46,\'2026-02-11 11:27:25\'), (\'2026-02-01 16:55:28\',NULL,89,3,26342.4,548.8,48,\'2024-01-30 21:47:12\'), (\'2025-11-03 06:13:50\',NULL,61,37,27545.6,1721.6,16,\'2023-07-31 11:57:33\'), (\'2024-07-15 08:15:30\',NULL,11,3,30188.8,943.4,32,\'2023-04-14 18:34:01\'), (\'2026-03-07 03:45:47\',NULL,85,90,42659.8,1254.7,34,\'2024-04-04 10:46:07\'), (\'2024-09-21 05:40:08\',NULL,26,37,26369.5,1146.5,23,\'2024-07-02 15:15:11\'), (\'2024-10-15 04:03:11\',NULL,57,11,7152,596,12,\'2026-04-28 04:12:27\'), (\'2023-12-04 23:15:52\',NULL,57,15,27007.9,1588.7,17,\'2024-08-28 17:11:04\'), (\'2025-04-14 13:58:28\',NULL,89,1,13800,1725,8,\'2023-06-02 16:10:59\'), (\'2025-11-17 05:44:47\',NULL,29,20,35371.3,1219.7,29,\'2026-06-11 05:41:57\'), (\'2026-04-19 06:33:47\',NULL,73,20,32743.8,1819.1,18,\'2025-12-14 18:17:51\'), (\'2023-01-05 23:04:49\',NULL,12,20,76968,1924.2,40,\'2024-08-21 04:22:44\')')
 4 SYSTEMPATH\Database\BaseBuilder.php(1841): CodeIgniter\Database\BaseConnection->query('INSERT INTO `detail_sortie` (`created_at`, `deleted_at`, `id_entree`, `id_sortie`, `montant`, `prix_unitaire`, `quantite_pris`, `updated_at`)
VALUES (\'2024-08-02 17:59:45\',NULL,57,100,11279.1,275.1,41,\'2024-11-08 20:52:46\'), (\'2025-03-12 17:45:51\',NULL,94,67,6860.8,857.6,8,\'2024-07-23 10:17:45\'), (\'2023-01-06 02:37:30\',NULL,14,50,9268.8,1544.8,6,\'2026-01-30 02:35:12\'), (\'2024-07-21 04:54:30\',NULL,74,68,73070.4,1873.6,39,\'2023-08-05 10:34:28\'), (\'2023-12-04 05:42:31\',NULL,85,42,76720,1918,40,\'2024-03-07 03:20:34\'), (\'2024-01-07 17:20:48\',NULL,29,87,24655.8,632.2,39,\'2024-05-10 14:12:55\'), (\'2024-11-05 11:39:50\',NULL,74,98,34000.2,1888.9,18,\'2026-04-14 08:20:57\'), (\'2025-01-23 01:55:48\',NULL,99,92,17610,1761,10,\'2025-11-08 11:47:02\'), (\'2024-03-12 13:50:33\',NULL,88,22,12156,1519.5,8,\'2025-02-12 06:35:14\'), (\'2025-07-07 19:34:51\',NULL,36,55,44866.8,1359.6,33,\'2023-02-12 01:57:37\'), (\'2025-10-18 14:33:17\',NULL,49,85,15765.8,463.7,34,\'2025-12-07 06:20:14\'), (\'2026-05-18 08:30:53\',NULL,89,28,51976.4,1367.8,38,\'2024-08-31 10:18:53\'), (\'2025-03-02 14:42:54\',NULL,59,5,3063.4,90.1,34,\'2025-09-10 09:14:11\'), (\'2024-03-22 22:02:46\',NULL,9,65,39414.9,1876.9,21,\'2026-03-11 14:38:13\'), (\'2024-10-14 02:15:08\',NULL,39,75,71552.8,1522.4,47,\'2023-09-02 09:26:32\'), (\'2024-01-20 12:17:52\',NULL,98,60,56525.7,1712.9,33,\'2025-11-23 12:59:04\'), (\'2025-01-02 02:58:50\',NULL,74,83,20136.9,468.3,43,\'2026-03-05 02:42:26\'), (\'2024-04-16 00:24:48\',NULL,13,44,39866.4,1423.8,28,\'2024-06-09 22:15:31\'), (\'2024-04-14 03:54:40\',NULL,76,5,38284,1914.2,20,\'2024-07-26 21:44:23\'), (\'2025-05-26 16:15:30\',NULL,83,68,27190.8,1045.8,26,\'2023-07-23 14:09:37\'), (\'2024-12-08 02:41:33\',NULL,91,43,59916.8,1932.8,31,\'2024-08-11 10:58:22\'), (\'2024-09-02 22:30:56\',NULL,89,57,33426,1857,18,\'2024-06-30 22:37:35\'), (\'2023-11-19 05:35:02\',NULL,72,17,4280.6,125.9,34,\'2024-02-29 07:50:20\'), (\'2025-08-18 16:50:12\',NULL,79,56,18452.7,878.7,21,\'2026-02-23 08:42:07\'), (\'2025-03-15 20:22:28\',NULL,100,66,65894.4,1830.4,36,\'2023-03-29 04:17:31\'), (\'2025-06-14 14:20:45\',NULL,71,51,525.7,75.1,7,\'2023-04-01 15:15:59\'), (\'2026-01-05 08:57:32\',NULL,57,58,18381,1838.1,10,\'2025-12-21 14:31:39\'), (\'2023-12-22 19:42:25\',NULL,35,56,59782.8,1423.4,42,\'2025-10-24 00:57:27\'), (\'2025-01-10 07:32:16\',NULL,93,72,41820,836.4,50,\'2023-06-30 22:14:23\'), (\'2025-10-11 11:48:32\',NULL,92,89,65466,1818.5,36,\'2023-03-29 20:58:26\'), (\'2026-05-02 07:39:57\',NULL,71,43,87896.8,1910.8,46,\'2024-01-17 11:40:36\'), (\'2025-09-15 22:49:07\',NULL,19,36,10751,1075.1,10,\'2025-09-13 04:58:46\'), (\'2025-05-18 03:03:18\',NULL,87,83,70878.5,1446.5,49,\'2023-12-29 21:02:56\'), (\'2024-03-18 00:37:25\',NULL,100,92,348.3,348.3,1,\'2024-06-13 07:06:43\'), (\'2024-06-26 17:33:28\',NULL,59,50,20420.4,523.6,39,\'2024-03-16 08:14:36\'), (\'2024-11-20 22:58:28\',NULL,9,44,8615.8,374.6,23,\'2024-02-21 22:47:32\'), (\'2025-09-25 05:07:39\',NULL,34,98,14035.2,1754.4,8,\'2026-06-24 11:25:18\'), (\'2025-01-30 10:40:01\',NULL,10,21,47392,1481,32,\'2026-07-12 03:53:16\'), (\'2024-12-20 00:19:13\',NULL,52,82,7574.4,841.6,9,\'2023-09-23 00:23:27\'), (\'2026-02-03 15:03:57\',NULL,17,21,55710.6,1211.1,46,\'2024-12-26 04:53:54\'), (\'2026-04-13 01:27:11\',NULL,22,57,17467,1746.7,10,\'2025-04-02 19:38:16\'), (\'2023-12-03 00:26:38\',NULL,26,79,23529,759,31,\'2023-04-10 07:34:36\'), (\'2026-05-09 06:50:59\',NULL,73,38,17796,593.2,30,\'2025-08-06 16:53:11\'), (\'2025-08-17 19:02:37\',NULL,21,66,28039.5,623.1,45,\'2025-03-26 23:10:47\'), (\'2024-02-15 15:50:17\',NULL,13,72,48611.5,1388.9,35,\'2024-06-15 20:46:30\'), (\'2023-08-02 03:02:38\',NULL,94,81,18556.2,713.7,26,\'2023-03-19 20:50:26\'), (\'2025-02-08 16:03:24\',NULL,19,57,40192,1256,32,\'2025-05-23 20:22:24\'), (\'2025-03-29 08:14:31\',NULL,81,1,5014,1253.5,4,\'2025-11-26 04:37:21\'), (\'2023-12-26 00:41:02\',NULL,52,51,4929.9,1643.3,3,\'2025-11-14 22:31:38\'), (\'2025-06-29 16:30:07\',NULL,3,24,92223.4,1962.2,47,\'2023-01-29 18:47:18\'), (\'2024-05-13 20:19:02\',NULL,43,48,19653.4,755.9,26,\'2023-03-10 07:11:58\'), (\'2024-03-28 20:35:06\',NULL,75,70,23524.8,603.2,39,\'2025-01-30 23:09:32\'), (\'2025-05-20 07:30:19\',NULL,14,75,22309,1593.5,14,\'2025-03-20 20:58:28\'), (\'2023-11-03 00:20:55\',NULL,68,91,5386.4,673.3,8,\'2024-09-23 01:52:15\'), (\'2026-02-27 10:31:41\',NULL,6,73,6408,801,8,\'2025-03-19 01:44:27\'), (\'2024-10-31 12:00:13\',NULL,34,87,43428,987,44,\'2026-06-12 18:25:35\'), (\'2023-02-23 08:41:21\',NULL,20,28,12593.6,740.8,17,\'2026-04-29 00:47:53\'), (\'2025-01-01 23:08:17\',NULL,52,99,2100,50,42,\'2026-03-16 22:52:12\'), (\'2025-09-15 22:37:21\',NULL,54,100,45708,1523.6,30,\'2025-05-17 06:49:09\'), (\'2025-02-26 20:27:16\',NULL,67,63,61389.3,1980.3,31,\'2024-03-03 04:12:40\'), (\'2025-07-09 21:45:44\',NULL,18,95,5513.4,1837.8,3,\'2025-03-23 23:06:23\'), (\'2025-11-18 04:04:05\',NULL,9,80,81457.6,1662.4,49,\'2025-08-30 10:59:48\'), (\'2023-04-01 01:08:16\',NULL,96,58,81246.9,1658.1,49,\'2025-07-01 13:25:27\'), (\'2025-12-07 19:46:17\',NULL,66,46,82845,1841,45,\'2023-01-06 12:30:24\'), (\'2026-03-17 16:21:17\',NULL,59,7,25680,856,30,\'2025-07-17 18:38:54\'), (\'2025-12-31 01:28:32\',NULL,70,72,30456,676.8,45,\'2024-02-21 08:31:08\'), (\'2025-09-07 22:56:29\',NULL,16,88,1295.1,431.7,3,\'2025-12-09 14:39:05\'), (\'2023-05-21 12:56:21\',NULL,96,8,59540.8,1353.2,44,\'2024-02-01 02:27:19\'), (\'2023-12-21 15:20:12\',NULL,97,2,8850.8,1264.4,7,\'2024-06-19 20:36:17\'), (\'2023-08-25 05:33:08\',NULL,35,30,5483.9,176.9,31,\'2024-09-27 00:23:44\'), (\'2023-12-31 01:40:56\',NULL,90,77,20924.4,498.2,42,\'2025-12-25 23:55:58\'), (\'2023-07-31 07:29:05\',NULL,78,61,2373.4,1186.7,2,\'2024-01-24 05:22:06\'), (\'2023-12-24 15:45:08\',NULL,87,97,80720.8,1754.8,46,\'2025-08-03 21:24:41\'), (\'2023-08-14 12:29:52\',NULL,96,89,19161.6,399.2,48,\'2026-06-15 07:52:05\'), (\'2025-06-20 06:50:06\',NULL,10,80,62818.8,1427.7,44,\'2025-08-28 01:04:52\'), (\'2026-04-19 09:03:37\',NULL,88,18,2103.5,300.5,7,\'2025-07-28 09:02:02\'), (\'2024-04-15 20:28:28\',NULL,52,49,36859.2,1535.8,24,\'2026-04-09 08:58:00\'), (\'2025-11-28 02:53:26\',NULL,48,45,23146.8,1928.9,12,\'2025-07-13 06:15:03\'), (\'2026-05-09 22:48:12\',NULL,61,31,8099.1,899.9,9,\'2024-05-05 12:56:59\'), (\'2023-12-31 07:06:31\',NULL,86,21,37932,1264.4,30,\'2025-04-16 00:24:58\'), (\'2024-06-23 02:38:51\',NULL,34,29,13221.6,314.8,42,\'2023-10-31 00:53:01\'), (\'2023-12-20 07:20:48\',NULL,3,37,11684.4,973.7,12,\'2024-12-05 23:29:35\'), (\'2025-12-27 05:46:58\',NULL,35,66,4336.8,542.1,8,\'2024-05-17 10:31:35\'), (\'2025-07-12 01:43:27\',NULL,67,45,61526.4,1577.6,39,\'2025-03-07 06:23:48\'), (\'2026-06-06 21:44:33\',NULL,85,51,6622.3,140.9,47,\'2026-02-12 03:01:51\'), (\'2024-01-08 04:00:52\',NULL,40,79,13983,1398.3,10,\'2025-11-29 20:16:25\'), (\'2024-06-13 01:09:14\',NULL,73,47,13567,1356.7,10,\'2025-04-06 14:56:27\'), (\'2026-05-12 13:13:39\',NULL,39,35,41575.8,989.9,42,\'2025-09-08 00:39:11\'), (\'2024-08-10 17:18:53\',NULL,92,43,59740.2,1298.7,46,\'2026-02-11 11:27:25\'), (\'2026-02-01 16:55:28\',NULL,89,3,26342.4,548.8,48,\'2024-01-30 21:47:12\'), (\'2025-11-03 06:13:50\',NULL,61,37,27545.6,1721.6,16,\'2023-07-31 11:57:33\'), (\'2024-07-15 08:15:30\',NULL,11,3,30188.8,943.4,32,\'2023-04-14 18:34:01\'), (\'2026-03-07 03:45:47\',NULL,85,90,42659.8,1254.7,34,\'2024-04-04 10:46:07\'), (\'2024-09-21 05:40:08\',NULL,26,37,26369.5,1146.5,23,\'2024-07-02 15:15:11\'), (\'2024-10-15 04:03:11\',NULL,57,11,7152,596,12,\'2026-04-28 04:12:27\'), (\'2023-12-04 23:15:52\',NULL,57,15,27007.9,1588.7,17,\'2024-08-28 17:11:04\'), (\'2025-04-14 13:58:28\',NULL,89,1,13800,1725,8,\'2023-06-02 16:10:59\'), (\'2025-11-17 05:44:47\',NULL,29,20,35371.3,1219.7,29,\'2026-06-11 05:41:57\'), (\'2026-04-19 06:33:47\',NULL,73,20,32743.8,1819.1,18,\'2025-12-14 18:17:51\'), (\'2023-01-05 23:04:49\',NULL,12,20,76968,1924.2,40,\'2024-08-21 04:22:44\')', null, false)
 5 SYSTEMPATH\Database\BaseBuilder.php(2230): CodeIgniter\Database\BaseBuilder->batchExecute('_insertBatch', 100)
 6 APPPATH\Database\Seeds\DonneeSeeder.php(331): CodeIgniter\Database\BaseBuilder->insertBatch([...])
 7 SYSTEMPATH\Database\Seeder.php(155): App\Database\Seeds\DonneeSeeder->run()
 8 SYSTEMPATH\Commands\Database\Seed.php(79): CodeIgniter\Database\Seeder->call('App\\Database\\Seeds\\DonneeSeeder')
 9 SYSTEMPATH\CLI\Commands.php(74): CodeIgniter\Commands\Database\Seed->run([])
10 SYSTEMPATH\CLI\Console.php(47): CodeIgniter\CLI\Commands->run('db:seed', [...])
11 SYSTEMPATH\Boot.php(442): CodeIgniter\CLI\Console->run()
12 SYSTEMPATH\Boot.php(166): CodeIgniter\Boot::runCommand(Object(CodeIgniter\CLI\Console))
13 ROOTPATH\spark(87): CodeIgniter\Boot::bootSpark(Object(Config\Paths))
ERROR - 2026-07-13 12:43:29 --> Cannot add or update a child row: a foreign key constraint fails (`eco_panier_s4_2026`.`detail_sortie`, CONSTRAINT `detail_sortie_id_sortie_foreign` FOREIGN KEY (`id_sortie`) REFERENCES `sortie_stock` (`id`) ON DELETE CASCADE ON UPDATE CASCADE)
in SYSTEMPATH\Database\MySQLi\Connection.php on line 300.
 1 SYSTEMPATH\Database\MySQLi\Connection.php(300): mysqli->query('INSERT INTO `detail_sortie` (`created_at`, `deleted_at`, `id_entree`, `id_sortie`, `montant`, `prix_unitaire`, `quantite_pris`, `updated_at`)
VALUES (\'2025-02-10 10:16:08\',NULL,95,20,4752,144,33,\'2024-07-25 03:37:37\'), (\'2025-08-27 18:29:38\',NULL,52,42,68116,1702.9,40,\'2024-11-25 13:46:35\'), (\'2025-09-03 12:55:30\',NULL,86,2,6337,633.7,10,\'2023-11-22 08:26:52\'), (\'2023-10-04 02:57:07\',NULL,81,44,10017,715.5,14,\'2023-05-07 00:02:34\'), (\'2023-03-18 01:52:06\',NULL,77,26,3616,90.4,40,\'2024-07-03 17:59:11\'), (\'2025-04-04 11:17:30\',NULL,40,2,39875.2,1172.8,34,\'2025-09-14 06:04:59\'), (\'2023-05-15 04:06:06\',NULL,91,99,12816,1281.6,10,\'2023-06-08 06:01:02\'), (\'2026-05-17 02:39:07\',NULL,100,1,7529.9,242.9,31,\'2023-09-12 09:29:45\'), (\'2024-05-08 05:50:38\',NULL,21,4,56497.8,1661.7,34,\'2025-07-04 05:02:52\'), (\'2023-04-26 10:20:21\',NULL,46,69,9486,948.6,10,\'2026-01-23 12:21:07\'), (\'2024-02-18 08:14:08\',NULL,86,89,27738,770.5,36,\'2023-08-13 05:50:51\'), (\'2023-11-15 04:00:42\',NULL,82,39,36312,1815.6,20,\'2026-05-01 17:52:33\'), (\'2025-08-25 18:11:25\',NULL,93,4,33031.6,1179.7,28,\'2023-10-23 16:07:07\'), (\'2023-01-15 17:42:53\',NULL,94,53,46910,938.2,50,\'2026-03-27 15:26:45\'), (\'2025-03-19 09:30:57\',NULL,22,53,78945.9,1679.7,47,\'2026-05-23 01:34:11\'), (\'2023-01-26 02:25:49\',NULL,86,81,15562.9,819.1,19,\'2024-10-20 19:07:57\'), (\'2024-09-13 04:13:38\',NULL,95,33,3597.5,719.5,5,\'2025-11-30 20:48:00\'), (\'2026-03-25 18:09:21\',NULL,69,15,41988.1,856.9,49,\'2025-12-31 19:40:02\'), (\'2024-12-02 10:28:19\',NULL,13,15,50878.8,1817.1,28,\'2025-06-03 15:20:45\'), (\'2024-09-17 01:43:16\',NULL,15,98,76116.6,1553.4,49,\'2025-09-24 15:56:32\'), (\'2023-05-30 15:27:36\',NULL,79,46,18027.2,474.4,38,\'2026-05-05 02:34:17\'), (\'2023-06-21 04:49:02\',NULL,63,94,3488.8,71.2,49,\'2024-06-05 03:17:36\'), (\'2026-02-17 08:28:59\',NULL,12,41,50382,1679.4,30,\'2023-01-30 10:09:40\'), (\'2024-11-16 15:37:09\',NULL,43,20,665.1,73.9,9,\'2025-06-25 02:51:42\'), (\'2023-08-16 01:03:12\',NULL,48,64,38073.2,1119.8,34,\'2026-01-10 16:15:14\'), (\'2026-01-29 22:09:54\',NULL,60,23,3896.4,229.2,17,\'2023-09-23 14:36:09\'), (\'2023-10-26 06:09:58\',NULL,40,89,15301.8,1700.2,9,\'2023-01-01 22:45:38\'), (\'2023-09-10 10:03:11\',NULL,90,90,42917.2,1129.4,38,\'2023-12-12 10:31:33\'), (\'2025-01-22 12:56:49\',NULL,51,55,24511.1,1065.7,23,\'2025-06-16 08:21:08\'), (\'2024-09-15 13:33:31\',NULL,40,73,13389.2,608.6,22,\'2024-01-11 20:13:12\'), (\'2023-03-07 17:35:30\',NULL,35,81,83342.4,1736.3,48,\'2025-12-13 17:03:03\'), (\'2026-05-13 02:56:54\',NULL,50,27,6489.6,811.2,8,\'2025-01-17 01:41:46\'), (\'2025-06-21 19:29:39\',NULL,49,47,7772,1554.4,5,\'2024-12-02 07:39:05\'), (\'2025-01-02 00:38:22\',NULL,30,86,14467.5,1607.5,9,\'2023-10-21 20:34:04\'), (\'2024-02-13 14:23:39\',NULL,84,20,22413,1494.2,15,\'2025-01-12 15:34:04\'), (\'2026-04-01 10:40:20\',NULL,22,96,17691.3,1965.7,9,\'2026-02-02 16:41:52\'), (\'2023-01-05 23:38:36\',NULL,97,11,45036,1876.5,24,\'2023-08-19 17:44:31\'), (\'2025-11-28 17:38:51\',NULL,78,90,24661.8,1370.1,18,\'2026-04-20 15:32:18\'), (\'2023-07-31 02:08:08\',NULL,46,43,25408.7,1337.3,19,\'2023-05-25 01:32:46\'), (\'2024-01-26 22:05:05\',NULL,46,52,54743.3,1273.1,43,\'2025-09-25 19:48:30\'), (\'2025-03-16 18:54:02\',NULL,95,76,22484,511,44,\'2023-12-07 07:40:24\'), (\'2025-04-09 17:02:15\',NULL,78,11,13963.3,1074.1,13,\'2025-01-31 15:25:27\'), (\'2023-04-27 10:24:06\',NULL,88,28,12268.2,292.1,42,\'2026-06-15 14:51:01\'), (\'2023-01-16 23:23:08\',NULL,91,34,13842,922.8,15,\'2025-03-29 23:19:25\'), (\'2023-06-01 15:00:54\',NULL,34,24,1297.1,1297.1,1,\'2024-05-14 11:00:05\'), (\'2026-04-15 23:20:07\',NULL,38,4,70641,1503,47,\'2025-01-29 07:34:50\'), (\'2024-08-12 05:57:17\',NULL,41,3,1033,206.6,5,\'2024-03-26 04:11:10\'), (\'2023-11-30 12:47:32\',NULL,56,98,26449.1,645.1,41,\'2024-05-03 06:08:31\'), (\'2025-11-01 10:55:05\',NULL,21,28,29347.2,815.2,36,\'2025-08-18 02:48:26\'), (\'2023-01-11 12:35:15\',NULL,53,80,9235.2,577.2,16,\'2023-11-17 04:02:52\'), (\'2024-02-03 10:22:01\',NULL,3,55,43375.7,1885.9,23,\'2024-10-23 17:24:43\'), (\'2023-02-09 16:01:55\',NULL,3,46,17664,1177.6,15,\'2025-08-04 04:38:51\'), (\'2024-01-10 14:36:03\',NULL,88,38,2955.5,591.1,5,\'2023-09-01 08:30:39\'), (\'2025-03-01 10:07:28\',NULL,55,8,3574.8,132.4,27,\'2026-05-12 15:16:20\'), (\'2026-07-08 01:16:54\',NULL,79,75,31267.2,1954.2,16,\'2024-10-13 03:52:02\'), (\'2024-04-30 17:24:24\',NULL,44,31,13655.2,525.2,26,\'2026-02-15 11:58:50\'), (\'2024-10-29 19:42:55\',NULL,88,67,6754,675.4,10,\'2023-05-30 07:57:29\'), (\'2026-04-03 21:59:02\',NULL,44,14,11475.2,1434.4,8,\'2025-12-02 11:06:50\'), (\'2023-07-24 09:19:11\',NULL,31,74,51493.2,1170.3,44,\'2024-09-14 18:19:12\'), (\'2023-05-16 23:47:40\',NULL,84,23,1162.4,145.3,8,\'2023-09-01 22:53:03\'), (\'2024-05-22 23:52:27\',NULL,73,48,54917.6,1445.2,38,\'2026-01-05 17:30:23\'), (\'2025-05-01 05:31:31\',NULL,98,85,7705.6,1100.8,7,\'2024-02-21 04:41:30\'), (\'2024-06-08 04:11:39\',NULL,19,34,7215.1,313.7,23,\'2025-09-28 16:08:38\'), (\'2025-10-16 21:55:30\',NULL,81,64,20596.8,1287.3,16,\'2024-10-03 10:17:00\'), (\'2026-05-11 05:00:59\',NULL,39,55,23499.2,1236.8,19,\'2025-08-27 15:38:04\'), (\'2023-11-28 23:16:31\',NULL,3,12,42507.5,867.5,49,\'2025-09-17 15:49:17\'), (\'2026-01-20 17:13:27\',NULL,58,17,34022.7,1260.1,27,\'2024-05-26 03:48:41\'), (\'2024-01-18 18:30:40\',NULL,77,14,718.9,718.9,1,\'2023-09-04 19:55:26\'), (\'2025-12-24 15:05:06\',NULL,42,99,28264.6,1087.1,26,\'2023-09-21 15:47:08\'), (\'2025-01-16 08:16:48\',NULL,60,88,37709.7,1795.7,21,\'2025-09-11 01:25:11\'), (\'2023-07-08 15:18:47\',NULL,75,90,56822.4,1183.8,48,\'2025-11-04 08:39:36\'), (\'2025-12-24 22:27:27\',NULL,64,46,5116.3,730.9,7,\'2025-06-16 15:29:37\'), (\'2025-12-22 05:18:56\',NULL,44,2,2010.6,223.4,9,\'2025-11-05 07:11:03\'), (\'2023-02-02 08:03:42\',NULL,53,72,18345.8,1667.8,11,\'2025-12-03 11:42:50\'), (\'2024-12-27 17:51:15\',NULL,44,3,8782,439.1,20,\'2023-10-22 09:50:21\'), (\'2023-03-11 08:12:17\',NULL,77,53,42357,1008.5,42,\'2024-05-19 17:16:54\'), (\'2024-08-05 09:09:44\',NULL,52,14,28999.3,707.3,41,\'2023-03-23 16:33:59\'), (\'2023-04-16 14:57:33\',NULL,51,56,4029.2,1007.3,4,\'2026-03-06 14:27:19\'), (\'2024-10-11 21:20:13\',NULL,32,73,46011.9,1394.3,33,\'2026-03-28 02:58:32\'), (\'2026-02-18 12:47:14\',NULL,56,55,35302.7,1534.9,23,\'2023-01-20 20:06:01\'), (\'2023-09-30 20:25:21\',NULL,9,88,4844.4,1211.1,4,\'2026-03-06 02:00:47\'), (\'2024-08-20 15:57:34\',NULL,31,63,47416.4,1247.8,38,\'2025-12-12 09:53:25\'), (\'2023-05-21 01:05:07\',NULL,96,36,8395.2,466.4,18,\'2025-04-27 11:59:33\'), (\'2025-05-16 20:17:15\',NULL,21,79,10664,1333,8,\'2023-12-25 23:50:31\'), (\'2024-01-21 00:49:37\',NULL,34,71,4923,1641,3,\'2023-11-19 07:18:35\'), (\'2023-06-04 13:09:28\',NULL,16,74,36766.8,1021.3,36,\'2024-01-15 03:56:15\'), (\'2024-08-09 12:02:56\',NULL,4,14,67197,1723,39,\'2023-11-17 04:19:50\'), (\'2023-05-05 19:29:58\',NULL,35,98,48304,1509.5,32,\'2024-09-08 09:44:45\'), (\'2025-09-06 03:44:26\',NULL,38,94,5694,1898,3,\'2024-11-16 03:50:55\'), (\'2025-08-17 12:32:08\',NULL,18,59,23724,593.1,40,\'2023-11-01 22:28:00\'), (\'2023-10-09 10:40:25\',NULL,30,93,41047.8,1109.4,37,\'2023-02-10 00:43:12\'), (\'2025-02-21 15:47:41\',NULL,37,70,47131.6,1002.8,47,\'2024-07-12 21:22:41\'), (\'2024-07-28 19:55:36\',NULL,92,82,45320.8,1618.6,28,\'2023-05-17 01:44:33\'), (\'2023-12-28 23:51:17\',NULL,66,86,12460.8,259.6,48,\'2026-03-16 15:24:05\'), (\'2023-07-03 20:23:49\',NULL,96,55,7731.5,220.9,35,\'2024-09-01 22:26:34\'), (\'2023-09-20 02:40:46\',NULL,21,31,25886.7,528.3,49,\'2026-04-07 01:08:39\'), (\'2026-06-05 18:58:32\',NULL,58,92,340.6,170.3,2,\'2025-02-28 21:16:48\'), (\'2025-11-25 00:44:49\',NULL,29,77,28296,943.2,30,\'2025-06-19 21:59:22\'), (\'2025-07-28 12:22:24\',NULL,53,3,49316.7,1146.9,43,\'2025-01-22 11:52:57\'), (\'2024-03-25 02:09:47\',NULL,39,40,20442.1,704.9,29,\'2023-02-11 23:26:43\')', 0)
 2 SYSTEMPATH\Database\BaseConnection.php(910): CodeIgniter\Database\MySQLi\Connection->execute('INSERT INTO `detail_sortie` (`created_at`, `deleted_at`, `id_entree`, `id_sortie`, `montant`, `prix_unitaire`, `quantite_pris`, `updated_at`)
VALUES (\'2025-02-10 10:16:08\',NULL,95,20,4752,144,33,\'2024-07-25 03:37:37\'), (\'2025-08-27 18:29:38\',NULL,52,42,68116,1702.9,40,\'2024-11-25 13:46:35\'), (\'2025-09-03 12:55:30\',NULL,86,2,6337,633.7,10,\'2023-11-22 08:26:52\'), (\'2023-10-04 02:57:07\',NULL,81,44,10017,715.5,14,\'2023-05-07 00:02:34\'), (\'2023-03-18 01:52:06\',NULL,77,26,3616,90.4,40,\'2024-07-03 17:59:11\'), (\'2025-04-04 11:17:30\',NULL,40,2,39875.2,1172.8,34,\'2025-09-14 06:04:59\'), (\'2023-05-15 04:06:06\',NULL,91,99,12816,1281.6,10,\'2023-06-08 06:01:02\'), (\'2026-05-17 02:39:07\',NULL,100,1,7529.9,242.9,31,\'2023-09-12 09:29:45\'), (\'2024-05-08 05:50:38\',NULL,21,4,56497.8,1661.7,34,\'2025-07-04 05:02:52\'), (\'2023-04-26 10:20:21\',NULL,46,69,9486,948.6,10,\'2026-01-23 12:21:07\'), (\'2024-02-18 08:14:08\',NULL,86,89,27738,770.5,36,\'2023-08-13 05:50:51\'), (\'2023-11-15 04:00:42\',NULL,82,39,36312,1815.6,20,\'2026-05-01 17:52:33\'), (\'2025-08-25 18:11:25\',NULL,93,4,33031.6,1179.7,28,\'2023-10-23 16:07:07\'), (\'2023-01-15 17:42:53\',NULL,94,53,46910,938.2,50,\'2026-03-27 15:26:45\'), (\'2025-03-19 09:30:57\',NULL,22,53,78945.9,1679.7,47,\'2026-05-23 01:34:11\'), (\'2023-01-26 02:25:49\',NULL,86,81,15562.9,819.1,19,\'2024-10-20 19:07:57\'), (\'2024-09-13 04:13:38\',NULL,95,33,3597.5,719.5,5,\'2025-11-30 20:48:00\'), (\'2026-03-25 18:09:21\',NULL,69,15,41988.1,856.9,49,\'2025-12-31 19:40:02\'), (\'2024-12-02 10:28:19\',NULL,13,15,50878.8,1817.1,28,\'2025-06-03 15:20:45\'), (\'2024-09-17 01:43:16\',NULL,15,98,76116.6,1553.4,49,\'2025-09-24 15:56:32\'), (\'2023-05-30 15:27:36\',NULL,79,46,18027.2,474.4,38,\'2026-05-05 02:34:17\'), (\'2023-06-21 04:49:02\',NULL,63,94,3488.8,71.2,49,\'2024-06-05 03:17:36\'), (\'2026-02-17 08:28:59\',NULL,12,41,50382,1679.4,30,\'2023-01-30 10:09:40\'), (\'2024-11-16 15:37:09\',NULL,43,20,665.1,73.9,9,\'2025-06-25 02:51:42\'), (\'2023-08-16 01:03:12\',NULL,48,64,38073.2,1119.8,34,\'2026-01-10 16:15:14\'), (\'2026-01-29 22:09:54\',NULL,60,23,3896.4,229.2,17,\'2023-09-23 14:36:09\'), (\'2023-10-26 06:09:58\',NULL,40,89,15301.8,1700.2,9,\'2023-01-01 22:45:38\'), (\'2023-09-10 10:03:11\',NULL,90,90,42917.2,1129.4,38,\'2023-12-12 10:31:33\'), (\'2025-01-22 12:56:49\',NULL,51,55,24511.1,1065.7,23,\'2025-06-16 08:21:08\'), (\'2024-09-15 13:33:31\',NULL,40,73,13389.2,608.6,22,\'2024-01-11 20:13:12\'), (\'2023-03-07 17:35:30\',NULL,35,81,83342.4,1736.3,48,\'2025-12-13 17:03:03\'), (\'2026-05-13 02:56:54\',NULL,50,27,6489.6,811.2,8,\'2025-01-17 01:41:46\'), (\'2025-06-21 19:29:39\',NULL,49,47,7772,1554.4,5,\'2024-12-02 07:39:05\'), (\'2025-01-02 00:38:22\',NULL,30,86,14467.5,1607.5,9,\'2023-10-21 20:34:04\'), (\'2024-02-13 14:23:39\',NULL,84,20,22413,1494.2,15,\'2025-01-12 15:34:04\'), (\'2026-04-01 10:40:20\',NULL,22,96,17691.3,1965.7,9,\'2026-02-02 16:41:52\'), (\'2023-01-05 23:38:36\',NULL,97,11,45036,1876.5,24,\'2023-08-19 17:44:31\'), (\'2025-11-28 17:38:51\',NULL,78,90,24661.8,1370.1,18,\'2026-04-20 15:32:18\'), (\'2023-07-31 02:08:08\',NULL,46,43,25408.7,1337.3,19,\'2023-05-25 01:32:46\'), (\'2024-01-26 22:05:05\',NULL,46,52,54743.3,1273.1,43,\'2025-09-25 19:48:30\'), (\'2025-03-16 18:54:02\',NULL,95,76,22484,511,44,\'2023-12-07 07:40:24\'), (\'2025-04-09 17:02:15\',NULL,78,11,13963.3,1074.1,13,\'2025-01-31 15:25:27\'), (\'2023-04-27 10:24:06\',NULL,88,28,12268.2,292.1,42,\'2026-06-15 14:51:01\'), (\'2023-01-16 23:23:08\',NULL,91,34,13842,922.8,15,\'2025-03-29 23:19:25\'), (\'2023-06-01 15:00:54\',NULL,34,24,1297.1,1297.1,1,\'2024-05-14 11:00:05\'), (\'2026-04-15 23:20:07\',NULL,38,4,70641,1503,47,\'2025-01-29 07:34:50\'), (\'2024-08-12 05:57:17\',NULL,41,3,1033,206.6,5,\'2024-03-26 04:11:10\'), (\'2023-11-30 12:47:32\',NULL,56,98,26449.1,645.1,41,\'2024-05-03 06:08:31\'), (\'2025-11-01 10:55:05\',NULL,21,28,29347.2,815.2,36,\'2025-08-18 02:48:26\'), (\'2023-01-11 12:35:15\',NULL,53,80,9235.2,577.2,16,\'2023-11-17 04:02:52\'), (\'2024-02-03 10:22:01\',NULL,3,55,43375.7,1885.9,23,\'2024-10-23 17:24:43\'), (\'2023-02-09 16:01:55\',NULL,3,46,17664,1177.6,15,\'2025-08-04 04:38:51\'), (\'2024-01-10 14:36:03\',NULL,88,38,2955.5,591.1,5,\'2023-09-01 08:30:39\'), (\'2025-03-01 10:07:28\',NULL,55,8,3574.8,132.4,27,\'2026-05-12 15:16:20\'), (\'2026-07-08 01:16:54\',NULL,79,75,31267.2,1954.2,16,\'2024-10-13 03:52:02\'), (\'2024-04-30 17:24:24\',NULL,44,31,13655.2,525.2,26,\'2026-02-15 11:58:50\'), (\'2024-10-29 19:42:55\',NULL,88,67,6754,675.4,10,\'2023-05-30 07:57:29\'), (\'2026-04-03 21:59:02\',NULL,44,14,11475.2,1434.4,8,\'2025-12-02 11:06:50\'), (\'2023-07-24 09:19:11\',NULL,31,74,51493.2,1170.3,44,\'2024-09-14 18:19:12\'), (\'2023-05-16 23:47:40\',NULL,84,23,1162.4,145.3,8,\'2023-09-01 22:53:03\'), (\'2024-05-22 23:52:27\',NULL,73,48,54917.6,1445.2,38,\'2026-01-05 17:30:23\'), (\'2025-05-01 05:31:31\',NULL,98,85,7705.6,1100.8,7,\'2024-02-21 04:41:30\'), (\'2024-06-08 04:11:39\',NULL,19,34,7215.1,313.7,23,\'2025-09-28 16:08:38\'), (\'2025-10-16 21:55:30\',NULL,81,64,20596.8,1287.3,16,\'2024-10-03 10:17:00\'), (\'2026-05-11 05:00:59\',NULL,39,55,23499.2,1236.8,19,\'2025-08-27 15:38:04\'), (\'2023-11-28 23:16:31\',NULL,3,12,42507.5,867.5,49,\'2025-09-17 15:49:17\'), (\'2026-01-20 17:13:27\',NULL,58,17,34022.7,1260.1,27,\'2024-05-26 03:48:41\'), (\'2024-01-18 18:30:40\',NULL,77,14,718.9,718.9,1,\'2023-09-04 19:55:26\'), (\'2025-12-24 15:05:06\',NULL,42,99,28264.6,1087.1,26,\'2023-09-21 15:47:08\'), (\'2025-01-16 08:16:48\',NULL,60,88,37709.7,1795.7,21,\'2025-09-11 01:25:11\'), (\'2023-07-08 15:18:47\',NULL,75,90,56822.4,1183.8,48,\'2025-11-04 08:39:36\'), (\'2025-12-24 22:27:27\',NULL,64,46,5116.3,730.9,7,\'2025-06-16 15:29:37\'), (\'2025-12-22 05:18:56\',NULL,44,2,2010.6,223.4,9,\'2025-11-05 07:11:03\'), (\'2023-02-02 08:03:42\',NULL,53,72,18345.8,1667.8,11,\'2025-12-03 11:42:50\'), (\'2024-12-27 17:51:15\',NULL,44,3,8782,439.1,20,\'2023-10-22 09:50:21\'), (\'2023-03-11 08:12:17\',NULL,77,53,42357,1008.5,42,\'2024-05-19 17:16:54\'), (\'2024-08-05 09:09:44\',NULL,52,14,28999.3,707.3,41,\'2023-03-23 16:33:59\'), (\'2023-04-16 14:57:33\',NULL,51,56,4029.2,1007.3,4,\'2026-03-06 14:27:19\'), (\'2024-10-11 21:20:13\',NULL,32,73,46011.9,1394.3,33,\'2026-03-28 02:58:32\'), (\'2026-02-18 12:47:14\',NULL,56,55,35302.7,1534.9,23,\'2023-01-20 20:06:01\'), (\'2023-09-30 20:25:21\',NULL,9,88,4844.4,1211.1,4,\'2026-03-06 02:00:47\'), (\'2024-08-20 15:57:34\',NULL,31,63,47416.4,1247.8,38,\'2025-12-12 09:53:25\'), (\'2023-05-21 01:05:07\',NULL,96,36,8395.2,466.4,18,\'2025-04-27 11:59:33\'), (\'2025-05-16 20:17:15\',NULL,21,79,10664,1333,8,\'2023-12-25 23:50:31\'), (\'2024-01-21 00:49:37\',NULL,34,71,4923,1641,3,\'2023-11-19 07:18:35\'), (\'2023-06-04 13:09:28\',NULL,16,74,36766.8,1021.3,36,\'2024-01-15 03:56:15\'), (\'2024-08-09 12:02:56\',NULL,4,14,67197,1723,39,\'2023-11-17 04:19:50\'), (\'2023-05-05 19:29:58\',NULL,35,98,48304,1509.5,32,\'2024-09-08 09:44:45\'), (\'2025-09-06 03:44:26\',NULL,38,94,5694,1898,3,\'2024-11-16 03:50:55\'), (\'2025-08-17 12:32:08\',NULL,18,59,23724,593.1,40,\'2023-11-01 22:28:00\'), (\'2023-10-09 10:40:25\',NULL,30,93,41047.8,1109.4,37,\'2023-02-10 00:43:12\'), (\'2025-02-21 15:47:41\',NULL,37,70,47131.6,1002.8,47,\'2024-07-12 21:22:41\'), (\'2024-07-28 19:55:36\',NULL,92,82,45320.8,1618.6,28,\'2023-05-17 01:44:33\'), (\'2023-12-28 23:51:17\',NULL,66,86,12460.8,259.6,48,\'2026-03-16 15:24:05\'), (\'2023-07-03 20:23:49\',NULL,96,55,7731.5,220.9,35,\'2024-09-01 22:26:34\'), (\'2023-09-20 02:40:46\',NULL,21,31,25886.7,528.3,49,\'2026-04-07 01:08:39\'), (\'2026-06-05 18:58:32\',NULL,58,92,340.6,170.3,2,\'2025-02-28 21:16:48\'), (\'2025-11-25 00:44:49\',NULL,29,77,28296,943.2,30,\'2025-06-19 21:59:22\'), (\'2025-07-28 12:22:24\',NULL,53,3,49316.7,1146.9,43,\'2025-01-22 11:52:57\'), (\'2024-03-25 02:09:47\',NULL,39,40,20442.1,704.9,29,\'2023-02-11 23:26:43\')')
 3 SYSTEMPATH\Database\BaseConnection.php(827): CodeIgniter\Database\BaseConnection->simpleQuery('INSERT INTO `detail_sortie` (`created_at`, `deleted_at`, `id_entree`, `id_sortie`, `montant`, `prix_unitaire`, `quantite_pris`, `updated_at`)
VALUES (\'2025-02-10 10:16:08\',NULL,95,20,4752,144,33,\'2024-07-25 03:37:37\'), (\'2025-08-27 18:29:38\',NULL,52,42,68116,1702.9,40,\'2024-11-25 13:46:35\'), (\'2025-09-03 12:55:30\',NULL,86,2,6337,633.7,10,\'2023-11-22 08:26:52\'), (\'2023-10-04 02:57:07\',NULL,81,44,10017,715.5,14,\'2023-05-07 00:02:34\'), (\'2023-03-18 01:52:06\',NULL,77,26,3616,90.4,40,\'2024-07-03 17:59:11\'), (\'2025-04-04 11:17:30\',NULL,40,2,39875.2,1172.8,34,\'2025-09-14 06:04:59\'), (\'2023-05-15 04:06:06\',NULL,91,99,12816,1281.6,10,\'2023-06-08 06:01:02\'), (\'2026-05-17 02:39:07\',NULL,100,1,7529.9,242.9,31,\'2023-09-12 09:29:45\'), (\'2024-05-08 05:50:38\',NULL,21,4,56497.8,1661.7,34,\'2025-07-04 05:02:52\'), (\'2023-04-26 10:20:21\',NULL,46,69,9486,948.6,10,\'2026-01-23 12:21:07\'), (\'2024-02-18 08:14:08\',NULL,86,89,27738,770.5,36,\'2023-08-13 05:50:51\'), (\'2023-11-15 04:00:42\',NULL,82,39,36312,1815.6,20,\'2026-05-01 17:52:33\'), (\'2025-08-25 18:11:25\',NULL,93,4,33031.6,1179.7,28,\'2023-10-23 16:07:07\'), (\'2023-01-15 17:42:53\',NULL,94,53,46910,938.2,50,\'2026-03-27 15:26:45\'), (\'2025-03-19 09:30:57\',NULL,22,53,78945.9,1679.7,47,\'2026-05-23 01:34:11\'), (\'2023-01-26 02:25:49\',NULL,86,81,15562.9,819.1,19,\'2024-10-20 19:07:57\'), (\'2024-09-13 04:13:38\',NULL,95,33,3597.5,719.5,5,\'2025-11-30 20:48:00\'), (\'2026-03-25 18:09:21\',NULL,69,15,41988.1,856.9,49,\'2025-12-31 19:40:02\'), (\'2024-12-02 10:28:19\',NULL,13,15,50878.8,1817.1,28,\'2025-06-03 15:20:45\'), (\'2024-09-17 01:43:16\',NULL,15,98,76116.6,1553.4,49,\'2025-09-24 15:56:32\'), (\'2023-05-30 15:27:36\',NULL,79,46,18027.2,474.4,38,\'2026-05-05 02:34:17\'), (\'2023-06-21 04:49:02\',NULL,63,94,3488.8,71.2,49,\'2024-06-05 03:17:36\'), (\'2026-02-17 08:28:59\',NULL,12,41,50382,1679.4,30,\'2023-01-30 10:09:40\'), (\'2024-11-16 15:37:09\',NULL,43,20,665.1,73.9,9,\'2025-06-25 02:51:42\'), (\'2023-08-16 01:03:12\',NULL,48,64,38073.2,1119.8,34,\'2026-01-10 16:15:14\'), (\'2026-01-29 22:09:54\',NULL,60,23,3896.4,229.2,17,\'2023-09-23 14:36:09\'), (\'2023-10-26 06:09:58\',NULL,40,89,15301.8,1700.2,9,\'2023-01-01 22:45:38\'), (\'2023-09-10 10:03:11\',NULL,90,90,42917.2,1129.4,38,\'2023-12-12 10:31:33\'), (\'2025-01-22 12:56:49\',NULL,51,55,24511.1,1065.7,23,\'2025-06-16 08:21:08\'), (\'2024-09-15 13:33:31\',NULL,40,73,13389.2,608.6,22,\'2024-01-11 20:13:12\'), (\'2023-03-07 17:35:30\',NULL,35,81,83342.4,1736.3,48,\'2025-12-13 17:03:03\'), (\'2026-05-13 02:56:54\',NULL,50,27,6489.6,811.2,8,\'2025-01-17 01:41:46\'), (\'2025-06-21 19:29:39\',NULL,49,47,7772,1554.4,5,\'2024-12-02 07:39:05\'), (\'2025-01-02 00:38:22\',NULL,30,86,14467.5,1607.5,9,\'2023-10-21 20:34:04\'), (\'2024-02-13 14:23:39\',NULL,84,20,22413,1494.2,15,\'2025-01-12 15:34:04\'), (\'2026-04-01 10:40:20\',NULL,22,96,17691.3,1965.7,9,\'2026-02-02 16:41:52\'), (\'2023-01-05 23:38:36\',NULL,97,11,45036,1876.5,24,\'2023-08-19 17:44:31\'), (\'2025-11-28 17:38:51\',NULL,78,90,24661.8,1370.1,18,\'2026-04-20 15:32:18\'), (\'2023-07-31 02:08:08\',NULL,46,43,25408.7,1337.3,19,\'2023-05-25 01:32:46\'), (\'2024-01-26 22:05:05\',NULL,46,52,54743.3,1273.1,43,\'2025-09-25 19:48:30\'), (\'2025-03-16 18:54:02\',NULL,95,76,22484,511,44,\'2023-12-07 07:40:24\'), (\'2025-04-09 17:02:15\',NULL,78,11,13963.3,1074.1,13,\'2025-01-31 15:25:27\'), (\'2023-04-27 10:24:06\',NULL,88,28,12268.2,292.1,42,\'2026-06-15 14:51:01\'), (\'2023-01-16 23:23:08\',NULL,91,34,13842,922.8,15,\'2025-03-29 23:19:25\'), (\'2023-06-01 15:00:54\',NULL,34,24,1297.1,1297.1,1,\'2024-05-14 11:00:05\'), (\'2026-04-15 23:20:07\',NULL,38,4,70641,1503,47,\'2025-01-29 07:34:50\'), (\'2024-08-12 05:57:17\',NULL,41,3,1033,206.6,5,\'2024-03-26 04:11:10\'), (\'2023-11-30 12:47:32\',NULL,56,98,26449.1,645.1,41,\'2024-05-03 06:08:31\'), (\'2025-11-01 10:55:05\',NULL,21,28,29347.2,815.2,36,\'2025-08-18 02:48:26\'), (\'2023-01-11 12:35:15\',NULL,53,80,9235.2,577.2,16,\'2023-11-17 04:02:52\'), (\'2024-02-03 10:22:01\',NULL,3,55,43375.7,1885.9,23,\'2024-10-23 17:24:43\'), (\'2023-02-09 16:01:55\',NULL,3,46,17664,1177.6,15,\'2025-08-04 04:38:51\'), (\'2024-01-10 14:36:03\',NULL,88,38,2955.5,591.1,5,\'2023-09-01 08:30:39\'), (\'2025-03-01 10:07:28\',NULL,55,8,3574.8,132.4,27,\'2026-05-12 15:16:20\'), (\'2026-07-08 01:16:54\',NULL,79,75,31267.2,1954.2,16,\'2024-10-13 03:52:02\'), (\'2024-04-30 17:24:24\',NULL,44,31,13655.2,525.2,26,\'2026-02-15 11:58:50\'), (\'2024-10-29 19:42:55\',NULL,88,67,6754,675.4,10,\'2023-05-30 07:57:29\'), (\'2026-04-03 21:59:02\',NULL,44,14,11475.2,1434.4,8,\'2025-12-02 11:06:50\'), (\'2023-07-24 09:19:11\',NULL,31,74,51493.2,1170.3,44,\'2024-09-14 18:19:12\'), (\'2023-05-16 23:47:40\',NULL,84,23,1162.4,145.3,8,\'2023-09-01 22:53:03\'), (\'2024-05-22 23:52:27\',NULL,73,48,54917.6,1445.2,38,\'2026-01-05 17:30:23\'), (\'2025-05-01 05:31:31\',NULL,98,85,7705.6,1100.8,7,\'2024-02-21 04:41:30\'), (\'2024-06-08 04:11:39\',NULL,19,34,7215.1,313.7,23,\'2025-09-28 16:08:38\'), (\'2025-10-16 21:55:30\',NULL,81,64,20596.8,1287.3,16,\'2024-10-03 10:17:00\'), (\'2026-05-11 05:00:59\',NULL,39,55,23499.2,1236.8,19,\'2025-08-27 15:38:04\'), (\'2023-11-28 23:16:31\',NULL,3,12,42507.5,867.5,49,\'2025-09-17 15:49:17\'), (\'2026-01-20 17:13:27\',NULL,58,17,34022.7,1260.1,27,\'2024-05-26 03:48:41\'), (\'2024-01-18 18:30:40\',NULL,77,14,718.9,718.9,1,\'2023-09-04 19:55:26\'), (\'2025-12-24 15:05:06\',NULL,42,99,28264.6,1087.1,26,\'2023-09-21 15:47:08\'), (\'2025-01-16 08:16:48\',NULL,60,88,37709.7,1795.7,21,\'2025-09-11 01:25:11\'), (\'2023-07-08 15:18:47\',NULL,75,90,56822.4,1183.8,48,\'2025-11-04 08:39:36\'), (\'2025-12-24 22:27:27\',NULL,64,46,5116.3,730.9,7,\'2025-06-16 15:29:37\'), (\'2025-12-22 05:18:56\',NULL,44,2,2010.6,223.4,9,\'2025-11-05 07:11:03\'), (\'2023-02-02 08:03:42\',NULL,53,72,18345.8,1667.8,11,\'2025-12-03 11:42:50\'), (\'2024-12-27 17:51:15\',NULL,44,3,8782,439.1,20,\'2023-10-22 09:50:21\'), (\'2023-03-11 08:12:17\',NULL,77,53,42357,1008.5,42,\'2024-05-19 17:16:54\'), (\'2024-08-05 09:09:44\',NULL,52,14,28999.3,707.3,41,\'2023-03-23 16:33:59\'), (\'2023-04-16 14:57:33\',NULL,51,56,4029.2,1007.3,4,\'2026-03-06 14:27:19\'), (\'2024-10-11 21:20:13\',NULL,32,73,46011.9,1394.3,33,\'2026-03-28 02:58:32\'), (\'2026-02-18 12:47:14\',NULL,56,55,35302.7,1534.9,23,\'2023-01-20 20:06:01\'), (\'2023-09-30 20:25:21\',NULL,9,88,4844.4,1211.1,4,\'2026-03-06 02:00:47\'), (\'2024-08-20 15:57:34\',NULL,31,63,47416.4,1247.8,38,\'2025-12-12 09:53:25\'), (\'2023-05-21 01:05:07\',NULL,96,36,8395.2,466.4,18,\'2025-04-27 11:59:33\'), (\'2025-05-16 20:17:15\',NULL,21,79,10664,1333,8,\'2023-12-25 23:50:31\'), (\'2024-01-21 00:49:37\',NULL,34,71,4923,1641,3,\'2023-11-19 07:18:35\'), (\'2023-06-04 13:09:28\',NULL,16,74,36766.8,1021.3,36,\'2024-01-15 03:56:15\'), (\'2024-08-09 12:02:56\',NULL,4,14,67197,1723,39,\'2023-11-17 04:19:50\'), (\'2023-05-05 19:29:58\',NULL,35,98,48304,1509.5,32,\'2024-09-08 09:44:45\'), (\'2025-09-06 03:44:26\',NULL,38,94,5694,1898,3,\'2024-11-16 03:50:55\'), (\'2025-08-17 12:32:08\',NULL,18,59,23724,593.1,40,\'2023-11-01 22:28:00\'), (\'2023-10-09 10:40:25\',NULL,30,93,41047.8,1109.4,37,\'2023-02-10 00:43:12\'), (\'2025-02-21 15:47:41\',NULL,37,70,47131.6,1002.8,47,\'2024-07-12 21:22:41\'), (\'2024-07-28 19:55:36\',NULL,92,82,45320.8,1618.6,28,\'2023-05-17 01:44:33\'), (\'2023-12-28 23:51:17\',NULL,66,86,12460.8,259.6,48,\'2026-03-16 15:24:05\'), (\'2023-07-03 20:23:49\',NULL,96,55,7731.5,220.9,35,\'2024-09-01 22:26:34\'), (\'2023-09-20 02:40:46\',NULL,21,31,25886.7,528.3,49,\'2026-04-07 01:08:39\'), (\'2026-06-05 18:58:32\',NULL,58,92,340.6,170.3,2,\'2025-02-28 21:16:48\'), (\'2025-11-25 00:44:49\',NULL,29,77,28296,943.2,30,\'2025-06-19 21:59:22\'), (\'2025-07-28 12:22:24\',NULL,53,3,49316.7,1146.9,43,\'2025-01-22 11:52:57\'), (\'2024-03-25 02:09:47\',NULL,39,40,20442.1,704.9,29,\'2023-02-11 23:26:43\')')
 4 SYSTEMPATH\Database\BaseBuilder.php(1841): CodeIgniter\Database\BaseConnection->query('INSERT INTO `detail_sortie` (`created_at`, `deleted_at`, `id_entree`, `id_sortie`, `montant`, `prix_unitaire`, `quantite_pris`, `updated_at`)
VALUES (\'2025-02-10 10:16:08\',NULL,95,20,4752,144,33,\'2024-07-25 03:37:37\'), (\'2025-08-27 18:29:38\',NULL,52,42,68116,1702.9,40,\'2024-11-25 13:46:35\'), (\'2025-09-03 12:55:30\',NULL,86,2,6337,633.7,10,\'2023-11-22 08:26:52\'), (\'2023-10-04 02:57:07\',NULL,81,44,10017,715.5,14,\'2023-05-07 00:02:34\'), (\'2023-03-18 01:52:06\',NULL,77,26,3616,90.4,40,\'2024-07-03 17:59:11\'), (\'2025-04-04 11:17:30\',NULL,40,2,39875.2,1172.8,34,\'2025-09-14 06:04:59\'), (\'2023-05-15 04:06:06\',NULL,91,99,12816,1281.6,10,\'2023-06-08 06:01:02\'), (\'2026-05-17 02:39:07\',NULL,100,1,7529.9,242.9,31,\'2023-09-12 09:29:45\'), (\'2024-05-08 05:50:38\',NULL,21,4,56497.8,1661.7,34,\'2025-07-04 05:02:52\'), (\'2023-04-26 10:20:21\',NULL,46,69,9486,948.6,10,\'2026-01-23 12:21:07\'), (\'2024-02-18 08:14:08\',NULL,86,89,27738,770.5,36,\'2023-08-13 05:50:51\'), (\'2023-11-15 04:00:42\',NULL,82,39,36312,1815.6,20,\'2026-05-01 17:52:33\'), (\'2025-08-25 18:11:25\',NULL,93,4,33031.6,1179.7,28,\'2023-10-23 16:07:07\'), (\'2023-01-15 17:42:53\',NULL,94,53,46910,938.2,50,\'2026-03-27 15:26:45\'), (\'2025-03-19 09:30:57\',NULL,22,53,78945.9,1679.7,47,\'2026-05-23 01:34:11\'), (\'2023-01-26 02:25:49\',NULL,86,81,15562.9,819.1,19,\'2024-10-20 19:07:57\'), (\'2024-09-13 04:13:38\',NULL,95,33,3597.5,719.5,5,\'2025-11-30 20:48:00\'), (\'2026-03-25 18:09:21\',NULL,69,15,41988.1,856.9,49,\'2025-12-31 19:40:02\'), (\'2024-12-02 10:28:19\',NULL,13,15,50878.8,1817.1,28,\'2025-06-03 15:20:45\'), (\'2024-09-17 01:43:16\',NULL,15,98,76116.6,1553.4,49,\'2025-09-24 15:56:32\'), (\'2023-05-30 15:27:36\',NULL,79,46,18027.2,474.4,38,\'2026-05-05 02:34:17\'), (\'2023-06-21 04:49:02\',NULL,63,94,3488.8,71.2,49,\'2024-06-05 03:17:36\'), (\'2026-02-17 08:28:59\',NULL,12,41,50382,1679.4,30,\'2023-01-30 10:09:40\'), (\'2024-11-16 15:37:09\',NULL,43,20,665.1,73.9,9,\'2025-06-25 02:51:42\'), (\'2023-08-16 01:03:12\',NULL,48,64,38073.2,1119.8,34,\'2026-01-10 16:15:14\'), (\'2026-01-29 22:09:54\',NULL,60,23,3896.4,229.2,17,\'2023-09-23 14:36:09\'), (\'2023-10-26 06:09:58\',NULL,40,89,15301.8,1700.2,9,\'2023-01-01 22:45:38\'), (\'2023-09-10 10:03:11\',NULL,90,90,42917.2,1129.4,38,\'2023-12-12 10:31:33\'), (\'2025-01-22 12:56:49\',NULL,51,55,24511.1,1065.7,23,\'2025-06-16 08:21:08\'), (\'2024-09-15 13:33:31\',NULL,40,73,13389.2,608.6,22,\'2024-01-11 20:13:12\'), (\'2023-03-07 17:35:30\',NULL,35,81,83342.4,1736.3,48,\'2025-12-13 17:03:03\'), (\'2026-05-13 02:56:54\',NULL,50,27,6489.6,811.2,8,\'2025-01-17 01:41:46\'), (\'2025-06-21 19:29:39\',NULL,49,47,7772,1554.4,5,\'2024-12-02 07:39:05\'), (\'2025-01-02 00:38:22\',NULL,30,86,14467.5,1607.5,9,\'2023-10-21 20:34:04\'), (\'2024-02-13 14:23:39\',NULL,84,20,22413,1494.2,15,\'2025-01-12 15:34:04\'), (\'2026-04-01 10:40:20\',NULL,22,96,17691.3,1965.7,9,\'2026-02-02 16:41:52\'), (\'2023-01-05 23:38:36\',NULL,97,11,45036,1876.5,24,\'2023-08-19 17:44:31\'), (\'2025-11-28 17:38:51\',NULL,78,90,24661.8,1370.1,18,\'2026-04-20 15:32:18\'), (\'2023-07-31 02:08:08\',NULL,46,43,25408.7,1337.3,19,\'2023-05-25 01:32:46\'), (\'2024-01-26 22:05:05\',NULL,46,52,54743.3,1273.1,43,\'2025-09-25 19:48:30\'), (\'2025-03-16 18:54:02\',NULL,95,76,22484,511,44,\'2023-12-07 07:40:24\'), (\'2025-04-09 17:02:15\',NULL,78,11,13963.3,1074.1,13,\'2025-01-31 15:25:27\'), (\'2023-04-27 10:24:06\',NULL,88,28,12268.2,292.1,42,\'2026-06-15 14:51:01\'), (\'2023-01-16 23:23:08\',NULL,91,34,13842,922.8,15,\'2025-03-29 23:19:25\'), (\'2023-06-01 15:00:54\',NULL,34,24,1297.1,1297.1,1,\'2024-05-14 11:00:05\'), (\'2026-04-15 23:20:07\',NULL,38,4,70641,1503,47,\'2025-01-29 07:34:50\'), (\'2024-08-12 05:57:17\',NULL,41,3,1033,206.6,5,\'2024-03-26 04:11:10\'), (\'2023-11-30 12:47:32\',NULL,56,98,26449.1,645.1,41,\'2024-05-03 06:08:31\'), (\'2025-11-01 10:55:05\',NULL,21,28,29347.2,815.2,36,\'2025-08-18 02:48:26\'), (\'2023-01-11 12:35:15\',NULL,53,80,9235.2,577.2,16,\'2023-11-17 04:02:52\'), (\'2024-02-03 10:22:01\',NULL,3,55,43375.7,1885.9,23,\'2024-10-23 17:24:43\'), (\'2023-02-09 16:01:55\',NULL,3,46,17664,1177.6,15,\'2025-08-04 04:38:51\'), (\'2024-01-10 14:36:03\',NULL,88,38,2955.5,591.1,5,\'2023-09-01 08:30:39\'), (\'2025-03-01 10:07:28\',NULL,55,8,3574.8,132.4,27,\'2026-05-12 15:16:20\'), (\'2026-07-08 01:16:54\',NULL,79,75,31267.2,1954.2,16,\'2024-10-13 03:52:02\'), (\'2024-04-30 17:24:24\',NULL,44,31,13655.2,525.2,26,\'2026-02-15 11:58:50\'), (\'2024-10-29 19:42:55\',NULL,88,67,6754,675.4,10,\'2023-05-30 07:57:29\'), (\'2026-04-03 21:59:02\',NULL,44,14,11475.2,1434.4,8,\'2025-12-02 11:06:50\'), (\'2023-07-24 09:19:11\',NULL,31,74,51493.2,1170.3,44,\'2024-09-14 18:19:12\'), (\'2023-05-16 23:47:40\',NULL,84,23,1162.4,145.3,8,\'2023-09-01 22:53:03\'), (\'2024-05-22 23:52:27\',NULL,73,48,54917.6,1445.2,38,\'2026-01-05 17:30:23\'), (\'2025-05-01 05:31:31\',NULL,98,85,7705.6,1100.8,7,\'2024-02-21 04:41:30\'), (\'2024-06-08 04:11:39\',NULL,19,34,7215.1,313.7,23,\'2025-09-28 16:08:38\'), (\'2025-10-16 21:55:30\',NULL,81,64,20596.8,1287.3,16,\'2024-10-03 10:17:00\'), (\'2026-05-11 05:00:59\',NULL,39,55,23499.2,1236.8,19,\'2025-08-27 15:38:04\'), (\'2023-11-28 23:16:31\',NULL,3,12,42507.5,867.5,49,\'2025-09-17 15:49:17\'), (\'2026-01-20 17:13:27\',NULL,58,17,34022.7,1260.1,27,\'2024-05-26 03:48:41\'), (\'2024-01-18 18:30:40\',NULL,77,14,718.9,718.9,1,\'2023-09-04 19:55:26\'), (\'2025-12-24 15:05:06\',NULL,42,99,28264.6,1087.1,26,\'2023-09-21 15:47:08\'), (\'2025-01-16 08:16:48\',NULL,60,88,37709.7,1795.7,21,\'2025-09-11 01:25:11\'), (\'2023-07-08 15:18:47\',NULL,75,90,56822.4,1183.8,48,\'2025-11-04 08:39:36\'), (\'2025-12-24 22:27:27\',NULL,64,46,5116.3,730.9,7,\'2025-06-16 15:29:37\'), (\'2025-12-22 05:18:56\',NULL,44,2,2010.6,223.4,9,\'2025-11-05 07:11:03\'), (\'2023-02-02 08:03:42\',NULL,53,72,18345.8,1667.8,11,\'2025-12-03 11:42:50\'), (\'2024-12-27 17:51:15\',NULL,44,3,8782,439.1,20,\'2023-10-22 09:50:21\'), (\'2023-03-11 08:12:17\',NULL,77,53,42357,1008.5,42,\'2024-05-19 17:16:54\'), (\'2024-08-05 09:09:44\',NULL,52,14,28999.3,707.3,41,\'2023-03-23 16:33:59\'), (\'2023-04-16 14:57:33\',NULL,51,56,4029.2,1007.3,4,\'2026-03-06 14:27:19\'), (\'2024-10-11 21:20:13\',NULL,32,73,46011.9,1394.3,33,\'2026-03-28 02:58:32\'), (\'2026-02-18 12:47:14\',NULL,56,55,35302.7,1534.9,23,\'2023-01-20 20:06:01\'), (\'2023-09-30 20:25:21\',NULL,9,88,4844.4,1211.1,4,\'2026-03-06 02:00:47\'), (\'2024-08-20 15:57:34\',NULL,31,63,47416.4,1247.8,38,\'2025-12-12 09:53:25\'), (\'2023-05-21 01:05:07\',NULL,96,36,8395.2,466.4,18,\'2025-04-27 11:59:33\'), (\'2025-05-16 20:17:15\',NULL,21,79,10664,1333,8,\'2023-12-25 23:50:31\'), (\'2024-01-21 00:49:37\',NULL,34,71,4923,1641,3,\'2023-11-19 07:18:35\'), (\'2023-06-04 13:09:28\',NULL,16,74,36766.8,1021.3,36,\'2024-01-15 03:56:15\'), (\'2024-08-09 12:02:56\',NULL,4,14,67197,1723,39,\'2023-11-17 04:19:50\'), (\'2023-05-05 19:29:58\',NULL,35,98,48304,1509.5,32,\'2024-09-08 09:44:45\'), (\'2025-09-06 03:44:26\',NULL,38,94,5694,1898,3,\'2024-11-16 03:50:55\'), (\'2025-08-17 12:32:08\',NULL,18,59,23724,593.1,40,\'2023-11-01 22:28:00\'), (\'2023-10-09 10:40:25\',NULL,30,93,41047.8,1109.4,37,\'2023-02-10 00:43:12\'), (\'2025-02-21 15:47:41\',NULL,37,70,47131.6,1002.8,47,\'2024-07-12 21:22:41\'), (\'2024-07-28 19:55:36\',NULL,92,82,45320.8,1618.6,28,\'2023-05-17 01:44:33\'), (\'2023-12-28 23:51:17\',NULL,66,86,12460.8,259.6,48,\'2026-03-16 15:24:05\'), (\'2023-07-03 20:23:49\',NULL,96,55,7731.5,220.9,35,\'2024-09-01 22:26:34\'), (\'2023-09-20 02:40:46\',NULL,21,31,25886.7,528.3,49,\'2026-04-07 01:08:39\'), (\'2026-06-05 18:58:32\',NULL,58,92,340.6,170.3,2,\'2025-02-28 21:16:48\'), (\'2025-11-25 00:44:49\',NULL,29,77,28296,943.2,30,\'2025-06-19 21:59:22\'), (\'2025-07-28 12:22:24\',NULL,53,3,49316.7,1146.9,43,\'2025-01-22 11:52:57\'), (\'2024-03-25 02:09:47\',NULL,39,40,20442.1,704.9,29,\'2023-02-11 23:26:43\')', null, false)
 5 SYSTEMPATH\Database\BaseBuilder.php(2230): CodeIgniter\Database\BaseBuilder->batchExecute('_insertBatch', 100)
 6 APPPATH\Database\Seeds\DonneeSeeder.php(331): CodeIgniter\Database\BaseBuilder->insertBatch([...])
 7 SYSTEMPATH\Database\Seeder.php(155): App\Database\Seeds\DonneeSeeder->run()
 8 SYSTEMPATH\Commands\Database\Seed.php(79): CodeIgniter\Database\Seeder->call('App\\Database\\Seeds\\DonneeSeeder')
 9 SYSTEMPATH\CLI\Commands.php(74): CodeIgniter\Commands\Database\Seed->run([])
10 SYSTEMPATH\CLI\Console.php(47): CodeIgniter\CLI\Commands->run('db:seed', [...])
11 SYSTEMPATH\Boot.php(442): CodeIgniter\CLI\Console->run()
12 SYSTEMPATH\Boot.php(166): CodeIgniter\Boot::runCommand(Object(CodeIgniter\CLI\Console))
13 ROOTPATH\spark(87): CodeIgniter\Boot::bootSpark(Object(Config\Paths))
DEBUG - 2026-07-13 12:44:22 --> Session: Class initialized using 'CodeIgniter\Session\Handlers\FileHandler' driver.
DEBUG - 2026-07-13 12:44:23 --> Session: Class initialized using 'CodeIgniter\Session\Handlers\FileHandler' driver.
DEBUG - 2026-07-13 12:44:38 --> Session: Class initialized using 'CodeIgniter\Session\Handlers\FileHandler' driver.
DEBUG - 2026-07-13 12:44:39 --> Session: Class initialized using 'CodeIgniter\Session\Handlers\FileHandler' driver.
DEBUG - 2026-07-13 12:44:59 --> Session: Class initialized using 'CodeIgniter\Session\Handlers\FileHandler' driver.
DEBUG - 2026-07-13 12:45:51 --> Session: Class initialized using 'CodeIgniter\Session\Handlers\FileHandler' driver.
DEBUG - 2026-07-13 12:46:18 --> Session: Class initialized using 'CodeIgniter\Session\Handlers\FileHandler' driver.
DEBUG - 2026-07-13 12:46:22 --> Session: Class initialized using 'CodeIgniter\Session\Handlers\FileHandler' driver.
DEBUG - 2026-07-13 12:46:25 --> Session: Class initialized using 'CodeIgniter\Session\Handlers\FileHandler' driver.
DEBUG - 2026-07-13 12:47:07 --> Session: Class initialized using 'CodeIgniter\Session\Handlers\FileHandler' driver.
DEBUG - 2026-07-13 12:47:08 --> Session: Class initialized using 'CodeIgniter\Session\Handlers\FileHandler' driver.
DEBUG - 2026-07-13 12:47:13 --> Session: Class initialized using 'CodeIgniter\Session\Handlers\FileHandler' driver.
ERROR - 2026-07-13 12:47:48 --> Duplicate entry 'admin@example.com' for key 'email'
in SYSTEMPATH\Database\MySQLi\Connection.php on line 300.
 1 SYSTEMPATH\Database\MySQLi\Connection.php(300): mysqli->query('INSERT INTO `users` (`nom`, `email`, `mot_de_passe`, `role`, `created_at`, `updated_at`) VALUES (\'Soraya\', \'admin@example.com\', \'$2y$10$nUGll3m1kRqKMiLI65y3ZO27pLYW9ORXe59eBEg5qT/4RW/AjKtyG\', \'admin\', \'2026-07-13 12:47:48\', \'2026-07-13 12:47:48\')', 0)
 2 SYSTEMPATH\Database\BaseConnection.php(910): CodeIgniter\Database\MySQLi\Connection->execute('INSERT INTO `users` (`nom`, `email`, `mot_de_passe`, `role`, `created_at`, `updated_at`) VALUES (\'Soraya\', \'admin@example.com\', \'$2y$10$nUGll3m1kRqKMiLI65y3ZO27pLYW9ORXe59eBEg5qT/4RW/AjKtyG\', \'admin\', \'2026-07-13 12:47:48\', \'2026-07-13 12:47:48\')')
 3 SYSTEMPATH\Database\BaseConnection.php(827): CodeIgniter\Database\BaseConnection->simpleQuery('INSERT INTO `users` (`nom`, `email`, `mot_de_passe`, `role`, `created_at`, `updated_at`) VALUES (\'Soraya\', \'admin@example.com\', \'$2y$10$nUGll3m1kRqKMiLI65y3ZO27pLYW9ORXe59eBEg5qT/4RW/AjKtyG\', \'admin\', \'2026-07-13 12:47:48\', \'2026-07-13 12:47:48\')')
 4 SYSTEMPATH\Database\BaseBuilder.php(2345): CodeIgniter\Database\BaseConnection->query('INSERT INTO `users` (`nom`, `email`, `mot_de_passe`, `role`, `created_at`, `updated_at`) VALUES (:nom:, :email:, :mot_de_passe:, :role:, :created_at:, :updated_at:)', [...], false)
 5 SYSTEMPATH\Model.php(355): CodeIgniter\Database\BaseBuilder->insert()
 6 SYSTEMPATH\BaseModel.php(899): CodeIgniter\Model->doInsert([...])
 7 SYSTEMPATH\Model.php(668): CodeIgniter\BaseModel->insert([...], true)
 8 APPPATH\Database\Seeds\MainSeeder.php(42): CodeIgniter\Model->insert([...])
 9 SYSTEMPATH\Database\Seeder.php(155): App\Database\Seeds\MainSeeder->run()
10 SYSTEMPATH\Commands\Database\Seed.php(79): CodeIgniter\Database\Seeder->call('App\\Database\\Seeds\\MainSeeder')
11 SYSTEMPATH\CLI\Commands.php(74): CodeIgniter\Commands\Database\Seed->run([])
12 SYSTEMPATH\CLI\Console.php(47): CodeIgniter\CLI\Commands->run('db:seed', [...])
13 SYSTEMPATH\Boot.php(442): CodeIgniter\CLI\Console->run()
14 SYSTEMPATH\Boot.php(166): CodeIgniter\Boot::runCommand(Object(CodeIgniter\CLI\Console))
15 ROOTPATH\spark(87): CodeIgniter\Boot::bootSpark(Object(Config\Paths))
ERROR - 2026-07-13 12:47:49 --> Duplicate entry '1' for key 'PRIMARY'
in SYSTEMPATH\Database\MySQLi\Connection.php on line 300.
 1 SYSTEMPATH\Database\MySQLi\Connection.php(300): mysqli->query('INSERT INTO `produit` (`id`, `id_categorie`, `nom`, `methode_sortie`, `stock_minimum`, `created_at`) VALUES (1, 1, \'Riz Makalioka 5kg\', \'FIFO\', 10, \'2026-07-13 12:47:49\')', 0)
 2 SYSTEMPATH\Database\BaseConnection.php(910): CodeIgniter\Database\MySQLi\Connection->execute('INSERT INTO `produit` (`id`, `id_categorie`, `nom`, `methode_sortie`, `stock_minimum`, `created_at`) VALUES (1, 1, \'Riz Makalioka 5kg\', \'FIFO\', 10, \'2026-07-13 12:47:49\')')
 3 SYSTEMPATH\Database\BaseConnection.php(827): CodeIgniter\Database\BaseConnection->simpleQuery('INSERT INTO `produit` (`id`, `id_categorie`, `nom`, `methode_sortie`, `stock_minimum`, `created_at`) VALUES (1, 1, \'Riz Makalioka 5kg\', \'FIFO\', 10, \'2026-07-13 12:47:49\')')
 4 SYSTEMPATH\Database\BaseBuilder.php(2345): CodeIgniter\Database\BaseConnection->query('INSERT INTO `produit` (`id`, `id_categorie`, `nom`, `methode_sortie`, `stock_minimum`, `created_at`) VALUES (:id:, :id_categorie:, :nom:, :methode_sortie:, :stock_minimum:, :created_at:)', [...], false)
 5 SYSTEMPATH\Model.php(355): CodeIgniter\Database\BaseBuilder->insert()
 6 SYSTEMPATH\BaseModel.php(899): CodeIgniter\Model->doInsert([...])
 7 SYSTEMPATH\Model.php(668): CodeIgniter\BaseModel->insert([...], true)
 8 APPPATH\Database\Seeds\ProductSeeder.php(47): CodeIgniter\Model->insert([...])
 9 SYSTEMPATH\Database\Seeder.php(155): App\Database\Seeds\ProductSeeder->run()
10 SYSTEMPATH\Commands\Database\Seed.php(79): CodeIgniter\Database\Seeder->call('App\\Database\\Seeds\\ProductSeeder')
11 SYSTEMPATH\CLI\Commands.php(74): CodeIgniter\Commands\Database\Seed->run([])
12 SYSTEMPATH\CLI\Console.php(47): CodeIgniter\CLI\Commands->run('db:seed', [...])
13 SYSTEMPATH\Boot.php(442): CodeIgniter\CLI\Console->run()
14 SYSTEMPATH\Boot.php(166): CodeIgniter\Boot::runCommand(Object(CodeIgniter\CLI\Console))
15 ROOTPATH\spark(87): CodeIgniter\Boot::bootSpark(Object(Config\Paths))
DEBUG - 2026-07-13 12:49:00 --> Session: Class initialized using 'CodeIgniter\Session\Handlers\FileHandler' driver.
DEBUG - 2026-07-13 12:49:15 --> Session: Class initialized using 'CodeIgniter\Session\Handlers\FileHandler' driver.
DEBUG - 2026-07-13 13:39:10 --> Session: Class initialized using 'CodeIgniter\Session\Handlers\FileHandler' driver.
DEBUG - 2026-07-13 13:39:14 --> Session: Class initialized using 'CodeIgniter\Session\Handlers\FileHandler' driver.
ERROR - 2026-07-13 14:07:30 --> Error connecting to the database: mysqli_sql_exception: Aucune connexion n’a pu être établie car l’ordinateur cible l’a expressément refusée in C:\Users\HOLDFISO\Documents\GitHub\ecopanier-S4-Mme-Baovola\system\Database\MySQLi\Connection.php:201
Stack trace:
#0 C:\Users\HOLDFISO\Documents\GitHub\ecopanier-S4-Mme-Baovola\system\Database\MySQLi\Connection.php(201): mysqli->real_connect('127.0.0.1', 'root', Object(SensitiveParameterValue), 'eco_panier_S4_2...', 3306, '', 0)
#1 C:\Users\HOLDFISO\Documents\GitHub\ecopanier-S4-Mme-Baovola\system\Database\BaseConnection.php(555): CodeIgniter\Database\MySQLi\Connection->connect(false)
#2 C:\Users\HOLDFISO\Documents\GitHub\ecopanier-S4-Mme-Baovola\system\Database\BaseConnection.php(795): CodeIgniter\Database\BaseConnection->initialize()
#3 C:\Users\HOLDFISO\Documents\GitHub\ecopanier-S4-Mme-Baovola\system\Database\BaseBuilder.php(1649): CodeIgniter\Database\BaseConnection->query('SELECT *\nFROM `...', Array, false)
#4 C:\Users\HOLDFISO\Documents\GitHub\ecopanier-S4-Mme-Baovola\system\Model.php(295): CodeIgniter\Database\BaseBuilder->get()
#5 C:\Users\HOLDFISO\Documents\GitHub\ecopanier-S4-Mme-Baovola\system\BaseModel.php(714): CodeIgniter\Model->doFirst()
#6 C:\Users\HOLDFISO\Documents\GitHub\ecopanier-S4-Mme-Baovola\app\Controllers\AuthController.php(43): CodeIgniter\BaseModel->first()
#7 C:\Users\HOLDFISO\Documents\GitHub\ecopanier-S4-Mme-Baovola\system\CodeIgniter.php(951): App\Controllers\AuthController->loginPost()
#8 C:\Users\HOLDFISO\Documents\GitHub\ecopanier-S4-Mme-Baovola\system\CodeIgniter.php(497): CodeIgniter\CodeIgniter->runController(Object(App\Controllers\AuthController))
#9 C:\Users\HOLDFISO\Documents\GitHub\ecopanier-S4-Mme-Baovola\system\CodeIgniter.php(340): CodeIgniter\CodeIgniter->handleRequest(NULL, Object(Config\Cache), false)
#10 C:\Users\HOLDFISO\Documents\GitHub\ecopanier-S4-Mme-Baovola\system\Boot.php(417): CodeIgniter\CodeIgniter->run()
#11 C:\Users\HOLDFISO\Documents\GitHub\ecopanier-S4-Mme-Baovola\system\Boot.php(68): CodeIgniter\Boot::runCodeIgniter(Object(CodeIgniter\CodeIgniter))
#12 C:\Users\HOLDFISO\Documents\GitHub\ecopanier-S4-Mme-Baovola\public\index.php(59): CodeIgniter\Boot::bootWeb(Object(Config\Paths))
#13 C:\Users\HOLDFISO\Documents\GitHub\ecopanier-S4-Mme-Baovola\system\rewrite.php(44): require_once('C:\\Users\\HOLDFI...')
#14 {main}

Next CodeIgniter\Database\Exceptions\DatabaseException: Aucune connexion n’a pu être établie car l’ordinateur cible l’a expressément refusée in C:\Users\HOLDFISO\Documents\GitHub\ecopanier-S4-Mme-Baovola\system\Database\MySQLi\Connection.php:231
Stack trace:
#0 C:\Users\HOLDFISO\Documents\GitHub\ecopanier-S4-Mme-Baovola\system\Database\BaseConnection.php(555): CodeIgniter\Database\MySQLi\Connection->connect(false)
#1 C:\Users\HOLDFISO\Documents\GitHub\ecopanier-S4-Mme-Baovola\system\Database\BaseConnection.php(795): CodeIgniter\Database\BaseConnection->initialize()
#2 C:\Users\HOLDFISO\Documents\GitHub\ecopanier-S4-Mme-Baovola\system\Database\BaseBuilder.php(1649): CodeIgniter\Database\BaseConnection->query('SELECT *\nFROM `...', Array, false)
#3 C:\Users\HOLDFISO\Documents\GitHub\ecopanier-S4-Mme-Baovola\system\Model.php(295): CodeIgniter\Database\BaseBuilder->get()
#4 C:\Users\HOLDFISO\Documents\GitHub\ecopanier-S4-Mme-Baovola\system\BaseModel.php(714): CodeIgniter\Model->doFirst()
#5 C:\Users\HOLDFISO\Documents\GitHub\ecopanier-S4-Mme-Baovola\app\Controllers\AuthController.php(43): CodeIgniter\BaseModel->first()
#6 C:\Users\HOLDFISO\Documents\GitHub\ecopanier-S4-Mme-Baovola\system\CodeIgniter.php(951): App\Controllers\AuthController->loginPost()
#7 C:\Users\HOLDFISO\Documents\GitHub\ecopanier-S4-Mme-Baovola\system\CodeIgniter.php(497): CodeIgniter\CodeIgniter->runController(Object(App\Controllers\AuthController))
#8 C:\Users\HOLDFISO\Documents\GitHub\ecopanier-S4-Mme-Baovola\system\CodeIgniter.php(340): CodeIgniter\CodeIgniter->handleRequest(NULL, Object(Config\Cache), false)
#9 C:\Users\HOLDFISO\Documents\GitHub\ecopanier-S4-Mme-Baovola\system\Boot.php(417): CodeIgniter\CodeIgniter->run()
#10 C:\Users\HOLDFISO\Documents\GitHub\ecopanier-S4-Mme-Baovola\system\Boot.php(68): CodeIgniter\Boot::runCodeIgniter(Object(CodeIgniter\CodeIgniter))
#11 C:\Users\HOLDFISO\Documents\GitHub\ecopanier-S4-Mme-Baovola\public\index.php(59): CodeIgniter\Boot::bootWeb(Object(Config\Paths))
#12 C:\Users\HOLDFISO\Documents\GitHub\ecopanier-S4-Mme-Baovola\system\rewrite.php(44): require_once('C:\\Users\\HOLDFI...')
#13 {main}
CRITICAL - 2026-07-13 14:07:30 --> CodeIgniter\Database\Exceptions\DatabaseException: Unable to connect to the database.
Main connection [MySQLi]: Aucune connexion n’a pu être établie car l’ordinateur cible l’a expressément refusée
[Method: POST, Route: auth/login]
in SYSTEMPATH\Database\BaseConnection.php on line 606.
 1 SYSTEMPATH\Database\BaseConnection.php(795): CodeIgniter\Database\BaseConnection->initialize()
 2 SYSTEMPATH\Database\BaseBuilder.php(1649): CodeIgniter\Database\BaseConnection->query('SELECT *
FROM `users`
WHERE `email` = :email:
AND `users`.`deleted_at` IS NULL
 LIMIT 1', [...], false)
 3 SYSTEMPATH\Model.php(295): CodeIgniter\Database\BaseBuilder->get()
 4 SYSTEMPATH\BaseModel.php(714): CodeIgniter\Model->doFirst()
 5 APPPATH\Controllers\AuthController.php(43): CodeIgniter\BaseModel->first()
 6 SYSTEMPATH\CodeIgniter.php(951): App\Controllers\AuthController->loginPost()
 7 SYSTEMPATH\CodeIgniter.php(497): CodeIgniter\CodeIgniter->runController(Object(App\Controllers\AuthController))
 8 SYSTEMPATH\CodeIgniter.php(340): CodeIgniter\CodeIgniter->handleRequest(null, Object(Config\Cache), false)
 9 SYSTEMPATH\Boot.php(417): CodeIgniter\CodeIgniter->run()
10 SYSTEMPATH\Boot.php(68): CodeIgniter\Boot::runCodeIgniter(Object(CodeIgniter\CodeIgniter))
11 FCPATH\index.php(59): CodeIgniter\Boot::bootWeb(Object(Config\Paths))
12 SYSTEMPATH\rewrite.php(44): require_once('C:\\Users\\HOLDFISO\\Documents\\GitHub\\ecopanier-S4-Mme-Baovola\\public\\index.php')
DEBUG - 2026-07-13 14:07:36 --> Session: Class initialized using 'CodeIgniter\Session\Handlers\FileHandler' driver.
DEBUG - 2026-07-13 14:09:13 --> Session: Class initialized using 'CodeIgniter\Session\Handlers\FileHandler' driver.
DEBUG - 2026-07-13 14:09:14 --> Session: Class initialized using 'CodeIgniter\Session\Handlers\FileHandler' driver.
DEBUG - 2026-07-13 14:09:57 --> Session: Class initialized using 'CodeIgniter\Session\Handlers\FileHandler' driver.
DEBUG - 2026-07-13 14:10:14 --> Session: Class initialized using 'CodeIgniter\Session\Handlers\FileHandler' driver.
DEBUG - 2026-07-13 14:10:14 --> Session: Class initialized using 'CodeIgniter\Session\Handlers\FileHandler' driver.
DEBUG - 2026-07-13 14:10:41 --> Session: Class initialized using 'CodeIgniter\Session\Handlers\FileHandler' driver.
DEBUG - 2026-07-13 14:10:41 --> Session: Class initialized using 'CodeIgniter\Session\Handlers\FileHandler' driver.
DEBUG - 2026-07-13 14:10:59 --> Session: Class initialized using 'CodeIgniter\Session\Handlers\FileHandler' driver.
DEBUG - 2026-07-13 14:11:09 --> Session: Class initialized using 'CodeIgniter\Session\Handlers\FileHandler' driver.
DEBUG - 2026-07-13 14:11:21 --> Session: Class initialized using 'CodeIgniter\Session\Handlers\FileHandler' driver.
DEBUG - 2026-07-13 14:11:54 --> Session: Class initialized using 'CodeIgniter\Session\Handlers\FileHandler' driver.
DEBUG - 2026-07-13 14:12:46 --> Session: Class initialized using 'CodeIgniter\Session\Handlers\FileHandler' driver.
DEBUG - 2026-07-13 14:12:50 --> Session: Class initialized using 'CodeIgniter\Session\Handlers\FileHandler' driver.
DEBUG - 2026-07-13 14:13:00 --> Session: Class initialized using 'CodeIgniter\Session\Handlers\FileHandler' driver.
DEBUG - 2026-07-13 14:13:01 --> Session: Class initialized using 'CodeIgniter\Session\Handlers\FileHandler' driver.
DEBUG - 2026-07-13 14:13:25 --> Session: Class initialized using 'CodeIgniter\Session\Handlers\FileHandler' driver.
DEBUG - 2026-07-13 14:13:35 --> Session: Class initialized using 'CodeIgniter\Session\Handlers\FileHandler' driver.
DEBUG - 2026-07-13 14:13:41 --> Session: Class initialized using 'CodeIgniter\Session\Handlers\FileHandler' driver.
DEBUG - 2026-07-13 14:13:53 --> Session: Class initialized using 'CodeIgniter\Session\Handlers\FileHandler' driver.
DEBUG - 2026-07-13 14:13:53 --> Session: Class initialized using 'CodeIgniter\Session\Handlers\FileHandler' driver.
DEBUG - 2026-07-13 14:14:16 --> Session: Class initialized using 'CodeIgniter\Session\Handlers\FileHandler' driver.
DEBUG - 2026-07-13 14:14:16 --> Session: Class initialized using 'CodeIgniter\Session\Handlers\FileHandler' driver.
DEBUG - 2026-07-13 14:14:30 --> Session: Class initialized using 'CodeIgniter\Session\Handlers\FileHandler' driver.
DEBUG - 2026-07-13 14:14:36 --> Session: Class initialized using 'CodeIgniter\Session\Handlers\FileHandler' driver.
DEBUG - 2026-07-13 14:14:54 --> Session: Class initialized using 'CodeIgniter\Session\Handlers\FileHandler' driver.
DEBUG - 2026-07-13 14:14:54 --> Session: Class initialized using 'CodeIgniter\Session\Handlers\FileHandler' driver.
DEBUG - 2026-07-13 14:15:15 --> Session: Class initialized using 'CodeIgniter\Session\Handlers\FileHandler' driver.
DEBUG - 2026-07-13 14:15:15 --> Session: Class initialized using 'CodeIgniter\Session\Handlers\FileHandler' driver.
DEBUG - 2026-07-13 14:15:19 --> Session: Class initialized using 'CodeIgniter\Session\Handlers\FileHandler' driver.
DEBUG - 2026-07-13 14:15:26 --> Session: Class initialized using 'CodeIgniter\Session\Handlers\FileHandler' driver.
DEBUG - 2026-07-13 14:15:30 --> Session: Class initialized using 'CodeIgniter\Session\Handlers\FileHandler' driver.
DEBUG - 2026-07-13 14:15:36 --> Session: Class initialized using 'CodeIgniter\Session\Handlers\FileHandler' driver.
DEBUG - 2026-07-13 14:15:39 --> Session: Class initialized using 'CodeIgniter\Session\Handlers\FileHandler' driver.
DEBUG - 2026-07-13 14:15:43 --> Session: Class initialized using 'CodeIgniter\Session\Handlers\FileHandler' driver.
DEBUG - 2026-07-13 14:15:44 --> Session: Class initialized using 'CodeIgniter\Session\Handlers\FileHandler' driver.
DEBUG - 2026-07-13 14:15:54 --> Session: Class initialized using 'CodeIgniter\Session\Handlers\FileHandler' driver.
DEBUG - 2026-07-13 14:15:54 --> Session: Class initialized using 'CodeIgniter\Session\Handlers\FileHandler' driver.
DEBUG - 2026-07-13 14:15:59 --> Session: Class initialized using 'CodeIgniter\Session\Handlers\FileHandler' driver.
DEBUG - 2026-07-13 14:16:02 --> Session: Class initialized using 'CodeIgniter\Session\Handlers\FileHandler' driver.
DEBUG - 2026-07-13 14:17:15 --> Session: Class initialized using 'CodeIgniter\Session\Handlers\FileHandler' driver.
DEBUG - 2026-07-13 18:01:26 --> Session: Class initialized using 'CodeIgniter\Session\Handlers\FileHandler' driver.
DEBUG - 2026-07-13 18:01:26 --> Session: Class initialized using 'CodeIgniter\Session\Handlers\FileHandler' driver.
DEBUG - 2026-07-13 18:02:04 --> Session: Class initialized using 'CodeIgniter\Session\Handlers\FileHandler' driver.
DEBUG - 2026-07-13 18:02:04 --> Session: Class initialized using 'CodeIgniter\Session\Handlers\FileHandler' driver.
DEBUG - 2026-07-13 18:03:26 --> Session: Class initialized using 'CodeIgniter\Session\Handlers\FileHandler' driver.
DEBUG - 2026-07-13 19:16:40 --> Session: Class initialized using 'CodeIgniter\Session\Handlers\FileHandler' driver.
DEBUG - 2026-07-13 19:16:42 --> Session: Class initialized using 'CodeIgniter\Session\Handlers\FileHandler' driver.
DEBUG - 2026-07-13 19:17:03 --> Session: Class initialized using 'CodeIgniter\Session\Handlers\FileHandler' driver.
DEBUG - 2026-07-13 19:17:04 --> Session: Class initialized using 'CodeIgniter\Session\Handlers\FileHandler' driver.
